ISO-10303-21;
HEADER;
/* Generated by software containing ST-Developer
 * from STEP Tools, Inc. (www.steptools.com) 
 */

FILE_DESCRIPTION(
/* description */ (''),
/* implementation_level */ '2;1');

FILE_NAME(
/* name */ 'X carriage_.step',
/* time_stamp */ '2025-12-30T18:41:49+11:00',
/* author */ (''),
/* organization */ (''),
/* preprocessor_version */ 'ST-DEVELOPER v20.1',
/* originating_system */ 'Autodesk Translation Framework v14.21.0.0',
/* authorisation */ '');

FILE_SCHEMA (('AUTOMOTIVE_DESIGN { 1 0 10303 214 3 1 1 }'));
ENDSEC;

DATA;
#10=MECHANICAL_DESIGN_GEOMETRIC_PRESENTATION_REPRESENTATION('',(#13,#14),
#2655);
#11=SHAPE_REPRESENTATION_RELATIONSHIP('SRR','None',#2662,#12);
#12=ADVANCED_BREP_SHAPE_REPRESENTATION('',(#15,#16),#2654);
#13=STYLED_ITEM('',(#2671),#15);
#14=STYLED_ITEM('',(#2671),#16);
#15=MANIFOLD_SOLID_BREP('Body2',#1631);
#16=MANIFOLD_SOLID_BREP('Body3',#1632);
#17=CYLINDRICAL_SURFACE('',#1656,2.7);
#18=CYLINDRICAL_SURFACE('',#1658,2.7);
#19=CYLINDRICAL_SURFACE('',#1660,2.7);
#20=CYLINDRICAL_SURFACE('',#1662,2.7);
#21=CYLINDRICAL_SURFACE('',#1668,2.);
#22=CYLINDRICAL_SURFACE('',#1671,1.99999999999999);
#23=CYLINDRICAL_SURFACE('',#1674,1.99999999999999);
#24=CYLINDRICAL_SURFACE('',#1677,1.99999999999999);
#25=CYLINDRICAL_SURFACE('',#1680,2.);
#26=CYLINDRICAL_SURFACE('',#1683,1.99999999999999);
#27=CYLINDRICAL_SURFACE('',#1686,1.99999999999999);
#28=CYLINDRICAL_SURFACE('',#1689,1.99999999999999);
#29=CYLINDRICAL_SURFACE('',#1703,6.02079737911302);
#30=CYLINDRICAL_SURFACE('',#1708,2.7);
#31=CYLINDRICAL_SURFACE('',#1710,2.7);
#32=CYLINDRICAL_SURFACE('',#1712,2.7);
#33=CYLINDRICAL_SURFACE('',#1719,4.50000000000001);
#34=CYLINDRICAL_SURFACE('',#1735,2.65);
#35=CYLINDRICAL_SURFACE('',#1748,16.);
#36=CYLINDRICAL_SURFACE('',#1767,2.75);
#37=CYLINDRICAL_SURFACE('',#1768,2.75);
#38=CYLINDRICAL_SURFACE('',#1769,2.74999999999999);
#39=CYLINDRICAL_SURFACE('',#1770,2.75);
#40=FACE_BOUND('',#217,.T.);
#41=FACE_BOUND('',#218,.T.);
#42=FACE_BOUND('',#221,.T.);
#43=FACE_BOUND('',#222,.T.);
#44=FACE_BOUND('',#230,.T.);
#45=FACE_BOUND('',#231,.T.);
#46=FACE_BOUND('',#234,.T.);
#47=FACE_BOUND('',#235,.T.);
#48=FACE_BOUND('',#246,.T.);
#49=FACE_BOUND('',#247,.T.);
#50=FACE_BOUND('',#248,.T.);
#51=FACE_BOUND('',#249,.T.);
#52=FACE_BOUND('',#250,.T.);
#53=FACE_BOUND('',#251,.T.);
#54=FACE_BOUND('',#252,.T.);
#55=FACE_BOUND('',#253,.T.);
#56=FACE_BOUND('',#254,.T.);
#57=FACE_BOUND('',#255,.T.);
#58=FACE_BOUND('',#258,.T.);
#59=FACE_BOUND('',#259,.T.);
#60=FACE_BOUND('',#260,.T.);
#61=FACE_BOUND('',#261,.T.);
#62=FACE_BOUND('',#274,.T.);
#63=FACE_BOUND('',#275,.T.);
#64=FACE_BOUND('',#276,.T.);
#65=FACE_BOUND('',#277,.T.);
#66=FACE_BOUND('',#287,.T.);
#67=FACE_BOUND('',#289,.T.);
#68=FACE_BOUND('',#295,.T.);
#69=FACE_BOUND('',#301,.T.);
#70=FACE_BOUND('',#304,.T.);
#71=FACE_BOUND('',#305,.T.);
#72=FACE_BOUND('',#306,.T.);
#73=FACE_BOUND('',#307,.T.);
#74=FACE_BOUND('',#308,.T.);
#75=FACE_BOUND('',#309,.T.);
#76=FACE_BOUND('',#310,.T.);
#77=FACE_BOUND('',#311,.T.);
#78=FACE_BOUND('',#320,.T.);
#79=FACE_BOUND('',#321,.T.);
#80=FACE_BOUND('',#322,.T.);
#81=FACE_BOUND('',#323,.T.);
#82=FACE_BOUND('',#329,.T.);
#83=FACE_BOUND('',#330,.T.);
#84=FACE_BOUND('',#331,.T.);
#85=FACE_BOUND('',#332,.T.);
#86=CIRCLE('',#1649,2.7);
#87=CIRCLE('',#1650,2.7);
#88=CIRCLE('',#1653,2.7);
#89=CIRCLE('',#1654,2.7);
#90=CIRCLE('',#1657,2.7);
#91=CIRCLE('',#1659,2.7);
#92=CIRCLE('',#1661,2.7);
#93=CIRCLE('',#1663,2.7);
#94=CIRCLE('',#1669,2.);
#95=CIRCLE('',#1670,2.);
#96=CIRCLE('',#1672,1.99999999999999);
#97=CIRCLE('',#1673,1.99999999999999);
#98=CIRCLE('',#1675,1.99999999999999);
#99=CIRCLE('',#1676,1.99999999999999);
#100=CIRCLE('',#1678,1.99999999999999);
#101=CIRCLE('',#1679,1.99999999999999);
#102=CIRCLE('',#1681,2.);
#103=CIRCLE('',#1682,2.);
#104=CIRCLE('',#1684,1.99999999999999);
#105=CIRCLE('',#1685,1.99999999999999);
#106=CIRCLE('',#1687,1.99999999999999);
#107=CIRCLE('',#1688,1.99999999999999);
#108=CIRCLE('',#1690,1.99999999999999);
#109=CIRCLE('',#1691,1.99999999999999);
#110=CIRCLE('',#1696,2.7);
#111=CIRCLE('',#1697,2.7);
#112=CIRCLE('',#1698,2.7);
#113=CIRCLE('',#1704,6.02079737911302);
#114=CIRCLE('',#1705,6.02079737911302);
#115=CIRCLE('',#1709,2.7);
#116=CIRCLE('',#1711,2.7);
#117=CIRCLE('',#1713,2.7);
#118=CIRCLE('',#1720,4.50000000000001);
#119=CIRCLE('',#1721,4.50000000000001);
#120=CIRCLE('',#1733,2.65);
#121=CIRCLE('',#1736,2.65);
#122=CIRCLE('',#1749,16.);
#123=CIRCLE('',#1750,16.);
#124=CIRCLE('',#1752,2.75);
#125=CIRCLE('',#1753,2.74999999999999);
#126=CIRCLE('',#1754,2.75);
#127=CIRCLE('',#1755,2.75);
#128=CIRCLE('',#1761,2.75);
#129=CIRCLE('',#1762,2.74999999999999);
#130=CIRCLE('',#1763,2.75);
#131=CIRCLE('',#1764,2.75);
#132=FACE_OUTER_BOUND('',#214,.T.);
#133=FACE_OUTER_BOUND('',#215,.T.);
#134=FACE_OUTER_BOUND('',#216,.T.);
#135=FACE_OUTER_BOUND('',#219,.T.);
#136=FACE_OUTER_BOUND('',#220,.T.);
#137=FACE_OUTER_BOUND('',#223,.T.);
#138=FACE_OUTER_BOUND('',#224,.T.);
#139=FACE_OUTER_BOUND('',#225,.T.);
#140=FACE_OUTER_BOUND('',#226,.T.);
#141=FACE_OUTER_BOUND('',#227,.T.);
#142=FACE_OUTER_BOUND('',#228,.T.);
#143=FACE_OUTER_BOUND('',#229,.T.);
#144=FACE_OUTER_BOUND('',#232,.T.);
#145=FACE_OUTER_BOUND('',#233,.T.);
#146=FACE_OUTER_BOUND('',#236,.T.);
#147=FACE_OUTER_BOUND('',#237,.T.);
#148=FACE_OUTER_BOUND('',#238,.T.);
#149=FACE_OUTER_BOUND('',#239,.T.);
#150=FACE_OUTER_BOUND('',#240,.T.);
#151=FACE_OUTER_BOUND('',#241,.T.);
#152=FACE_OUTER_BOUND('',#242,.T.);
#153=FACE_OUTER_BOUND('',#243,.T.);
#154=FACE_OUTER_BOUND('',#244,.T.);
#155=FACE_OUTER_BOUND('',#245,.T.);
#156=FACE_OUTER_BOUND('',#256,.T.);
#157=FACE_OUTER_BOUND('',#257,.T.);
#158=FACE_OUTER_BOUND('',#262,.T.);
#159=FACE_OUTER_BOUND('',#263,.T.);
#160=FACE_OUTER_BOUND('',#264,.T.);
#161=FACE_OUTER_BOUND('',#265,.T.);
#162=FACE_OUTER_BOUND('',#266,.T.);
#163=FACE_OUTER_BOUND('',#267,.T.);
#164=FACE_OUTER_BOUND('',#268,.T.);
#165=FACE_OUTER_BOUND('',#269,.T.);
#166=FACE_OUTER_BOUND('',#270,.T.);
#167=FACE_OUTER_BOUND('',#271,.T.);
#168=FACE_OUTER_BOUND('',#272,.T.);
#169=FACE_OUTER_BOUND('',#273,.T.);
#170=FACE_OUTER_BOUND('',#278,.T.);
#171=FACE_OUTER_BOUND('',#279,.T.);
#172=FACE_OUTER_BOUND('',#280,.T.);
#173=FACE_OUTER_BOUND('',#281,.T.);
#174=FACE_OUTER_BOUND('',#282,.T.);
#175=FACE_OUTER_BOUND('',#283,.T.);
#176=FACE_OUTER_BOUND('',#284,.T.);
#177=FACE_OUTER_BOUND('',#285,.T.);
#178=FACE_OUTER_BOUND('',#286,.T.);
#179=FACE_OUTER_BOUND('',#288,.T.);
#180=FACE_OUTER_BOUND('',#290,.T.);
#181=FACE_OUTER_BOUND('',#291,.T.);
#182=FACE_OUTER_BOUND('',#292,.T.);
#183=FACE_OUTER_BOUND('',#293,.T.);
#184=FACE_OUTER_BOUND('',#294,.T.);
#185=FACE_OUTER_BOUND('',#296,.T.);
#186=FACE_OUTER_BOUND('',#297,.T.);
#187=FACE_OUTER_BOUND('',#298,.T.);
#188=FACE_OUTER_BOUND('',#299,.T.);
#189=FACE_OUTER_BOUND('',#300,.T.);
#190=FACE_OUTER_BOUND('',#302,.T.);
#191=FACE_OUTER_BOUND('',#303,.T.);
#192=FACE_OUTER_BOUND('',#312,.T.);
#193=FACE_OUTER_BOUND('',#313,.T.);
#194=FACE_OUTER_BOUND('',#314,.T.);
#195=FACE_OUTER_BOUND('',#315,.T.);
#196=FACE_OUTER_BOUND('',#316,.T.);
#197=FACE_OUTER_BOUND('',#317,.T.);
#198=FACE_OUTER_BOUND('',#318,.T.);
#199=FACE_OUTER_BOUND('',#319,.T.);
#200=FACE_OUTER_BOUND('',#324,.T.);
#201=FACE_OUTER_BOUND('',#325,.T.);
#202=FACE_OUTER_BOUND('',#326,.T.);
#203=FACE_OUTER_BOUND('',#327,.T.);
#204=FACE_OUTER_BOUND('',#328,.T.);
#205=FACE_OUTER_BOUND('',#333,.T.);
#206=FACE_OUTER_BOUND('',#334,.T.);
#207=FACE_OUTER_BOUND('',#335,.T.);
#208=FACE_OUTER_BOUND('',#336,.T.);
#209=FACE_OUTER_BOUND('',#337,.T.);
#210=FACE_OUTER_BOUND('',#338,.T.);
#211=FACE_OUTER_BOUND('',#339,.T.);
#212=FACE_OUTER_BOUND('',#340,.T.);
#213=FACE_OUTER_BOUND('',#341,.T.);
#214=EDGE_LOOP('',(#1052,#1053,#1054,#1055));
#215=EDGE_LOOP('',(#1056,#1057,#1058,#1059));
#216=EDGE_LOOP('',(#1060,#1061,#1062,#1063));
#217=EDGE_LOOP('',(#1064));
#218=EDGE_LOOP('',(#1065));
#219=EDGE_LOOP('',(#1066,#1067,#1068,#1069));
#220=EDGE_LOOP('',(#1070,#1071,#1072,#1073));
#221=EDGE_LOOP('',(#1074));
#222=EDGE_LOOP('',(#1075));
#223=EDGE_LOOP('',(#1076,#1077,#1078,#1079));
#224=EDGE_LOOP('',(#1080,#1081,#1082,#1083));
#225=EDGE_LOOP('',(#1084,#1085,#1086,#1087));
#226=EDGE_LOOP('',(#1088,#1089,#1090,#1091));
#227=EDGE_LOOP('',(#1092,#1093,#1094,#1095));
#228=EDGE_LOOP('',(#1096,#1097,#1098,#1099));
#229=EDGE_LOOP('',(#1100,#1101,#1102,#1103));
#230=EDGE_LOOP('',(#1104));
#231=EDGE_LOOP('',(#1105));
#232=EDGE_LOOP('',(#1106,#1107,#1108,#1109));
#233=EDGE_LOOP('',(#1110,#1111,#1112,#1113));
#234=EDGE_LOOP('',(#1114));
#235=EDGE_LOOP('',(#1115));
#236=EDGE_LOOP('',(#1116,#1117,#1118,#1119));
#237=EDGE_LOOP('',(#1120,#1121,#1122,#1123));
#238=EDGE_LOOP('',(#1124,#1125,#1126,#1127));
#239=EDGE_LOOP('',(#1128,#1129,#1130,#1131));
#240=EDGE_LOOP('',(#1132,#1133,#1134,#1135));
#241=EDGE_LOOP('',(#1136,#1137,#1138,#1139));
#242=EDGE_LOOP('',(#1140,#1141,#1142,#1143));
#243=EDGE_LOOP('',(#1144,#1145,#1146,#1147));
#244=EDGE_LOOP('',(#1148,#1149,#1150,#1151,#1152,#1153));
#245=EDGE_LOOP('',(#1154,#1155,#1156,#1157));
#246=EDGE_LOOP('',(#1158,#1159,#1160,#1161));
#247=EDGE_LOOP('',(#1162,#1163,#1164,#1165));
#248=EDGE_LOOP('',(#1166));
#249=EDGE_LOOP('',(#1167));
#250=EDGE_LOOP('',(#1168));
#251=EDGE_LOOP('',(#1169));
#252=EDGE_LOOP('',(#1170));
#253=EDGE_LOOP('',(#1171));
#254=EDGE_LOOP('',(#1172));
#255=EDGE_LOOP('',(#1173));
#256=EDGE_LOOP('',(#1174,#1175,#1176,#1177));
#257=EDGE_LOOP('',(#1178,#1179,#1180,#1181));
#258=EDGE_LOOP('',(#1182));
#259=EDGE_LOOP('',(#1183));
#260=EDGE_LOOP('',(#1184));
#261=EDGE_LOOP('',(#1185,#1186,#1187,#1188));
#262=EDGE_LOOP('',(#1189,#1190,#1191,#1192));
#263=EDGE_LOOP('',(#1193,#1194,#1195,#1196));
#264=EDGE_LOOP('',(#1197,#1198,#1199,#1200));
#265=EDGE_LOOP('',(#1201,#1202,#1203,#1204));
#266=EDGE_LOOP('',(#1205,#1206,#1207,#1208));
#267=EDGE_LOOP('',(#1209,#1210,#1211,#1212,#1213,#1214,#1215,#1216));
#268=EDGE_LOOP('',(#1217,#1218,#1219,#1220,#1221,#1222,#1223,#1224));
#269=EDGE_LOOP('',(#1225,#1226,#1227,#1228));
#270=EDGE_LOOP('',(#1229,#1230,#1231,#1232));
#271=EDGE_LOOP('',(#1233,#1234,#1235,#1236));
#272=EDGE_LOOP('',(#1237,#1238,#1239,#1240,#1241,#1242));
#273=EDGE_LOOP('',(#1243,#1244,#1245,#1246,#1247));
#274=EDGE_LOOP('',(#1248,#1249,#1250,#1251));
#275=EDGE_LOOP('',(#1252));
#276=EDGE_LOOP('',(#1253));
#277=EDGE_LOOP('',(#1254));
#278=EDGE_LOOP('',(#1255,#1256,#1257,#1258,#1259,#1260,#1261,#1262));
#279=EDGE_LOOP('',(#1263,#1264,#1265,#1266));
#280=EDGE_LOOP('',(#1267,#1268,#1269,#1270));
#281=EDGE_LOOP('',(#1271,#1272,#1273,#1274));
#282=EDGE_LOOP('',(#1275,#1276,#1277,#1278));
#283=EDGE_LOOP('',(#1279,#1280,#1281,#1282));
#284=EDGE_LOOP('',(#1283,#1284,#1285,#1286));
#285=EDGE_LOOP('',(#1287,#1288,#1289,#1290));
#286=EDGE_LOOP('',(#1291,#1292,#1293,#1294));
#287=EDGE_LOOP('',(#1295));
#288=EDGE_LOOP('',(#1296,#1297,#1298,#1299));
#289=EDGE_LOOP('',(#1300,#1301,#1302,#1303));
#290=EDGE_LOOP('',(#1304,#1305,#1306,#1307));
#291=EDGE_LOOP('',(#1308,#1309,#1310,#1311));
#292=EDGE_LOOP('',(#1312,#1313,#1314,#1315));
#293=EDGE_LOOP('',(#1316));
#294=EDGE_LOOP('',(#1317,#1318,#1319,#1320,#1321));
#295=EDGE_LOOP('',(#1322));
#296=EDGE_LOOP('',(#1323,#1324,#1325,#1326,#1327,#1328));
#297=EDGE_LOOP('',(#1329,#1330,#1331,#1332));
#298=EDGE_LOOP('',(#1333,#1334,#1335,#1336));
#299=EDGE_LOOP('',(#1337,#1338,#1339,#1340));
#300=EDGE_LOOP('',(#1341,#1342,#1343,#1344));
#301=EDGE_LOOP('',(#1345));
#302=EDGE_LOOP('',(#1346,#1347,#1348,#1349));
#303=EDGE_LOOP('',(#1350,#1351,#1352,#1353,#1354,#1355,#1356,#1357,#1358,
#1359,#1360,#1361,#1362,#1363,#1364,#1365,#1366,#1367,#1368,#1369));
#304=EDGE_LOOP('',(#1370));
#305=EDGE_LOOP('',(#1371));
#306=EDGE_LOOP('',(#1372));
#307=EDGE_LOOP('',(#1373));
#308=EDGE_LOOP('',(#1374));
#309=EDGE_LOOP('',(#1375));
#310=EDGE_LOOP('',(#1376));
#311=EDGE_LOOP('',(#1377));
#312=EDGE_LOOP('',(#1378,#1379,#1380,#1381));
#313=EDGE_LOOP('',(#1382,#1383,#1384,#1385));
#314=EDGE_LOOP('',(#1386,#1387,#1388,#1389,#1390,#1391,#1392,#1393,#1394));
#315=EDGE_LOOP('',(#1395,#1396,#1397,#1398,#1399));
#316=EDGE_LOOP('',(#1400,#1401,#1402,#1403));
#317=EDGE_LOOP('',(#1404,#1405,#1406,#1407));
#318=EDGE_LOOP('',(#1408,#1409,#1410,#1411));
#319=EDGE_LOOP('',(#1412,#1413,#1414,#1415,#1416,#1417,#1418,#1419));
#320=EDGE_LOOP('',(#1420));
#321=EDGE_LOOP('',(#1421));
#322=EDGE_LOOP('',(#1422));
#323=EDGE_LOOP('',(#1423));
#324=EDGE_LOOP('',(#1424,#1425,#1426,#1427));
#325=EDGE_LOOP('',(#1428,#1429,#1430,#1431));
#326=EDGE_LOOP('',(#1432,#1433,#1434,#1435));
#327=EDGE_LOOP('',(#1436,#1437,#1438,#1439,#1440,#1441));
#328=EDGE_LOOP('',(#1442,#1443,#1444,#1445,#1446,#1447,#1448));
#329=EDGE_LOOP('',(#1449));
#330=EDGE_LOOP('',(#1450));
#331=EDGE_LOOP('',(#1451));
#332=EDGE_LOOP('',(#1452));
#333=EDGE_LOOP('',(#1453,#1454,#1455,#1456));
#334=EDGE_LOOP('',(#1457,#1458,#1459,#1460,#1461));
#335=EDGE_LOOP('',(#1462,#1463,#1464,#1465));
#336=EDGE_LOOP('',(#1466,#1467,#1468,#1469));
#337=EDGE_LOOP('',(#1470,#1471,#1472,#1473));
#338=EDGE_LOOP('',(#1474,#1475,#1476,#1477));
#339=EDGE_LOOP('',(#1478,#1479,#1480,#1481));
#340=EDGE_LOOP('',(#1482,#1483,#1484,#1485));
#341=EDGE_LOOP('',(#1486,#1487,#1488,#1489));
#342=LINE('',#2209,#515);
#343=LINE('',#2211,#516);
#344=LINE('',#2213,#517);
#345=LINE('',#2214,#518);
#346=LINE('',#2218,#519);
#347=LINE('',#2220,#520);
#348=LINE('',#2222,#521);
#349=LINE('',#2223,#522);
#350=LINE('',#2226,#523);
#351=LINE('',#2228,#524);
#352=LINE('',#2229,#525);
#353=LINE('',#2236,#526);
#354=LINE('',#2237,#527);
#355=LINE('',#2240,#528);
#356=LINE('',#2242,#529);
#357=LINE('',#2243,#530);
#358=LINE('',#2250,#531);
#359=LINE('',#2251,#532);
#360=LINE('',#2254,#533);
#361=LINE('',#2258,#534);
#362=LINE('',#2262,#535);
#363=LINE('',#2266,#536);
#364=LINE('',#2270,#537);
#365=LINE('',#2271,#538);
#366=LINE('',#2273,#539);
#367=LINE('',#2276,#540);
#368=LINE('',#2277,#541);
#369=LINE('',#2279,#542);
#370=LINE('',#2284,#543);
#371=LINE('',#2290,#544);
#372=LINE('',#2296,#545);
#373=LINE('',#2302,#546);
#374=LINE('',#2308,#547);
#375=LINE('',#2314,#548);
#376=LINE('',#2320,#549);
#377=LINE('',#2326,#550);
#378=LINE('',#2331,#551);
#379=LINE('',#2333,#552);
#380=LINE('',#2335,#553);
#381=LINE('',#2337,#554);
#382=LINE('',#2339,#555);
#383=LINE('',#2340,#556);
#384=LINE('',#2344,#557);
#385=LINE('',#2345,#558);
#386=LINE('',#2346,#559);
#387=LINE('',#2350,#560);
#388=LINE('',#2352,#561);
#389=LINE('',#2354,#562);
#390=LINE('',#2355,#563);
#391=LINE('',#2358,#564);
#392=LINE('',#2360,#565);
#393=LINE('',#2361,#566);
#394=LINE('',#2370,#567);
#395=LINE('',#2372,#568);
#396=LINE('',#2374,#569);
#397=LINE('',#2375,#570);
#398=LINE('',#2379,#571);
#399=LINE('',#2380,#572);
#400=LINE('',#2381,#573);
#401=LINE('',#2384,#574);
#402=LINE('',#2385,#575);
#403=LINE('',#2388,#576);
#404=LINE('',#2389,#577);
#405=LINE('',#2391,#578);
#406=LINE('',#2395,#579);
#407=LINE('',#2399,#580);
#408=LINE('',#2403,#581);
#409=LINE('',#2404,#582);
#410=LINE('',#2406,#583);
#411=LINE('',#2408,#584);
#412=LINE('',#2410,#585);
#413=LINE('',#2411,#586);
#414=LINE('',#2414,#587);
#415=LINE('',#2416,#588);
#416=LINE('',#2418,#589);
#417=LINE('',#2420,#590);
#418=LINE('',#2422,#591);
#419=LINE('',#2423,#592);
#420=LINE('',#2427,#593);
#421=LINE('',#2431,#594);
#422=LINE('',#2435,#595);
#423=LINE('',#2438,#596);
#424=LINE('',#2439,#597);
#425=LINE('',#2442,#598);
#426=LINE('',#2444,#599);
#427=LINE('',#2445,#600);
#428=LINE('',#2447,#601);
#429=LINE('',#2448,#602);
#430=LINE('',#2449,#603);
#431=LINE('',#2452,#604);
#432=LINE('',#2457,#605);
#433=LINE('',#2462,#606);
#434=LINE('',#2464,#607);
#435=LINE('',#2466,#608);
#436=LINE('',#2467,#609);
#437=LINE('',#2470,#610);
#438=LINE('',#2472,#611);
#439=LINE('',#2473,#612);
#440=LINE('',#2476,#613);
#441=LINE('',#2478,#614);
#442=LINE('',#2479,#615);
#443=LINE('',#2481,#616);
#444=LINE('',#2482,#617);
#445=LINE('',#2487,#618);
#446=LINE('',#2488,#619);
#447=LINE('',#2489,#620);
#448=LINE('',#2492,#621);
#449=LINE('',#2493,#622);
#450=LINE('',#2496,#623);
#451=LINE('',#2497,#624);
#452=LINE('',#2499,#625);
#453=LINE('',#2504,#626);
#454=LINE('',#2506,#627);
#455=LINE('',#2508,#628);
#456=LINE('',#2510,#629);
#457=LINE('',#2511,#630);
#458=LINE('',#2516,#631);
#459=LINE('',#2518,#632);
#460=LINE('',#2520,#633);
#461=LINE('',#2522,#634);
#462=LINE('',#2523,#635);
#463=LINE('',#2527,#636);
#464=LINE('',#2530,#637);
#465=LINE('',#2531,#638);
#466=LINE('',#2534,#639);
#467=LINE('',#2535,#640);
#468=LINE('',#2537,#641);
#469=LINE('',#2540,#642);
#470=LINE('',#2542,#643);
#471=LINE('',#2543,#644);
#472=LINE('',#2546,#645);
#473=LINE('',#2548,#646);
#474=LINE('',#2549,#647);
#475=LINE('',#2551,#648);
#476=LINE('',#2552,#649);
#477=LINE('',#2553,#650);
#478=LINE('',#2555,#651);
#479=LINE('',#2559,#652);
#480=LINE('',#2561,#653);
#481=LINE('',#2562,#654);
#482=LINE('',#2564,#655);
#483=LINE('',#2565,#656);
#484=LINE('',#2573,#657);
#485=LINE('',#2576,#658);
#486=LINE('',#2579,#659);
#487=LINE('',#2581,#660);
#488=LINE('',#2583,#661);
#489=LINE('',#2585,#662);
#490=LINE('',#2587,#663);
#491=LINE('',#2589,#664);
#492=LINE('',#2590,#665);
#493=LINE('',#2601,#666);
#494=LINE('',#2602,#667);
#495=LINE('',#2605,#668);
#496=LINE('',#2607,#669);
#497=LINE('',#2608,#670);
#498=LINE('',#2610,#671);
#499=LINE('',#2613,#672);
#500=LINE('',#2615,#673);
#501=LINE('',#2617,#674);
#502=LINE('',#2618,#675);
#503=LINE('',#2621,#676);
#504=LINE('',#2622,#677);
#505=LINE('',#2632,#678);
#506=LINE('',#2635,#679);
#507=LINE('',#2637,#680);
#508=LINE('',#2638,#681);
#509=LINE('',#2640,#682);
#510=LINE('',#2642,#683);
#511=LINE('',#2644,#684);
#512=LINE('',#2646,#685);
#513=LINE('',#2648,#686);
#514=LINE('',#2650,#687);
#515=VECTOR('',#1778,10.);
#516=VECTOR('',#1779,10.);
#517=VECTOR('',#1780,10.);
#518=VECTOR('',#1781,10.);
#519=VECTOR('',#1784,10.);
#520=VECTOR('',#1785,10.);
#521=VECTOR('',#1786,10.);
#522=VECTOR('',#1787,10.);
#523=VECTOR('',#1790,10.);
#524=VECTOR('',#1791,10.);
#525=VECTOR('',#1792,10.);
#526=VECTOR('',#1799,10.);
#527=VECTOR('',#1800,10.);
#528=VECTOR('',#1803,10.);
#529=VECTOR('',#1804,10.);
#530=VECTOR('',#1805,10.);
#531=VECTOR('',#1812,10.);
#532=VECTOR('',#1813,10.);
#533=VECTOR('',#1816,2.7);
#534=VECTOR('',#1821,2.7);
#535=VECTOR('',#1826,2.7);
#536=VECTOR('',#1831,2.7);
#537=VECTOR('',#1836,10.);
#538=VECTOR('',#1837,10.);
#539=VECTOR('',#1840,10.);
#540=VECTOR('',#1843,10.);
#541=VECTOR('',#1844,10.);
#542=VECTOR('',#1847,10.);
#543=VECTOR('',#1852,2.);
#544=VECTOR('',#1859,1.99999999999999);
#545=VECTOR('',#1866,1.99999999999999);
#546=VECTOR('',#1873,1.99999999999999);
#547=VECTOR('',#1880,2.);
#548=VECTOR('',#1887,1.99999999999999);
#549=VECTOR('',#1894,1.99999999999999);
#550=VECTOR('',#1901,1.99999999999999);
#551=VECTOR('',#1906,10.);
#552=VECTOR('',#1907,10.);
#553=VECTOR('',#1908,10.);
#554=VECTOR('',#1909,10.);
#555=VECTOR('',#1910,10.);
#556=VECTOR('',#1911,10.);
#557=VECTOR('',#1914,10.);
#558=VECTOR('',#1915,10.);
#559=VECTOR('',#1916,10.);
#560=VECTOR('',#1919,10.);
#561=VECTOR('',#1920,10.);
#562=VECTOR('',#1921,10.);
#563=VECTOR('',#1922,10.);
#564=VECTOR('',#1925,10.);
#565=VECTOR('',#1926,10.);
#566=VECTOR('',#1927,10.);
#567=VECTOR('',#1934,10.);
#568=VECTOR('',#1935,10.);
#569=VECTOR('',#1936,10.);
#570=VECTOR('',#1937,10.);
#571=VECTOR('',#1940,10.);
#572=VECTOR('',#1941,10.);
#573=VECTOR('',#1942,10.);
#574=VECTOR('',#1945,10.);
#575=VECTOR('',#1946,10.);
#576=VECTOR('',#1949,10.);
#577=VECTOR('',#1950,10.);
#578=VECTOR('',#1953,10.);
#579=VECTOR('',#1956,10.);
#580=VECTOR('',#1959,10.);
#581=VECTOR('',#1964,10.);
#582=VECTOR('',#1965,10.);
#583=VECTOR('',#1966,10.);
#584=VECTOR('',#1967,10.);
#585=VECTOR('',#1968,10.);
#586=VECTOR('',#1969,10.);
#587=VECTOR('',#1972,10.);
#588=VECTOR('',#1973,10.);
#589=VECTOR('',#1974,10.);
#590=VECTOR('',#1975,10.);
#591=VECTOR('',#1976,10.);
#592=VECTOR('',#1977,10.);
#593=VECTOR('',#1982,2.7);
#594=VECTOR('',#1987,2.7);
#595=VECTOR('',#1992,2.7);
#596=VECTOR('',#1995,10.);
#597=VECTOR('',#1996,10.);
#598=VECTOR('',#1999,10.);
#599=VECTOR('',#2000,10.);
#600=VECTOR('',#2001,10.);
#601=VECTOR('',#2004,10.);
#602=VECTOR('',#2005,10.);
#603=VECTOR('',#2006,10.);
#604=VECTOR('',#2011,10.);
#605=VECTOR('',#2016,4.50000000000001);
#606=VECTOR('',#2021,10.);
#607=VECTOR('',#2022,10.);
#608=VECTOR('',#2023,10.);
#609=VECTOR('',#2024,10.);
#610=VECTOR('',#2027,10.);
#611=VECTOR('',#2028,10.);
#612=VECTOR('',#2029,10.);
#613=VECTOR('',#2032,10.);
#614=VECTOR('',#2033,10.);
#615=VECTOR('',#2034,10.);
#616=VECTOR('',#2037,10.);
#617=VECTOR('',#2038,10.);
#618=VECTOR('',#2043,10.);
#619=VECTOR('',#2044,10.);
#620=VECTOR('',#2045,10.);
#621=VECTOR('',#2048,10.);
#622=VECTOR('',#2049,10.);
#623=VECTOR('',#2052,10.);
#624=VECTOR('',#2053,10.);
#625=VECTOR('',#2056,10.);
#626=VECTOR('',#2061,10.);
#627=VECTOR('',#2062,10.);
#628=VECTOR('',#2063,10.);
#629=VECTOR('',#2064,10.);
#630=VECTOR('',#2065,10.);
#631=VECTOR('',#2070,10.);
#632=VECTOR('',#2071,10.);
#633=VECTOR('',#2072,10.);
#634=VECTOR('',#2073,10.);
#635=VECTOR('',#2074,10.);
#636=VECTOR('',#2079,2.65);
#637=VECTOR('',#2082,10.);
#638=VECTOR('',#2083,10.);
#639=VECTOR('',#2086,10.);
#640=VECTOR('',#2087,10.);
#641=VECTOR('',#2090,10.);
#642=VECTOR('',#2093,10.);
#643=VECTOR('',#2094,10.);
#644=VECTOR('',#2095,10.);
#645=VECTOR('',#2098,10.);
#646=VECTOR('',#2099,10.);
#647=VECTOR('',#2100,10.);
#648=VECTOR('',#2101,10.);
#649=VECTOR('',#2102,10.);
#650=VECTOR('',#2103,10.);
#651=VECTOR('',#2106,10.);
#652=VECTOR('',#2111,10.);
#653=VECTOR('',#2112,10.);
#654=VECTOR('',#2113,10.);
#655=VECTOR('',#2116,10.);
#656=VECTOR('',#2117,10.);
#657=VECTOR('',#2126,16.);
#658=VECTOR('',#2129,10.);
#659=VECTOR('',#2132,10.);
#660=VECTOR('',#2133,10.);
#661=VECTOR('',#2134,10.);
#662=VECTOR('',#2135,10.);
#663=VECTOR('',#2136,10.);
#664=VECTOR('',#2137,10.);
#665=VECTOR('',#2138,10.);
#666=VECTOR('',#2149,10.);
#667=VECTOR('',#2150,10.);
#668=VECTOR('',#2153,10.);
#669=VECTOR('',#2154,10.);
#670=VECTOR('',#2155,10.);
#671=VECTOR('',#2158,10.);
#672=VECTOR('',#2161,10.);
#673=VECTOR('',#2162,10.);
#674=VECTOR('',#2163,10.);
#675=VECTOR('',#2164,10.);
#676=VECTOR('',#2167,10.);
#677=VECTOR('',#2168,10.);
#678=VECTOR('',#2179,10.);
#679=VECTOR('',#2182,10.);
#680=VECTOR('',#2183,10.);
#681=VECTOR('',#2184,10.);
#682=VECTOR('',#2187,2.75);
#683=VECTOR('',#2190,2.75);
#684=VECTOR('',#2193,2.74999999999999);
#685=VECTOR('',#2196,2.75);
#686=VECTOR('',#2199,10.);
#687=VECTOR('',#2202,10.);
#688=VERTEX_POINT('',#2207);
#689=VERTEX_POINT('',#2208);
#690=VERTEX_POINT('',#2210);
#691=VERTEX_POINT('',#2212);
#692=VERTEX_POINT('',#2216);
#693=VERTEX_POINT('',#2217);
#694=VERTEX_POINT('',#2219);
#695=VERTEX_POINT('',#2221);
#696=VERTEX_POINT('',#2225);
#697=VERTEX_POINT('',#2227);
#698=VERTEX_POINT('',#2230);
#699=VERTEX_POINT('',#2232);
#700=VERTEX_POINT('',#2235);
#701=VERTEX_POINT('',#2239);
#702=VERTEX_POINT('',#2241);
#703=VERTEX_POINT('',#2244);
#704=VERTEX_POINT('',#2246);
#705=VERTEX_POINT('',#2249);
#706=VERTEX_POINT('',#2253);
#707=VERTEX_POINT('',#2257);
#708=VERTEX_POINT('',#2261);
#709=VERTEX_POINT('',#2265);
#710=VERTEX_POINT('',#2269);
#711=VERTEX_POINT('',#2275);
#712=VERTEX_POINT('',#2281);
#713=VERTEX_POINT('',#2283);
#714=VERTEX_POINT('',#2287);
#715=VERTEX_POINT('',#2289);
#716=VERTEX_POINT('',#2293);
#717=VERTEX_POINT('',#2295);
#718=VERTEX_POINT('',#2299);
#719=VERTEX_POINT('',#2301);
#720=VERTEX_POINT('',#2305);
#721=VERTEX_POINT('',#2307);
#722=VERTEX_POINT('',#2311);
#723=VERTEX_POINT('',#2313);
#724=VERTEX_POINT('',#2317);
#725=VERTEX_POINT('',#2319);
#726=VERTEX_POINT('',#2323);
#727=VERTEX_POINT('',#2325);
#728=VERTEX_POINT('',#2329);
#729=VERTEX_POINT('',#2330);
#730=VERTEX_POINT('',#2332);
#731=VERTEX_POINT('',#2334);
#732=VERTEX_POINT('',#2336);
#733=VERTEX_POINT('',#2338);
#734=VERTEX_POINT('',#2342);
#735=VERTEX_POINT('',#2343);
#736=VERTEX_POINT('',#2348);
#737=VERTEX_POINT('',#2349);
#738=VERTEX_POINT('',#2351);
#739=VERTEX_POINT('',#2353);
#740=VERTEX_POINT('',#2357);
#741=VERTEX_POINT('',#2359);
#742=VERTEX_POINT('',#2362);
#743=VERTEX_POINT('',#2364);
#744=VERTEX_POINT('',#2366);
#745=VERTEX_POINT('',#2368);
#746=VERTEX_POINT('',#2369);
#747=VERTEX_POINT('',#2371);
#748=VERTEX_POINT('',#2373);
#749=VERTEX_POINT('',#2377);
#750=VERTEX_POINT('',#2378);
#751=VERTEX_POINT('',#2383);
#752=VERTEX_POINT('',#2387);
#753=VERTEX_POINT('',#2393);
#754=VERTEX_POINT('',#2394);
#755=VERTEX_POINT('',#2396);
#756=VERTEX_POINT('',#2398);
#757=VERTEX_POINT('',#2402);
#758=VERTEX_POINT('',#2405);
#759=VERTEX_POINT('',#2407);
#760=VERTEX_POINT('',#2409);
#761=VERTEX_POINT('',#2413);
#762=VERTEX_POINT('',#2415);
#763=VERTEX_POINT('',#2417);
#764=VERTEX_POINT('',#2419);
#765=VERTEX_POINT('',#2421);
#766=VERTEX_POINT('',#2425);
#767=VERTEX_POINT('',#2429);
#768=VERTEX_POINT('',#2433);
#769=VERTEX_POINT('',#2437);
#770=VERTEX_POINT('',#2441);
#771=VERTEX_POINT('',#2443);
#772=VERTEX_POINT('',#2454);
#773=VERTEX_POINT('',#2456);
#774=VERTEX_POINT('',#2460);
#775=VERTEX_POINT('',#2461);
#776=VERTEX_POINT('',#2463);
#777=VERTEX_POINT('',#2465);
#778=VERTEX_POINT('',#2469);
#779=VERTEX_POINT('',#2471);
#780=VERTEX_POINT('',#2475);
#781=VERTEX_POINT('',#2477);
#782=VERTEX_POINT('',#2485);
#783=VERTEX_POINT('',#2486);
#784=VERTEX_POINT('',#2491);
#785=VERTEX_POINT('',#2495);
#786=VERTEX_POINT('',#2502);
#787=VERTEX_POINT('',#2503);
#788=VERTEX_POINT('',#2505);
#789=VERTEX_POINT('',#2507);
#790=VERTEX_POINT('',#2509);
#791=VERTEX_POINT('',#2512);
#792=VERTEX_POINT('',#2515);
#793=VERTEX_POINT('',#2517);
#794=VERTEX_POINT('',#2519);
#795=VERTEX_POINT('',#2521);
#796=VERTEX_POINT('',#2525);
#797=VERTEX_POINT('',#2529);
#798=VERTEX_POINT('',#2533);
#799=VERTEX_POINT('',#2539);
#800=VERTEX_POINT('',#2541);
#801=VERTEX_POINT('',#2545);
#802=VERTEX_POINT('',#2547);
#803=VERTEX_POINT('',#2550);
#804=VERTEX_POINT('',#2558);
#805=VERTEX_POINT('',#2560);
#806=VERTEX_POINT('',#2569);
#807=VERTEX_POINT('',#2570);
#808=VERTEX_POINT('',#2572);
#809=VERTEX_POINT('',#2574);
#810=VERTEX_POINT('',#2578);
#811=VERTEX_POINT('',#2580);
#812=VERTEX_POINT('',#2582);
#813=VERTEX_POINT('',#2584);
#814=VERTEX_POINT('',#2586);
#815=VERTEX_POINT('',#2588);
#816=VERTEX_POINT('',#2591);
#817=VERTEX_POINT('',#2593);
#818=VERTEX_POINT('',#2595);
#819=VERTEX_POINT('',#2597);
#820=VERTEX_POINT('',#2600);
#821=VERTEX_POINT('',#2604);
#822=VERTEX_POINT('',#2606);
#823=VERTEX_POINT('',#2612);
#824=VERTEX_POINT('',#2614);
#825=VERTEX_POINT('',#2616);
#826=VERTEX_POINT('',#2620);
#827=VERTEX_POINT('',#2623);
#828=VERTEX_POINT('',#2625);
#829=VERTEX_POINT('',#2627);
#830=VERTEX_POINT('',#2629);
#831=VERTEX_POINT('',#2634);
#832=VERTEX_POINT('',#2636);
#833=EDGE_CURVE('',#688,#689,#342,.T.);
#834=EDGE_CURVE('',#690,#688,#343,.T.);
#835=EDGE_CURVE('',#691,#690,#344,.T.);
#836=EDGE_CURVE('',#689,#691,#345,.T.);
#837=EDGE_CURVE('',#692,#693,#346,.T.);
#838=EDGE_CURVE('',#694,#692,#347,.T.);
#839=EDGE_CURVE('',#695,#694,#348,.T.);
#840=EDGE_CURVE('',#693,#695,#349,.T.);
#841=EDGE_CURVE('',#696,#688,#350,.T.);
#842=EDGE_CURVE('',#697,#696,#351,.T.);
#843=EDGE_CURVE('',#697,#690,#352,.T.);
#844=EDGE_CURVE('',#698,#698,#86,.T.);
#845=EDGE_CURVE('',#699,#699,#87,.T.);
#846=EDGE_CURVE('',#700,#689,#353,.T.);
#847=EDGE_CURVE('',#696,#700,#354,.T.);
#848=EDGE_CURVE('',#701,#692,#355,.T.);
#849=EDGE_CURVE('',#702,#701,#356,.T.);
#850=EDGE_CURVE('',#702,#694,#357,.T.);
#851=EDGE_CURVE('',#703,#703,#88,.T.);
#852=EDGE_CURVE('',#704,#704,#89,.T.);
#853=EDGE_CURVE('',#705,#693,#358,.T.);
#854=EDGE_CURVE('',#701,#705,#359,.T.);
#855=EDGE_CURVE('',#703,#706,#360,.T.);
#856=EDGE_CURVE('',#706,#706,#90,.T.);
#857=EDGE_CURVE('',#698,#707,#361,.T.);
#858=EDGE_CURVE('',#707,#707,#91,.T.);
#859=EDGE_CURVE('',#704,#708,#362,.T.);
#860=EDGE_CURVE('',#708,#708,#92,.T.);
#861=EDGE_CURVE('',#699,#709,#363,.T.);
#862=EDGE_CURVE('',#709,#709,#93,.T.);
#863=EDGE_CURVE('',#710,#697,#364,.T.);
#864=EDGE_CURVE('',#710,#691,#365,.T.);
#865=EDGE_CURVE('',#700,#710,#366,.T.);
#866=EDGE_CURVE('',#711,#702,#367,.T.);
#867=EDGE_CURVE('',#711,#695,#368,.T.);
#868=EDGE_CURVE('',#705,#711,#369,.T.);
#869=EDGE_CURVE('',#712,#712,#94,.T.);
#870=EDGE_CURVE('',#712,#713,#370,.T.);
#871=EDGE_CURVE('',#713,#713,#95,.T.);
#872=EDGE_CURVE('',#714,#714,#96,.T.);
#873=EDGE_CURVE('',#714,#715,#371,.T.);
#874=EDGE_CURVE('',#715,#715,#97,.T.);
#875=EDGE_CURVE('',#716,#716,#98,.T.);
#876=EDGE_CURVE('',#716,#717,#372,.T.);
#877=EDGE_CURVE('',#717,#717,#99,.T.);
#878=EDGE_CURVE('',#718,#718,#100,.T.);
#879=EDGE_CURVE('',#718,#719,#373,.T.);
#880=EDGE_CURVE('',#719,#719,#101,.T.);
#881=EDGE_CURVE('',#720,#720,#102,.T.);
#882=EDGE_CURVE('',#720,#721,#374,.T.);
#883=EDGE_CURVE('',#721,#721,#103,.T.);
#884=EDGE_CURVE('',#722,#722,#104,.T.);
#885=EDGE_CURVE('',#722,#723,#375,.T.);
#886=EDGE_CURVE('',#723,#723,#105,.T.);
#887=EDGE_CURVE('',#724,#724,#106,.T.);
#888=EDGE_CURVE('',#724,#725,#376,.T.);
#889=EDGE_CURVE('',#725,#725,#107,.T.);
#890=EDGE_CURVE('',#726,#726,#108,.T.);
#891=EDGE_CURVE('',#726,#727,#377,.T.);
#892=EDGE_CURVE('',#727,#727,#109,.T.);
#893=EDGE_CURVE('',#728,#729,#378,.T.);
#894=EDGE_CURVE('',#729,#730,#379,.T.);
#895=EDGE_CURVE('',#730,#731,#380,.T.);
#896=EDGE_CURVE('',#731,#732,#381,.T.);
#897=EDGE_CURVE('',#732,#733,#382,.T.);
#898=EDGE_CURVE('',#733,#728,#383,.T.);
#899=EDGE_CURVE('',#734,#735,#384,.T.);
#900=EDGE_CURVE('',#734,#728,#385,.T.);
#901=EDGE_CURVE('',#735,#733,#386,.T.);
#902=EDGE_CURVE('',#736,#737,#387,.T.);
#903=EDGE_CURVE('',#736,#738,#388,.T.);
#904=EDGE_CURVE('',#738,#739,#389,.T.);
#905=EDGE_CURVE('',#739,#737,#390,.T.);
#906=EDGE_CURVE('',#735,#740,#391,.T.);
#907=EDGE_CURVE('',#741,#740,#392,.T.);
#908=EDGE_CURVE('',#734,#741,#393,.T.);
#909=EDGE_CURVE('',#742,#742,#110,.T.);
#910=EDGE_CURVE('',#743,#743,#111,.T.);
#911=EDGE_CURVE('',#744,#744,#112,.T.);
#912=EDGE_CURVE('',#745,#746,#394,.T.);
#913=EDGE_CURVE('',#746,#747,#395,.T.);
#914=EDGE_CURVE('',#747,#748,#396,.T.);
#915=EDGE_CURVE('',#748,#745,#397,.T.);
#916=EDGE_CURVE('',#749,#750,#398,.T.);
#917=EDGE_CURVE('',#749,#748,#399,.T.);
#918=EDGE_CURVE('',#750,#747,#400,.T.);
#919=EDGE_CURVE('',#750,#751,#401,.T.);
#920=EDGE_CURVE('',#751,#746,#402,.T.);
#921=EDGE_CURVE('',#751,#752,#403,.T.);
#922=EDGE_CURVE('',#752,#745,#404,.T.);
#923=EDGE_CURVE('',#752,#749,#405,.T.);
#924=EDGE_CURVE('',#753,#754,#406,.T.);
#925=EDGE_CURVE('',#755,#753,#113,.T.);
#926=EDGE_CURVE('',#756,#755,#407,.T.);
#927=EDGE_CURVE('',#754,#756,#114,.T.);
#928=EDGE_CURVE('',#756,#757,#408,.T.);
#929=EDGE_CURVE('',#757,#730,#409,.T.);
#930=EDGE_CURVE('',#729,#758,#410,.T.);
#931=EDGE_CURVE('',#758,#759,#411,.T.);
#932=EDGE_CURVE('',#759,#760,#412,.T.);
#933=EDGE_CURVE('',#760,#754,#413,.T.);
#934=EDGE_CURVE('',#755,#761,#414,.T.);
#935=EDGE_CURVE('',#761,#762,#415,.T.);
#936=EDGE_CURVE('',#762,#763,#416,.T.);
#937=EDGE_CURVE('',#764,#763,#417,.T.);
#938=EDGE_CURVE('',#764,#765,#418,.T.);
#939=EDGE_CURVE('',#765,#757,#419,.T.);
#940=EDGE_CURVE('',#766,#766,#115,.T.);
#941=EDGE_CURVE('',#766,#744,#420,.T.);
#942=EDGE_CURVE('',#767,#767,#116,.T.);
#943=EDGE_CURVE('',#767,#743,#421,.T.);
#944=EDGE_CURVE('',#768,#768,#117,.T.);
#945=EDGE_CURVE('',#768,#742,#422,.T.);
#946=EDGE_CURVE('',#769,#741,#423,.T.);
#947=EDGE_CURVE('',#758,#769,#424,.T.);
#948=EDGE_CURVE('',#770,#769,#425,.T.);
#949=EDGE_CURVE('',#771,#770,#426,.T.);
#950=EDGE_CURVE('',#759,#771,#427,.T.);
#951=EDGE_CURVE('',#771,#736,#428,.T.);
#952=EDGE_CURVE('',#740,#770,#429,.T.);
#953=EDGE_CURVE('',#738,#732,#430,.T.);
#954=EDGE_CURVE('',#737,#759,#431,.T.);
#955=EDGE_CURVE('',#772,#772,#118,.T.);
#956=EDGE_CURVE('',#772,#773,#432,.T.);
#957=EDGE_CURVE('',#773,#773,#119,.T.);
#958=EDGE_CURVE('',#774,#775,#433,.T.);
#959=EDGE_CURVE('',#774,#776,#434,.T.);
#960=EDGE_CURVE('',#777,#776,#435,.T.);
#961=EDGE_CURVE('',#775,#777,#436,.T.);
#962=EDGE_CURVE('',#775,#778,#437,.T.);
#963=EDGE_CURVE('',#779,#777,#438,.T.);
#964=EDGE_CURVE('',#778,#779,#439,.T.);
#965=EDGE_CURVE('',#778,#780,#440,.T.);
#966=EDGE_CURVE('',#781,#779,#441,.T.);
#967=EDGE_CURVE('',#780,#781,#442,.T.);
#968=EDGE_CURVE('',#780,#774,#443,.T.);
#969=EDGE_CURVE('',#776,#781,#444,.T.);
#970=EDGE_CURVE('',#782,#783,#445,.T.);
#971=EDGE_CURVE('',#762,#782,#446,.T.);
#972=EDGE_CURVE('',#783,#761,#447,.T.);
#973=EDGE_CURVE('',#782,#784,#448,.T.);
#974=EDGE_CURVE('',#763,#784,#449,.T.);
#975=EDGE_CURVE('',#785,#783,#450,.T.);
#976=EDGE_CURVE('',#784,#785,#451,.T.);
#977=EDGE_CURVE('',#764,#785,#452,.T.);
#978=EDGE_CURVE('',#786,#787,#453,.T.);
#979=EDGE_CURVE('',#788,#786,#454,.T.);
#980=EDGE_CURVE('',#788,#789,#455,.T.);
#981=EDGE_CURVE('',#789,#790,#456,.T.);
#982=EDGE_CURVE('',#790,#787,#457,.T.);
#983=EDGE_CURVE('',#791,#791,#120,.T.);
#984=EDGE_CURVE('',#788,#792,#458,.T.);
#985=EDGE_CURVE('',#792,#793,#459,.T.);
#986=EDGE_CURVE('',#794,#793,#460,.T.);
#987=EDGE_CURVE('',#795,#794,#461,.T.);
#988=EDGE_CURVE('',#789,#795,#462,.T.);
#989=EDGE_CURVE('',#796,#796,#121,.T.);
#990=EDGE_CURVE('',#796,#791,#463,.T.);
#991=EDGE_CURVE('',#797,#795,#464,.T.);
#992=EDGE_CURVE('',#790,#797,#465,.T.);
#993=EDGE_CURVE('',#787,#798,#466,.T.);
#994=EDGE_CURVE('',#798,#797,#467,.T.);
#995=EDGE_CURVE('',#798,#794,#468,.T.);
#996=EDGE_CURVE('',#786,#799,#469,.T.);
#997=EDGE_CURVE('',#799,#800,#470,.T.);
#998=EDGE_CURVE('',#800,#788,#471,.T.);
#999=EDGE_CURVE('',#801,#753,#472,.T.);
#1000=EDGE_CURVE('',#802,#801,#473,.T.);
#1001=EDGE_CURVE('',#799,#802,#474,.T.);
#1002=EDGE_CURVE('',#803,#793,#475,.T.);
#1003=EDGE_CURVE('',#803,#739,#476,.T.);
#1004=EDGE_CURVE('',#765,#731,#477,.T.);
#1005=EDGE_CURVE('',#801,#760,#478,.T.);
#1006=EDGE_CURVE('',#803,#804,#479,.T.);
#1007=EDGE_CURVE('',#804,#805,#480,.T.);
#1008=EDGE_CURVE('',#805,#802,#481,.T.);
#1009=EDGE_CURVE('',#804,#792,#482,.T.);
#1010=EDGE_CURVE('',#805,#800,#483,.T.);
#1011=EDGE_CURVE('',#806,#807,#122,.T.);
#1012=EDGE_CURVE('',#807,#808,#484,.T.);
#1013=EDGE_CURVE('',#808,#809,#123,.T.);
#1014=EDGE_CURVE('',#809,#806,#485,.T.);
#1015=EDGE_CURVE('',#810,#808,#486,.T.);
#1016=EDGE_CURVE('',#811,#810,#487,.T.);
#1017=EDGE_CURVE('',#812,#811,#488,.T.);
#1018=EDGE_CURVE('',#812,#813,#489,.T.);
#1019=EDGE_CURVE('',#813,#814,#490,.T.);
#1020=EDGE_CURVE('',#814,#815,#491,.T.);
#1021=EDGE_CURVE('',#815,#809,#492,.T.);
#1022=EDGE_CURVE('',#816,#816,#124,.T.);
#1023=EDGE_CURVE('',#817,#817,#125,.T.);
#1024=EDGE_CURVE('',#818,#818,#126,.T.);
#1025=EDGE_CURVE('',#819,#819,#127,.T.);
#1026=EDGE_CURVE('',#820,#807,#493,.T.);
#1027=EDGE_CURVE('',#810,#820,#494,.T.);
#1028=EDGE_CURVE('',#812,#821,#495,.T.);
#1029=EDGE_CURVE('',#811,#822,#496,.T.);
#1030=EDGE_CURVE('',#821,#822,#497,.T.);
#1031=EDGE_CURVE('',#822,#820,#498,.T.);
#1032=EDGE_CURVE('',#821,#823,#499,.T.);
#1033=EDGE_CURVE('',#824,#823,#500,.T.);
#1034=EDGE_CURVE('',#824,#825,#501,.T.);
#1035=EDGE_CURVE('',#825,#813,#502,.T.);
#1036=EDGE_CURVE('',#806,#826,#503,.T.);
#1037=EDGE_CURVE('',#823,#826,#504,.T.);
#1038=EDGE_CURVE('',#827,#827,#128,.T.);
#1039=EDGE_CURVE('',#828,#828,#129,.T.);
#1040=EDGE_CURVE('',#829,#829,#130,.T.);
#1041=EDGE_CURVE('',#830,#830,#131,.T.);
#1042=EDGE_CURVE('',#826,#815,#505,.T.);
#1043=EDGE_CURVE('',#831,#814,#506,.T.);
#1044=EDGE_CURVE('',#831,#832,#507,.T.);
#1045=EDGE_CURVE('',#832,#826,#508,.T.);
#1046=EDGE_CURVE('',#830,#819,#509,.T.);
#1047=EDGE_CURVE('',#829,#818,#510,.T.);
#1048=EDGE_CURVE('',#828,#817,#511,.T.);
#1049=EDGE_CURVE('',#827,#816,#512,.T.);
#1050=EDGE_CURVE('',#825,#831,#513,.T.);
#1051=EDGE_CURVE('',#832,#824,#514,.T.);
#1052=ORIENTED_EDGE('',*,*,#833,.F.);
#1053=ORIENTED_EDGE('',*,*,#834,.F.);
#1054=ORIENTED_EDGE('',*,*,#835,.F.);
#1055=ORIENTED_EDGE('',*,*,#836,.F.);
#1056=ORIENTED_EDGE('',*,*,#837,.F.);
#1057=ORIENTED_EDGE('',*,*,#838,.F.);
#1058=ORIENTED_EDGE('',*,*,#839,.F.);
#1059=ORIENTED_EDGE('',*,*,#840,.F.);
#1060=ORIENTED_EDGE('',*,*,#834,.T.);
#1061=ORIENTED_EDGE('',*,*,#841,.F.);
#1062=ORIENTED_EDGE('',*,*,#842,.F.);
#1063=ORIENTED_EDGE('',*,*,#843,.T.);
#1064=ORIENTED_EDGE('',*,*,#844,.T.);
#1065=ORIENTED_EDGE('',*,*,#845,.T.);
#1066=ORIENTED_EDGE('',*,*,#833,.T.);
#1067=ORIENTED_EDGE('',*,*,#846,.F.);
#1068=ORIENTED_EDGE('',*,*,#847,.F.);
#1069=ORIENTED_EDGE('',*,*,#841,.T.);
#1070=ORIENTED_EDGE('',*,*,#838,.T.);
#1071=ORIENTED_EDGE('',*,*,#848,.F.);
#1072=ORIENTED_EDGE('',*,*,#849,.F.);
#1073=ORIENTED_EDGE('',*,*,#850,.T.);
#1074=ORIENTED_EDGE('',*,*,#851,.T.);
#1075=ORIENTED_EDGE('',*,*,#852,.T.);
#1076=ORIENTED_EDGE('',*,*,#837,.T.);
#1077=ORIENTED_EDGE('',*,*,#853,.F.);
#1078=ORIENTED_EDGE('',*,*,#854,.F.);
#1079=ORIENTED_EDGE('',*,*,#848,.T.);
#1080=ORIENTED_EDGE('',*,*,#851,.F.);
#1081=ORIENTED_EDGE('',*,*,#855,.T.);
#1082=ORIENTED_EDGE('',*,*,#856,.F.);
#1083=ORIENTED_EDGE('',*,*,#855,.F.);
#1084=ORIENTED_EDGE('',*,*,#844,.F.);
#1085=ORIENTED_EDGE('',*,*,#857,.T.);
#1086=ORIENTED_EDGE('',*,*,#858,.F.);
#1087=ORIENTED_EDGE('',*,*,#857,.F.);
#1088=ORIENTED_EDGE('',*,*,#852,.F.);
#1089=ORIENTED_EDGE('',*,*,#859,.T.);
#1090=ORIENTED_EDGE('',*,*,#860,.F.);
#1091=ORIENTED_EDGE('',*,*,#859,.F.);
#1092=ORIENTED_EDGE('',*,*,#845,.F.);
#1093=ORIENTED_EDGE('',*,*,#861,.T.);
#1094=ORIENTED_EDGE('',*,*,#862,.F.);
#1095=ORIENTED_EDGE('',*,*,#861,.F.);
#1096=ORIENTED_EDGE('',*,*,#835,.T.);
#1097=ORIENTED_EDGE('',*,*,#843,.F.);
#1098=ORIENTED_EDGE('',*,*,#863,.F.);
#1099=ORIENTED_EDGE('',*,*,#864,.T.);
#1100=ORIENTED_EDGE('',*,*,#836,.T.);
#1101=ORIENTED_EDGE('',*,*,#864,.F.);
#1102=ORIENTED_EDGE('',*,*,#865,.F.);
#1103=ORIENTED_EDGE('',*,*,#846,.T.);
#1104=ORIENTED_EDGE('',*,*,#858,.T.);
#1105=ORIENTED_EDGE('',*,*,#862,.T.);
#1106=ORIENTED_EDGE('',*,*,#839,.T.);
#1107=ORIENTED_EDGE('',*,*,#850,.F.);
#1108=ORIENTED_EDGE('',*,*,#866,.F.);
#1109=ORIENTED_EDGE('',*,*,#867,.T.);
#1110=ORIENTED_EDGE('',*,*,#840,.T.);
#1111=ORIENTED_EDGE('',*,*,#867,.F.);
#1112=ORIENTED_EDGE('',*,*,#868,.F.);
#1113=ORIENTED_EDGE('',*,*,#853,.T.);
#1114=ORIENTED_EDGE('',*,*,#856,.T.);
#1115=ORIENTED_EDGE('',*,*,#860,.T.);
#1116=ORIENTED_EDGE('',*,*,#869,.F.);
#1117=ORIENTED_EDGE('',*,*,#870,.T.);
#1118=ORIENTED_EDGE('',*,*,#871,.F.);
#1119=ORIENTED_EDGE('',*,*,#870,.F.);
#1120=ORIENTED_EDGE('',*,*,#872,.F.);
#1121=ORIENTED_EDGE('',*,*,#873,.T.);
#1122=ORIENTED_EDGE('',*,*,#874,.F.);
#1123=ORIENTED_EDGE('',*,*,#873,.F.);
#1124=ORIENTED_EDGE('',*,*,#875,.F.);
#1125=ORIENTED_EDGE('',*,*,#876,.T.);
#1126=ORIENTED_EDGE('',*,*,#877,.F.);
#1127=ORIENTED_EDGE('',*,*,#876,.F.);
#1128=ORIENTED_EDGE('',*,*,#878,.F.);
#1129=ORIENTED_EDGE('',*,*,#879,.T.);
#1130=ORIENTED_EDGE('',*,*,#880,.F.);
#1131=ORIENTED_EDGE('',*,*,#879,.F.);
#1132=ORIENTED_EDGE('',*,*,#881,.F.);
#1133=ORIENTED_EDGE('',*,*,#882,.T.);
#1134=ORIENTED_EDGE('',*,*,#883,.F.);
#1135=ORIENTED_EDGE('',*,*,#882,.F.);
#1136=ORIENTED_EDGE('',*,*,#884,.F.);
#1137=ORIENTED_EDGE('',*,*,#885,.T.);
#1138=ORIENTED_EDGE('',*,*,#886,.F.);
#1139=ORIENTED_EDGE('',*,*,#885,.F.);
#1140=ORIENTED_EDGE('',*,*,#887,.F.);
#1141=ORIENTED_EDGE('',*,*,#888,.T.);
#1142=ORIENTED_EDGE('',*,*,#889,.F.);
#1143=ORIENTED_EDGE('',*,*,#888,.F.);
#1144=ORIENTED_EDGE('',*,*,#890,.F.);
#1145=ORIENTED_EDGE('',*,*,#891,.T.);
#1146=ORIENTED_EDGE('',*,*,#892,.F.);
#1147=ORIENTED_EDGE('',*,*,#891,.F.);
#1148=ORIENTED_EDGE('',*,*,#893,.T.);
#1149=ORIENTED_EDGE('',*,*,#894,.T.);
#1150=ORIENTED_EDGE('',*,*,#895,.T.);
#1151=ORIENTED_EDGE('',*,*,#896,.T.);
#1152=ORIENTED_EDGE('',*,*,#897,.T.);
#1153=ORIENTED_EDGE('',*,*,#898,.T.);
#1154=ORIENTED_EDGE('',*,*,#899,.F.);
#1155=ORIENTED_EDGE('',*,*,#900,.T.);
#1156=ORIENTED_EDGE('',*,*,#898,.F.);
#1157=ORIENTED_EDGE('',*,*,#901,.F.);
#1158=ORIENTED_EDGE('',*,*,#865,.T.);
#1159=ORIENTED_EDGE('',*,*,#863,.T.);
#1160=ORIENTED_EDGE('',*,*,#842,.T.);
#1161=ORIENTED_EDGE('',*,*,#847,.T.);
#1162=ORIENTED_EDGE('',*,*,#868,.T.);
#1163=ORIENTED_EDGE('',*,*,#866,.T.);
#1164=ORIENTED_EDGE('',*,*,#849,.T.);
#1165=ORIENTED_EDGE('',*,*,#854,.T.);
#1166=ORIENTED_EDGE('',*,*,#869,.T.);
#1167=ORIENTED_EDGE('',*,*,#872,.T.);
#1168=ORIENTED_EDGE('',*,*,#875,.T.);
#1169=ORIENTED_EDGE('',*,*,#878,.T.);
#1170=ORIENTED_EDGE('',*,*,#881,.T.);
#1171=ORIENTED_EDGE('',*,*,#884,.T.);
#1172=ORIENTED_EDGE('',*,*,#887,.T.);
#1173=ORIENTED_EDGE('',*,*,#890,.T.);
#1174=ORIENTED_EDGE('',*,*,#902,.F.);
#1175=ORIENTED_EDGE('',*,*,#903,.T.);
#1176=ORIENTED_EDGE('',*,*,#904,.T.);
#1177=ORIENTED_EDGE('',*,*,#905,.T.);
#1178=ORIENTED_EDGE('',*,*,#899,.T.);
#1179=ORIENTED_EDGE('',*,*,#906,.T.);
#1180=ORIENTED_EDGE('',*,*,#907,.F.);
#1181=ORIENTED_EDGE('',*,*,#908,.F.);
#1182=ORIENTED_EDGE('',*,*,#909,.T.);
#1183=ORIENTED_EDGE('',*,*,#910,.T.);
#1184=ORIENTED_EDGE('',*,*,#911,.T.);
#1185=ORIENTED_EDGE('',*,*,#912,.T.);
#1186=ORIENTED_EDGE('',*,*,#913,.T.);
#1187=ORIENTED_EDGE('',*,*,#914,.T.);
#1188=ORIENTED_EDGE('',*,*,#915,.T.);
#1189=ORIENTED_EDGE('',*,*,#916,.F.);
#1190=ORIENTED_EDGE('',*,*,#917,.T.);
#1191=ORIENTED_EDGE('',*,*,#914,.F.);
#1192=ORIENTED_EDGE('',*,*,#918,.F.);
#1193=ORIENTED_EDGE('',*,*,#919,.F.);
#1194=ORIENTED_EDGE('',*,*,#918,.T.);
#1195=ORIENTED_EDGE('',*,*,#913,.F.);
#1196=ORIENTED_EDGE('',*,*,#920,.F.);
#1197=ORIENTED_EDGE('',*,*,#921,.F.);
#1198=ORIENTED_EDGE('',*,*,#920,.T.);
#1199=ORIENTED_EDGE('',*,*,#912,.F.);
#1200=ORIENTED_EDGE('',*,*,#922,.F.);
#1201=ORIENTED_EDGE('',*,*,#923,.F.);
#1202=ORIENTED_EDGE('',*,*,#922,.T.);
#1203=ORIENTED_EDGE('',*,*,#915,.F.);
#1204=ORIENTED_EDGE('',*,*,#917,.F.);
#1205=ORIENTED_EDGE('',*,*,#924,.F.);
#1206=ORIENTED_EDGE('',*,*,#925,.F.);
#1207=ORIENTED_EDGE('',*,*,#926,.F.);
#1208=ORIENTED_EDGE('',*,*,#927,.F.);
#1209=ORIENTED_EDGE('',*,*,#927,.T.);
#1210=ORIENTED_EDGE('',*,*,#928,.T.);
#1211=ORIENTED_EDGE('',*,*,#929,.T.);
#1212=ORIENTED_EDGE('',*,*,#894,.F.);
#1213=ORIENTED_EDGE('',*,*,#930,.T.);
#1214=ORIENTED_EDGE('',*,*,#931,.T.);
#1215=ORIENTED_EDGE('',*,*,#932,.T.);
#1216=ORIENTED_EDGE('',*,*,#933,.T.);
#1217=ORIENTED_EDGE('',*,*,#926,.T.);
#1218=ORIENTED_EDGE('',*,*,#934,.T.);
#1219=ORIENTED_EDGE('',*,*,#935,.T.);
#1220=ORIENTED_EDGE('',*,*,#936,.T.);
#1221=ORIENTED_EDGE('',*,*,#937,.F.);
#1222=ORIENTED_EDGE('',*,*,#938,.T.);
#1223=ORIENTED_EDGE('',*,*,#939,.T.);
#1224=ORIENTED_EDGE('',*,*,#928,.F.);
#1225=ORIENTED_EDGE('',*,*,#940,.F.);
#1226=ORIENTED_EDGE('',*,*,#941,.T.);
#1227=ORIENTED_EDGE('',*,*,#911,.F.);
#1228=ORIENTED_EDGE('',*,*,#941,.F.);
#1229=ORIENTED_EDGE('',*,*,#942,.F.);
#1230=ORIENTED_EDGE('',*,*,#943,.T.);
#1231=ORIENTED_EDGE('',*,*,#910,.F.);
#1232=ORIENTED_EDGE('',*,*,#943,.F.);
#1233=ORIENTED_EDGE('',*,*,#944,.F.);
#1234=ORIENTED_EDGE('',*,*,#945,.T.);
#1235=ORIENTED_EDGE('',*,*,#909,.F.);
#1236=ORIENTED_EDGE('',*,*,#945,.F.);
#1237=ORIENTED_EDGE('',*,*,#930,.F.);
#1238=ORIENTED_EDGE('',*,*,#893,.F.);
#1239=ORIENTED_EDGE('',*,*,#900,.F.);
#1240=ORIENTED_EDGE('',*,*,#908,.T.);
#1241=ORIENTED_EDGE('',*,*,#946,.F.);
#1242=ORIENTED_EDGE('',*,*,#947,.F.);
#1243=ORIENTED_EDGE('',*,*,#931,.F.);
#1244=ORIENTED_EDGE('',*,*,#947,.T.);
#1245=ORIENTED_EDGE('',*,*,#948,.F.);
#1246=ORIENTED_EDGE('',*,*,#949,.F.);
#1247=ORIENTED_EDGE('',*,*,#950,.F.);
#1248=ORIENTED_EDGE('',*,*,#921,.T.);
#1249=ORIENTED_EDGE('',*,*,#923,.T.);
#1250=ORIENTED_EDGE('',*,*,#916,.T.);
#1251=ORIENTED_EDGE('',*,*,#919,.T.);
#1252=ORIENTED_EDGE('',*,*,#940,.T.);
#1253=ORIENTED_EDGE('',*,*,#942,.T.);
#1254=ORIENTED_EDGE('',*,*,#944,.T.);
#1255=ORIENTED_EDGE('',*,*,#951,.F.);
#1256=ORIENTED_EDGE('',*,*,#949,.T.);
#1257=ORIENTED_EDGE('',*,*,#952,.F.);
#1258=ORIENTED_EDGE('',*,*,#906,.F.);
#1259=ORIENTED_EDGE('',*,*,#901,.T.);
#1260=ORIENTED_EDGE('',*,*,#897,.F.);
#1261=ORIENTED_EDGE('',*,*,#953,.F.);
#1262=ORIENTED_EDGE('',*,*,#903,.F.);
#1263=ORIENTED_EDGE('',*,*,#952,.T.);
#1264=ORIENTED_EDGE('',*,*,#948,.T.);
#1265=ORIENTED_EDGE('',*,*,#946,.T.);
#1266=ORIENTED_EDGE('',*,*,#907,.T.);
#1267=ORIENTED_EDGE('',*,*,#954,.T.);
#1268=ORIENTED_EDGE('',*,*,#950,.T.);
#1269=ORIENTED_EDGE('',*,*,#951,.T.);
#1270=ORIENTED_EDGE('',*,*,#902,.T.);
#1271=ORIENTED_EDGE('',*,*,#955,.F.);
#1272=ORIENTED_EDGE('',*,*,#956,.T.);
#1273=ORIENTED_EDGE('',*,*,#957,.F.);
#1274=ORIENTED_EDGE('',*,*,#956,.F.);
#1275=ORIENTED_EDGE('',*,*,#958,.F.);
#1276=ORIENTED_EDGE('',*,*,#959,.T.);
#1277=ORIENTED_EDGE('',*,*,#960,.F.);
#1278=ORIENTED_EDGE('',*,*,#961,.F.);
#1279=ORIENTED_EDGE('',*,*,#962,.F.);
#1280=ORIENTED_EDGE('',*,*,#961,.T.);
#1281=ORIENTED_EDGE('',*,*,#963,.F.);
#1282=ORIENTED_EDGE('',*,*,#964,.F.);
#1283=ORIENTED_EDGE('',*,*,#965,.F.);
#1284=ORIENTED_EDGE('',*,*,#964,.T.);
#1285=ORIENTED_EDGE('',*,*,#966,.F.);
#1286=ORIENTED_EDGE('',*,*,#967,.F.);
#1287=ORIENTED_EDGE('',*,*,#968,.F.);
#1288=ORIENTED_EDGE('',*,*,#967,.T.);
#1289=ORIENTED_EDGE('',*,*,#969,.F.);
#1290=ORIENTED_EDGE('',*,*,#959,.F.);
#1291=ORIENTED_EDGE('',*,*,#969,.T.);
#1292=ORIENTED_EDGE('',*,*,#966,.T.);
#1293=ORIENTED_EDGE('',*,*,#963,.T.);
#1294=ORIENTED_EDGE('',*,*,#960,.T.);
#1295=ORIENTED_EDGE('',*,*,#955,.T.);
#1296=ORIENTED_EDGE('',*,*,#970,.F.);
#1297=ORIENTED_EDGE('',*,*,#971,.F.);
#1298=ORIENTED_EDGE('',*,*,#935,.F.);
#1299=ORIENTED_EDGE('',*,*,#972,.F.);
#1300=ORIENTED_EDGE('',*,*,#958,.T.);
#1301=ORIENTED_EDGE('',*,*,#962,.T.);
#1302=ORIENTED_EDGE('',*,*,#965,.T.);
#1303=ORIENTED_EDGE('',*,*,#968,.T.);
#1304=ORIENTED_EDGE('',*,*,#971,.T.);
#1305=ORIENTED_EDGE('',*,*,#973,.T.);
#1306=ORIENTED_EDGE('',*,*,#974,.F.);
#1307=ORIENTED_EDGE('',*,*,#936,.F.);
#1308=ORIENTED_EDGE('',*,*,#970,.T.);
#1309=ORIENTED_EDGE('',*,*,#975,.F.);
#1310=ORIENTED_EDGE('',*,*,#976,.F.);
#1311=ORIENTED_EDGE('',*,*,#973,.F.);
#1312=ORIENTED_EDGE('',*,*,#976,.T.);
#1313=ORIENTED_EDGE('',*,*,#977,.F.);
#1314=ORIENTED_EDGE('',*,*,#937,.T.);
#1315=ORIENTED_EDGE('',*,*,#974,.T.);
#1316=ORIENTED_EDGE('',*,*,#957,.T.);
#1317=ORIENTED_EDGE('',*,*,#978,.F.);
#1318=ORIENTED_EDGE('',*,*,#979,.F.);
#1319=ORIENTED_EDGE('',*,*,#980,.T.);
#1320=ORIENTED_EDGE('',*,*,#981,.T.);
#1321=ORIENTED_EDGE('',*,*,#982,.T.);
#1322=ORIENTED_EDGE('',*,*,#983,.F.);
#1323=ORIENTED_EDGE('',*,*,#984,.T.);
#1324=ORIENTED_EDGE('',*,*,#985,.T.);
#1325=ORIENTED_EDGE('',*,*,#986,.F.);
#1326=ORIENTED_EDGE('',*,*,#987,.F.);
#1327=ORIENTED_EDGE('',*,*,#988,.F.);
#1328=ORIENTED_EDGE('',*,*,#980,.F.);
#1329=ORIENTED_EDGE('',*,*,#989,.F.);
#1330=ORIENTED_EDGE('',*,*,#990,.T.);
#1331=ORIENTED_EDGE('',*,*,#983,.T.);
#1332=ORIENTED_EDGE('',*,*,#990,.F.);
#1333=ORIENTED_EDGE('',*,*,#981,.F.);
#1334=ORIENTED_EDGE('',*,*,#988,.T.);
#1335=ORIENTED_EDGE('',*,*,#991,.F.);
#1336=ORIENTED_EDGE('',*,*,#992,.F.);
#1337=ORIENTED_EDGE('',*,*,#993,.F.);
#1338=ORIENTED_EDGE('',*,*,#982,.F.);
#1339=ORIENTED_EDGE('',*,*,#992,.T.);
#1340=ORIENTED_EDGE('',*,*,#994,.F.);
#1341=ORIENTED_EDGE('',*,*,#995,.F.);
#1342=ORIENTED_EDGE('',*,*,#994,.T.);
#1343=ORIENTED_EDGE('',*,*,#991,.T.);
#1344=ORIENTED_EDGE('',*,*,#987,.T.);
#1345=ORIENTED_EDGE('',*,*,#989,.T.);
#1346=ORIENTED_EDGE('',*,*,#979,.T.);
#1347=ORIENTED_EDGE('',*,*,#996,.T.);
#1348=ORIENTED_EDGE('',*,*,#997,.T.);
#1349=ORIENTED_EDGE('',*,*,#998,.T.);
#1350=ORIENTED_EDGE('',*,*,#925,.T.);
#1351=ORIENTED_EDGE('',*,*,#999,.F.);
#1352=ORIENTED_EDGE('',*,*,#1000,.F.);
#1353=ORIENTED_EDGE('',*,*,#1001,.F.);
#1354=ORIENTED_EDGE('',*,*,#996,.F.);
#1355=ORIENTED_EDGE('',*,*,#978,.T.);
#1356=ORIENTED_EDGE('',*,*,#993,.T.);
#1357=ORIENTED_EDGE('',*,*,#995,.T.);
#1358=ORIENTED_EDGE('',*,*,#986,.T.);
#1359=ORIENTED_EDGE('',*,*,#1002,.F.);
#1360=ORIENTED_EDGE('',*,*,#1003,.T.);
#1361=ORIENTED_EDGE('',*,*,#904,.F.);
#1362=ORIENTED_EDGE('',*,*,#953,.T.);
#1363=ORIENTED_EDGE('',*,*,#896,.F.);
#1364=ORIENTED_EDGE('',*,*,#1004,.F.);
#1365=ORIENTED_EDGE('',*,*,#938,.F.);
#1366=ORIENTED_EDGE('',*,*,#977,.T.);
#1367=ORIENTED_EDGE('',*,*,#975,.T.);
#1368=ORIENTED_EDGE('',*,*,#972,.T.);
#1369=ORIENTED_EDGE('',*,*,#934,.F.);
#1370=ORIENTED_EDGE('',*,*,#871,.T.);
#1371=ORIENTED_EDGE('',*,*,#874,.T.);
#1372=ORIENTED_EDGE('',*,*,#877,.T.);
#1373=ORIENTED_EDGE('',*,*,#880,.T.);
#1374=ORIENTED_EDGE('',*,*,#883,.T.);
#1375=ORIENTED_EDGE('',*,*,#886,.T.);
#1376=ORIENTED_EDGE('',*,*,#889,.T.);
#1377=ORIENTED_EDGE('',*,*,#892,.T.);
#1378=ORIENTED_EDGE('',*,*,#924,.T.);
#1379=ORIENTED_EDGE('',*,*,#933,.F.);
#1380=ORIENTED_EDGE('',*,*,#1005,.F.);
#1381=ORIENTED_EDGE('',*,*,#999,.T.);
#1382=ORIENTED_EDGE('',*,*,#1004,.T.);
#1383=ORIENTED_EDGE('',*,*,#895,.F.);
#1384=ORIENTED_EDGE('',*,*,#929,.F.);
#1385=ORIENTED_EDGE('',*,*,#939,.F.);
#1386=ORIENTED_EDGE('',*,*,#1006,.T.);
#1387=ORIENTED_EDGE('',*,*,#1007,.T.);
#1388=ORIENTED_EDGE('',*,*,#1008,.T.);
#1389=ORIENTED_EDGE('',*,*,#1000,.T.);
#1390=ORIENTED_EDGE('',*,*,#1005,.T.);
#1391=ORIENTED_EDGE('',*,*,#932,.F.);
#1392=ORIENTED_EDGE('',*,*,#954,.F.);
#1393=ORIENTED_EDGE('',*,*,#905,.F.);
#1394=ORIENTED_EDGE('',*,*,#1003,.F.);
#1395=ORIENTED_EDGE('',*,*,#1007,.F.);
#1396=ORIENTED_EDGE('',*,*,#1009,.T.);
#1397=ORIENTED_EDGE('',*,*,#984,.F.);
#1398=ORIENTED_EDGE('',*,*,#998,.F.);
#1399=ORIENTED_EDGE('',*,*,#1010,.F.);
#1400=ORIENTED_EDGE('',*,*,#1001,.T.);
#1401=ORIENTED_EDGE('',*,*,#1008,.F.);
#1402=ORIENTED_EDGE('',*,*,#1010,.T.);
#1403=ORIENTED_EDGE('',*,*,#997,.F.);
#1404=ORIENTED_EDGE('',*,*,#1006,.F.);
#1405=ORIENTED_EDGE('',*,*,#1002,.T.);
#1406=ORIENTED_EDGE('',*,*,#985,.F.);
#1407=ORIENTED_EDGE('',*,*,#1009,.F.);
#1408=ORIENTED_EDGE('',*,*,#1011,.T.);
#1409=ORIENTED_EDGE('',*,*,#1012,.T.);
#1410=ORIENTED_EDGE('',*,*,#1013,.T.);
#1411=ORIENTED_EDGE('',*,*,#1014,.T.);
#1412=ORIENTED_EDGE('',*,*,#1013,.F.);
#1413=ORIENTED_EDGE('',*,*,#1015,.F.);
#1414=ORIENTED_EDGE('',*,*,#1016,.F.);
#1415=ORIENTED_EDGE('',*,*,#1017,.F.);
#1416=ORIENTED_EDGE('',*,*,#1018,.T.);
#1417=ORIENTED_EDGE('',*,*,#1019,.T.);
#1418=ORIENTED_EDGE('',*,*,#1020,.T.);
#1419=ORIENTED_EDGE('',*,*,#1021,.T.);
#1420=ORIENTED_EDGE('',*,*,#1022,.T.);
#1421=ORIENTED_EDGE('',*,*,#1023,.T.);
#1422=ORIENTED_EDGE('',*,*,#1024,.T.);
#1423=ORIENTED_EDGE('',*,*,#1025,.T.);
#1424=ORIENTED_EDGE('',*,*,#1012,.F.);
#1425=ORIENTED_EDGE('',*,*,#1026,.F.);
#1426=ORIENTED_EDGE('',*,*,#1027,.F.);
#1427=ORIENTED_EDGE('',*,*,#1015,.T.);
#1428=ORIENTED_EDGE('',*,*,#1028,.F.);
#1429=ORIENTED_EDGE('',*,*,#1017,.T.);
#1430=ORIENTED_EDGE('',*,*,#1029,.T.);
#1431=ORIENTED_EDGE('',*,*,#1030,.F.);
#1432=ORIENTED_EDGE('',*,*,#1016,.T.);
#1433=ORIENTED_EDGE('',*,*,#1027,.T.);
#1434=ORIENTED_EDGE('',*,*,#1031,.F.);
#1435=ORIENTED_EDGE('',*,*,#1029,.F.);
#1436=ORIENTED_EDGE('',*,*,#1028,.T.);
#1437=ORIENTED_EDGE('',*,*,#1032,.T.);
#1438=ORIENTED_EDGE('',*,*,#1033,.F.);
#1439=ORIENTED_EDGE('',*,*,#1034,.T.);
#1440=ORIENTED_EDGE('',*,*,#1035,.T.);
#1441=ORIENTED_EDGE('',*,*,#1018,.F.);
#1442=ORIENTED_EDGE('',*,*,#1011,.F.);
#1443=ORIENTED_EDGE('',*,*,#1036,.T.);
#1444=ORIENTED_EDGE('',*,*,#1037,.F.);
#1445=ORIENTED_EDGE('',*,*,#1032,.F.);
#1446=ORIENTED_EDGE('',*,*,#1030,.T.);
#1447=ORIENTED_EDGE('',*,*,#1031,.T.);
#1448=ORIENTED_EDGE('',*,*,#1026,.T.);
#1449=ORIENTED_EDGE('',*,*,#1038,.T.);
#1450=ORIENTED_EDGE('',*,*,#1039,.T.);
#1451=ORIENTED_EDGE('',*,*,#1040,.T.);
#1452=ORIENTED_EDGE('',*,*,#1041,.T.);
#1453=ORIENTED_EDGE('',*,*,#1036,.F.);
#1454=ORIENTED_EDGE('',*,*,#1014,.F.);
#1455=ORIENTED_EDGE('',*,*,#1021,.F.);
#1456=ORIENTED_EDGE('',*,*,#1042,.F.);
#1457=ORIENTED_EDGE('',*,*,#1042,.T.);
#1458=ORIENTED_EDGE('',*,*,#1020,.F.);
#1459=ORIENTED_EDGE('',*,*,#1043,.F.);
#1460=ORIENTED_EDGE('',*,*,#1044,.T.);
#1461=ORIENTED_EDGE('',*,*,#1045,.T.);
#1462=ORIENTED_EDGE('',*,*,#1041,.F.);
#1463=ORIENTED_EDGE('',*,*,#1046,.T.);
#1464=ORIENTED_EDGE('',*,*,#1025,.F.);
#1465=ORIENTED_EDGE('',*,*,#1046,.F.);
#1466=ORIENTED_EDGE('',*,*,#1040,.F.);
#1467=ORIENTED_EDGE('',*,*,#1047,.T.);
#1468=ORIENTED_EDGE('',*,*,#1024,.F.);
#1469=ORIENTED_EDGE('',*,*,#1047,.F.);
#1470=ORIENTED_EDGE('',*,*,#1039,.F.);
#1471=ORIENTED_EDGE('',*,*,#1048,.T.);
#1472=ORIENTED_EDGE('',*,*,#1023,.F.);
#1473=ORIENTED_EDGE('',*,*,#1048,.F.);
#1474=ORIENTED_EDGE('',*,*,#1038,.F.);
#1475=ORIENTED_EDGE('',*,*,#1049,.T.);
#1476=ORIENTED_EDGE('',*,*,#1022,.F.);
#1477=ORIENTED_EDGE('',*,*,#1049,.F.);
#1478=ORIENTED_EDGE('',*,*,#1050,.T.);
#1479=ORIENTED_EDGE('',*,*,#1043,.T.);
#1480=ORIENTED_EDGE('',*,*,#1019,.F.);
#1481=ORIENTED_EDGE('',*,*,#1035,.F.);
#1482=ORIENTED_EDGE('',*,*,#1037,.T.);
#1483=ORIENTED_EDGE('',*,*,#1045,.F.);
#1484=ORIENTED_EDGE('',*,*,#1051,.T.);
#1485=ORIENTED_EDGE('',*,*,#1033,.T.);
#1486=ORIENTED_EDGE('',*,*,#1051,.F.);
#1487=ORIENTED_EDGE('',*,*,#1044,.F.);
#1488=ORIENTED_EDGE('',*,*,#1050,.F.);
#1489=ORIENTED_EDGE('',*,*,#1034,.F.);
#1490=PLANE('',#1646);
#1491=PLANE('',#1647);
#1492=PLANE('',#1648);
#1493=PLANE('',#1651);
#1494=PLANE('',#1652);
#1495=PLANE('',#1655);
#1496=PLANE('',#1664);
#1497=PLANE('',#1665);
#1498=PLANE('',#1666);
#1499=PLANE('',#1667);
#1500=PLANE('',#1692);
#1501=PLANE('',#1693);
#1502=PLANE('',#1694);
#1503=PLANE('',#1695);
#1504=PLANE('',#1699);
#1505=PLANE('',#1700);
#1506=PLANE('',#1701);
#1507=PLANE('',#1702);
#1508=PLANE('',#1706);
#1509=PLANE('',#1707);
#1510=PLANE('',#1714);
#1511=PLANE('',#1715);
#1512=PLANE('',#1716);
#1513=PLANE('',#1717);
#1514=PLANE('',#1718);
#1515=PLANE('',#1722);
#1516=PLANE('',#1723);
#1517=PLANE('',#1724);
#1518=PLANE('',#1725);
#1519=PLANE('',#1726);
#1520=PLANE('',#1727);
#1521=PLANE('',#1728);
#1522=PLANE('',#1729);
#1523=PLANE('',#1730);
#1524=PLANE('',#1731);
#1525=PLANE('',#1732);
#1526=PLANE('',#1734);
#1527=PLANE('',#1737);
#1528=PLANE('',#1738);
#1529=PLANE('',#1739);
#1530=PLANE('',#1740);
#1531=PLANE('',#1741);
#1532=PLANE('',#1742);
#1533=PLANE('',#1743);
#1534=PLANE('',#1744);
#1535=PLANE('',#1745);
#1536=PLANE('',#1746);
#1537=PLANE('',#1747);
#1538=PLANE('',#1751);
#1539=PLANE('',#1756);
#1540=PLANE('',#1757);
#1541=PLANE('',#1758);
#1542=PLANE('',#1759);
#1543=PLANE('',#1760);
#1544=PLANE('',#1765);
#1545=PLANE('',#1766);
#1546=PLANE('',#1771);
#1547=PLANE('',#1772);
#1548=PLANE('',#1773);
#1549=ADVANCED_FACE('',(#132),#1490,.F.);
#1550=ADVANCED_FACE('',(#133),#1491,.F.);
#1551=ADVANCED_FACE('',(#134,#40,#41),#1492,.T.);
#1552=ADVANCED_FACE('',(#135),#1493,.T.);
#1553=ADVANCED_FACE('',(#136,#42,#43),#1494,.T.);
#1554=ADVANCED_FACE('',(#137),#1495,.T.);
#1555=ADVANCED_FACE('',(#138),#17,.F.);
#1556=ADVANCED_FACE('',(#139),#18,.F.);
#1557=ADVANCED_FACE('',(#140),#19,.F.);
#1558=ADVANCED_FACE('',(#141),#20,.F.);
#1559=ADVANCED_FACE('',(#142),#1496,.T.);
#1560=ADVANCED_FACE('',(#143,#44,#45),#1497,.T.);
#1561=ADVANCED_FACE('',(#144),#1498,.T.);
#1562=ADVANCED_FACE('',(#145,#46,#47),#1499,.T.);
#1563=ADVANCED_FACE('',(#146),#21,.F.);
#1564=ADVANCED_FACE('',(#147),#22,.F.);
#1565=ADVANCED_FACE('',(#148),#23,.F.);
#1566=ADVANCED_FACE('',(#149),#24,.F.);
#1567=ADVANCED_FACE('',(#150),#25,.F.);
#1568=ADVANCED_FACE('',(#151),#26,.F.);
#1569=ADVANCED_FACE('',(#152),#27,.F.);
#1570=ADVANCED_FACE('',(#153),#28,.F.);
#1571=ADVANCED_FACE('',(#154),#1500,.T.);
#1572=ADVANCED_FACE('',(#155,#48,#49,#50,#51,#52,#53,#54,#55,#56,#57),#1501,
 .T.);
#1573=ADVANCED_FACE('',(#156),#1502,.F.);
#1574=ADVANCED_FACE('',(#157,#58,#59,#60,#61),#1503,.T.);
#1575=ADVANCED_FACE('',(#158),#1504,.F.);
#1576=ADVANCED_FACE('',(#159),#1505,.F.);
#1577=ADVANCED_FACE('',(#160),#1506,.F.);
#1578=ADVANCED_FACE('',(#161),#1507,.F.);
#1579=ADVANCED_FACE('',(#162),#29,.F.);
#1580=ADVANCED_FACE('',(#163),#1508,.T.);
#1581=ADVANCED_FACE('',(#164),#1509,.T.);
#1582=ADVANCED_FACE('',(#165),#30,.F.);
#1583=ADVANCED_FACE('',(#166),#31,.F.);
#1584=ADVANCED_FACE('',(#167),#32,.F.);
#1585=ADVANCED_FACE('',(#168),#1510,.T.);
#1586=ADVANCED_FACE('',(#169,#62,#63,#64,#65),#1511,.T.);
#1587=ADVANCED_FACE('',(#170),#1512,.T.);
#1588=ADVANCED_FACE('',(#171),#1513,.T.);
#1589=ADVANCED_FACE('',(#172),#1514,.F.);
#1590=ADVANCED_FACE('',(#173),#33,.F.);
#1591=ADVANCED_FACE('',(#174),#1515,.T.);
#1592=ADVANCED_FACE('',(#175),#1516,.T.);
#1593=ADVANCED_FACE('',(#176),#1517,.T.);
#1594=ADVANCED_FACE('',(#177),#1518,.T.);
#1595=ADVANCED_FACE('',(#178,#66),#1519,.T.);
#1596=ADVANCED_FACE('',(#179,#67),#1520,.F.);
#1597=ADVANCED_FACE('',(#180),#1521,.T.);
#1598=ADVANCED_FACE('',(#181),#1522,.T.);
#1599=ADVANCED_FACE('',(#182),#1523,.T.);
#1600=ADVANCED_FACE('',(#183),#1524,.F.);
#1601=ADVANCED_FACE('',(#184,#68),#1525,.F.);
#1602=ADVANCED_FACE('',(#185),#1526,.T.);
#1603=ADVANCED_FACE('',(#186),#34,.F.);
#1604=ADVANCED_FACE('',(#187),#1527,.T.);
#1605=ADVANCED_FACE('',(#188),#1528,.T.);
#1606=ADVANCED_FACE('',(#189,#69),#1529,.T.);
#1607=ADVANCED_FACE('',(#190),#1530,.T.);
#1608=ADVANCED_FACE('',(#191,#70,#71,#72,#73,#74,#75,#76,#77),#1531,.T.);
#1609=ADVANCED_FACE('',(#192),#1532,.T.);
#1610=ADVANCED_FACE('',(#193),#1533,.T.);
#1611=ADVANCED_FACE('',(#194),#1534,.T.);
#1612=ADVANCED_FACE('',(#195),#1535,.T.);
#1613=ADVANCED_FACE('',(#196),#1536,.T.);
#1614=ADVANCED_FACE('',(#197),#1537,.T.);
#1615=ADVANCED_FACE('',(#198),#35,.T.);
#1616=ADVANCED_FACE('',(#199,#78,#79,#80,#81),#1538,.T.);
#1617=ADVANCED_FACE('',(#200),#1539,.T.);
#1618=ADVANCED_FACE('',(#201),#1540,.T.);
#1619=ADVANCED_FACE('',(#202),#1541,.T.);
#1620=ADVANCED_FACE('',(#203),#1542,.T.);
#1621=ADVANCED_FACE('',(#204,#82,#83,#84,#85),#1543,.F.);
#1622=ADVANCED_FACE('',(#205),#1544,.F.);
#1623=ADVANCED_FACE('',(#206),#1545,.T.);
#1624=ADVANCED_FACE('',(#207),#36,.F.);
#1625=ADVANCED_FACE('',(#208),#37,.F.);
#1626=ADVANCED_FACE('',(#209),#38,.F.);
#1627=ADVANCED_FACE('',(#210),#39,.F.);
#1628=ADVANCED_FACE('',(#211),#1546,.T.);
#1629=ADVANCED_FACE('',(#212),#1547,.T.);
#1630=ADVANCED_FACE('',(#213),#1548,.F.);
#1631=CLOSED_SHELL('',(#1549,#1550,#1551,#1552,#1553,#1554,#1555,#1556,
#1557,#1558,#1559,#1560,#1561,#1562,#1563,#1564,#1565,#1566,#1567,#1568,
#1569,#1570,#1571,#1572,#1573,#1574,#1575,#1576,#1577,#1578,#1579,#1580,
#1581,#1582,#1583,#1584,#1585,#1586,#1587,#1588,#1589,#1590,#1591,#1592,
#1593,#1594,#1595,#1596,#1597,#1598,#1599,#1600,#1601,#1602,#1603,#1604,
#1605,#1606,#1607,#1608,#1609,#1610,#1611,#1612,#1613,#1614));
#1632=CLOSED_SHELL('',(#1615,#1616,#1617,#1618,#1619,#1620,#1621,#1622,
#1623,#1624,#1625,#1626,#1627,#1628,#1629,#1630));
#1633=DERIVED_UNIT_ELEMENT(#1635,1.);
#1634=DERIVED_UNIT_ELEMENT(#2657,-3.);
#1635=(
MASS_UNIT()
NAMED_UNIT(*)
SI_UNIT(.KILO.,.GRAM.)
);
#1636=DERIVED_UNIT((#1633,#1634));
#1637=MEASURE_REPRESENTATION_ITEM('density measure',
POSITIVE_RATIO_MEASURE(7850.),#1636);
#1638=PROPERTY_DEFINITION_REPRESENTATION(#1643,#1640);
#1639=PROPERTY_DEFINITION_REPRESENTATION(#1644,#1641);
#1640=REPRESENTATION('material name',(#1642),#2654);
#1641=REPRESENTATION('density',(#1637),#2654);
#1642=DESCRIPTIVE_REPRESENTATION_ITEM('Steel','Steel');
#1643=PROPERTY_DEFINITION('material property','material name',#2664);
#1644=PROPERTY_DEFINITION('material property','density of part',#2664);
#1645=AXIS2_PLACEMENT_3D('',#2205,#1774,#1775);
#1646=AXIS2_PLACEMENT_3D('',#2206,#1776,#1777);
#1647=AXIS2_PLACEMENT_3D('',#2215,#1782,#1783);
#1648=AXIS2_PLACEMENT_3D('',#2224,#1788,#1789);
#1649=AXIS2_PLACEMENT_3D('',#2231,#1793,#1794);
#1650=AXIS2_PLACEMENT_3D('',#2233,#1795,#1796);
#1651=AXIS2_PLACEMENT_3D('',#2234,#1797,#1798);
#1652=AXIS2_PLACEMENT_3D('',#2238,#1801,#1802);
#1653=AXIS2_PLACEMENT_3D('',#2245,#1806,#1807);
#1654=AXIS2_PLACEMENT_3D('',#2247,#1808,#1809);
#1655=AXIS2_PLACEMENT_3D('',#2248,#1810,#1811);
#1656=AXIS2_PLACEMENT_3D('',#2252,#1814,#1815);
#1657=AXIS2_PLACEMENT_3D('',#2255,#1817,#1818);
#1658=AXIS2_PLACEMENT_3D('',#2256,#1819,#1820);
#1659=AXIS2_PLACEMENT_3D('',#2259,#1822,#1823);
#1660=AXIS2_PLACEMENT_3D('',#2260,#1824,#1825);
#1661=AXIS2_PLACEMENT_3D('',#2263,#1827,#1828);
#1662=AXIS2_PLACEMENT_3D('',#2264,#1829,#1830);
#1663=AXIS2_PLACEMENT_3D('',#2267,#1832,#1833);
#1664=AXIS2_PLACEMENT_3D('',#2268,#1834,#1835);
#1665=AXIS2_PLACEMENT_3D('',#2272,#1838,#1839);
#1666=AXIS2_PLACEMENT_3D('',#2274,#1841,#1842);
#1667=AXIS2_PLACEMENT_3D('',#2278,#1845,#1846);
#1668=AXIS2_PLACEMENT_3D('',#2280,#1848,#1849);
#1669=AXIS2_PLACEMENT_3D('',#2282,#1850,#1851);
#1670=AXIS2_PLACEMENT_3D('',#2285,#1853,#1854);
#1671=AXIS2_PLACEMENT_3D('',#2286,#1855,#1856);
#1672=AXIS2_PLACEMENT_3D('',#2288,#1857,#1858);
#1673=AXIS2_PLACEMENT_3D('',#2291,#1860,#1861);
#1674=AXIS2_PLACEMENT_3D('',#2292,#1862,#1863);
#1675=AXIS2_PLACEMENT_3D('',#2294,#1864,#1865);
#1676=AXIS2_PLACEMENT_3D('',#2297,#1867,#1868);
#1677=AXIS2_PLACEMENT_3D('',#2298,#1869,#1870);
#1678=AXIS2_PLACEMENT_3D('',#2300,#1871,#1872);
#1679=AXIS2_PLACEMENT_3D('',#2303,#1874,#1875);
#1680=AXIS2_PLACEMENT_3D('',#2304,#1876,#1877);
#1681=AXIS2_PLACEMENT_3D('',#2306,#1878,#1879);
#1682=AXIS2_PLACEMENT_3D('',#2309,#1881,#1882);
#1683=AXIS2_PLACEMENT_3D('',#2310,#1883,#1884);
#1684=AXIS2_PLACEMENT_3D('',#2312,#1885,#1886);
#1685=AXIS2_PLACEMENT_3D('',#2315,#1888,#1889);
#1686=AXIS2_PLACEMENT_3D('',#2316,#1890,#1891);
#1687=AXIS2_PLACEMENT_3D('',#2318,#1892,#1893);
#1688=AXIS2_PLACEMENT_3D('',#2321,#1895,#1896);
#1689=AXIS2_PLACEMENT_3D('',#2322,#1897,#1898);
#1690=AXIS2_PLACEMENT_3D('',#2324,#1899,#1900);
#1691=AXIS2_PLACEMENT_3D('',#2327,#1902,#1903);
#1692=AXIS2_PLACEMENT_3D('',#2328,#1904,#1905);
#1693=AXIS2_PLACEMENT_3D('',#2341,#1912,#1913);
#1694=AXIS2_PLACEMENT_3D('',#2347,#1917,#1918);
#1695=AXIS2_PLACEMENT_3D('',#2356,#1923,#1924);
#1696=AXIS2_PLACEMENT_3D('',#2363,#1928,#1929);
#1697=AXIS2_PLACEMENT_3D('',#2365,#1930,#1931);
#1698=AXIS2_PLACEMENT_3D('',#2367,#1932,#1933);
#1699=AXIS2_PLACEMENT_3D('',#2376,#1938,#1939);
#1700=AXIS2_PLACEMENT_3D('',#2382,#1943,#1944);
#1701=AXIS2_PLACEMENT_3D('',#2386,#1947,#1948);
#1702=AXIS2_PLACEMENT_3D('',#2390,#1951,#1952);
#1703=AXIS2_PLACEMENT_3D('',#2392,#1954,#1955);
#1704=AXIS2_PLACEMENT_3D('',#2397,#1957,#1958);
#1705=AXIS2_PLACEMENT_3D('',#2400,#1960,#1961);
#1706=AXIS2_PLACEMENT_3D('',#2401,#1962,#1963);
#1707=AXIS2_PLACEMENT_3D('',#2412,#1970,#1971);
#1708=AXIS2_PLACEMENT_3D('',#2424,#1978,#1979);
#1709=AXIS2_PLACEMENT_3D('',#2426,#1980,#1981);
#1710=AXIS2_PLACEMENT_3D('',#2428,#1983,#1984);
#1711=AXIS2_PLACEMENT_3D('',#2430,#1985,#1986);
#1712=AXIS2_PLACEMENT_3D('',#2432,#1988,#1989);
#1713=AXIS2_PLACEMENT_3D('',#2434,#1990,#1991);
#1714=AXIS2_PLACEMENT_3D('',#2436,#1993,#1994);
#1715=AXIS2_PLACEMENT_3D('',#2440,#1997,#1998);
#1716=AXIS2_PLACEMENT_3D('',#2446,#2002,#2003);
#1717=AXIS2_PLACEMENT_3D('',#2450,#2007,#2008);
#1718=AXIS2_PLACEMENT_3D('',#2451,#2009,#2010);
#1719=AXIS2_PLACEMENT_3D('',#2453,#2012,#2013);
#1720=AXIS2_PLACEMENT_3D('',#2455,#2014,#2015);
#1721=AXIS2_PLACEMENT_3D('',#2458,#2017,#2018);
#1722=AXIS2_PLACEMENT_3D('',#2459,#2019,#2020);
#1723=AXIS2_PLACEMENT_3D('',#2468,#2025,#2026);
#1724=AXIS2_PLACEMENT_3D('',#2474,#2030,#2031);
#1725=AXIS2_PLACEMENT_3D('',#2480,#2035,#2036);
#1726=AXIS2_PLACEMENT_3D('',#2483,#2039,#2040);
#1727=AXIS2_PLACEMENT_3D('',#2484,#2041,#2042);
#1728=AXIS2_PLACEMENT_3D('',#2490,#2046,#2047);
#1729=AXIS2_PLACEMENT_3D('',#2494,#2050,#2051);
#1730=AXIS2_PLACEMENT_3D('',#2498,#2054,#2055);
#1731=AXIS2_PLACEMENT_3D('',#2500,#2057,#2058);
#1732=AXIS2_PLACEMENT_3D('',#2501,#2059,#2060);
#1733=AXIS2_PLACEMENT_3D('',#2513,#2066,#2067);
#1734=AXIS2_PLACEMENT_3D('',#2514,#2068,#2069);
#1735=AXIS2_PLACEMENT_3D('',#2524,#2075,#2076);
#1736=AXIS2_PLACEMENT_3D('',#2526,#2077,#2078);
#1737=AXIS2_PLACEMENT_3D('',#2528,#2080,#2081);
#1738=AXIS2_PLACEMENT_3D('',#2532,#2084,#2085);
#1739=AXIS2_PLACEMENT_3D('',#2536,#2088,#2089);
#1740=AXIS2_PLACEMENT_3D('',#2538,#2091,#2092);
#1741=AXIS2_PLACEMENT_3D('',#2544,#2096,#2097);
#1742=AXIS2_PLACEMENT_3D('',#2554,#2104,#2105);
#1743=AXIS2_PLACEMENT_3D('',#2556,#2107,#2108);
#1744=AXIS2_PLACEMENT_3D('',#2557,#2109,#2110);
#1745=AXIS2_PLACEMENT_3D('',#2563,#2114,#2115);
#1746=AXIS2_PLACEMENT_3D('',#2566,#2118,#2119);
#1747=AXIS2_PLACEMENT_3D('',#2567,#2120,#2121);
#1748=AXIS2_PLACEMENT_3D('',#2568,#2122,#2123);
#1749=AXIS2_PLACEMENT_3D('',#2571,#2124,#2125);
#1750=AXIS2_PLACEMENT_3D('',#2575,#2127,#2128);
#1751=AXIS2_PLACEMENT_3D('',#2577,#2130,#2131);
#1752=AXIS2_PLACEMENT_3D('',#2592,#2139,#2140);
#1753=AXIS2_PLACEMENT_3D('',#2594,#2141,#2142);
#1754=AXIS2_PLACEMENT_3D('',#2596,#2143,#2144);
#1755=AXIS2_PLACEMENT_3D('',#2598,#2145,#2146);
#1756=AXIS2_PLACEMENT_3D('',#2599,#2147,#2148);
#1757=AXIS2_PLACEMENT_3D('',#2603,#2151,#2152);
#1758=AXIS2_PLACEMENT_3D('',#2609,#2156,#2157);
#1759=AXIS2_PLACEMENT_3D('',#2611,#2159,#2160);
#1760=AXIS2_PLACEMENT_3D('',#2619,#2165,#2166);
#1761=AXIS2_PLACEMENT_3D('',#2624,#2169,#2170);
#1762=AXIS2_PLACEMENT_3D('',#2626,#2171,#2172);
#1763=AXIS2_PLACEMENT_3D('',#2628,#2173,#2174);
#1764=AXIS2_PLACEMENT_3D('',#2630,#2175,#2176);
#1765=AXIS2_PLACEMENT_3D('',#2631,#2177,#2178);
#1766=AXIS2_PLACEMENT_3D('',#2633,#2180,#2181);
#1767=AXIS2_PLACEMENT_3D('',#2639,#2185,#2186);
#1768=AXIS2_PLACEMENT_3D('',#2641,#2188,#2189);
#1769=AXIS2_PLACEMENT_3D('',#2643,#2191,#2192);
#1770=AXIS2_PLACEMENT_3D('',#2645,#2194,#2195);
#1771=AXIS2_PLACEMENT_3D('',#2647,#2197,#2198);
#1772=AXIS2_PLACEMENT_3D('',#2649,#2200,#2201);
#1773=AXIS2_PLACEMENT_3D('',#2651,#2203,#2204);
#1774=DIRECTION('axis',(0.,0.,1.));
#1775=DIRECTION('refdir',(1.,0.,0.));
#1776=DIRECTION('center_axis',(0.,0.,1.));
#1777=DIRECTION('ref_axis',(-1.,0.,0.));
#1778=DIRECTION('',(1.,0.,0.));
#1779=DIRECTION('',(0.,-1.,0.));
#1780=DIRECTION('',(-1.,0.,0.));
#1781=DIRECTION('',(0.,1.,0.));
#1782=DIRECTION('center_axis',(0.,0.,1.));
#1783=DIRECTION('ref_axis',(-1.,0.,0.));
#1784=DIRECTION('',(1.,0.,0.));
#1785=DIRECTION('',(0.,-1.,0.));
#1786=DIRECTION('',(-1.,0.,0.));
#1787=DIRECTION('',(0.,1.,0.));
#1788=DIRECTION('center_axis',(-1.,0.,0.));
#1789=DIRECTION('ref_axis',(0.,1.,0.));
#1790=DIRECTION('',(0.,0.,-1.));
#1791=DIRECTION('',(0.,-1.,0.));
#1792=DIRECTION('',(0.,0.,-1.));
#1793=DIRECTION('center_axis',(1.,0.,0.));
#1794=DIRECTION('ref_axis',(0.,-1.,0.));
#1795=DIRECTION('center_axis',(1.,0.,0.));
#1796=DIRECTION('ref_axis',(0.,-1.,0.));
#1797=DIRECTION('center_axis',(0.,-1.,0.));
#1798=DIRECTION('ref_axis',(-1.,0.,0.));
#1799=DIRECTION('',(0.,0.,-1.));
#1800=DIRECTION('',(1.,0.,0.));
#1801=DIRECTION('center_axis',(-1.,0.,0.));
#1802=DIRECTION('ref_axis',(0.,1.,0.));
#1803=DIRECTION('',(0.,0.,-1.));
#1804=DIRECTION('',(0.,-1.,0.));
#1805=DIRECTION('',(0.,0.,-1.));
#1806=DIRECTION('center_axis',(1.,0.,0.));
#1807=DIRECTION('ref_axis',(0.,-1.,0.));
#1808=DIRECTION('center_axis',(1.,0.,0.));
#1809=DIRECTION('ref_axis',(0.,-1.,0.));
#1810=DIRECTION('center_axis',(0.,-1.,0.));
#1811=DIRECTION('ref_axis',(-1.,0.,0.));
#1812=DIRECTION('',(0.,0.,-1.));
#1813=DIRECTION('',(1.,0.,0.));
#1814=DIRECTION('center_axis',(1.,0.,0.));
#1815=DIRECTION('ref_axis',(0.,-1.,0.));
#1816=DIRECTION('',(1.,0.,0.));
#1817=DIRECTION('center_axis',(-1.,0.,0.));
#1818=DIRECTION('ref_axis',(0.,-1.,0.));
#1819=DIRECTION('center_axis',(1.,0.,0.));
#1820=DIRECTION('ref_axis',(0.,-1.,0.));
#1821=DIRECTION('',(1.,0.,0.));
#1822=DIRECTION('center_axis',(-1.,0.,0.));
#1823=DIRECTION('ref_axis',(0.,-1.,0.));
#1824=DIRECTION('center_axis',(1.,0.,0.));
#1825=DIRECTION('ref_axis',(0.,-1.,0.));
#1826=DIRECTION('',(1.,0.,0.));
#1827=DIRECTION('center_axis',(-1.,0.,0.));
#1828=DIRECTION('ref_axis',(0.,-1.,0.));
#1829=DIRECTION('center_axis',(1.,0.,0.));
#1830=DIRECTION('ref_axis',(0.,-1.,0.));
#1831=DIRECTION('',(1.,0.,0.));
#1832=DIRECTION('center_axis',(-1.,0.,0.));
#1833=DIRECTION('ref_axis',(0.,-1.,0.));
#1834=DIRECTION('center_axis',(0.,1.,0.));
#1835=DIRECTION('ref_axis',(1.,0.,0.));
#1836=DIRECTION('',(-1.,0.,0.));
#1837=DIRECTION('',(0.,0.,-1.));
#1838=DIRECTION('center_axis',(1.,0.,0.));
#1839=DIRECTION('ref_axis',(0.,-1.,0.));
#1840=DIRECTION('',(0.,1.,0.));
#1841=DIRECTION('center_axis',(0.,1.,0.));
#1842=DIRECTION('ref_axis',(1.,0.,0.));
#1843=DIRECTION('',(-1.,0.,0.));
#1844=DIRECTION('',(0.,0.,-1.));
#1845=DIRECTION('center_axis',(1.,0.,0.));
#1846=DIRECTION('ref_axis',(0.,-1.,0.));
#1847=DIRECTION('',(0.,1.,0.));
#1848=DIRECTION('center_axis',(-1.85037170770859E-15,1.85037170770859E-16,
1.));
#1849=DIRECTION('ref_axis',(-1.,-3.1670847974368E-32,-1.85037170770859E-15));
#1850=DIRECTION('center_axis',(0.,0.,1.));
#1851=DIRECTION('ref_axis',(-1.,-3.1670847974368E-32,-1.85037170770859E-15));
#1852=DIRECTION('',(-1.85037170770859E-15,1.85037170770859E-16,1.));
#1853=DIRECTION('center_axis',(-7.19233416645533E-31,1.58603289232165E-16,
-1.));
#1854=DIRECTION('ref_axis',(-1.,-3.1670847974368E-32,-1.85037170770859E-15));
#1855=DIRECTION('center_axis',(-1.48029736616688E-15,1.85037170770859E-16,
1.));
#1856=DIRECTION('ref_axis',(-1.,3.68066611594003E-32,-1.48029736616688E-15));
#1857=DIRECTION('center_axis',(0.,0.,1.));
#1858=DIRECTION('ref_axis',(-1.,3.68066611594003E-32,-1.48029736616688E-15));
#1859=DIRECTION('',(-1.48029736616688E-15,1.85037170770859E-16,1.));
#1860=DIRECTION('center_axis',(-7.19233416645533E-31,1.58603289232165E-16,
-1.));
#1861=DIRECTION('ref_axis',(-1.,3.68066611594003E-32,-1.48029736616688E-15));
#1862=DIRECTION('center_axis',(-1.48029736616688E-15,0.,1.));
#1863=DIRECTION('ref_axis',(-1.,4.65274880732849E-47,-1.48029736616688E-15));
#1864=DIRECTION('center_axis',(0.,0.,1.));
#1865=DIRECTION('ref_axis',(-1.,4.65274880732849E-47,-1.48029736616688E-15));
#1866=DIRECTION('',(-1.48029736616688E-15,0.,1.));
#1867=DIRECTION('center_axis',(-7.19233416645533E-31,1.58603289232165E-16,
-1.));
#1868=DIRECTION('ref_axis',(-1.,4.65274880732849E-47,-1.48029736616688E-15));
#1869=DIRECTION('center_axis',(-1.85037170770859E-15,0.,1.));
#1870=DIRECTION('ref_axis',(-1.,4.65274880732849E-47,-1.85037170770859E-15));
#1871=DIRECTION('center_axis',(0.,0.,1.));
#1872=DIRECTION('ref_axis',(-1.,4.65274880732849E-47,-1.85037170770859E-15));
#1873=DIRECTION('',(-1.85037170770859E-15,0.,1.));
#1874=DIRECTION('center_axis',(-7.19233416645533E-31,1.58603289232165E-16,
-1.));
#1875=DIRECTION('ref_axis',(-1.,4.65274880732849E-47,-1.85037170770859E-15));
#1876=DIRECTION('center_axis',(-1.85037170770859E-15,1.85037170770859E-16,
1.));
#1877=DIRECTION('ref_axis',(-1.,-3.1670847974368E-32,-1.85037170770859E-15));
#1878=DIRECTION('center_axis',(0.,0.,1.));
#1879=DIRECTION('ref_axis',(-1.,-3.1670847974368E-32,-1.85037170770859E-15));
#1880=DIRECTION('',(-1.85037170770859E-15,1.85037170770859E-16,1.));
#1881=DIRECTION('center_axis',(-7.19233416645533E-31,1.58603289232165E-16,
-1.));
#1882=DIRECTION('ref_axis',(-1.,-3.1670847974368E-32,-1.85037170770859E-15));
#1883=DIRECTION('center_axis',(-1.48029736616688E-15,0.,1.));
#1884=DIRECTION('ref_axis',(-1.,4.65274880732849E-47,-1.48029736616688E-15));
#1885=DIRECTION('center_axis',(0.,0.,1.));
#1886=DIRECTION('ref_axis',(-1.,4.65274880732849E-47,-1.48029736616688E-15));
#1887=DIRECTION('',(-1.48029736616688E-15,0.,1.));
#1888=DIRECTION('center_axis',(-7.19233416645533E-31,1.58603289232165E-16,
-1.));
#1889=DIRECTION('ref_axis',(-1.,4.65274880732849E-47,-1.48029736616688E-15));
#1890=DIRECTION('center_axis',(-1.48029736616688E-15,1.85037170770859E-16,
1.));
#1891=DIRECTION('ref_axis',(-1.,3.68066611594003E-32,-1.48029736616688E-15));
#1892=DIRECTION('center_axis',(0.,0.,1.));
#1893=DIRECTION('ref_axis',(-1.,3.68066611594003E-32,-1.48029736616688E-15));
#1894=DIRECTION('',(-1.48029736616688E-15,1.85037170770859E-16,1.));
#1895=DIRECTION('center_axis',(-7.19233416645533E-31,1.58603289232165E-16,
-1.));
#1896=DIRECTION('ref_axis',(-1.,3.68066611594003E-32,-1.48029736616688E-15));
#1897=DIRECTION('center_axis',(-1.85037170770859E-15,0.,1.));
#1898=DIRECTION('ref_axis',(-1.,4.65274880732849E-47,-1.85037170770859E-15));
#1899=DIRECTION('center_axis',(0.,0.,1.));
#1900=DIRECTION('ref_axis',(-1.,4.65274880732849E-47,-1.85037170770859E-15));
#1901=DIRECTION('',(-1.85037170770859E-15,0.,1.));
#1902=DIRECTION('center_axis',(-7.19233416645533E-31,1.58603289232165E-16,
-1.));
#1903=DIRECTION('ref_axis',(-1.,4.65274880732849E-47,-1.85037170770859E-15));
#1904=DIRECTION('center_axis',(-1.,0.,0.));
#1905=DIRECTION('ref_axis',(0.,0.,1.));
#1906=DIRECTION('',(-4.21638403314644E-79,-2.77555756156289E-17,1.));
#1907=DIRECTION('',(-3.75586057929964E-47,-1.,6.20666459012281E-15));
#1908=DIRECTION('',(0.,0.,1.));
#1909=DIRECTION('',(0.,1.,0.));
#1910=DIRECTION('',(0.,0.,-1.));
#1911=DIRECTION('',(0.,-1.,0.));
#1912=DIRECTION('center_axis',(0.,0.,-1.));
#1913=DIRECTION('ref_axis',(0.,-1.,0.));
#1914=DIRECTION('',(-4.46732598003932E-15,1.,0.));
#1915=DIRECTION('',(-1.,0.,0.));
#1916=DIRECTION('',(-1.,0.,0.));
#1917=DIRECTION('center_axis',(-1.,3.75586057929964E-47,1.04246072310511E-63));
#1918=DIRECTION('ref_axis',(-3.75586057929964E-47,-1.,0.));
#1919=DIRECTION('',(0.,-1.,0.));
#1920=DIRECTION('',(0.,0.,1.));
#1921=DIRECTION('',(0.,-1.,0.));
#1922=DIRECTION('',(2.39585685081772E-31,-5.55111512312578E-17,-1.));
#1923=DIRECTION('center_axis',(-1.,-4.46732598003932E-15,8.40072299551781E-33));
#1924=DIRECTION('ref_axis',(2.39585685081772E-31,-5.55111512312578E-17,
-1.));
#1925=DIRECTION('',(0.,0.,-1.));
#1926=DIRECTION('',(0.,1.,0.));
#1927=DIRECTION('',(0.,0.,-1.));
#1928=DIRECTION('center_axis',(1.,4.46732598003932E-15,-8.40072299551781E-33));
#1929=DIRECTION('ref_axis',(1.66533453693773E-15,1.,-2.20106279358543E-33));
#1930=DIRECTION('center_axis',(1.,4.46732598003932E-15,-8.40072299551781E-33));
#1931=DIRECTION('ref_axis',(1.74463618155382E-15,1.,1.55646583260683E-32));
#1932=DIRECTION('center_axis',(1.,4.46732598003932E-15,-8.40072299551781E-33));
#1933=DIRECTION('ref_axis',(1.68515994809176E-15,1.,1.41496893873353E-33));
#1934=DIRECTION('',(8.40072299551778E-33,6.60318838075608E-33,1.));
#1935=DIRECTION('',(4.46732598003932E-15,-1.,1.5597779080486E-30));
#1936=DIRECTION('',(-8.40072299551778E-33,-6.60318838075608E-33,-1.));
#1937=DIRECTION('',(-4.46732598003932E-15,1.,-1.5597779080486E-30));
#1938=DIRECTION('center_axis',(-1.64947420801452E-15,-1.,6.60318838075609E-33));
#1939=DIRECTION('ref_axis',(-2.22044604925031E-16,3.72860037233368E-31,
1.));
#1940=DIRECTION('',(0.,6.60318838075609E-33,1.));
#1941=DIRECTION('',(-1.,1.64947420801452E-15,-2.53765262771464E-16));
#1942=DIRECTION('',(-1.,1.64947420801452E-15,-2.53765262771464E-16));
#1943=DIRECTION('center_axis',(-2.53765262771464E-16,4.26125756838136E-31,
1.));
#1944=DIRECTION('ref_axis',(1.67921232474555E-15,1.,0.));
#1945=DIRECTION('',(0.,1.,-4.26125756838136E-31));
#1946=DIRECTION('',(-1.,1.64947420801452E-15,-2.53765262771464E-16));
#1947=DIRECTION('center_axis',(1.64947420801452E-15,1.,-6.60318838075609E-33));
#1948=DIRECTION('ref_axis',(2.22044604925031E-16,-3.72860037233368E-31,
-1.));
#1949=DIRECTION('',(0.,-6.60318838075609E-33,-1.));
#1950=DIRECTION('',(-1.,1.64947420801452E-15,-2.53765262771464E-16));
#1951=DIRECTION('center_axis',(2.53765262771464E-16,-4.26125756838136E-31,
-1.));
#1952=DIRECTION('ref_axis',(-1.67921232474555E-15,-1.,0.));
#1953=DIRECTION('',(0.,-1.,4.26125756838136E-31));
#1954=DIRECTION('center_axis',(0.,0.,1.));
#1955=DIRECTION('ref_axis',(-1.,1.22464679914735E-16,0.));
#1956=DIRECTION('',(0.,0.,-1.));
#1957=DIRECTION('center_axis',(-7.19233416645533E-31,1.58603289232165E-16,
-1.));
#1958=DIRECTION('ref_axis',(1.,0.,0.));
#1959=DIRECTION('',(0.,0.,1.));
#1960=DIRECTION('center_axis',(6.84530528805063E-31,-1.58603289232165E-16,
1.));
#1961=DIRECTION('ref_axis',(1.,0.,0.));
#1962=DIRECTION('center_axis',(-6.84530528805063E-31,1.58603289232165E-16,
-1.));
#1963=DIRECTION('ref_axis',(1.,4.31599200823029E-15,0.));
#1964=DIRECTION('',(0.,-1.,0.));
#1965=DIRECTION('',(-1.,0.,0.));
#1966=DIRECTION('',(1.,0.,-6.84530528805063E-31));
#1967=DIRECTION('',(0.,1.,1.58603289232165E-16));
#1968=DIRECTION('',(1.,4.31599200823029E-15,0.));
#1969=DIRECTION('',(0.,-1.,0.));
#1970=DIRECTION('center_axis',(1.,0.,0.));
#1971=DIRECTION('ref_axis',(0.,-1.,0.));
#1972=DIRECTION('',(0.,-1.,0.));
#1973=DIRECTION('',(0.,0.,1.));
#1974=DIRECTION('',(0.,-1.,0.));
#1975=DIRECTION('',(0.,0.,1.));
#1976=DIRECTION('',(0.,-1.,0.));
#1977=DIRECTION('',(0.,0.,-1.));
#1978=DIRECTION('center_axis',(-1.,1.68515994809176E-15,-2.37904933848248E-16));
#1979=DIRECTION('ref_axis',(1.68515994809176E-15,1.,1.41496893873353E-33));
#1980=DIRECTION('center_axis',(-1.,0.,0.));
#1981=DIRECTION('ref_axis',(1.68515994809176E-15,1.,1.41496893873353E-33));
#1982=DIRECTION('',(-1.,1.68515994809176E-15,-2.37904933848248E-16));
#1983=DIRECTION('center_axis',(-1.,1.74463618155382E-15,-2.37904933848248E-16));
#1984=DIRECTION('ref_axis',(1.74463618155382E-15,1.,1.55646583260683E-32));
#1985=DIRECTION('center_axis',(-1.,0.,0.));
#1986=DIRECTION('ref_axis',(1.74463618155382E-15,1.,1.55646583260683E-32));
#1987=DIRECTION('',(-1.,1.74463618155382E-15,-2.37904933848248E-16));
#1988=DIRECTION('center_axis',(-1.,1.66533453693773E-15,-1.58603289232165E-16));
#1989=DIRECTION('ref_axis',(1.66533453693773E-15,1.,-2.20106279358543E-33));
#1990=DIRECTION('center_axis',(-1.,0.,0.));
#1991=DIRECTION('ref_axis',(1.66533453693773E-15,1.,-2.20106279358543E-33));
#1992=DIRECTION('',(-1.,1.66533453693773E-15,-1.58603289232165E-16));
#1993=DIRECTION('center_axis',(0.,-1.,0.));
#1994=DIRECTION('ref_axis',(-1.,0.,0.));
#1995=DIRECTION('',(-1.,0.,0.));
#1996=DIRECTION('',(0.,0.,-1.));
#1997=DIRECTION('center_axis',(1.,0.,0.));
#1998=DIRECTION('ref_axis',(0.,-1.,0.));
#1999=DIRECTION('',(0.,-1.,0.));
#2000=DIRECTION('',(0.,0.,-1.));
#2001=DIRECTION('',(0.,1.,0.));
#2002=DIRECTION('center_axis',(0.,1.,0.));
#2003=DIRECTION('ref_axis',(1.,0.,0.));
#2004=DIRECTION('',(-1.,0.,0.));
#2005=DIRECTION('',(1.,0.,0.));
#2006=DIRECTION('',(-1.,0.,0.));
#2007=DIRECTION('center_axis',(0.,0.,-1.));
#2008=DIRECTION('ref_axis',(-1.,0.,0.));
#2009=DIRECTION('center_axis',(0.,0.,-1.));
#2010=DIRECTION('ref_axis',(1.,0.,0.));
#2011=DIRECTION('',(1.,4.31599200823029E-15,0.));
#2012=DIRECTION('center_axis',(0.,1.,0.));
#2013=DIRECTION('ref_axis',(-1.,0.,0.));
#2014=DIRECTION('center_axis',(0.,-1.,0.));
#2015=DIRECTION('ref_axis',(-1.,0.,0.));
#2016=DIRECTION('',(0.,-1.,0.));
#2017=DIRECTION('center_axis',(1.89091402092252E-122,1.,-9.23179292926798E-109));
#2018=DIRECTION('ref_axis',(-1.,0.,0.));
#2019=DIRECTION('center_axis',(0.,0.,-1.));
#2020=DIRECTION('ref_axis',(-1.,0.,0.));
#2021=DIRECTION('',(1.,-1.89091402092252E-122,0.));
#2022=DIRECTION('',(0.,1.,0.));
#2023=DIRECTION('',(-1.,0.,0.));
#2024=DIRECTION('',(0.,1.,0.));
#2025=DIRECTION('center_axis',(1.,0.,0.));
#2026=DIRECTION('ref_axis',(0.,0.,-1.));
#2027=DIRECTION('',(0.,9.23179292926798E-109,1.));
#2028=DIRECTION('',(0.,0.,-1.));
#2029=DIRECTION('',(0.,1.,0.));
#2030=DIRECTION('center_axis',(0.,0.,1.));
#2031=DIRECTION('ref_axis',(1.,0.,0.));
#2032=DIRECTION('',(-1.,1.89091402092252E-122,0.));
#2033=DIRECTION('',(1.,0.,0.));
#2034=DIRECTION('',(0.,1.,0.));
#2035=DIRECTION('center_axis',(-1.,0.,0.));
#2036=DIRECTION('ref_axis',(0.,0.,1.));
#2037=DIRECTION('',(0.,-9.23179292926798E-109,-1.));
#2038=DIRECTION('',(0.,0.,1.));
#2039=DIRECTION('center_axis',(0.,1.,0.));
#2040=DIRECTION('ref_axis',(-1.,0.,0.));
#2041=DIRECTION('center_axis',(-1.89091402092252E-122,-1.,9.23179292926798E-109));
#2042=DIRECTION('ref_axis',(1.,-1.89091402092252E-122,0.));
#2043=DIRECTION('',(0.,0.,-1.));
#2044=DIRECTION('',(-1.,0.,0.));
#2045=DIRECTION('',(1.,-1.89091402092252E-122,-7.19233416645533E-31));
#2046=DIRECTION('center_axis',(0.,0.,1.));
#2047=DIRECTION('ref_axis',(-1.,0.,0.));
#2048=DIRECTION('',(0.,-1.,0.));
#2049=DIRECTION('',(-1.,0.,0.));
#2050=DIRECTION('center_axis',(-1.,0.,0.));
#2051=DIRECTION('ref_axis',(0.,0.,-1.));
#2052=DIRECTION('',(0.,1.,1.58603289232165E-16));
#2053=DIRECTION('',(0.,0.,-1.));
#2054=DIRECTION('center_axis',(0.,-1.,0.));
#2055=DIRECTION('ref_axis',(0.,0.,-1.));
#2056=DIRECTION('',(-1.,0.,7.19233416645533E-31));
#2057=DIRECTION('center_axis',(-1.89091402092252E-122,-1.,9.23179292926798E-109));
#2058=DIRECTION('ref_axis',(1.,-1.89091402092252E-122,0.));
#2059=DIRECTION('center_axis',(-1.,-3.10862446895043E-15,-5.55111512312546E-17));
#2060=DIRECTION('ref_axis',(3.10862446895043E-15,-1.,-1.75589969929337E-47));
#2061=DIRECTION('',(3.10862446895043E-15,-1.,-1.58603289232165E-16));
#2062=DIRECTION('',(5.55111512312541E-17,1.58603289232165E-16,-1.));
#2063=DIRECTION('',(-5.55111512312545E-17,-1.72563323017086E-31,1.));
#2064=DIRECTION('',(3.10862446895043E-15,-1.,-1.75589969929337E-47));
#2065=DIRECTION('',(5.55111512312546E-17,1.72563323017086E-31,-1.));
#2066=DIRECTION('center_axis',(1.,3.10862446895043E-15,5.55111512312546E-17));
#2067=DIRECTION('ref_axis',(3.10862446895043E-15,-1.,0.));
#2068=DIRECTION('center_axis',(-3.10862446895044E-15,1.,-2.18952885050753E-46));
#2069=DIRECTION('ref_axis',(5.55111512312545E-17,1.72563323017086E-31,-1.));
#2070=DIRECTION('',(-1.,-4.31599200823029E-15,-2.57135338349766E-49));
#2071=DIRECTION('',(5.6271676455787E-16,-5.55111512312554E-17,-1.));
#2072=DIRECTION('',(1.,3.10862446895044E-15,-2.26195350882401E-31));
#2073=DIRECTION('',(5.55111512312545E-17,1.72563323017086E-31,-1.));
#2074=DIRECTION('',(-1.,-3.10862446895044E-15,0.));
#2075=DIRECTION('center_axis',(-1.,-3.10862446895044E-15,0.));
#2076=DIRECTION('ref_axis',(3.10862446895044E-15,-1.,0.));
#2077=DIRECTION('center_axis',(1.,3.10862446895043E-15,5.55111512312546E-17));
#2078=DIRECTION('ref_axis',(3.10862446895043E-15,-1.,0.));
#2079=DIRECTION('',(1.,3.10862446895044E-15,0.));
#2080=DIRECTION('center_axis',(5.45843277024608E-62,-1.75589969929337E-47,
1.));
#2081=DIRECTION('ref_axis',(-3.10862446895043E-15,1.,1.75589969929337E-47));
#2082=DIRECTION('',(-3.10862446895043E-15,1.,1.75589969929337E-47));
#2083=DIRECTION('',(-1.,-3.10862446895044E-15,0.));
#2084=DIRECTION('center_axis',(3.10862446895044E-15,-1.,2.18952885050753E-46));
#2085=DIRECTION('ref_axis',(-5.55111512312546E-17,-1.72563323017086E-31,
1.));
#2086=DIRECTION('',(-1.,-3.10862446895044E-15,2.26195350882401E-31));
#2087=DIRECTION('',(-5.55111512312546E-17,-1.72563323017086E-31,1.));
#2088=DIRECTION('center_axis',(-1.,-3.10862446895043E-15,-5.55111512312546E-17));
#2089=DIRECTION('ref_axis',(3.10862446895043E-15,-1.,-1.75589969929337E-47));
#2090=DIRECTION('',(-3.10862446895043E-15,1.,1.58603289232165E-16));
#2091=DIRECTION('center_axis',(4.46732598003932E-15,-1.,-1.58603289232165E-16));
#2092=DIRECTION('ref_axis',(0.,1.58603289232165E-16,-1.));
#2093=DIRECTION('',(1.,4.46732598003932E-15,0.));
#2094=DIRECTION('',(1.918986278475E-29,-4.4462229652317E-15,1.));
#2095=DIRECTION('',(-1.,-4.31599200823029E-15,-2.57135338349766E-49));
#2096=DIRECTION('center_axis',(7.19233416645533E-31,-1.58603289232165E-16,
1.));
#2097=DIRECTION('ref_axis',(-1.,-4.47806836219017E-15,8.99704499567757E-33));
#2098=DIRECTION('',(0.,-1.,0.));
#2099=DIRECTION('',(1.,0.,0.));
#2100=DIRECTION('',(-4.46732598003932E-15,1.,0.));
#2101=DIRECTION('',(4.46732598003932E-15,-1.,-1.58603289232165E-16));
#2102=DIRECTION('',(-1.,-4.47806836219017E-15,8.99704499567757E-33));
#2103=DIRECTION('',(-1.,0.,0.));
#2104=DIRECTION('center_axis',(1.,0.,0.));
#2105=DIRECTION('ref_axis',(0.,-1.,0.));
#2106=DIRECTION('',(0.,0.,-1.));
#2107=DIRECTION('center_axis',(0.,-1.,0.));
#2108=DIRECTION('ref_axis',(-1.,0.,0.));
#2109=DIRECTION('center_axis',(-4.47806836219017E-15,1.,1.55959901078296E-16));
#2110=DIRECTION('ref_axis',(-1.,-4.47806836219017E-15,8.99704499567757E-33));
#2111=DIRECTION('',(-5.6271676455787E-16,5.55111512312554E-17,1.));
#2112=DIRECTION('',(1.,4.31599200823029E-15,2.57135338349766E-49));
#2113=DIRECTION('',(-1.918986278475E-29,4.4462229652317E-15,-1.));
#2114=DIRECTION('center_axis',(6.84530528805063E-31,-1.58603289232165E-16,
1.));
#2115=DIRECTION('ref_axis',(-1.,-4.31599200823029E-15,-2.57135338349766E-49));
#2116=DIRECTION('',(4.46732598003932E-15,-1.,-1.58603289232165E-16));
#2117=DIRECTION('',(4.46732598003932E-15,-1.,-1.58603289232165E-16));
#2118=DIRECTION('center_axis',(1.,4.46732598003932E-15,6.72864580877025E-31));
#2119=DIRECTION('ref_axis',(1.918986278475E-29,-4.4462229652317E-15,1.));
#2120=DIRECTION('center_axis',(-1.,-4.46732598003932E-15,-5.62716764557869E-16));
#2121=DIRECTION('ref_axis',(5.6271676455787E-16,-5.55111512312554E-17,-1.));
#2122=DIRECTION('center_axis',(0.,1.,0.));
#2123=DIRECTION('ref_axis',(0.375,0.,0.927024810886958));
#2124=DIRECTION('center_axis',(0.,1.,0.));
#2125=DIRECTION('ref_axis',(0.375,0.,0.927024810886958));
#2126=DIRECTION('',(0.,1.,0.));
#2127=DIRECTION('center_axis',(0.,-1.,0.));
#2128=DIRECTION('ref_axis',(0.375,0.,0.927024810886958));
#2129=DIRECTION('',(0.,-1.,0.));
#2130=DIRECTION('center_axis',(0.,1.,0.));
#2131=DIRECTION('ref_axis',(0.,0.,1.));
#2132=DIRECTION('',(0.,0.,1.));
#2133=DIRECTION('',(1.,0.,0.));
#2134=DIRECTION('',(0.,0.,-1.));
#2135=DIRECTION('',(-1.,0.,0.));
#2136=DIRECTION('',(0.,0.,1.));
#2137=DIRECTION('',(1.,0.,0.));
#2138=DIRECTION('',(0.939507356371255,0.,-0.342528724816323));
#2139=DIRECTION('center_axis',(0.,-1.,0.));
#2140=DIRECTION('ref_axis',(1.,0.,3.53149814597972E-48));
#2141=DIRECTION('center_axis',(0.,-1.,0.));
#2142=DIRECTION('ref_axis',(1.,0.,3.53149814597973E-48));
#2143=DIRECTION('center_axis',(0.,-1.,0.));
#2144=DIRECTION('ref_axis',(1.,0.,3.53149814597972E-48));
#2145=DIRECTION('center_axis',(0.,-1.,0.));
#2146=DIRECTION('ref_axis',(1.,0.,3.53149814597972E-48));
#2147=DIRECTION('center_axis',(1.,0.,0.));
#2148=DIRECTION('ref_axis',(0.,0.,1.));
#2149=DIRECTION('',(0.,0.,1.));
#2150=DIRECTION('',(0.,-1.,0.));
#2151=DIRECTION('center_axis',(-1.,0.,0.));
#2152=DIRECTION('ref_axis',(0.,0.,-1.));
#2153=DIRECTION('',(0.,-1.,0.));
#2154=DIRECTION('',(0.,-1.,0.));
#2155=DIRECTION('',(0.,0.,-1.));
#2156=DIRECTION('center_axis',(0.,0.,-1.));
#2157=DIRECTION('ref_axis',(1.,0.,0.));
#2158=DIRECTION('',(1.,0.,0.));
#2159=DIRECTION('center_axis',(0.,0.,-1.));
#2160=DIRECTION('ref_axis',(-1.,0.,0.));
#2161=DIRECTION('',(1.,0.,0.));
#2162=DIRECTION('',(0.,1.,0.));
#2163=DIRECTION('',(-1.,0.,0.));
#2164=DIRECTION('',(0.,1.,0.));
#2165=DIRECTION('center_axis',(0.,1.,0.));
#2166=DIRECTION('ref_axis',(-1.,0.,0.));
#2167=DIRECTION('',(-0.939507356371255,0.,0.342528724816323));
#2168=DIRECTION('',(0.,0.,1.));
#2169=DIRECTION('center_axis',(0.,1.,0.));
#2170=DIRECTION('ref_axis',(1.,0.,3.53149814597972E-48));
#2171=DIRECTION('center_axis',(0.,1.,0.));
#2172=DIRECTION('ref_axis',(1.,0.,3.53149814597973E-48));
#2173=DIRECTION('center_axis',(0.,1.,0.));
#2174=DIRECTION('ref_axis',(1.,0.,3.53149814597972E-48));
#2175=DIRECTION('center_axis',(0.,1.,0.));
#2176=DIRECTION('ref_axis',(1.,0.,3.53149814597972E-48));
#2177=DIRECTION('center_axis',(-0.342528724816323,0.,-0.939507356371255));
#2178=DIRECTION('ref_axis',(0.939507356371255,0.,-0.342528724816323));
#2179=DIRECTION('',(0.,1.,0.));
#2180=DIRECTION('center_axis',(0.,0.,1.));
#2181=DIRECTION('ref_axis',(1.,0.,0.));
#2182=DIRECTION('',(0.,1.,0.));
#2183=DIRECTION('',(1.,0.,0.));
#2184=DIRECTION('',(0.,1.,0.));
#2185=DIRECTION('center_axis',(0.,1.,2.86509167645202E-16));
#2186=DIRECTION('ref_axis',(1.,0.,3.53149814597972E-48));
#2187=DIRECTION('',(0.,1.,2.86509167645202E-16));
#2188=DIRECTION('center_axis',(0.,1.,2.86509167645202E-16));
#2189=DIRECTION('ref_axis',(1.,0.,3.53149814597972E-48));
#2190=DIRECTION('',(0.,1.,2.86509167645202E-16));
#2191=DIRECTION('center_axis',(0.,1.,2.86509167645202E-16));
#2192=DIRECTION('ref_axis',(1.,0.,3.53149814597973E-48));
#2193=DIRECTION('',(0.,1.,2.86509167645202E-16));
#2194=DIRECTION('center_axis',(0.,1.,2.86509167645202E-16));
#2195=DIRECTION('ref_axis',(1.,0.,3.53149814597972E-48));
#2196=DIRECTION('',(0.,1.,2.86509167645202E-16));
#2197=DIRECTION('center_axis',(-1.,0.,0.));
#2198=DIRECTION('ref_axis',(0.,0.,1.));
#2199=DIRECTION('',(0.,0.,1.));
#2200=DIRECTION('center_axis',(1.,0.,0.));
#2201=DIRECTION('ref_axis',(0.,0.,-1.));
#2202=DIRECTION('',(0.,0.,-1.));
#2203=DIRECTION('center_axis',(0.,1.,0.));
#2204=DIRECTION('ref_axis',(-1.,0.,0.));
#2205=CARTESIAN_POINT('',(0.,0.,0.));
#2206=CARTESIAN_POINT('Origin',(-101.980000819564,36.0000013709068,-42.));
#2207=CARTESIAN_POINT('',(-106.980000819564,16.0000013709068,-42.));
#2208=CARTESIAN_POINT('',(-96.9800008195639,16.0000013709068,-42.));
#2209=CARTESIAN_POINT('',(-99.4800008195639,16.0000013709068,-42.));
#2210=CARTESIAN_POINT('',(-106.980000819564,56.0000013709068,-42.));
#2211=CARTESIAN_POINT('',(-106.980000819564,26.0000013709068,-42.));
#2212=CARTESIAN_POINT('',(-96.9800008195639,56.0000013709068,-42.));
#2213=CARTESIAN_POINT('',(-104.480000819564,56.0000013709068,-42.));
#2214=CARTESIAN_POINT('',(-96.9800008195639,46.0000013709068,-42.));
#2215=CARTESIAN_POINT('Origin',(-121.980000819564,36.0000013709068,-42.));
#2216=CARTESIAN_POINT('',(-126.980000819564,16.0000013709068,-42.));
#2217=CARTESIAN_POINT('',(-116.980000819564,16.0000013709068,-42.));
#2218=CARTESIAN_POINT('',(-119.480000819564,16.0000013709068,-42.));
#2219=CARTESIAN_POINT('',(-126.980000819564,56.0000013709068,-42.));
#2220=CARTESIAN_POINT('',(-126.980000819564,26.0000013709068,-42.));
#2221=CARTESIAN_POINT('',(-116.980000819564,56.0000013709068,-42.));
#2222=CARTESIAN_POINT('',(-124.480000819564,56.0000013709068,-42.));
#2223=CARTESIAN_POINT('',(-116.980000819564,46.0000013709068,-42.));
#2224=CARTESIAN_POINT('Origin',(-106.980000819564,16.0000013709068,10.));
#2225=CARTESIAN_POINT('',(-106.980000819564,16.0000013709068,-10.));
#2226=CARTESIAN_POINT('',(-106.980000819564,16.0000013709068,10.));
#2227=CARTESIAN_POINT('',(-106.980000819564,56.0000013709068,-10.));
#2228=CARTESIAN_POINT('',(-106.980000819564,54.0000013709068,-10.));
#2229=CARTESIAN_POINT('',(-106.980000819564,56.0000013709068,10.));
#2230=CARTESIAN_POINT('',(-106.980000819564,45.7000013709068,-27.0000000000002));
#2231=CARTESIAN_POINT('Origin',(-106.980000819564,43.0000013709068,-27.0000000000002));
#2232=CARTESIAN_POINT('',(-106.980000819564,31.7000013709068,-27.0000000000002));
#2233=CARTESIAN_POINT('Origin',(-106.980000819564,29.0000013709068,-27.0000000000002));
#2234=CARTESIAN_POINT('Origin',(-96.9800008195639,16.0000013709068,10.));
#2235=CARTESIAN_POINT('',(-96.9800008195639,16.0000013709068,-10.));
#2236=CARTESIAN_POINT('',(-96.9800008195639,16.0000013709068,10.));
#2237=CARTESIAN_POINT('',(-66.2430199060504,16.0000013709068,-10.));
#2238=CARTESIAN_POINT('Origin',(-126.980000819564,16.0000013709068,10.));
#2239=CARTESIAN_POINT('',(-126.980000819564,16.0000013709068,-10.));
#2240=CARTESIAN_POINT('',(-126.980000819564,16.0000013709068,10.));
#2241=CARTESIAN_POINT('',(-126.980000819564,56.0000013709068,-10.));
#2242=CARTESIAN_POINT('',(-126.980000819564,54.0000013709068,-10.));
#2243=CARTESIAN_POINT('',(-126.980000819564,56.0000013709068,10.));
#2244=CARTESIAN_POINT('',(-126.980000819564,45.7000013709068,-27.0000000000002));
#2245=CARTESIAN_POINT('Origin',(-126.980000819564,43.0000013709068,-27.0000000000002));
#2246=CARTESIAN_POINT('',(-126.980000819564,31.7000013709068,-27.0000000000002));
#2247=CARTESIAN_POINT('Origin',(-126.980000819564,29.0000013709068,-27.0000000000002));
#2248=CARTESIAN_POINT('Origin',(-116.980000819564,16.0000013709068,10.));
#2249=CARTESIAN_POINT('',(-116.980000819564,16.0000013709068,-10.));
#2250=CARTESIAN_POINT('',(-116.980000819564,16.0000013709068,10.));
#2251=CARTESIAN_POINT('',(-76.2430199060504,16.0000013709068,-10.));
#2252=CARTESIAN_POINT('Origin',(-126.980000819564,43.0000013709068,-27.0000000000002));
#2253=CARTESIAN_POINT('',(-116.980000819564,45.7000013709068,-27.0000000000002));
#2254=CARTESIAN_POINT('',(-126.980000819564,45.7000013709068,-27.0000000000002));
#2255=CARTESIAN_POINT('Origin',(-116.980000819564,43.0000013709068,-27.0000000000002));
#2256=CARTESIAN_POINT('Origin',(-126.980000819564,43.0000013709068,-27.0000000000002));
#2257=CARTESIAN_POINT('',(-96.9800008195639,45.7000013709068,-27.0000000000002));
#2258=CARTESIAN_POINT('',(-126.980000819564,45.7000013709068,-27.0000000000002));
#2259=CARTESIAN_POINT('Origin',(-96.9800008195639,43.0000013709068,-27.0000000000002));
#2260=CARTESIAN_POINT('Origin',(-126.980000819564,29.0000013709068,-27.0000000000002));
#2261=CARTESIAN_POINT('',(-116.980000819564,31.7000013709068,-27.0000000000002));
#2262=CARTESIAN_POINT('',(-126.980000819564,31.7000013709068,-27.0000000000002));
#2263=CARTESIAN_POINT('Origin',(-116.980000819564,29.0000013709068,-27.0000000000002));
#2264=CARTESIAN_POINT('Origin',(-126.980000819564,29.0000013709068,-27.0000000000002));
#2265=CARTESIAN_POINT('',(-96.9800008195639,31.7000013709068,-27.0000000000002));
#2266=CARTESIAN_POINT('',(-126.980000819564,31.7000013709068,-27.0000000000002));
#2267=CARTESIAN_POINT('Origin',(-96.9800008195639,29.0000013709068,-27.0000000000002));
#2268=CARTESIAN_POINT('Origin',(-106.980000819564,56.0000013709068,10.));
#2269=CARTESIAN_POINT('',(-96.9800008195639,56.0000013709068,-10.));
#2270=CARTESIAN_POINT('',(-71.2430199060504,56.0000013709068,-10.));
#2271=CARTESIAN_POINT('',(-96.9800008195639,56.0000013709068,10.));
#2272=CARTESIAN_POINT('Origin',(-96.9800008195639,56.0000013709068,10.));
#2273=CARTESIAN_POINT('',(-96.9800008195639,74.0000013709068,-10.));
#2274=CARTESIAN_POINT('Origin',(-126.980000819564,56.0000013709068,10.));
#2275=CARTESIAN_POINT('',(-116.980000819564,56.0000013709068,-10.));
#2276=CARTESIAN_POINT('',(-81.2430199060504,56.0000013709068,-10.));
#2277=CARTESIAN_POINT('',(-116.980000819564,56.0000013709068,10.));
#2278=CARTESIAN_POINT('Origin',(-116.980000819564,56.0000013709068,10.));
#2279=CARTESIAN_POINT('',(-116.980000819564,74.0000013709068,-10.));
#2280=CARTESIAN_POINT('Origin',(-67.0000009983778,25.000000372529,-10.));
#2281=CARTESIAN_POINT('',(-65.0000009983778,25.000000372529,-10.));
#2282=CARTESIAN_POINT('Origin',(-67.0000009983778,25.000000372529,-10.));
#2283=CARTESIAN_POINT('',(-65.0000009983778,25.000000372529,9.99999999999989));
#2284=CARTESIAN_POINT('',(-65.0000009983778,25.000000372529,-10.));
#2285=CARTESIAN_POINT('Origin',(-67.0000009983778,25.000000372529,9.99999999999988));
#2286=CARTESIAN_POINT('Origin',(-165.,25.,-10.0000000000002));
#2287=CARTESIAN_POINT('',(-163.,25.,-10.0000000000002));
#2288=CARTESIAN_POINT('Origin',(-165.,25.,-10.0000000000002));
#2289=CARTESIAN_POINT('',(-163.,25.,9.99999999999977));
#2290=CARTESIAN_POINT('',(-163.,25.,-10.0000000000002));
#2291=CARTESIAN_POINT('Origin',(-165.,25.,9.99999999999976));
#2292=CARTESIAN_POINT('Origin',(-141.000002101064,43.0000006407499,-10.0000000000002));
#2293=CARTESIAN_POINT('',(-139.000002101064,43.0000006407499,-10.0000000000002));
#2294=CARTESIAN_POINT('Origin',(-141.000002101064,43.0000006407499,-10.0000000000002));
#2295=CARTESIAN_POINT('',(-139.000002101064,43.0000006407499,9.9999999999998));
#2296=CARTESIAN_POINT('',(-139.000002101064,43.0000006407499,-10.0000000000002));
#2297=CARTESIAN_POINT('Origin',(-141.000002101064,43.0000006407499,9.99999999999979));
#2298=CARTESIAN_POINT('Origin',(-67.0000009983778,43.0000006407499,-10.));
#2299=CARTESIAN_POINT('',(-65.0000009983778,43.0000006407499,-10.));
#2300=CARTESIAN_POINT('Origin',(-67.0000009983778,43.0000006407499,-10.0000000000001));
#2301=CARTESIAN_POINT('',(-65.0000009983778,43.0000006407499,9.99999999999988));
#2302=CARTESIAN_POINT('',(-65.0000009983778,43.0000006407499,-10.));
#2303=CARTESIAN_POINT('Origin',(-67.0000009983778,43.0000006407499,9.99999999999987));
#2304=CARTESIAN_POINT('Origin',(-43.0000006407499,25.000000372529,-9.99999999999999));
#2305=CARTESIAN_POINT('',(-41.0000006407499,25.000000372529,-9.99999999999998));
#2306=CARTESIAN_POINT('Origin',(-43.0000006407499,25.000000372529,-10.));
#2307=CARTESIAN_POINT('',(-41.0000006407499,25.000000372529,9.99999999999993));
#2308=CARTESIAN_POINT('',(-41.0000006407499,25.000000372529,-9.99999999999998));
#2309=CARTESIAN_POINT('Origin',(-43.0000006407499,25.000000372529,9.99999999999993));
#2310=CARTESIAN_POINT('Origin',(-165.,43.,-10.0000000000002));
#2311=CARTESIAN_POINT('',(-163.,43.,-10.0000000000002));
#2312=CARTESIAN_POINT('Origin',(-165.,43.,-10.0000000000002));
#2313=CARTESIAN_POINT('',(-163.,43.,9.99999999999976));
#2314=CARTESIAN_POINT('',(-163.,43.,-10.0000000000002));
#2315=CARTESIAN_POINT('Origin',(-165.,43.,9.99999999999976));
#2316=CARTESIAN_POINT('Origin',(-141.000002101064,25.000000372529,-10.0000000000002));
#2317=CARTESIAN_POINT('',(-139.000002101064,25.000000372529,-10.0000000000001));
#2318=CARTESIAN_POINT('Origin',(-141.000002101064,25.000000372529,-10.0000000000001));
#2319=CARTESIAN_POINT('',(-139.000002101064,25.000000372529,9.99999999999981));
#2320=CARTESIAN_POINT('',(-139.000002101064,25.000000372529,-10.0000000000001));
#2321=CARTESIAN_POINT('Origin',(-141.000002101064,25.000000372529,9.9999999999998));
#2322=CARTESIAN_POINT('Origin',(-43.0000006407499,43.0000006407499,-9.99999999999999));
#2323=CARTESIAN_POINT('',(-41.0000006407499,43.0000006407499,-9.99999999999999));
#2324=CARTESIAN_POINT('Origin',(-43.0000006407499,43.0000006407499,-10.));
#2325=CARTESIAN_POINT('',(-41.0000006407499,43.0000006407499,9.99999999999992));
#2326=CARTESIAN_POINT('',(-41.0000006407499,43.0000006407499,-9.99999999999999));
#2327=CARTESIAN_POINT('Origin',(-43.0000006407499,43.0000006407499,9.99999999999992));
#2328=CARTESIAN_POINT('Origin',(-185.506038992537,36.0000006854534,7.45058059692383E-8));
#2329=CARTESIAN_POINT('',(-185.506038992537,-14.9914734011927,-10.));
#2330=CARTESIAN_POINT('',(-185.506038992537,-14.9914734011927,-1.77635683940025E-14));
#2331=CARTESIAN_POINT('',(-185.506038992537,-14.9914734011927,-80.));
#2332=CARTESIAN_POINT('',(-185.506038992537,-20.,1.33226762955019E-14));
#2333=CARTESIAN_POINT('',(-185.506038992537,-14.9914734011927,-1.77635683940025E-14));
#2334=CARTESIAN_POINT('',(-185.506038992537,-20.,10.0000001490116));
#2335=CARTESIAN_POINT('',(-185.506038992537,-20.,10.0000001490116));
#2336=CARTESIAN_POINT('',(-185.506038992537,92.0000013709068,10.0000001490116));
#2337=CARTESIAN_POINT('',(-185.506038992537,92.0000013709068,10.0000001490116));
#2338=CARTESIAN_POINT('',(-185.506038992537,92.0000013709068,-10.));
#2339=CARTESIAN_POINT('',(-185.506038992537,92.0000013709068,-10.));
#2340=CARTESIAN_POINT('',(-185.506038992537,-20.,-10.));
#2341=CARTESIAN_POINT('Origin',(-35.506038992537,92.0000013709068,-10.));
#2342=CARTESIAN_POINT('',(-35.506038992537,-14.9914734011927,-10.));
#2343=CARTESIAN_POINT('',(-35.506038992537,92.0000013709068,-10.));
#2344=CARTESIAN_POINT('',(-35.5060389925372,79.1856620883861,-10.));
#2345=CARTESIAN_POINT('',(-35.506038992537,-14.9914734011927,-10.));
#2346=CARTESIAN_POINT('',(-35.506038992537,92.0000013709068,-10.));
#2347=CARTESIAN_POINT('Origin',(-35.506038992537,36.0000006854534,7.45058059692383E-8));
#2348=CARTESIAN_POINT('',(-35.5060389925371,92.0000013709068,-9.06983399542202E-15));
#2349=CARTESIAN_POINT('',(-35.5060389925371,66.3713228058653,-2.22044604925031E-15));
#2350=CARTESIAN_POINT('',(-35.5060389925371,92.0000013709068,-9.06983399542202E-15));
#2351=CARTESIAN_POINT('',(-35.506038992537,92.0000013709068,10.0000001490116));
#2352=CARTESIAN_POINT('',(-35.506038992537,92.0000013709068,-10.));
#2353=CARTESIAN_POINT('',(-35.5060389925371,66.3713228058653,10.));
#2354=CARTESIAN_POINT('',(-35.506038992537,92.0000013709068,10.0000001490116));
#2355=CARTESIAN_POINT('',(-35.5060389925371,66.3713228058653,10.));
#2356=CARTESIAN_POINT('Origin',(-35.5060389925371,66.3713228058653,10.));
#2357=CARTESIAN_POINT('',(-35.5060389925371,92.0000013709068,-80.));
#2358=CARTESIAN_POINT('',(-35.5060389925371,92.0000013709068,-9.06983399542202E-15));
#2359=CARTESIAN_POINT('',(-35.5060389925371,-14.9914734011929,-80.));
#2360=CARTESIAN_POINT('',(-35.5060389925371,92.0000013709068,-80.));
#2361=CARTESIAN_POINT('',(-35.5060389925371,-14.9914734011929,-9.06983399542202E-15));
#2362=CARTESIAN_POINT('',(-35.5060389925372,37.303219980308,-65.));
#2363=CARTESIAN_POINT('Origin',(-35.5060389925371,40.003219980308,-65.));
#2364=CARTESIAN_POINT('',(-35.5060389925371,67.3032199803079,-30.0000000000001));
#2365=CARTESIAN_POINT('Origin',(-35.5060389925371,70.0032199803079,-30.0000000000001));
#2366=CARTESIAN_POINT('',(-35.5060389925372,7.30321998030822,-30.));
#2367=CARTESIAN_POINT('Origin',(-35.5060389925372,10.0032199803082,-30.));
#2368=CARTESIAN_POINT('',(-35.5060389925371,52.4032199803082,-43.7000000000001));
#2369=CARTESIAN_POINT('',(-35.5060389925371,52.4032199803082,-36.3));
#2370=CARTESIAN_POINT('',(-35.5060389925371,52.4032199803082,-13.15));
#2371=CARTESIAN_POINT('',(-35.506038992537,27.6032199803082,-36.3));
#2372=CARTESIAN_POINT('',(-35.506038992537,46.9872713930866,-36.3000000000001));
#2373=CARTESIAN_POINT('',(-35.506038992537,27.6032199803082,-43.7000000000001));
#2374=CARTESIAN_POINT('',(-35.506038992537,27.6032199803082,-16.85));
#2375=CARTESIAN_POINT('',(-35.5060389925371,59.3872713930866,-43.7000000000001));
#2376=CARTESIAN_POINT('Origin',(19.1690275208167,27.6032199803081,-43.7));
#2377=CARTESIAN_POINT('',(-6.00000008940697,27.6032199803082,-43.7));
#2378=CARTESIAN_POINT('',(-6.00000008940697,27.6032199803082,-36.3));
#2379=CARTESIAN_POINT('',(-6.00000008940697,27.6032199803082,-21.85));
#2380=CARTESIAN_POINT('',(19.1690275208167,27.6032199803081,-43.7));
#2381=CARTESIAN_POINT('',(19.1690275208167,27.6032199803081,-36.3));
#2382=CARTESIAN_POINT('Origin',(19.1690275208167,27.6032199803081,-36.3));
#2383=CARTESIAN_POINT('',(-6.00000008940697,52.4032199803082,-36.3));
#2384=CARTESIAN_POINT('',(-6.00000008940697,59.8016106756075,-36.3));
#2385=CARTESIAN_POINT('',(19.1690275208167,52.4032199803081,-36.3));
#2386=CARTESIAN_POINT('Origin',(19.1690275208167,52.4032199803081,-36.3));
#2387=CARTESIAN_POINT('',(-6.00000008940697,52.4032199803082,-43.7));
#2388=CARTESIAN_POINT('',(-6.00000008940697,52.4032199803082,-18.15));
#2389=CARTESIAN_POINT('',(19.1690275208167,52.4032199803081,-43.7));
#2390=CARTESIAN_POINT('Origin',(19.1690275208167,52.4032199803081,-43.7));
#2391=CARTESIAN_POINT('',(-6.00000008940697,72.2016106756075,-43.7));
#2392=CARTESIAN_POINT('Origin',(31.000000461936,41.0000006109476,-9.06983399542202E-15));
#2393=CARTESIAN_POINT('',(35.,45.5000011415945,10.));
#2394=CARTESIAN_POINT('',(35.,45.5000011415945,-8.88178419700125E-15));
#2395=CARTESIAN_POINT('',(35.,45.5000011415945,-8.88178419700125E-15));
#2396=CARTESIAN_POINT('',(35.,36.5000000803008,10.));
#2397=CARTESIAN_POINT('Origin',(31.000000461936,41.0000006109476,10.));
#2398=CARTESIAN_POINT('',(35.,36.5000000803008,-8.88178419700125E-15));
#2399=CARTESIAN_POINT('',(35.,36.5000000803008,-8.88178419700125E-15));
#2400=CARTESIAN_POINT('Origin',(31.000000461936,41.0000006109476,-2.22044604925031E-15));
#2401=CARTESIAN_POINT('Origin',(-35.5060389925371,66.3713228058653,-2.22044604925031E-15));
#2402=CARTESIAN_POINT('',(35.,-20.,1.33226762955019E-14));
#2403=CARTESIAN_POINT('',(35.,66.3713228058653,1.33226762955019E-14));
#2404=CARTESIAN_POINT('',(35.,-20.,1.33226762955019E-14));
#2405=CARTESIAN_POINT('',(-6.00000008940697,-14.9914734011929,-9.06983399542202E-15));
#2406=CARTESIAN_POINT('',(-20.753019540972,-14.9914734011929,-1.51248531488161E-14));
#2407=CARTESIAN_POINT('',(-6.00000008940697,66.3713228058654,-9.06983399542202E-15));
#2408=CARTESIAN_POINT('',(-6.00000008940697,79.1856620883861,-1.88049689705596E-16));
#2409=CARTESIAN_POINT('',(35.,66.3713228058653,1.33226762955019E-14));
#2410=CARTESIAN_POINT('',(-35.5060389925371,66.3713228058653,-2.22044604925031E-15));
#2411=CARTESIAN_POINT('',(35.,66.3713228058653,1.33226762955019E-14));
#2412=CARTESIAN_POINT('Origin',(35.,66.3713228058653,10.));
#2413=CARTESIAN_POINT('',(35.0000005215406,0.37132280586553,10.));
#2414=CARTESIAN_POINT('',(35.,66.3713228058653,10.));
#2415=CARTESIAN_POINT('',(35.0000005215406,0.37132280586553,37.000000551343));
#2416=CARTESIAN_POINT('',(35.0000005215406,0.37132280586553,10.));
#2417=CARTESIAN_POINT('',(35.0000005215406,-9.62867719413447,37.000000551343));
#2418=CARTESIAN_POINT('',(35.0000005215406,0.37132280586553,37.000000551343));
#2419=CARTESIAN_POINT('',(35.0000005215406,-9.62867719413447,10.));
#2420=CARTESIAN_POINT('',(35.0000005215406,-9.62867719413447,10.));
#2421=CARTESIAN_POINT('',(35.,-20.,10.));
#2422=CARTESIAN_POINT('',(35.,66.3713228058653,10.));
#2423=CARTESIAN_POINT('',(35.,-20.,10.));
#2424=CARTESIAN_POINT('Origin',(19.1690275208166,10.0032199803081,-30.));
#2425=CARTESIAN_POINT('',(-6.0000000894071,7.30321998030817,-30.));
#2426=CARTESIAN_POINT('Origin',(-6.0000000894071,10.0032199803082,-30.));
#2427=CARTESIAN_POINT('',(19.1690275208166,7.30321998030813,-30.));
#2428=CARTESIAN_POINT('Origin',(19.1690275208167,70.0032199803078,-30.0000000000001));
#2429=CARTESIAN_POINT('',(-6.000000089407,67.3032199803079,-30.0000000000001));
#2430=CARTESIAN_POINT('Origin',(-6.000000089407,70.0032199803079,-30.0000000000001));
#2431=CARTESIAN_POINT('',(19.1690275208167,67.3032199803078,-30.0000000000001));
#2432=CARTESIAN_POINT('Origin',(19.1690275208167,40.003219980308,-65.));
#2433=CARTESIAN_POINT('',(-6.00000008940705,37.303219980308,-65.));
#2434=CARTESIAN_POINT('Origin',(-6.00000008940704,40.003219980308,-65.));
#2435=CARTESIAN_POINT('',(19.1690275208167,37.303219980308,-65.));
#2436=CARTESIAN_POINT('Origin',(-6.00000008940697,-14.9914734011929,-9.06983399542202E-15));
#2437=CARTESIAN_POINT('',(-6.00000008940697,-14.9914734011929,-80.));
#2438=CARTESIAN_POINT('',(-35.5060389925371,-14.9914734011929,-80.));
#2439=CARTESIAN_POINT('',(-6.00000008940697,-14.9914734011929,-9.06983399542202E-15));
#2440=CARTESIAN_POINT('Origin',(-6.00000008940697,92.0000013709068,-9.06983399542202E-15));
#2441=CARTESIAN_POINT('',(-6.00000008940697,92.0000013709068,-80.));
#2442=CARTESIAN_POINT('',(-6.00000008940697,-14.9914734011929,-80.));
#2443=CARTESIAN_POINT('',(-6.00000008940697,92.0000013709068,-9.06983399542202E-15));
#2444=CARTESIAN_POINT('',(-6.00000008940697,92.0000013709068,-9.06983399542202E-15));
#2445=CARTESIAN_POINT('',(-6.00000008940697,-14.9914734011929,-9.06983399542202E-15));
#2446=CARTESIAN_POINT('Origin',(-35.5060389925371,92.0000013709068,-9.06983399542202E-15));
#2447=CARTESIAN_POINT('',(-6.00000008940697,92.0000013709068,-9.06983399542202E-15));
#2448=CARTESIAN_POINT('',(-6.00000008940697,92.0000013709068,-80.));
#2449=CARTESIAN_POINT('',(-35.506038992537,92.0000013709068,10.0000001490116));
#2450=CARTESIAN_POINT('Origin',(-20.753019540972,38.504263984857,-80.));
#2451=CARTESIAN_POINT('Origin',(-20.753019540972,38.504263984857,-9.06983399542202E-15));
#2452=CARTESIAN_POINT('',(-35.5060389925371,66.3713228058653,-2.22044604925031E-15));
#2453=CARTESIAN_POINT('Origin',(26.9939617227189,0.37132280586553,25.9999999254942));
#2454=CARTESIAN_POINT('',(31.4939617227189,3.37132280586553,25.9999999254942));
#2455=CARTESIAN_POINT('Origin',(26.9939617227189,3.37132280586553,25.9999999254942));
#2456=CARTESIAN_POINT('',(31.4939617227189,0.37132280586553,25.9999999254942));
#2457=CARTESIAN_POINT('',(31.4939617227189,0.37132280586553,25.9999999254942));
#2458=CARTESIAN_POINT('Origin',(26.9939617227189,0.37132280586553,25.9999999254942));
#2459=CARTESIAN_POINT('Origin',(34.0000005066395,0.37132280586553,19.0000002831221));
#2460=CARTESIAN_POINT('',(20.0000002980232,0.37132280586553,19.0000002831221));
#2461=CARTESIAN_POINT('',(34.0000005066395,0.37132280586553,19.0000002831221));
#2462=CARTESIAN_POINT('',(27.9984906355707,0.37132280586553,19.0000002831221));
#2463=CARTESIAN_POINT('',(20.0000002980232,3.37132280586553,19.0000002831221));
#2464=CARTESIAN_POINT('',(20.0000002980232,0.37132280586553,19.0000002831221));
#2465=CARTESIAN_POINT('',(34.0000005066395,3.37132280586553,19.0000002831221));
#2466=CARTESIAN_POINT('',(34.0000005066395,3.37132280586553,19.0000002831221));
#2467=CARTESIAN_POINT('',(34.0000005066395,0.37132280586553,19.0000002831221));
#2468=CARTESIAN_POINT('Origin',(34.0000005066395,0.37132280586553,33.0000004917383));
#2469=CARTESIAN_POINT('',(34.0000005066395,0.37132280586553,33.0000004917383));
#2470=CARTESIAN_POINT('',(34.0000005066395,0.37132280586553,28.2500003837049));
#2471=CARTESIAN_POINT('',(34.0000005066395,3.37132280586553,33.0000004917383));
#2472=CARTESIAN_POINT('',(34.0000005066395,3.37132280586553,33.0000004917383));
#2473=CARTESIAN_POINT('',(34.0000005066395,0.37132280586553,33.0000004917383));
#2474=CARTESIAN_POINT('Origin',(20.0000002980232,0.37132280586553,33.0000004917383));
#2475=CARTESIAN_POINT('',(20.0000002980232,0.37132280586553,33.0000004917383));
#2476=CARTESIAN_POINT('',(20.9984905312626,0.37132280586553,33.0000004917383));
#2477=CARTESIAN_POINT('',(20.0000002980232,3.37132280586553,33.0000004917383));
#2478=CARTESIAN_POINT('',(20.0000002980232,3.37132280586553,33.0000004917383));
#2479=CARTESIAN_POINT('',(20.0000002980232,0.37132280586553,33.0000004917383));
#2480=CARTESIAN_POINT('Origin',(20.0000002980232,0.37132280586553,19.0000002831221));
#2481=CARTESIAN_POINT('',(20.0000002980232,0.37132280586553,21.2500002793968));
#2482=CARTESIAN_POINT('',(20.0000002980232,3.37132280586553,19.0000002831221));
#2483=CARTESIAN_POINT('Origin',(27.0000004023314,3.37132280586553,26.0000003874302));
#2484=CARTESIAN_POINT('Origin',(21.9969807645019,0.37132280586553,23.5000002756715));
#2485=CARTESIAN_POINT('',(8.99396100746319,0.37132280586553,37.000000551343));
#2486=CARTESIAN_POINT('',(8.99396100746319,0.37132280586553,10.));
#2487=CARTESIAN_POINT('',(8.99396100746319,0.37132280586553,37.000000551343));
#2488=CARTESIAN_POINT('',(35.0000005215406,0.37132280586553,37.000000551343));
#2489=CARTESIAN_POINT('',(15.6454708859824,0.371322805865528,10.));
#2490=CARTESIAN_POINT('Origin',(35.0000005215406,0.37132280586553,37.000000551343));
#2491=CARTESIAN_POINT('',(8.99396100746319,-9.62867719413447,37.000000551343));
#2492=CARTESIAN_POINT('',(8.99396100746319,0.37132280586553,37.000000551343));
#2493=CARTESIAN_POINT('',(35.0000005215406,-9.62867719413447,37.000000551343));
#2494=CARTESIAN_POINT('Origin',(8.99396100746319,0.37132280586553,37.000000551343));
#2495=CARTESIAN_POINT('',(8.99396100746319,-9.62867719413447,10.));
#2496=CARTESIAN_POINT('',(8.99396100746319,33.3713228058655,10.));
#2497=CARTESIAN_POINT('',(8.99396100746319,-9.62867719413447,37.000000551343));
#2498=CARTESIAN_POINT('Origin',(21.9969807645019,-9.62867719413447,23.5000002756715));
#2499=CARTESIAN_POINT('',(15.6454708859824,-9.62867719413447,10.));
#2500=CARTESIAN_POINT('Origin',(21.9969807645019,0.37132280586553,23.5000002756715));
#2501=CARTESIAN_POINT('Origin',(18.9939610074631,14.3713228058655,38.3145542671696));
#2502=CARTESIAN_POINT('',(18.9939610074631,24.3713228058655,10.));
#2503=CARTESIAN_POINT('',(18.9939610074632,4.37132280586555,10.));
#2504=CARTESIAN_POINT('',(18.9939610074631,40.3713228058655,10.));
#2505=CARTESIAN_POINT('',(18.9939610074631,24.3713228058655,11.9729695195726));
#2506=CARTESIAN_POINT('',(18.9939610074631,24.3713228058655,22.1505195134779));
#2507=CARTESIAN_POINT('',(18.9939610074631,24.3713228058655,67.6534790239519));
#2508=CARTESIAN_POINT('',(18.9939610074631,24.3713228058655,8.9756295103872));
#2509=CARTESIAN_POINT('',(18.9939610074632,4.37132280586555,67.6534790239519));
#2510=CARTESIAN_POINT('',(18.9939610074631,24.3713228058655,67.6534790239519));
#2511=CARTESIAN_POINT('',(18.9939610074632,4.37132280586555,67.6534790239519));
#2512=CARTESIAN_POINT('',(18.9939610074631,17.0213228058656,52.0000002682209));
#2513=CARTESIAN_POINT('Origin',(18.9939610074631,14.3713228058655,52.0000002682209));
#2514=CARTESIAN_POINT('Origin',(18.9939610074631,24.3713228058655,67.6534790239519));
#2515=CARTESIAN_POINT('',(9.29396100746317,24.3713228058655,11.9729695195726));
#2516=CARTESIAN_POINT('',(9.29396100746317,24.3713228058655,11.9729695195726));
#2517=CARTESIAN_POINT('',(9.29396100746317,24.3713228058655,10.));
#2518=CARTESIAN_POINT('',(9.29396100746317,24.3713228058655,10.));
#2519=CARTESIAN_POINT('',(8.99396100746311,24.3713228058655,10.));
#2520=CARTESIAN_POINT('',(14.1439610074631,24.3713228058655,10.));
#2521=CARTESIAN_POINT('',(8.99396100746311,24.3713228058655,67.6534790239519));
#2522=CARTESIAN_POINT('',(8.99396100746311,24.3713228058655,8.9756295103872));
#2523=CARTESIAN_POINT('',(18.9939610074631,24.3713228058655,67.6534790239519));
#2524=CARTESIAN_POINT('Origin',(18.9939610074631,14.3713228058655,52.0000002682209));
#2525=CARTESIAN_POINT('',(8.99396100746313,17.0213228058655,52.0000002682209));
#2526=CARTESIAN_POINT('Origin',(8.99396100746314,14.3713228058655,52.0000002682209));
#2527=CARTESIAN_POINT('',(18.9939610074631,17.0213228058656,52.0000002682209));
#2528=CARTESIAN_POINT('Origin',(18.9939610074632,4.37132280586555,67.6534790239519));
#2529=CARTESIAN_POINT('',(8.99396100746317,4.37132280586551,67.6534790239519));
#2530=CARTESIAN_POINT('',(8.99396100746311,24.3713228058655,67.6534790239519));
#2531=CARTESIAN_POINT('',(18.9939610074632,4.37132280586555,67.6534790239519));
#2532=CARTESIAN_POINT('Origin',(18.9939610074632,4.37132280586555,8.9756295103872));
#2533=CARTESIAN_POINT('',(8.99396100746317,4.37132280586551,10.));
#2534=CARTESIAN_POINT('',(14.1439610074632,4.37132280586554,10.));
#2535=CARTESIAN_POINT('',(8.99396100746317,4.37132280586551,67.6534790239519));
#2536=CARTESIAN_POINT('Origin',(8.99396100746314,14.3713228058655,38.3145542671696));
#2537=CARTESIAN_POINT('',(8.99396100746306,40.3713228058655,10.));
#2538=CARTESIAN_POINT('Origin',(-8.10603899253688,24.3713228058654,5.98648475978627));
#2539=CARTESIAN_POINT('',(19.2939610074632,24.3713228058656,10.));
#2540=CARTESIAN_POINT('',(-4.17952924440272,24.3713228058654,10.));
#2541=CARTESIAN_POINT('',(19.2939610074632,24.3713228058655,11.9729695195726));
#2542=CARTESIAN_POINT('',(19.2939610074632,24.3713228058655,11.9729695195726));
#2543=CARTESIAN_POINT('',(9.29396100746317,24.3713228058655,11.9729695195726));
#2544=CARTESIAN_POINT('Origin',(9.29396100746298,66.3713228058655,10.));
#2545=CARTESIAN_POINT('',(35.,66.3713228058653,10.));
#2546=CARTESIAN_POINT('',(35.,66.3713228058653,10.));
#2547=CARTESIAN_POINT('',(19.293961007463,66.3713228058653,10.));
#2548=CARTESIAN_POINT('',(-35.5060389925371,66.3713228058653,10.));
#2549=CARTESIAN_POINT('',(19.2939610074631,44.7784921043992,10.));
#2550=CARTESIAN_POINT('',(9.29396100746298,66.3713228058655,10.));
#2551=CARTESIAN_POINT('',(9.29396100746298,66.3713228058655,10.));
#2552=CARTESIAN_POINT('',(19.293961007463,66.3713228058655,10.));
#2553=CARTESIAN_POINT('',(35.,-20.,10.));
#2554=CARTESIAN_POINT('Origin',(35.,66.3713228058653,10.));
#2555=CARTESIAN_POINT('',(35.,66.3713228058653,10.));
#2556=CARTESIAN_POINT('Origin',(35.,-20.,10.));
#2557=CARTESIAN_POINT('Origin',(-8.10603899253707,66.3713228058654,5.98648475978628));
#2558=CARTESIAN_POINT('',(9.29396100746298,66.3713228058655,11.9729695195726));
#2559=CARTESIAN_POINT('',(9.29396100746298,66.3713228058655,10.));
#2560=CARTESIAN_POINT('',(19.293961007463,66.3713228058655,11.9729695195726));
#2561=CARTESIAN_POINT('',(9.29396100746298,66.3713228058655,11.9729695195726));
#2562=CARTESIAN_POINT('',(19.293961007463,66.3713228058655,11.9729695195726));
#2563=CARTESIAN_POINT('Origin',(19.293961007463,66.3713228058655,11.9729695195726));
#2564=CARTESIAN_POINT('',(9.29396100746298,66.3713228058655,11.9729695195726));
#2565=CARTESIAN_POINT('',(19.293961007463,66.3713228058655,11.9729695195726));
#2566=CARTESIAN_POINT('Origin',(19.293961007463,66.3713228058656,-2.22044604925031E-15));
#2567=CARTESIAN_POINT('Origin',(9.29396100746298,66.3713228058655,11.9729695195726));
#2568=CARTESIAN_POINT('Origin',(84.,117.000001370907,-39.8323969741913));
#2569=CARTESIAN_POINT('',(90.,112.000001370907,-25.));
#2570=CARTESIAN_POINT('',(100.,112.000001370907,-39.8323969741913));
#2571=CARTESIAN_POINT('Origin',(84.,112.000001370907,-39.8323969741913));
#2572=CARTESIAN_POINT('',(100.,122.000001370907,-39.8323969741913));
#2573=CARTESIAN_POINT('',(100.,117.000001370907,-39.8323969741913));
#2574=CARTESIAN_POINT('',(90.,122.000001370907,-25.));
#2575=CARTESIAN_POINT('Origin',(84.,122.000001370907,-39.8323969741913));
#2576=CARTESIAN_POINT('',(90.,117.000001370907,-25.));
#2577=CARTESIAN_POINT('Origin',(41.9999999552965,122.000001370907,-34.9999999254942));
#2578=CARTESIAN_POINT('',(100.,122.000001370907,-90.));
#2579=CARTESIAN_POINT('',(100.,122.000001370907,-90.));
#2580=CARTESIAN_POINT('',(-35.,122.000001370907,-90.));
#2581=CARTESIAN_POINT('',(-35.,122.000001370907,-90.));
#2582=CARTESIAN_POINT('',(-35.,122.000001370907,-80.));
#2583=CARTESIAN_POINT('',(-35.,122.000001370907,-35.));
#2584=CARTESIAN_POINT('',(-35.506038992537,122.000001370907,-80.));
#2585=CARTESIAN_POINT('',(90.,122.000001370907,-80.));
#2586=CARTESIAN_POINT('',(-35.506038992537,122.000001370907,10.0000001490116));
#2587=CARTESIAN_POINT('',(-35.506038992537,122.000001370907,-80.));
#2588=CARTESIAN_POINT('',(-6.00000008940697,122.000001370907,10.0000001490116));
#2589=CARTESIAN_POINT('',(-35.506038992537,122.000001370907,10.0000001490116));
#2590=CARTESIAN_POINT('',(22.424863463029,122.000001370907,-0.36323138895036));
#2591=CARTESIAN_POINT('',(51.2500008046627,122.000001370907,-75.5000011250376));
#2592=CARTESIAN_POINT('Origin',(54.0000008046627,122.000001370907,-75.5000011250376));
#2593=CARTESIAN_POINT('',(51.2500000000001,122.000001370907,-43.427654565991));
#2594=CARTESIAN_POINT('Origin',(54.0000000000001,122.000001370907,-43.427654565991));
#2595=CARTESIAN_POINT('',(83.2500012814999,122.000001370907,-75.5000011250376));
#2596=CARTESIAN_POINT('Origin',(86.0000012814999,122.000001370907,-75.5000011250376));
#2597=CARTESIAN_POINT('',(83.2500012814999,122.000001370907,-43.5000006482005));
#2598=CARTESIAN_POINT('Origin',(86.0000012814999,122.000001370907,-43.5000006482005));
#2599=CARTESIAN_POINT('Origin',(100.,122.000001370907,-90.));
#2600=CARTESIAN_POINT('',(100.,112.000001370907,-90.));
#2601=CARTESIAN_POINT('',(100.,112.000001370907,-90.));
#2602=CARTESIAN_POINT('',(100.,122.000001370907,-90.));
#2603=CARTESIAN_POINT('Origin',(-35.,122.000001370907,-35.));
#2604=CARTESIAN_POINT('',(-35.,112.000001370907,-80.));
#2605=CARTESIAN_POINT('',(-35.,107.000001370907,-80.));
#2606=CARTESIAN_POINT('',(-35.,112.000001370907,-90.));
#2607=CARTESIAN_POINT('',(-35.,122.000001370907,-90.));
#2608=CARTESIAN_POINT('',(-35.,112.000001370907,-35.));
#2609=CARTESIAN_POINT('Origin',(-35.,122.000001370907,-90.));
#2610=CARTESIAN_POINT('',(-35.,112.000001370907,-90.));
#2611=CARTESIAN_POINT('Origin',(-6.00000008940697,92.0000013709068,-80.));
#2612=CARTESIAN_POINT('',(-6.00000008940697,112.000001370907,-80.));
#2613=CARTESIAN_POINT('',(13.2499999552965,112.000001370907,-80.));
#2614=CARTESIAN_POINT('',(-6.00000008940697,92.0000013709068,-80.));
#2615=CARTESIAN_POINT('',(-6.00000008940697,92.0000013709068,-80.));
#2616=CARTESIAN_POINT('',(-35.506038992537,92.0000013709068,-80.));
#2617=CARTESIAN_POINT('',(90.,92.0000013709068,-80.));
#2618=CARTESIAN_POINT('',(-35.506038992537,92.0000013709068,-80.));
#2619=CARTESIAN_POINT('Origin',(41.9999999552965,112.000001370907,-34.9999999254942));
#2620=CARTESIAN_POINT('',(-6.00000008940697,112.000001370907,10.0000001490116));
#2621=CARTESIAN_POINT('',(22.424863463029,112.000001370907,-0.36323138895036));
#2622=CARTESIAN_POINT('',(-6.00000008940697,112.000001370907,-12.4999998882413));
#2623=CARTESIAN_POINT('',(51.2500008046627,112.000001370907,-75.5000011250376));
#2624=CARTESIAN_POINT('Origin',(54.0000008046627,112.000001370907,-75.5000011250376));
#2625=CARTESIAN_POINT('',(51.2500000000001,112.000001370907,-43.427654565991));
#2626=CARTESIAN_POINT('Origin',(54.0000000000001,112.000001370907,-43.427654565991));
#2627=CARTESIAN_POINT('',(83.2500012814999,112.000001370907,-75.5000011250376));
#2628=CARTESIAN_POINT('Origin',(86.0000012814999,112.000001370907,-75.5000011250376));
#2629=CARTESIAN_POINT('',(83.2500012814999,112.000001370907,-43.5000006482005));
#2630=CARTESIAN_POINT('Origin',(86.0000012814999,112.000001370907,-43.5000006482005));
#2631=CARTESIAN_POINT('Origin',(-6.00000008940697,122.000001370907,10.0000001490116));
#2632=CARTESIAN_POINT('',(-6.00000008940697,107.000001370907,10.0000001490116));
#2633=CARTESIAN_POINT('Origin',(-35.506038992537,92.0000013709068,10.0000001490116));
#2634=CARTESIAN_POINT('',(-35.506038992537,92.0000013709068,10.0000001490116));
#2635=CARTESIAN_POINT('',(-35.506038992537,92.0000013709068,10.0000001490116));
#2636=CARTESIAN_POINT('',(-6.00000008940697,92.0000013709068,10.0000001490116));
#2637=CARTESIAN_POINT('',(-35.506038992537,92.0000013709068,10.0000001490116));
#2638=CARTESIAN_POINT('',(-6.00000008940697,92.0000013709068,10.0000001490116));
#2639=CARTESIAN_POINT('Origin',(86.0000012814999,103.9659360925,-43.5000006482005));
#2640=CARTESIAN_POINT('',(83.2500012814999,103.9659360925,-43.5000006482005));
#2641=CARTESIAN_POINT('Origin',(86.0000012814999,103.9659360925,-75.5000011250376));
#2642=CARTESIAN_POINT('',(83.2500012814999,103.9659360925,-75.5000011250376));
#2643=CARTESIAN_POINT('Origin',(54.0000000000001,103.9659360925,-43.427654565991));
#2644=CARTESIAN_POINT('',(51.2500000000001,103.9659360925,-43.427654565991));
#2645=CARTESIAN_POINT('Origin',(54.0000008046627,103.9659360925,-75.5000011250376));
#2646=CARTESIAN_POINT('',(51.2500008046627,103.9659360925,-75.5000011250376));
#2647=CARTESIAN_POINT('Origin',(-35.506038992537,92.0000013709068,-80.));
#2648=CARTESIAN_POINT('',(-35.506038992537,92.0000013709068,-80.));
#2649=CARTESIAN_POINT('Origin',(-6.00000008940697,92.0000013709068,10.0000001490116));
#2650=CARTESIAN_POINT('',(-6.00000008940697,92.0000013709068,10.0000001490116));
#2651=CARTESIAN_POINT('Origin',(-20.753019540972,92.0000013709068,-34.9999999254942));
#2652=UNCERTAINTY_MEASURE_WITH_UNIT(LENGTH_MEASURE(0.01),#2656,
'DISTANCE_ACCURACY_VALUE',
'Maximum model space distance between geometric entities at asserted c
onnectivities');
#2653=UNCERTAINTY_MEASURE_WITH_UNIT(LENGTH_MEASURE(0.01),#2656,
'DISTANCE_ACCURACY_VALUE',
'Maximum model space distance between geometric entities at asserted c
onnectivities');
#2654=(
GEOMETRIC_REPRESENTATION_CONTEXT(3)
GLOBAL_UNCERTAINTY_ASSIGNED_CONTEXT((#2652))
GLOBAL_UNIT_ASSIGNED_CONTEXT((#2656,#2658,#2659))
REPRESENTATION_CONTEXT('','3D')
);
#2655=(
GEOMETRIC_REPRESENTATION_CONTEXT(3)
GLOBAL_UNCERTAINTY_ASSIGNED_CONTEXT((#2653))
GLOBAL_UNIT_ASSIGNED_CONTEXT((#2656,#2658,#2659))
REPRESENTATION_CONTEXT('','3D')
);
#2656=(
LENGTH_UNIT()
NAMED_UNIT(*)
SI_UNIT(.MILLI.,.METRE.)
);
#2657=(
LENGTH_UNIT()
NAMED_UNIT(*)
SI_UNIT($,.METRE.)
);
#2658=(
NAMED_UNIT(*)
PLANE_ANGLE_UNIT()
SI_UNIT($,.RADIAN.)
);
#2659=(
NAMED_UNIT(*)
SI_UNIT($,.STERADIAN.)
SOLID_ANGLE_UNIT()
);
#2660=SHAPE_DEFINITION_REPRESENTATION(#2661,#2662);
#2661=PRODUCT_DEFINITION_SHAPE('',$,#2664);
#2662=SHAPE_REPRESENTATION('',(#1645),#2654);
#2663=PRODUCT_DEFINITION_CONTEXT('part definition',#2668,'design');
#2664=PRODUCT_DEFINITION('2025-12-27-18-41-14-330',
'X carriage print file',#2665,#2663);
#2665=PRODUCT_DEFINITION_FORMATION('',$,#2670);
#2666=PRODUCT_RELATED_PRODUCT_CATEGORY('X carriage print file',
'X carriage print file',(#2670));
#2667=APPLICATION_PROTOCOL_DEFINITION('international standard',
'automotive_design',2009,#2668);
#2668=APPLICATION_CONTEXT(
'Core Data for Automotive Mechanical Design Process');
#2669=PRODUCT_CONTEXT('part definition',#2668,'mechanical');
#2670=PRODUCT('2025-12-27-18-41-14-330','X carriage print file',$,(#2669));
#2671=PRESENTATION_STYLE_ASSIGNMENT((#2672));
#2672=SURFACE_STYLE_USAGE(.BOTH.,#2673);
#2673=SURFACE_SIDE_STYLE('',(#2674));
#2674=SURFACE_STYLE_FILL_AREA(#2675);
#2675=FILL_AREA_STYLE('Steel - Satin',(#2676));
#2676=FILL_AREA_STYLE_COLOUR('Steel - Satin',#2677);
#2677=COLOUR_RGB('Steel - Satin',0.627450980392157,0.627450980392157,0.627450980392157);
ENDSEC;
END-ISO-10303-21;
