ISO-10303-21;
HEADER;
/* Generated by software containing ST-Developer
 * from STEP Tools, Inc. (www.steptools.com) 
 */

FILE_DESCRIPTION(
/* description */ (''),
/* implementation_level */ '2;1');

FILE_NAME(
/* name */ 'Extruder coupling.step',
/* time_stamp */ '2025-12-30T18:39:53+11:00',
/* author */ (''),
/* organization */ (''),
/* preprocessor_version */ 'ST-DEVELOPER v20.1',
/* originating_system */ 'Autodesk Translation Framework v14.21.0.0',
/* authorisation */ '');

FILE_SCHEMA (('AUTOMOTIVE_DESIGN { 1 0 10303 214 3 1 1 }'));
ENDSEC;

DATA;
#10=MECHANICAL_DESIGN_GEOMETRIC_PRESENTATION_REPRESENTATION('',(#13,#14),
#2952);
#11=SHAPE_REPRESENTATION_RELATIONSHIP('SRR','None',#2959,#12);
#12=ADVANCED_BREP_SHAPE_REPRESENTATION('',(#15,#16),#2951);
#13=STYLED_ITEM('',(#2968),#15);
#14=STYLED_ITEM('',(#2968),#16);
#15=MANIFOLD_SOLID_BREP('Body1',#1795);
#16=MANIFOLD_SOLID_BREP('Body2',#1796);
#17=CYLINDRICAL_SURFACE('',#1816,1.25);
#18=CYLINDRICAL_SURFACE('',#1818,1.25);
#19=CYLINDRICAL_SURFACE('',#1868,3.);
#20=CYLINDRICAL_SURFACE('',#1869,3.);
#21=CYLINDRICAL_SURFACE('',#1878,3.);
#22=CYLINDRICAL_SURFACE('',#1886,2.7);
#23=CYLINDRICAL_SURFACE('',#1887,2.7);
#24=CYLINDRICAL_SURFACE('',#1888,2.7);
#25=CYLINDRICAL_SURFACE('',#1892,3.);
#26=CYLINDRICAL_SURFACE('',#1893,3.);
#27=CYLINDRICAL_SURFACE('',#1894,3.);
#28=CYLINDRICAL_SURFACE('',#1895,3.);
#29=CYLINDRICAL_SURFACE('',#1896,3.);
#30=CYLINDRICAL_SURFACE('',#1897,3.);
#31=CYLINDRICAL_SURFACE('',#1898,3.);
#32=CYLINDRICAL_SURFACE('',#1899,3.);
#33=CYLINDRICAL_SURFACE('',#1900,3.);
#34=CYLINDRICAL_SURFACE('',#1905,1.25);
#35=CYLINDRICAL_SURFACE('',#1908,1.25);
#36=CYLINDRICAL_SURFACE('',#1935,3.);
#37=CYLINDRICAL_SURFACE('',#1936,3.);
#38=CYLINDRICAL_SURFACE('',#1937,3.);
#39=CYLINDRICAL_SURFACE('',#1945,2.7);
#40=CYLINDRICAL_SURFACE('',#1947,2.7);
#41=CYLINDRICAL_SURFACE('',#1949,2.7);
#42=CYLINDRICAL_SURFACE('',#1951,3.);
#43=CYLINDRICAL_SURFACE('',#1952,3.);
#44=CYLINDRICAL_SURFACE('',#1954,3.);
#45=FACE_BOUND('',#230,.T.);
#46=FACE_BOUND('',#232,.T.);
#47=FACE_BOUND('',#246,.T.);
#48=FACE_BOUND('',#247,.T.);
#49=FACE_BOUND('',#248,.T.);
#50=FACE_BOUND('',#249,.T.);
#51=FACE_BOUND('',#250,.T.);
#52=FACE_BOUND('',#251,.T.);
#53=FACE_BOUND('',#252,.T.);
#54=FACE_BOUND('',#253,.T.);
#55=FACE_BOUND('',#254,.T.);
#56=FACE_BOUND('',#264,.T.);
#57=FACE_BOUND('',#265,.T.);
#58=FACE_BOUND('',#266,.T.);
#59=FACE_BOUND('',#267,.T.);
#60=FACE_BOUND('',#268,.T.);
#61=FACE_BOUND('',#269,.T.);
#62=FACE_BOUND('',#270,.T.);
#63=FACE_BOUND('',#329,.T.);
#64=FACE_BOUND('',#330,.T.);
#65=FACE_BOUND('',#331,.T.);
#66=FACE_BOUND('',#332,.T.);
#67=FACE_BOUND('',#333,.T.);
#68=FACE_BOUND('',#334,.T.);
#69=FACE_BOUND('',#335,.T.);
#70=FACE_BOUND('',#336,.T.);
#71=FACE_BOUND('',#337,.T.);
#72=FACE_BOUND('',#338,.T.);
#73=FACE_BOUND('',#339,.T.);
#74=FACE_BOUND('',#340,.T.);
#75=FACE_BOUND('',#351,.T.);
#76=FACE_BOUND('',#352,.T.);
#77=FACE_BOUND('',#353,.T.);
#78=FACE_BOUND('',#354,.T.);
#79=FACE_BOUND('',#355,.T.);
#80=FACE_BOUND('',#356,.T.);
#81=CIRCLE('',#1811,1.25);
#82=CIRCLE('',#1813,1.25);
#83=CIRCLE('',#1817,1.25);
#84=CIRCLE('',#1819,1.25);
#85=CIRCLE('',#1825,3.);
#86=CIRCLE('',#1827,3.);
#87=CIRCLE('',#1829,3.);
#88=CIRCLE('',#1831,3.);
#89=CIRCLE('',#1833,2.7);
#90=CIRCLE('',#1834,2.7);
#91=CIRCLE('',#1835,2.7);
#92=CIRCLE('',#1837,3.);
#93=CIRCLE('',#1839,3.);
#94=CIRCLE('',#1841,3.);
#95=CIRCLE('',#1843,3.);
#96=CIRCLE('',#1845,3.);
#97=CIRCLE('',#1847,3.);
#98=CIRCLE('',#1849,3.);
#99=CIRCLE('',#1851,3.);
#100=CIRCLE('',#1853,2.7);
#101=CIRCLE('',#1854,2.7);
#102=CIRCLE('',#1855,2.7);
#103=CIRCLE('',#1862,3.);
#104=CIRCLE('',#1863,3.);
#105=CIRCLE('',#1865,3.);
#106=CIRCLE('',#1866,3.);
#107=CIRCLE('',#1873,3.);
#108=CIRCLE('',#1874,3.);
#109=CIRCLE('',#1876,3.);
#110=CIRCLE('',#1877,3.);
#111=CIRCLE('',#1881,3.);
#112=CIRCLE('',#1882,3.);
#113=CIRCLE('',#1884,3.);
#114=CIRCLE('',#1885,3.);
#115=CIRCLE('',#1906,1.25);
#116=CIRCLE('',#1907,1.25);
#117=CIRCLE('',#1909,1.25);
#118=CIRCLE('',#1910,1.25);
#119=CIRCLE('',#1912,3.);
#120=CIRCLE('',#1914,3.);
#121=CIRCLE('',#1916,3.);
#122=CIRCLE('',#1918,3.);
#123=CIRCLE('',#1920,3.);
#124=CIRCLE('',#1922,3.);
#125=CIRCLE('',#1924,3.);
#126=CIRCLE('',#1926,3.);
#127=CIRCLE('',#1928,3.);
#128=CIRCLE('',#1930,3.);
#129=CIRCLE('',#1932,3.);
#130=CIRCLE('',#1934,3.);
#131=CIRCLE('',#1942,2.7);
#132=CIRCLE('',#1943,2.7);
#133=CIRCLE('',#1944,2.7);
#134=CIRCLE('',#1946,2.7);
#135=CIRCLE('',#1948,2.7);
#136=CIRCLE('',#1950,2.7);
#137=FACE_OUTER_BOUND('',#229,.T.);
#138=FACE_OUTER_BOUND('',#231,.T.);
#139=FACE_OUTER_BOUND('',#233,.T.);
#140=FACE_OUTER_BOUND('',#234,.T.);
#141=FACE_OUTER_BOUND('',#235,.T.);
#142=FACE_OUTER_BOUND('',#236,.T.);
#143=FACE_OUTER_BOUND('',#237,.T.);
#144=FACE_OUTER_BOUND('',#238,.T.);
#145=FACE_OUTER_BOUND('',#239,.T.);
#146=FACE_OUTER_BOUND('',#240,.T.);
#147=FACE_OUTER_BOUND('',#241,.T.);
#148=FACE_OUTER_BOUND('',#242,.T.);
#149=FACE_OUTER_BOUND('',#243,.T.);
#150=FACE_OUTER_BOUND('',#244,.T.);
#151=FACE_OUTER_BOUND('',#245,.T.);
#152=FACE_OUTER_BOUND('',#255,.T.);
#153=FACE_OUTER_BOUND('',#256,.T.);
#154=FACE_OUTER_BOUND('',#257,.T.);
#155=FACE_OUTER_BOUND('',#258,.T.);
#156=FACE_OUTER_BOUND('',#259,.T.);
#157=FACE_OUTER_BOUND('',#260,.T.);
#158=FACE_OUTER_BOUND('',#261,.T.);
#159=FACE_OUTER_BOUND('',#262,.T.);
#160=FACE_OUTER_BOUND('',#263,.T.);
#161=FACE_OUTER_BOUND('',#271,.T.);
#162=FACE_OUTER_BOUND('',#272,.T.);
#163=FACE_OUTER_BOUND('',#273,.T.);
#164=FACE_OUTER_BOUND('',#274,.T.);
#165=FACE_OUTER_BOUND('',#275,.T.);
#166=FACE_OUTER_BOUND('',#276,.T.);
#167=FACE_OUTER_BOUND('',#277,.T.);
#168=FACE_OUTER_BOUND('',#278,.T.);
#169=FACE_OUTER_BOUND('',#279,.T.);
#170=FACE_OUTER_BOUND('',#280,.T.);
#171=FACE_OUTER_BOUND('',#281,.T.);
#172=FACE_OUTER_BOUND('',#282,.T.);
#173=FACE_OUTER_BOUND('',#283,.T.);
#174=FACE_OUTER_BOUND('',#284,.T.);
#175=FACE_OUTER_BOUND('',#285,.T.);
#176=FACE_OUTER_BOUND('',#286,.T.);
#177=FACE_OUTER_BOUND('',#287,.T.);
#178=FACE_OUTER_BOUND('',#288,.T.);
#179=FACE_OUTER_BOUND('',#289,.T.);
#180=FACE_OUTER_BOUND('',#290,.T.);
#181=FACE_OUTER_BOUND('',#291,.T.);
#182=FACE_OUTER_BOUND('',#292,.T.);
#183=FACE_OUTER_BOUND('',#293,.T.);
#184=FACE_OUTER_BOUND('',#294,.T.);
#185=FACE_OUTER_BOUND('',#295,.T.);
#186=FACE_OUTER_BOUND('',#296,.T.);
#187=FACE_OUTER_BOUND('',#297,.T.);
#188=FACE_OUTER_BOUND('',#298,.T.);
#189=FACE_OUTER_BOUND('',#299,.T.);
#190=FACE_OUTER_BOUND('',#300,.T.);
#191=FACE_OUTER_BOUND('',#301,.T.);
#192=FACE_OUTER_BOUND('',#302,.T.);
#193=FACE_OUTER_BOUND('',#303,.T.);
#194=FACE_OUTER_BOUND('',#304,.T.);
#195=FACE_OUTER_BOUND('',#305,.T.);
#196=FACE_OUTER_BOUND('',#306,.T.);
#197=FACE_OUTER_BOUND('',#307,.T.);
#198=FACE_OUTER_BOUND('',#308,.T.);
#199=FACE_OUTER_BOUND('',#309,.T.);
#200=FACE_OUTER_BOUND('',#310,.T.);
#201=FACE_OUTER_BOUND('',#311,.T.);
#202=FACE_OUTER_BOUND('',#312,.T.);
#203=FACE_OUTER_BOUND('',#313,.T.);
#204=FACE_OUTER_BOUND('',#314,.T.);
#205=FACE_OUTER_BOUND('',#315,.T.);
#206=FACE_OUTER_BOUND('',#316,.T.);
#207=FACE_OUTER_BOUND('',#317,.T.);
#208=FACE_OUTER_BOUND('',#318,.T.);
#209=FACE_OUTER_BOUND('',#319,.T.);
#210=FACE_OUTER_BOUND('',#320,.T.);
#211=FACE_OUTER_BOUND('',#321,.T.);
#212=FACE_OUTER_BOUND('',#322,.T.);
#213=FACE_OUTER_BOUND('',#323,.T.);
#214=FACE_OUTER_BOUND('',#324,.T.);
#215=FACE_OUTER_BOUND('',#325,.T.);
#216=FACE_OUTER_BOUND('',#326,.T.);
#217=FACE_OUTER_BOUND('',#327,.T.);
#218=FACE_OUTER_BOUND('',#328,.T.);
#219=FACE_OUTER_BOUND('',#341,.T.);
#220=FACE_OUTER_BOUND('',#342,.T.);
#221=FACE_OUTER_BOUND('',#343,.T.);
#222=FACE_OUTER_BOUND('',#344,.T.);
#223=FACE_OUTER_BOUND('',#345,.T.);
#224=FACE_OUTER_BOUND('',#346,.T.);
#225=FACE_OUTER_BOUND('',#347,.T.);
#226=FACE_OUTER_BOUND('',#348,.T.);
#227=FACE_OUTER_BOUND('',#349,.T.);
#228=FACE_OUTER_BOUND('',#350,.T.);
#229=EDGE_LOOP('',(#1147,#1148,#1149,#1150));
#230=EDGE_LOOP('',(#1151));
#231=EDGE_LOOP('',(#1152,#1153,#1154,#1155));
#232=EDGE_LOOP('',(#1156));
#233=EDGE_LOOP('',(#1157,#1158,#1159,#1160));
#234=EDGE_LOOP('',(#1161,#1162,#1163,#1164,#1165,#1166,#1167,#1168));
#235=EDGE_LOOP('',(#1169,#1170,#1171,#1172));
#236=EDGE_LOOP('',(#1173,#1174,#1175,#1176));
#237=EDGE_LOOP('',(#1177,#1178,#1179,#1180));
#238=EDGE_LOOP('',(#1181,#1182,#1183,#1184,#1185,#1186,#1187,#1188));
#239=EDGE_LOOP('',(#1189,#1190,#1191,#1192));
#240=EDGE_LOOP('',(#1193,#1194,#1195,#1196));
#241=EDGE_LOOP('',(#1197,#1198));
#242=EDGE_LOOP('',(#1199,#1200));
#243=EDGE_LOOP('',(#1201,#1202));
#244=EDGE_LOOP('',(#1203,#1204));
#245=EDGE_LOOP('',(#1205,#1206,#1207,#1208,#1209,#1210));
#246=EDGE_LOOP('',(#1211,#1212,#1213,#1214));
#247=EDGE_LOOP('',(#1215));
#248=EDGE_LOOP('',(#1216));
#249=EDGE_LOOP('',(#1217,#1218,#1219,#1220,#1221,#1222,#1223,#1224,#1225,
#1226,#1227,#1228,#1229,#1230,#1231,#1232,#1233,#1234,#1235,#1236));
#250=EDGE_LOOP('',(#1237,#1238,#1239,#1240,#1241,#1242,#1243,#1244,#1245,
#1246,#1247,#1248,#1249,#1250,#1251,#1252,#1253,#1254,#1255,#1256));
#251=EDGE_LOOP('',(#1257));
#252=EDGE_LOOP('',(#1258));
#253=EDGE_LOOP('',(#1259));
#254=EDGE_LOOP('',(#1260,#1261,#1262,#1263,#1264,#1265,#1266,#1267,#1268,
#1269,#1270,#1271,#1272,#1273,#1274,#1275,#1276,#1277,#1278,#1279));
#255=EDGE_LOOP('',(#1280,#1281));
#256=EDGE_LOOP('',(#1282,#1283));
#257=EDGE_LOOP('',(#1284,#1285));
#258=EDGE_LOOP('',(#1286,#1287));
#259=EDGE_LOOP('',(#1288,#1289));
#260=EDGE_LOOP('',(#1290,#1291));
#261=EDGE_LOOP('',(#1292,#1293));
#262=EDGE_LOOP('',(#1294,#1295));
#263=EDGE_LOOP('',(#1296,#1297,#1298,#1299,#1300,#1301));
#264=EDGE_LOOP('',(#1302,#1303,#1304,#1305));
#265=EDGE_LOOP('',(#1306));
#266=EDGE_LOOP('',(#1307));
#267=EDGE_LOOP('',(#1308));
#268=EDGE_LOOP('',(#1309,#1310,#1311,#1312));
#269=EDGE_LOOP('',(#1313,#1314,#1315,#1316));
#270=EDGE_LOOP('',(#1317,#1318,#1319,#1320));
#271=EDGE_LOOP('',(#1321,#1322,#1323,#1324));
#272=EDGE_LOOP('',(#1325,#1326,#1327,#1328));
#273=EDGE_LOOP('',(#1329,#1330,#1331,#1332));
#274=EDGE_LOOP('',(#1333,#1334,#1335,#1336));
#275=EDGE_LOOP('',(#1337,#1338,#1339,#1340));
#276=EDGE_LOOP('',(#1341,#1342,#1343,#1344,#1345,#1346,#1347,#1348));
#277=EDGE_LOOP('',(#1349,#1350,#1351,#1352,#1353,#1354,#1355,#1356));
#278=EDGE_LOOP('',(#1357,#1358,#1359,#1360));
#279=EDGE_LOOP('',(#1361,#1362,#1363,#1364));
#280=EDGE_LOOP('',(#1365,#1366,#1367,#1368));
#281=EDGE_LOOP('',(#1369,#1370,#1371,#1372));
#282=EDGE_LOOP('',(#1373,#1374,#1375,#1376));
#283=EDGE_LOOP('',(#1377,#1378,#1379,#1380,#1381,#1382,#1383,#1384));
#284=EDGE_LOOP('',(#1385,#1386,#1387,#1388,#1389,#1390,#1391,#1392));
#285=EDGE_LOOP('',(#1393,#1394,#1395,#1396));
#286=EDGE_LOOP('',(#1397,#1398,#1399,#1400));
#287=EDGE_LOOP('',(#1401,#1402,#1403,#1404,#1405,#1406,#1407,#1408));
#288=EDGE_LOOP('',(#1409,#1410,#1411,#1412,#1413,#1414,#1415,#1416));
#289=EDGE_LOOP('',(#1417,#1418,#1419,#1420));
#290=EDGE_LOOP('',(#1421,#1422,#1423,#1424));
#291=EDGE_LOOP('',(#1425,#1426,#1427,#1428));
#292=EDGE_LOOP('',(#1429,#1430,#1431,#1432));
#293=EDGE_LOOP('',(#1433,#1434,#1435,#1436));
#294=EDGE_LOOP('',(#1437,#1438,#1439,#1440));
#295=EDGE_LOOP('',(#1441,#1442,#1443,#1444));
#296=EDGE_LOOP('',(#1445,#1446,#1447,#1448));
#297=EDGE_LOOP('',(#1449,#1450,#1451,#1452));
#298=EDGE_LOOP('',(#1453,#1454,#1455,#1456));
#299=EDGE_LOOP('',(#1457,#1458,#1459,#1460));
#300=EDGE_LOOP('',(#1461,#1462,#1463,#1464));
#301=EDGE_LOOP('',(#1465,#1466,#1467,#1468));
#302=EDGE_LOOP('',(#1469,#1470,#1471,#1472));
#303=EDGE_LOOP('',(#1473,#1474,#1475,#1476));
#304=EDGE_LOOP('',(#1477,#1478,#1479,#1480));
#305=EDGE_LOOP('',(#1481,#1482,#1483,#1484));
#306=EDGE_LOOP('',(#1485,#1486,#1487,#1488));
#307=EDGE_LOOP('',(#1489,#1490,#1491,#1492));
#308=EDGE_LOOP('',(#1493,#1494,#1495,#1496));
#309=EDGE_LOOP('',(#1497,#1498,#1499,#1500));
#310=EDGE_LOOP('',(#1501,#1502));
#311=EDGE_LOOP('',(#1503,#1504));
#312=EDGE_LOOP('',(#1505,#1506));
#313=EDGE_LOOP('',(#1507,#1508));
#314=EDGE_LOOP('',(#1509,#1510));
#315=EDGE_LOOP('',(#1511,#1512));
#316=EDGE_LOOP('',(#1513,#1514));
#317=EDGE_LOOP('',(#1515,#1516));
#318=EDGE_LOOP('',(#1517,#1518));
#319=EDGE_LOOP('',(#1519,#1520));
#320=EDGE_LOOP('',(#1521,#1522));
#321=EDGE_LOOP('',(#1523,#1524));
#322=EDGE_LOOP('',(#1525,#1526,#1527,#1528));
#323=EDGE_LOOP('',(#1529,#1530,#1531,#1532));
#324=EDGE_LOOP('',(#1533,#1534,#1535,#1536));
#325=EDGE_LOOP('',(#1537,#1538,#1539,#1540));
#326=EDGE_LOOP('',(#1541,#1542,#1543,#1544));
#327=EDGE_LOOP('',(#1545,#1546,#1547,#1548));
#328=EDGE_LOOP('',(#1549,#1550,#1551,#1552,#1553,#1554));
#329=EDGE_LOOP('',(#1555,#1556,#1557,#1558));
#330=EDGE_LOOP('',(#1559));
#331=EDGE_LOOP('',(#1560));
#332=EDGE_LOOP('',(#1561,#1562,#1563,#1564));
#333=EDGE_LOOP('',(#1565,#1566,#1567,#1568));
#334=EDGE_LOOP('',(#1569,#1570,#1571,#1572));
#335=EDGE_LOOP('',(#1573,#1574,#1575,#1576));
#336=EDGE_LOOP('',(#1577,#1578,#1579,#1580));
#337=EDGE_LOOP('',(#1581,#1582,#1583,#1584));
#338=EDGE_LOOP('',(#1585));
#339=EDGE_LOOP('',(#1586));
#340=EDGE_LOOP('',(#1587));
#341=EDGE_LOOP('',(#1588,#1589,#1590,#1591));
#342=EDGE_LOOP('',(#1592,#1593,#1594,#1595));
#343=EDGE_LOOP('',(#1596,#1597,#1598,#1599));
#344=EDGE_LOOP('',(#1600,#1601,#1602,#1603));
#345=EDGE_LOOP('',(#1604,#1605,#1606,#1607));
#346=EDGE_LOOP('',(#1608,#1609,#1610,#1611));
#347=EDGE_LOOP('',(#1612,#1613,#1614,#1615));
#348=EDGE_LOOP('',(#1616,#1617,#1618,#1619));
#349=EDGE_LOOP('',(#1620,#1621,#1622,#1623));
#350=EDGE_LOOP('',(#1624,#1625,#1626,#1627,#1628,#1629));
#351=EDGE_LOOP('',(#1630,#1631,#1632,#1633));
#352=EDGE_LOOP('',(#1634));
#353=EDGE_LOOP('',(#1635));
#354=EDGE_LOOP('',(#1636));
#355=EDGE_LOOP('',(#1637));
#356=EDGE_LOOP('',(#1638));
#357=LINE('',#2450,#547);
#358=LINE('',#2452,#548);
#359=LINE('',#2454,#549);
#360=LINE('',#2455,#550);
#361=LINE('',#2461,#551);
#362=LINE('',#2463,#552);
#363=LINE('',#2465,#553);
#364=LINE('',#2466,#554);
#365=LINE('',#2471,#555);
#366=LINE('',#2473,#556);
#367=LINE('',#2474,#557);
#368=LINE('',#2477,#558);
#369=LINE('',#2478,#559);
#370=LINE('',#2480,#560);
#371=LINE('',#2482,#561);
#372=LINE('',#2483,#562);
#373=LINE('',#2486,#563);
#374=LINE('',#2490,#564);
#375=LINE('',#2494,#565);
#376=LINE('',#2495,#566);
#377=LINE('',#2499,#567);
#378=LINE('',#2500,#568);
#379=LINE('',#2501,#569);
#380=LINE('',#2502,#570);
#381=LINE('',#2504,#571);
#382=LINE('',#2506,#572);
#383=LINE('',#2510,#573);
#384=LINE('',#2515,#574);
#385=LINE('',#2520,#575);
#386=LINE('',#2525,#576);
#387=LINE('',#2530,#577);
#388=LINE('',#2532,#578);
#389=LINE('',#2534,#579);
#390=LINE('',#2536,#580);
#391=LINE('',#2538,#581);
#392=LINE('',#2539,#582);
#393=LINE('',#2542,#583);
#394=LINE('',#2544,#584);
#395=LINE('',#2546,#585);
#396=LINE('',#2548,#586);
#397=LINE('',#2550,#587);
#398=LINE('',#2552,#588);
#399=LINE('',#2554,#589);
#400=LINE('',#2556,#590);
#401=LINE('',#2558,#591);
#402=LINE('',#2560,#592);
#403=LINE('',#2562,#593);
#404=LINE('',#2564,#594);
#405=LINE('',#2566,#595);
#406=LINE('',#2568,#596);
#407=LINE('',#2570,#597);
#408=LINE('',#2572,#598);
#409=LINE('',#2574,#599);
#410=LINE('',#2576,#600);
#411=LINE('',#2578,#601);
#412=LINE('',#2579,#602);
#413=LINE('',#2582,#603);
#414=LINE('',#2584,#604);
#415=LINE('',#2586,#605);
#416=LINE('',#2588,#606);
#417=LINE('',#2590,#607);
#418=LINE('',#2592,#608);
#419=LINE('',#2594,#609);
#420=LINE('',#2596,#610);
#421=LINE('',#2598,#611);
#422=LINE('',#2600,#612);
#423=LINE('',#2602,#613);
#424=LINE('',#2604,#614);
#425=LINE('',#2606,#615);
#426=LINE('',#2608,#616);
#427=LINE('',#2610,#617);
#428=LINE('',#2612,#618);
#429=LINE('',#2614,#619);
#430=LINE('',#2616,#620);
#431=LINE('',#2618,#621);
#432=LINE('',#2619,#622);
#433=LINE('',#2627,#623);
#434=LINE('',#2629,#624);
#435=LINE('',#2631,#625);
#436=LINE('',#2632,#626);
#437=LINE('',#2634,#627);
#438=LINE('',#2636,#628);
#439=LINE('',#2638,#629);
#440=LINE('',#2640,#630);
#441=LINE('',#2641,#631);
#442=LINE('',#2643,#632);
#443=LINE('',#2645,#633);
#444=LINE('',#2646,#634);
#445=LINE('',#2648,#635);
#446=LINE('',#2650,#636);
#447=LINE('',#2652,#637);
#448=LINE('',#2653,#638);
#449=LINE('',#2673,#639);
#450=LINE('',#2675,#640);
#451=LINE('',#2677,#641);
#452=LINE('',#2679,#642);
#453=LINE('',#2681,#643);
#454=LINE('',#2682,#644);
#455=LINE('',#2691,#645);
#456=LINE('',#2693,#646);
#457=LINE('',#2695,#647);
#458=LINE('',#2696,#648);
#459=LINE('',#2699,#649);
#460=LINE('',#2701,#650);
#461=LINE('',#2703,#651);
#462=LINE('',#2704,#652);
#463=LINE('',#2707,#653);
#464=LINE('',#2709,#654);
#465=LINE('',#2711,#655);
#466=LINE('',#2712,#656);
#467=LINE('',#2714,#657);
#468=LINE('',#2715,#658);
#469=LINE('',#2717,#659);
#470=LINE('',#2718,#660);
#471=LINE('',#2720,#661);
#472=LINE('',#2721,#662);
#473=LINE('',#2723,#663);
#474=LINE('',#2724,#664);
#475=LINE('',#2726,#665);
#476=LINE('',#2727,#666);
#477=LINE('',#2729,#667);
#478=LINE('',#2733,#668);
#479=LINE('',#2741,#669);
#480=LINE('',#2742,#670);
#481=LINE('',#2751,#671);
#482=LINE('',#2752,#672);
#483=LINE('',#2760,#673);
#484=LINE('',#2762,#674);
#485=LINE('',#2764,#675);
#486=LINE('',#2766,#676);
#487=LINE('',#2768,#677);
#488=LINE('',#2782,#678);
#489=LINE('',#2784,#679);
#490=LINE('',#2786,#680);
#491=LINE('',#2787,#681);
#492=LINE('',#2790,#682);
#493=LINE('',#2792,#683);
#494=LINE('',#2793,#684);
#495=LINE('',#2796,#685);
#496=LINE('',#2798,#686);
#497=LINE('',#2799,#687);
#498=LINE('',#2801,#688);
#499=LINE('',#2802,#689);
#500=LINE('',#2807,#690);
#501=LINE('',#2813,#691);
#502=LINE('',#2818,#692);
#503=LINE('',#2823,#693);
#504=LINE('',#2828,#694);
#505=LINE('',#2833,#695);
#506=LINE('',#2838,#696);
#507=LINE('',#2843,#697);
#508=LINE('',#2848,#698);
#509=LINE('',#2853,#699);
#510=LINE('',#2858,#700);
#511=LINE('',#2863,#701);
#512=LINE('',#2868,#702);
#513=LINE('',#2873,#703);
#514=LINE('',#2876,#704);
#515=LINE('',#2877,#705);
#516=LINE('',#2879,#706);
#517=LINE('',#2880,#707);
#518=LINE('',#2882,#708);
#519=LINE('',#2883,#709);
#520=LINE('',#2887,#710);
#521=LINE('',#2889,#711);
#522=LINE('',#2891,#712);
#523=LINE('',#2892,#713);
#524=LINE('',#2895,#714);
#525=LINE('',#2897,#715);
#526=LINE('',#2898,#716);
#527=LINE('',#2901,#717);
#528=LINE('',#2903,#718);
#529=LINE('',#2904,#719);
#530=LINE('',#2907,#720);
#531=LINE('',#2909,#721);
#532=LINE('',#2910,#722);
#533=LINE('',#2911,#723);
#534=LINE('',#2912,#724);
#535=LINE('',#2913,#725);
#536=LINE('',#2914,#726);
#537=LINE('',#2915,#727);
#538=LINE('',#2916,#728);
#539=LINE('',#2925,#729);
#540=LINE('',#2929,#730);
#541=LINE('',#2933,#731);
#542=LINE('',#2939,#732);
#543=LINE('',#2940,#733);
#544=LINE('',#2944,#734);
#545=LINE('',#2945,#735);
#546=LINE('',#2947,#736);
#547=VECTOR('',#1962,10.);
#548=VECTOR('',#1963,10.);
#549=VECTOR('',#1964,10.);
#550=VECTOR('',#1965,10.);
#551=VECTOR('',#1970,10.);
#552=VECTOR('',#1971,10.);
#553=VECTOR('',#1972,10.);
#554=VECTOR('',#1973,10.);
#555=VECTOR('',#1978,10.);
#556=VECTOR('',#1979,10.);
#557=VECTOR('',#1980,10.);
#558=VECTOR('',#1983,10.);
#559=VECTOR('',#1984,10.);
#560=VECTOR('',#1985,10.);
#561=VECTOR('',#1986,10.);
#562=VECTOR('',#1987,10.);
#563=VECTOR('',#1990,1.25);
#564=VECTOR('',#1995,1.25);
#565=VECTOR('',#2000,10.);
#566=VECTOR('',#2001,10.);
#567=VECTOR('',#2004,10.);
#568=VECTOR('',#2005,10.);
#569=VECTOR('',#2006,10.);
#570=VECTOR('',#2007,10.);
#571=VECTOR('',#2010,10.);
#572=VECTOR('',#2013,10.);
#573=VECTOR('',#2016,10.);
#574=VECTOR('',#2021,10.);
#575=VECTOR('',#2026,10.);
#576=VECTOR('',#2031,10.);
#577=VECTOR('',#2036,10.);
#578=VECTOR('',#2037,10.);
#579=VECTOR('',#2038,10.);
#580=VECTOR('',#2039,10.);
#581=VECTOR('',#2040,10.);
#582=VECTOR('',#2041,10.);
#583=VECTOR('',#2042,10.);
#584=VECTOR('',#2043,10.);
#585=VECTOR('',#2044,10.);
#586=VECTOR('',#2045,10.);
#587=VECTOR('',#2046,10.);
#588=VECTOR('',#2047,10.);
#589=VECTOR('',#2048,10.);
#590=VECTOR('',#2049,10.);
#591=VECTOR('',#2050,10.);
#592=VECTOR('',#2051,10.);
#593=VECTOR('',#2052,10.);
#594=VECTOR('',#2053,10.);
#595=VECTOR('',#2054,10.);
#596=VECTOR('',#2055,10.);
#597=VECTOR('',#2056,10.);
#598=VECTOR('',#2057,10.);
#599=VECTOR('',#2058,10.);
#600=VECTOR('',#2059,10.);
#601=VECTOR('',#2060,10.);
#602=VECTOR('',#2061,10.);
#603=VECTOR('',#2062,10.);
#604=VECTOR('',#2063,10.);
#605=VECTOR('',#2064,10.);
#606=VECTOR('',#2065,10.);
#607=VECTOR('',#2066,10.);
#608=VECTOR('',#2067,10.);
#609=VECTOR('',#2068,10.);
#610=VECTOR('',#2069,10.);
#611=VECTOR('',#2070,10.);
#612=VECTOR('',#2071,10.);
#613=VECTOR('',#2072,10.);
#614=VECTOR('',#2073,10.);
#615=VECTOR('',#2074,10.);
#616=VECTOR('',#2075,10.);
#617=VECTOR('',#2076,10.);
#618=VECTOR('',#2077,10.);
#619=VECTOR('',#2078,10.);
#620=VECTOR('',#2079,10.);
#621=VECTOR('',#2080,10.);
#622=VECTOR('',#2081,10.);
#623=VECTOR('',#2088,10.);
#624=VECTOR('',#2089,10.);
#625=VECTOR('',#2090,10.);
#626=VECTOR('',#2091,10.);
#627=VECTOR('',#2092,10.);
#628=VECTOR('',#2093,10.);
#629=VECTOR('',#2094,10.);
#630=VECTOR('',#2095,10.);
#631=VECTOR('',#2096,10.);
#632=VECTOR('',#2097,10.);
#633=VECTOR('',#2098,10.);
#634=VECTOR('',#2099,10.);
#635=VECTOR('',#2100,10.);
#636=VECTOR('',#2101,10.);
#637=VECTOR('',#2102,10.);
#638=VECTOR('',#2103,10.);
#639=VECTOR('',#2138,10.);
#640=VECTOR('',#2139,10.);
#641=VECTOR('',#2140,10.);
#642=VECTOR('',#2141,10.);
#643=VECTOR('',#2142,10.);
#644=VECTOR('',#2143,10.);
#645=VECTOR('',#2150,10.);
#646=VECTOR('',#2151,10.);
#647=VECTOR('',#2152,10.);
#648=VECTOR('',#2153,10.);
#649=VECTOR('',#2154,10.);
#650=VECTOR('',#2155,10.);
#651=VECTOR('',#2156,10.);
#652=VECTOR('',#2157,10.);
#653=VECTOR('',#2158,10.);
#654=VECTOR('',#2159,10.);
#655=VECTOR('',#2160,10.);
#656=VECTOR('',#2161,10.);
#657=VECTOR('',#2164,10.);
#658=VECTOR('',#2165,10.);
#659=VECTOR('',#2168,10.);
#660=VECTOR('',#2169,10.);
#661=VECTOR('',#2172,10.);
#662=VECTOR('',#2173,10.);
#663=VECTOR('',#2176,10.);
#664=VECTOR('',#2177,10.);
#665=VECTOR('',#2180,10.);
#666=VECTOR('',#2181,10.);
#667=VECTOR('',#2184,10.);
#668=VECTOR('',#2191,10.);
#669=VECTOR('',#2206,10.);
#670=VECTOR('',#2207,10.);
#671=VECTOR('',#2224,10.);
#672=VECTOR('',#2225,10.);
#673=VECTOR('',#2240,2.7);
#674=VECTOR('',#2243,2.7);
#675=VECTOR('',#2246,2.7);
#676=VECTOR('',#2249,10.);
#677=VECTOR('',#2252,10.);
#678=VECTOR('',#2275,10.);
#679=VECTOR('',#2276,10.);
#680=VECTOR('',#2277,10.);
#681=VECTOR('',#2278,10.);
#682=VECTOR('',#2281,10.);
#683=VECTOR('',#2282,10.);
#684=VECTOR('',#2283,10.);
#685=VECTOR('',#2286,10.);
#686=VECTOR('',#2287,10.);
#687=VECTOR('',#2288,10.);
#688=VECTOR('',#2291,10.);
#689=VECTOR('',#2292,10.);
#690=VECTOR('',#2297,1.25);
#691=VECTOR('',#2304,1.25);
#692=VECTOR('',#2309,10.);
#693=VECTOR('',#2314,10.);
#694=VECTOR('',#2319,10.);
#695=VECTOR('',#2324,10.);
#696=VECTOR('',#2329,10.);
#697=VECTOR('',#2334,10.);
#698=VECTOR('',#2339,10.);
#699=VECTOR('',#2344,10.);
#700=VECTOR('',#2349,10.);
#701=VECTOR('',#2354,10.);
#702=VECTOR('',#2359,10.);
#703=VECTOR('',#2364,10.);
#704=VECTOR('',#2369,10.);
#705=VECTOR('',#2370,10.);
#706=VECTOR('',#2373,10.);
#707=VECTOR('',#2374,10.);
#708=VECTOR('',#2377,10.);
#709=VECTOR('',#2378,10.);
#710=VECTOR('',#2381,10.);
#711=VECTOR('',#2382,10.);
#712=VECTOR('',#2383,10.);
#713=VECTOR('',#2384,10.);
#714=VECTOR('',#2387,10.);
#715=VECTOR('',#2388,10.);
#716=VECTOR('',#2389,10.);
#717=VECTOR('',#2392,10.);
#718=VECTOR('',#2393,10.);
#719=VECTOR('',#2394,10.);
#720=VECTOR('',#2397,10.);
#721=VECTOR('',#2398,10.);
#722=VECTOR('',#2399,10.);
#723=VECTOR('',#2400,10.);
#724=VECTOR('',#2401,10.);
#725=VECTOR('',#2402,10.);
#726=VECTOR('',#2403,10.);
#727=VECTOR('',#2404,10.);
#728=VECTOR('',#2405,10.);
#729=VECTOR('',#2414,2.7);
#730=VECTOR('',#2419,2.7);
#731=VECTOR('',#2424,2.7);
#732=VECTOR('',#2433,10.);
#733=VECTOR('',#2434,10.);
#734=VECTOR('',#2439,10.);
#735=VECTOR('',#2440,10.);
#736=VECTOR('',#2443,10.);
#737=VERTEX_POINT('',#2448);
#738=VERTEX_POINT('',#2449);
#739=VERTEX_POINT('',#2451);
#740=VERTEX_POINT('',#2453);
#741=VERTEX_POINT('',#2456);
#742=VERTEX_POINT('',#2459);
#743=VERTEX_POINT('',#2460);
#744=VERTEX_POINT('',#2462);
#745=VERTEX_POINT('',#2464);
#746=VERTEX_POINT('',#2467);
#747=VERTEX_POINT('',#2470);
#748=VERTEX_POINT('',#2472);
#749=VERTEX_POINT('',#2476);
#750=VERTEX_POINT('',#2479);
#751=VERTEX_POINT('',#2481);
#752=VERTEX_POINT('',#2485);
#753=VERTEX_POINT('',#2489);
#754=VERTEX_POINT('',#2493);
#755=VERTEX_POINT('',#2497);
#756=VERTEX_POINT('',#2498);
#757=VERTEX_POINT('',#2508);
#758=VERTEX_POINT('',#2509);
#759=VERTEX_POINT('',#2513);
#760=VERTEX_POINT('',#2514);
#761=VERTEX_POINT('',#2518);
#762=VERTEX_POINT('',#2519);
#763=VERTEX_POINT('',#2523);
#764=VERTEX_POINT('',#2524);
#765=VERTEX_POINT('',#2528);
#766=VERTEX_POINT('',#2529);
#767=VERTEX_POINT('',#2531);
#768=VERTEX_POINT('',#2533);
#769=VERTEX_POINT('',#2535);
#770=VERTEX_POINT('',#2537);
#771=VERTEX_POINT('',#2540);
#772=VERTEX_POINT('',#2541);
#773=VERTEX_POINT('',#2543);
#774=VERTEX_POINT('',#2545);
#775=VERTEX_POINT('',#2547);
#776=VERTEX_POINT('',#2549);
#777=VERTEX_POINT('',#2551);
#778=VERTEX_POINT('',#2553);
#779=VERTEX_POINT('',#2555);
#780=VERTEX_POINT('',#2557);
#781=VERTEX_POINT('',#2559);
#782=VERTEX_POINT('',#2561);
#783=VERTEX_POINT('',#2563);
#784=VERTEX_POINT('',#2565);
#785=VERTEX_POINT('',#2567);
#786=VERTEX_POINT('',#2569);
#787=VERTEX_POINT('',#2571);
#788=VERTEX_POINT('',#2573);
#789=VERTEX_POINT('',#2575);
#790=VERTEX_POINT('',#2577);
#791=VERTEX_POINT('',#2580);
#792=VERTEX_POINT('',#2581);
#793=VERTEX_POINT('',#2583);
#794=VERTEX_POINT('',#2585);
#795=VERTEX_POINT('',#2587);
#796=VERTEX_POINT('',#2589);
#797=VERTEX_POINT('',#2591);
#798=VERTEX_POINT('',#2593);
#799=VERTEX_POINT('',#2595);
#800=VERTEX_POINT('',#2597);
#801=VERTEX_POINT('',#2599);
#802=VERTEX_POINT('',#2601);
#803=VERTEX_POINT('',#2603);
#804=VERTEX_POINT('',#2605);
#805=VERTEX_POINT('',#2607);
#806=VERTEX_POINT('',#2609);
#807=VERTEX_POINT('',#2611);
#808=VERTEX_POINT('',#2613);
#809=VERTEX_POINT('',#2615);
#810=VERTEX_POINT('',#2617);
#811=VERTEX_POINT('',#2620);
#812=VERTEX_POINT('',#2622);
#813=VERTEX_POINT('',#2624);
#814=VERTEX_POINT('',#2626);
#815=VERTEX_POINT('',#2628);
#816=VERTEX_POINT('',#2630);
#817=VERTEX_POINT('',#2633);
#818=VERTEX_POINT('',#2635);
#819=VERTEX_POINT('',#2637);
#820=VERTEX_POINT('',#2639);
#821=VERTEX_POINT('',#2642);
#822=VERTEX_POINT('',#2644);
#823=VERTEX_POINT('',#2647);
#824=VERTEX_POINT('',#2649);
#825=VERTEX_POINT('',#2651);
#826=VERTEX_POINT('',#2671);
#827=VERTEX_POINT('',#2672);
#828=VERTEX_POINT('',#2674);
#829=VERTEX_POINT('',#2676);
#830=VERTEX_POINT('',#2678);
#831=VERTEX_POINT('',#2680);
#832=VERTEX_POINT('',#2683);
#833=VERTEX_POINT('',#2685);
#834=VERTEX_POINT('',#2687);
#835=VERTEX_POINT('',#2689);
#836=VERTEX_POINT('',#2690);
#837=VERTEX_POINT('',#2692);
#838=VERTEX_POINT('',#2694);
#839=VERTEX_POINT('',#2697);
#840=VERTEX_POINT('',#2698);
#841=VERTEX_POINT('',#2700);
#842=VERTEX_POINT('',#2702);
#843=VERTEX_POINT('',#2705);
#844=VERTEX_POINT('',#2706);
#845=VERTEX_POINT('',#2708);
#846=VERTEX_POINT('',#2710);
#847=VERTEX_POINT('',#2780);
#848=VERTEX_POINT('',#2781);
#849=VERTEX_POINT('',#2783);
#850=VERTEX_POINT('',#2785);
#851=VERTEX_POINT('',#2789);
#852=VERTEX_POINT('',#2791);
#853=VERTEX_POINT('',#2795);
#854=VERTEX_POINT('',#2797);
#855=VERTEX_POINT('',#2804);
#856=VERTEX_POINT('',#2806);
#857=VERTEX_POINT('',#2810);
#858=VERTEX_POINT('',#2812);
#859=VERTEX_POINT('',#2816);
#860=VERTEX_POINT('',#2817);
#861=VERTEX_POINT('',#2821);
#862=VERTEX_POINT('',#2822);
#863=VERTEX_POINT('',#2826);
#864=VERTEX_POINT('',#2827);
#865=VERTEX_POINT('',#2831);
#866=VERTEX_POINT('',#2832);
#867=VERTEX_POINT('',#2836);
#868=VERTEX_POINT('',#2837);
#869=VERTEX_POINT('',#2841);
#870=VERTEX_POINT('',#2842);
#871=VERTEX_POINT('',#2846);
#872=VERTEX_POINT('',#2847);
#873=VERTEX_POINT('',#2851);
#874=VERTEX_POINT('',#2852);
#875=VERTEX_POINT('',#2856);
#876=VERTEX_POINT('',#2857);
#877=VERTEX_POINT('',#2861);
#878=VERTEX_POINT('',#2862);
#879=VERTEX_POINT('',#2866);
#880=VERTEX_POINT('',#2867);
#881=VERTEX_POINT('',#2871);
#882=VERTEX_POINT('',#2872);
#883=VERTEX_POINT('',#2885);
#884=VERTEX_POINT('',#2886);
#885=VERTEX_POINT('',#2888);
#886=VERTEX_POINT('',#2890);
#887=VERTEX_POINT('',#2894);
#888=VERTEX_POINT('',#2896);
#889=VERTEX_POINT('',#2900);
#890=VERTEX_POINT('',#2902);
#891=VERTEX_POINT('',#2906);
#892=VERTEX_POINT('',#2908);
#893=VERTEX_POINT('',#2917);
#894=VERTEX_POINT('',#2919);
#895=VERTEX_POINT('',#2921);
#896=VERTEX_POINT('',#2924);
#897=VERTEX_POINT('',#2928);
#898=VERTEX_POINT('',#2932);
#899=VERTEX_POINT('',#2938);
#900=VERTEX_POINT('',#2943);
#901=EDGE_CURVE('',#737,#738,#357,.T.);
#902=EDGE_CURVE('',#739,#737,#358,.T.);
#903=EDGE_CURVE('',#740,#739,#359,.T.);
#904=EDGE_CURVE('',#738,#740,#360,.T.);
#905=EDGE_CURVE('',#741,#741,#81,.T.);
#906=EDGE_CURVE('',#742,#743,#361,.T.);
#907=EDGE_CURVE('',#744,#742,#362,.T.);
#908=EDGE_CURVE('',#745,#744,#363,.T.);
#909=EDGE_CURVE('',#743,#745,#364,.T.);
#910=EDGE_CURVE('',#746,#746,#82,.T.);
#911=EDGE_CURVE('',#742,#747,#365,.T.);
#912=EDGE_CURVE('',#748,#747,#366,.T.);
#913=EDGE_CURVE('',#744,#748,#367,.T.);
#914=EDGE_CURVE('',#739,#749,#368,.T.);
#915=EDGE_CURVE('',#747,#749,#369,.T.);
#916=EDGE_CURVE('',#750,#743,#370,.T.);
#917=EDGE_CURVE('',#751,#750,#371,.T.);
#918=EDGE_CURVE('',#751,#740,#372,.T.);
#919=EDGE_CURVE('',#741,#752,#373,.T.);
#920=EDGE_CURVE('',#752,#752,#83,.T.);
#921=EDGE_CURVE('',#746,#753,#374,.T.);
#922=EDGE_CURVE('',#753,#753,#84,.T.);
#923=EDGE_CURVE('',#737,#754,#375,.T.);
#924=EDGE_CURVE('',#749,#754,#376,.T.);
#925=EDGE_CURVE('',#755,#756,#377,.T.);
#926=EDGE_CURVE('',#755,#745,#378,.T.);
#927=EDGE_CURVE('',#754,#748,#379,.T.);
#928=EDGE_CURVE('',#756,#738,#380,.T.);
#929=EDGE_CURVE('',#750,#755,#381,.T.);
#930=EDGE_CURVE('',#756,#751,#382,.T.);
#931=EDGE_CURVE('',#757,#758,#383,.T.);
#932=EDGE_CURVE('',#758,#757,#85,.T.);
#933=EDGE_CURVE('',#759,#760,#384,.T.);
#934=EDGE_CURVE('',#760,#759,#86,.T.);
#935=EDGE_CURVE('',#761,#762,#385,.T.);
#936=EDGE_CURVE('',#762,#761,#87,.T.);
#937=EDGE_CURVE('',#763,#764,#386,.T.);
#938=EDGE_CURVE('',#764,#763,#88,.T.);
#939=EDGE_CURVE('',#765,#766,#387,.T.);
#940=EDGE_CURVE('',#766,#767,#388,.T.);
#941=EDGE_CURVE('',#767,#768,#389,.T.);
#942=EDGE_CURVE('',#768,#769,#390,.T.);
#943=EDGE_CURVE('',#769,#770,#391,.T.);
#944=EDGE_CURVE('',#770,#765,#392,.T.);
#945=EDGE_CURVE('',#771,#772,#393,.T.);
#946=EDGE_CURVE('',#772,#773,#394,.T.);
#947=EDGE_CURVE('',#773,#774,#395,.T.);
#948=EDGE_CURVE('',#775,#774,#396,.T.);
#949=EDGE_CURVE('',#776,#775,#397,.T.);
#950=EDGE_CURVE('',#777,#776,#398,.T.);
#951=EDGE_CURVE('',#777,#778,#399,.T.);
#952=EDGE_CURVE('',#778,#779,#400,.T.);
#953=EDGE_CURVE('',#779,#780,#401,.T.);
#954=EDGE_CURVE('',#781,#780,#402,.T.);
#955=EDGE_CURVE('',#781,#782,#403,.T.);
#956=EDGE_CURVE('',#782,#783,#404,.T.);
#957=EDGE_CURVE('',#783,#784,#405,.T.);
#958=EDGE_CURVE('',#785,#784,#406,.T.);
#959=EDGE_CURVE('',#786,#785,#407,.T.);
#960=EDGE_CURVE('',#787,#786,#408,.T.);
#961=EDGE_CURVE('',#787,#788,#409,.T.);
#962=EDGE_CURVE('',#788,#789,#410,.T.);
#963=EDGE_CURVE('',#789,#790,#411,.T.);
#964=EDGE_CURVE('',#771,#790,#412,.T.);
#965=EDGE_CURVE('',#791,#792,#413,.T.);
#966=EDGE_CURVE('',#792,#793,#414,.T.);
#967=EDGE_CURVE('',#793,#794,#415,.T.);
#968=EDGE_CURVE('',#795,#794,#416,.T.);
#969=EDGE_CURVE('',#795,#796,#417,.T.);
#970=EDGE_CURVE('',#796,#797,#418,.T.);
#971=EDGE_CURVE('',#797,#798,#419,.T.);
#972=EDGE_CURVE('',#799,#798,#420,.T.);
#973=EDGE_CURVE('',#800,#799,#421,.T.);
#974=EDGE_CURVE('',#801,#800,#422,.T.);
#975=EDGE_CURVE('',#801,#802,#423,.T.);
#976=EDGE_CURVE('',#802,#803,#424,.T.);
#977=EDGE_CURVE('',#803,#804,#425,.T.);
#978=EDGE_CURVE('',#805,#804,#426,.T.);
#979=EDGE_CURVE('',#805,#806,#427,.T.);
#980=EDGE_CURVE('',#806,#807,#428,.T.);
#981=EDGE_CURVE('',#807,#808,#429,.T.);
#982=EDGE_CURVE('',#809,#808,#430,.T.);
#983=EDGE_CURVE('',#810,#809,#431,.T.);
#984=EDGE_CURVE('',#791,#810,#432,.T.);
#985=EDGE_CURVE('',#811,#811,#89,.T.);
#986=EDGE_CURVE('',#812,#812,#90,.T.);
#987=EDGE_CURVE('',#813,#813,#91,.T.);
#988=EDGE_CURVE('',#814,#757,#433,.T.);
#989=EDGE_CURVE('',#758,#815,#434,.T.);
#990=EDGE_CURVE('',#816,#815,#435,.T.);
#991=EDGE_CURVE('',#816,#761,#436,.T.);
#992=EDGE_CURVE('',#762,#817,#437,.T.);
#993=EDGE_CURVE('',#818,#817,#438,.T.);
#994=EDGE_CURVE('',#819,#818,#439,.T.);
#995=EDGE_CURVE('',#820,#819,#440,.T.);
#996=EDGE_CURVE('',#820,#763,#441,.T.);
#997=EDGE_CURVE('',#764,#821,#442,.T.);
#998=EDGE_CURVE('',#822,#821,#443,.T.);
#999=EDGE_CURVE('',#822,#759,#444,.T.);
#1000=EDGE_CURVE('',#760,#823,#445,.T.);
#1001=EDGE_CURVE('',#824,#823,#446,.T.);
#1002=EDGE_CURVE('',#825,#824,#447,.T.);
#1003=EDGE_CURVE('',#814,#825,#448,.T.);
#1004=EDGE_CURVE('',#773,#772,#92,.T.);
#1005=EDGE_CURVE('',#779,#778,#93,.T.);
#1006=EDGE_CURVE('',#789,#788,#94,.T.);
#1007=EDGE_CURVE('',#783,#782,#95,.T.);
#1008=EDGE_CURVE('',#793,#792,#96,.T.);
#1009=EDGE_CURVE('',#807,#806,#97,.T.);
#1010=EDGE_CURVE('',#803,#802,#98,.T.);
#1011=EDGE_CURVE('',#797,#796,#99,.T.);
#1012=EDGE_CURVE('',#826,#827,#449,.T.);
#1013=EDGE_CURVE('',#826,#828,#450,.T.);
#1014=EDGE_CURVE('',#828,#829,#451,.T.);
#1015=EDGE_CURVE('',#830,#829,#452,.T.);
#1016=EDGE_CURVE('',#831,#830,#453,.T.);
#1017=EDGE_CURVE('',#827,#831,#454,.T.);
#1018=EDGE_CURVE('',#832,#832,#100,.T.);
#1019=EDGE_CURVE('',#833,#833,#101,.T.);
#1020=EDGE_CURVE('',#834,#834,#102,.T.);
#1021=EDGE_CURVE('',#835,#836,#455,.T.);
#1022=EDGE_CURVE('',#836,#837,#456,.T.);
#1023=EDGE_CURVE('',#837,#838,#457,.T.);
#1024=EDGE_CURVE('',#838,#835,#458,.T.);
#1025=EDGE_CURVE('',#839,#840,#459,.T.);
#1026=EDGE_CURVE('',#840,#841,#460,.T.);
#1027=EDGE_CURVE('',#841,#842,#461,.T.);
#1028=EDGE_CURVE('',#842,#839,#462,.T.);
#1029=EDGE_CURVE('',#843,#844,#463,.T.);
#1030=EDGE_CURVE('',#844,#845,#464,.T.);
#1031=EDGE_CURVE('',#845,#846,#465,.T.);
#1032=EDGE_CURVE('',#846,#843,#466,.T.);
#1033=EDGE_CURVE('',#826,#768,#467,.T.);
#1034=EDGE_CURVE('',#827,#769,#468,.T.);
#1035=EDGE_CURVE('',#831,#770,#469,.T.);
#1036=EDGE_CURVE('',#830,#765,#470,.T.);
#1037=EDGE_CURVE('',#846,#809,#471,.T.);
#1038=EDGE_CURVE('',#845,#810,#472,.T.);
#1039=EDGE_CURVE('',#842,#824,#473,.T.);
#1040=EDGE_CURVE('',#841,#825,#474,.T.);
#1041=EDGE_CURVE('',#835,#785,#475,.T.);
#1042=EDGE_CURVE('',#838,#786,#476,.T.);
#1043=EDGE_CURVE('',#840,#818,#477,.T.);
#1044=EDGE_CURVE('',#816,#817,#103,.T.);
#1045=EDGE_CURVE('',#814,#815,#104,.T.);
#1046=EDGE_CURVE('',#839,#819,#478,.T.);
#1047=EDGE_CURVE('',#822,#823,#105,.T.);
#1048=EDGE_CURVE('',#820,#821,#106,.T.);
#1049=EDGE_CURVE('',#837,#775,#479,.T.);
#1050=EDGE_CURVE('',#836,#776,#480,.T.);
#1051=EDGE_CURVE('',#771,#774,#107,.T.);
#1052=EDGE_CURVE('',#787,#790,#108,.T.);
#1053=EDGE_CURVE('',#781,#784,#109,.T.);
#1054=EDGE_CURVE('',#777,#780,#110,.T.);
#1055=EDGE_CURVE('',#844,#799,#481,.T.);
#1056=EDGE_CURVE('',#843,#800,#482,.T.);
#1057=EDGE_CURVE('',#795,#798,#111,.T.);
#1058=EDGE_CURVE('',#791,#794,#112,.T.);
#1059=EDGE_CURVE('',#805,#808,#113,.T.);
#1060=EDGE_CURVE('',#801,#804,#114,.T.);
#1061=EDGE_CURVE('',#834,#811,#483,.T.);
#1062=EDGE_CURVE('',#833,#812,#484,.T.);
#1063=EDGE_CURVE('',#832,#813,#485,.T.);
#1064=EDGE_CURVE('',#829,#766,#486,.T.);
#1065=EDGE_CURVE('',#828,#767,#487,.T.);
#1066=EDGE_CURVE('',#847,#848,#488,.T.);
#1067=EDGE_CURVE('',#847,#849,#489,.T.);
#1068=EDGE_CURVE('',#850,#849,#490,.T.);
#1069=EDGE_CURVE('',#848,#850,#491,.T.);
#1070=EDGE_CURVE('',#848,#851,#492,.T.);
#1071=EDGE_CURVE('',#852,#850,#493,.T.);
#1072=EDGE_CURVE('',#851,#852,#494,.T.);
#1073=EDGE_CURVE('',#851,#853,#495,.T.);
#1074=EDGE_CURVE('',#854,#852,#496,.T.);
#1075=EDGE_CURVE('',#853,#854,#497,.T.);
#1076=EDGE_CURVE('',#853,#847,#498,.T.);
#1077=EDGE_CURVE('',#849,#854,#499,.T.);
#1078=EDGE_CURVE('',#855,#855,#115,.T.);
#1079=EDGE_CURVE('',#855,#856,#500,.T.);
#1080=EDGE_CURVE('',#856,#856,#116,.T.);
#1081=EDGE_CURVE('',#857,#857,#117,.T.);
#1082=EDGE_CURVE('',#857,#858,#501,.T.);
#1083=EDGE_CURVE('',#858,#858,#118,.T.);
#1084=EDGE_CURVE('',#859,#860,#502,.T.);
#1085=EDGE_CURVE('',#860,#859,#119,.T.);
#1086=EDGE_CURVE('',#861,#862,#503,.T.);
#1087=EDGE_CURVE('',#862,#861,#120,.T.);
#1088=EDGE_CURVE('',#863,#864,#504,.T.);
#1089=EDGE_CURVE('',#864,#863,#121,.T.);
#1090=EDGE_CURVE('',#865,#866,#505,.T.);
#1091=EDGE_CURVE('',#866,#865,#122,.T.);
#1092=EDGE_CURVE('',#867,#868,#506,.T.);
#1093=EDGE_CURVE('',#868,#867,#123,.T.);
#1094=EDGE_CURVE('',#869,#870,#507,.T.);
#1095=EDGE_CURVE('',#870,#869,#124,.T.);
#1096=EDGE_CURVE('',#871,#872,#508,.T.);
#1097=EDGE_CURVE('',#872,#871,#125,.T.);
#1098=EDGE_CURVE('',#873,#874,#509,.T.);
#1099=EDGE_CURVE('',#874,#873,#126,.T.);
#1100=EDGE_CURVE('',#875,#876,#510,.T.);
#1101=EDGE_CURVE('',#876,#875,#127,.T.);
#1102=EDGE_CURVE('',#877,#878,#511,.T.);
#1103=EDGE_CURVE('',#878,#877,#128,.T.);
#1104=EDGE_CURVE('',#879,#880,#512,.T.);
#1105=EDGE_CURVE('',#880,#879,#129,.T.);
#1106=EDGE_CURVE('',#881,#882,#513,.T.);
#1107=EDGE_CURVE('',#882,#881,#130,.T.);
#1108=EDGE_CURVE('',#870,#867,#514,.T.);
#1109=EDGE_CURVE('',#868,#869,#515,.T.);
#1110=EDGE_CURVE('',#862,#859,#516,.T.);
#1111=EDGE_CURVE('',#860,#861,#517,.T.);
#1112=EDGE_CURVE('',#866,#863,#518,.T.);
#1113=EDGE_CURVE('',#864,#865,#519,.T.);
#1114=EDGE_CURVE('',#883,#884,#520,.T.);
#1115=EDGE_CURVE('',#884,#885,#521,.T.);
#1116=EDGE_CURVE('',#886,#885,#522,.T.);
#1117=EDGE_CURVE('',#883,#886,#523,.T.);
#1118=EDGE_CURVE('',#884,#887,#524,.T.);
#1119=EDGE_CURVE('',#887,#888,#525,.T.);
#1120=EDGE_CURVE('',#885,#888,#526,.T.);
#1121=EDGE_CURVE('',#887,#889,#527,.T.);
#1122=EDGE_CURVE('',#889,#890,#528,.T.);
#1123=EDGE_CURVE('',#888,#890,#529,.T.);
#1124=EDGE_CURVE('',#889,#891,#530,.T.);
#1125=EDGE_CURVE('',#892,#883,#531,.T.);
#1126=EDGE_CURVE('',#891,#892,#532,.T.);
#1127=EDGE_CURVE('',#874,#871,#533,.T.);
#1128=EDGE_CURVE('',#872,#873,#534,.T.);
#1129=EDGE_CURVE('',#878,#875,#535,.T.);
#1130=EDGE_CURVE('',#876,#877,#536,.T.);
#1131=EDGE_CURVE('',#882,#879,#537,.T.);
#1132=EDGE_CURVE('',#880,#881,#538,.T.);
#1133=EDGE_CURVE('',#893,#893,#131,.T.);
#1134=EDGE_CURVE('',#894,#894,#132,.T.);
#1135=EDGE_CURVE('',#895,#895,#133,.T.);
#1136=EDGE_CURVE('',#893,#896,#539,.T.);
#1137=EDGE_CURVE('',#896,#896,#134,.T.);
#1138=EDGE_CURVE('',#894,#897,#540,.T.);
#1139=EDGE_CURVE('',#897,#897,#135,.T.);
#1140=EDGE_CURVE('',#895,#898,#541,.T.);
#1141=EDGE_CURVE('',#898,#898,#136,.T.);
#1142=EDGE_CURVE('',#899,#886,#542,.T.);
#1143=EDGE_CURVE('',#892,#899,#543,.T.);
#1144=EDGE_CURVE('',#891,#900,#544,.T.);
#1145=EDGE_CURVE('',#890,#900,#545,.T.);
#1146=EDGE_CURVE('',#900,#899,#546,.T.);
#1147=ORIENTED_EDGE('',*,*,#901,.F.);
#1148=ORIENTED_EDGE('',*,*,#902,.F.);
#1149=ORIENTED_EDGE('',*,*,#903,.F.);
#1150=ORIENTED_EDGE('',*,*,#904,.F.);
#1151=ORIENTED_EDGE('',*,*,#905,.F.);
#1152=ORIENTED_EDGE('',*,*,#906,.F.);
#1153=ORIENTED_EDGE('',*,*,#907,.F.);
#1154=ORIENTED_EDGE('',*,*,#908,.F.);
#1155=ORIENTED_EDGE('',*,*,#909,.F.);
#1156=ORIENTED_EDGE('',*,*,#910,.F.);
#1157=ORIENTED_EDGE('',*,*,#907,.T.);
#1158=ORIENTED_EDGE('',*,*,#911,.T.);
#1159=ORIENTED_EDGE('',*,*,#912,.F.);
#1160=ORIENTED_EDGE('',*,*,#913,.F.);
#1161=ORIENTED_EDGE('',*,*,#914,.T.);
#1162=ORIENTED_EDGE('',*,*,#915,.F.);
#1163=ORIENTED_EDGE('',*,*,#911,.F.);
#1164=ORIENTED_EDGE('',*,*,#906,.T.);
#1165=ORIENTED_EDGE('',*,*,#916,.F.);
#1166=ORIENTED_EDGE('',*,*,#917,.F.);
#1167=ORIENTED_EDGE('',*,*,#918,.T.);
#1168=ORIENTED_EDGE('',*,*,#903,.T.);
#1169=ORIENTED_EDGE('',*,*,#905,.T.);
#1170=ORIENTED_EDGE('',*,*,#919,.T.);
#1171=ORIENTED_EDGE('',*,*,#920,.F.);
#1172=ORIENTED_EDGE('',*,*,#919,.F.);
#1173=ORIENTED_EDGE('',*,*,#910,.T.);
#1174=ORIENTED_EDGE('',*,*,#921,.T.);
#1175=ORIENTED_EDGE('',*,*,#922,.F.);
#1176=ORIENTED_EDGE('',*,*,#921,.F.);
#1177=ORIENTED_EDGE('',*,*,#902,.T.);
#1178=ORIENTED_EDGE('',*,*,#923,.T.);
#1179=ORIENTED_EDGE('',*,*,#924,.F.);
#1180=ORIENTED_EDGE('',*,*,#914,.F.);
#1181=ORIENTED_EDGE('',*,*,#925,.F.);
#1182=ORIENTED_EDGE('',*,*,#926,.T.);
#1183=ORIENTED_EDGE('',*,*,#908,.T.);
#1184=ORIENTED_EDGE('',*,*,#913,.T.);
#1185=ORIENTED_EDGE('',*,*,#927,.F.);
#1186=ORIENTED_EDGE('',*,*,#923,.F.);
#1187=ORIENTED_EDGE('',*,*,#901,.T.);
#1188=ORIENTED_EDGE('',*,*,#928,.F.);
#1189=ORIENTED_EDGE('',*,*,#929,.F.);
#1190=ORIENTED_EDGE('',*,*,#916,.T.);
#1191=ORIENTED_EDGE('',*,*,#909,.T.);
#1192=ORIENTED_EDGE('',*,*,#926,.F.);
#1193=ORIENTED_EDGE('',*,*,#930,.F.);
#1194=ORIENTED_EDGE('',*,*,#928,.T.);
#1195=ORIENTED_EDGE('',*,*,#904,.T.);
#1196=ORIENTED_EDGE('',*,*,#918,.F.);
#1197=ORIENTED_EDGE('',*,*,#931,.F.);
#1198=ORIENTED_EDGE('',*,*,#932,.F.);
#1199=ORIENTED_EDGE('',*,*,#933,.F.);
#1200=ORIENTED_EDGE('',*,*,#934,.F.);
#1201=ORIENTED_EDGE('',*,*,#935,.F.);
#1202=ORIENTED_EDGE('',*,*,#936,.F.);
#1203=ORIENTED_EDGE('',*,*,#937,.F.);
#1204=ORIENTED_EDGE('',*,*,#938,.F.);
#1205=ORIENTED_EDGE('',*,*,#939,.T.);
#1206=ORIENTED_EDGE('',*,*,#940,.T.);
#1207=ORIENTED_EDGE('',*,*,#941,.T.);
#1208=ORIENTED_EDGE('',*,*,#942,.T.);
#1209=ORIENTED_EDGE('',*,*,#943,.T.);
#1210=ORIENTED_EDGE('',*,*,#944,.T.);
#1211=ORIENTED_EDGE('',*,*,#912,.T.);
#1212=ORIENTED_EDGE('',*,*,#915,.T.);
#1213=ORIENTED_EDGE('',*,*,#924,.T.);
#1214=ORIENTED_EDGE('',*,*,#927,.T.);
#1215=ORIENTED_EDGE('',*,*,#920,.T.);
#1216=ORIENTED_EDGE('',*,*,#922,.T.);
#1217=ORIENTED_EDGE('',*,*,#945,.T.);
#1218=ORIENTED_EDGE('',*,*,#946,.T.);
#1219=ORIENTED_EDGE('',*,*,#947,.T.);
#1220=ORIENTED_EDGE('',*,*,#948,.F.);
#1221=ORIENTED_EDGE('',*,*,#949,.F.);
#1222=ORIENTED_EDGE('',*,*,#950,.F.);
#1223=ORIENTED_EDGE('',*,*,#951,.T.);
#1224=ORIENTED_EDGE('',*,*,#952,.T.);
#1225=ORIENTED_EDGE('',*,*,#953,.T.);
#1226=ORIENTED_EDGE('',*,*,#954,.F.);
#1227=ORIENTED_EDGE('',*,*,#955,.T.);
#1228=ORIENTED_EDGE('',*,*,#956,.T.);
#1229=ORIENTED_EDGE('',*,*,#957,.T.);
#1230=ORIENTED_EDGE('',*,*,#958,.F.);
#1231=ORIENTED_EDGE('',*,*,#959,.F.);
#1232=ORIENTED_EDGE('',*,*,#960,.F.);
#1233=ORIENTED_EDGE('',*,*,#961,.T.);
#1234=ORIENTED_EDGE('',*,*,#962,.T.);
#1235=ORIENTED_EDGE('',*,*,#963,.T.);
#1236=ORIENTED_EDGE('',*,*,#964,.F.);
#1237=ORIENTED_EDGE('',*,*,#965,.T.);
#1238=ORIENTED_EDGE('',*,*,#966,.T.);
#1239=ORIENTED_EDGE('',*,*,#967,.T.);
#1240=ORIENTED_EDGE('',*,*,#968,.F.);
#1241=ORIENTED_EDGE('',*,*,#969,.T.);
#1242=ORIENTED_EDGE('',*,*,#970,.T.);
#1243=ORIENTED_EDGE('',*,*,#971,.T.);
#1244=ORIENTED_EDGE('',*,*,#972,.F.);
#1245=ORIENTED_EDGE('',*,*,#973,.F.);
#1246=ORIENTED_EDGE('',*,*,#974,.F.);
#1247=ORIENTED_EDGE('',*,*,#975,.T.);
#1248=ORIENTED_EDGE('',*,*,#976,.T.);
#1249=ORIENTED_EDGE('',*,*,#977,.T.);
#1250=ORIENTED_EDGE('',*,*,#978,.F.);
#1251=ORIENTED_EDGE('',*,*,#979,.T.);
#1252=ORIENTED_EDGE('',*,*,#980,.T.);
#1253=ORIENTED_EDGE('',*,*,#981,.T.);
#1254=ORIENTED_EDGE('',*,*,#982,.F.);
#1255=ORIENTED_EDGE('',*,*,#983,.F.);
#1256=ORIENTED_EDGE('',*,*,#984,.F.);
#1257=ORIENTED_EDGE('',*,*,#985,.T.);
#1258=ORIENTED_EDGE('',*,*,#986,.T.);
#1259=ORIENTED_EDGE('',*,*,#987,.T.);
#1260=ORIENTED_EDGE('',*,*,#988,.T.);
#1261=ORIENTED_EDGE('',*,*,#931,.T.);
#1262=ORIENTED_EDGE('',*,*,#989,.T.);
#1263=ORIENTED_EDGE('',*,*,#990,.F.);
#1264=ORIENTED_EDGE('',*,*,#991,.T.);
#1265=ORIENTED_EDGE('',*,*,#935,.T.);
#1266=ORIENTED_EDGE('',*,*,#992,.T.);
#1267=ORIENTED_EDGE('',*,*,#993,.F.);
#1268=ORIENTED_EDGE('',*,*,#994,.F.);
#1269=ORIENTED_EDGE('',*,*,#995,.F.);
#1270=ORIENTED_EDGE('',*,*,#996,.T.);
#1271=ORIENTED_EDGE('',*,*,#937,.T.);
#1272=ORIENTED_EDGE('',*,*,#997,.T.);
#1273=ORIENTED_EDGE('',*,*,#998,.F.);
#1274=ORIENTED_EDGE('',*,*,#999,.T.);
#1275=ORIENTED_EDGE('',*,*,#933,.T.);
#1276=ORIENTED_EDGE('',*,*,#1000,.T.);
#1277=ORIENTED_EDGE('',*,*,#1001,.F.);
#1278=ORIENTED_EDGE('',*,*,#1002,.F.);
#1279=ORIENTED_EDGE('',*,*,#1003,.F.);
#1280=ORIENTED_EDGE('',*,*,#946,.F.);
#1281=ORIENTED_EDGE('',*,*,#1004,.F.);
#1282=ORIENTED_EDGE('',*,*,#952,.F.);
#1283=ORIENTED_EDGE('',*,*,#1005,.F.);
#1284=ORIENTED_EDGE('',*,*,#962,.F.);
#1285=ORIENTED_EDGE('',*,*,#1006,.F.);
#1286=ORIENTED_EDGE('',*,*,#956,.F.);
#1287=ORIENTED_EDGE('',*,*,#1007,.F.);
#1288=ORIENTED_EDGE('',*,*,#966,.F.);
#1289=ORIENTED_EDGE('',*,*,#1008,.F.);
#1290=ORIENTED_EDGE('',*,*,#980,.F.);
#1291=ORIENTED_EDGE('',*,*,#1009,.F.);
#1292=ORIENTED_EDGE('',*,*,#976,.F.);
#1293=ORIENTED_EDGE('',*,*,#1010,.F.);
#1294=ORIENTED_EDGE('',*,*,#970,.F.);
#1295=ORIENTED_EDGE('',*,*,#1011,.F.);
#1296=ORIENTED_EDGE('',*,*,#1012,.F.);
#1297=ORIENTED_EDGE('',*,*,#1013,.T.);
#1298=ORIENTED_EDGE('',*,*,#1014,.T.);
#1299=ORIENTED_EDGE('',*,*,#1015,.F.);
#1300=ORIENTED_EDGE('',*,*,#1016,.F.);
#1301=ORIENTED_EDGE('',*,*,#1017,.F.);
#1302=ORIENTED_EDGE('',*,*,#929,.T.);
#1303=ORIENTED_EDGE('',*,*,#925,.T.);
#1304=ORIENTED_EDGE('',*,*,#930,.T.);
#1305=ORIENTED_EDGE('',*,*,#917,.T.);
#1306=ORIENTED_EDGE('',*,*,#1018,.T.);
#1307=ORIENTED_EDGE('',*,*,#1019,.T.);
#1308=ORIENTED_EDGE('',*,*,#1020,.T.);
#1309=ORIENTED_EDGE('',*,*,#1021,.T.);
#1310=ORIENTED_EDGE('',*,*,#1022,.T.);
#1311=ORIENTED_EDGE('',*,*,#1023,.T.);
#1312=ORIENTED_EDGE('',*,*,#1024,.T.);
#1313=ORIENTED_EDGE('',*,*,#1025,.T.);
#1314=ORIENTED_EDGE('',*,*,#1026,.T.);
#1315=ORIENTED_EDGE('',*,*,#1027,.T.);
#1316=ORIENTED_EDGE('',*,*,#1028,.T.);
#1317=ORIENTED_EDGE('',*,*,#1029,.T.);
#1318=ORIENTED_EDGE('',*,*,#1030,.T.);
#1319=ORIENTED_EDGE('',*,*,#1031,.T.);
#1320=ORIENTED_EDGE('',*,*,#1032,.T.);
#1321=ORIENTED_EDGE('',*,*,#942,.F.);
#1322=ORIENTED_EDGE('',*,*,#1033,.F.);
#1323=ORIENTED_EDGE('',*,*,#1012,.T.);
#1324=ORIENTED_EDGE('',*,*,#1034,.T.);
#1325=ORIENTED_EDGE('',*,*,#944,.F.);
#1326=ORIENTED_EDGE('',*,*,#1035,.F.);
#1327=ORIENTED_EDGE('',*,*,#1016,.T.);
#1328=ORIENTED_EDGE('',*,*,#1036,.T.);
#1329=ORIENTED_EDGE('',*,*,#1037,.F.);
#1330=ORIENTED_EDGE('',*,*,#1031,.F.);
#1331=ORIENTED_EDGE('',*,*,#1038,.T.);
#1332=ORIENTED_EDGE('',*,*,#983,.T.);
#1333=ORIENTED_EDGE('',*,*,#1039,.F.);
#1334=ORIENTED_EDGE('',*,*,#1027,.F.);
#1335=ORIENTED_EDGE('',*,*,#1040,.T.);
#1336=ORIENTED_EDGE('',*,*,#1002,.T.);
#1337=ORIENTED_EDGE('',*,*,#1041,.F.);
#1338=ORIENTED_EDGE('',*,*,#1024,.F.);
#1339=ORIENTED_EDGE('',*,*,#1042,.T.);
#1340=ORIENTED_EDGE('',*,*,#959,.T.);
#1341=ORIENTED_EDGE('',*,*,#1040,.F.);
#1342=ORIENTED_EDGE('',*,*,#1026,.F.);
#1343=ORIENTED_EDGE('',*,*,#1043,.T.);
#1344=ORIENTED_EDGE('',*,*,#993,.T.);
#1345=ORIENTED_EDGE('',*,*,#1044,.F.);
#1346=ORIENTED_EDGE('',*,*,#990,.T.);
#1347=ORIENTED_EDGE('',*,*,#1045,.F.);
#1348=ORIENTED_EDGE('',*,*,#1003,.T.);
#1349=ORIENTED_EDGE('',*,*,#1046,.F.);
#1350=ORIENTED_EDGE('',*,*,#1028,.F.);
#1351=ORIENTED_EDGE('',*,*,#1039,.T.);
#1352=ORIENTED_EDGE('',*,*,#1001,.T.);
#1353=ORIENTED_EDGE('',*,*,#1047,.F.);
#1354=ORIENTED_EDGE('',*,*,#998,.T.);
#1355=ORIENTED_EDGE('',*,*,#1048,.F.);
#1356=ORIENTED_EDGE('',*,*,#995,.T.);
#1357=ORIENTED_EDGE('',*,*,#1043,.F.);
#1358=ORIENTED_EDGE('',*,*,#1025,.F.);
#1359=ORIENTED_EDGE('',*,*,#1046,.T.);
#1360=ORIENTED_EDGE('',*,*,#994,.T.);
#1361=ORIENTED_EDGE('',*,*,#988,.F.);
#1362=ORIENTED_EDGE('',*,*,#1045,.T.);
#1363=ORIENTED_EDGE('',*,*,#989,.F.);
#1364=ORIENTED_EDGE('',*,*,#932,.T.);
#1365=ORIENTED_EDGE('',*,*,#991,.F.);
#1366=ORIENTED_EDGE('',*,*,#1044,.T.);
#1367=ORIENTED_EDGE('',*,*,#992,.F.);
#1368=ORIENTED_EDGE('',*,*,#936,.T.);
#1369=ORIENTED_EDGE('',*,*,#943,.F.);
#1370=ORIENTED_EDGE('',*,*,#1034,.F.);
#1371=ORIENTED_EDGE('',*,*,#1017,.T.);
#1372=ORIENTED_EDGE('',*,*,#1035,.T.);
#1373=ORIENTED_EDGE('',*,*,#1049,.F.);
#1374=ORIENTED_EDGE('',*,*,#1022,.F.);
#1375=ORIENTED_EDGE('',*,*,#1050,.T.);
#1376=ORIENTED_EDGE('',*,*,#949,.T.);
#1377=ORIENTED_EDGE('',*,*,#1042,.F.);
#1378=ORIENTED_EDGE('',*,*,#1023,.F.);
#1379=ORIENTED_EDGE('',*,*,#1049,.T.);
#1380=ORIENTED_EDGE('',*,*,#948,.T.);
#1381=ORIENTED_EDGE('',*,*,#1051,.F.);
#1382=ORIENTED_EDGE('',*,*,#964,.T.);
#1383=ORIENTED_EDGE('',*,*,#1052,.F.);
#1384=ORIENTED_EDGE('',*,*,#960,.T.);
#1385=ORIENTED_EDGE('',*,*,#1053,.F.);
#1386=ORIENTED_EDGE('',*,*,#954,.T.);
#1387=ORIENTED_EDGE('',*,*,#1054,.F.);
#1388=ORIENTED_EDGE('',*,*,#950,.T.);
#1389=ORIENTED_EDGE('',*,*,#1050,.F.);
#1390=ORIENTED_EDGE('',*,*,#1021,.F.);
#1391=ORIENTED_EDGE('',*,*,#1041,.T.);
#1392=ORIENTED_EDGE('',*,*,#958,.T.);
#1393=ORIENTED_EDGE('',*,*,#951,.F.);
#1394=ORIENTED_EDGE('',*,*,#1054,.T.);
#1395=ORIENTED_EDGE('',*,*,#953,.F.);
#1396=ORIENTED_EDGE('',*,*,#1005,.T.);
#1397=ORIENTED_EDGE('',*,*,#1055,.F.);
#1398=ORIENTED_EDGE('',*,*,#1029,.F.);
#1399=ORIENTED_EDGE('',*,*,#1056,.T.);
#1400=ORIENTED_EDGE('',*,*,#973,.T.);
#1401=ORIENTED_EDGE('',*,*,#1038,.F.);
#1402=ORIENTED_EDGE('',*,*,#1030,.F.);
#1403=ORIENTED_EDGE('',*,*,#1055,.T.);
#1404=ORIENTED_EDGE('',*,*,#972,.T.);
#1405=ORIENTED_EDGE('',*,*,#1057,.F.);
#1406=ORIENTED_EDGE('',*,*,#968,.T.);
#1407=ORIENTED_EDGE('',*,*,#1058,.F.);
#1408=ORIENTED_EDGE('',*,*,#984,.T.);
#1409=ORIENTED_EDGE('',*,*,#1059,.F.);
#1410=ORIENTED_EDGE('',*,*,#978,.T.);
#1411=ORIENTED_EDGE('',*,*,#1060,.F.);
#1412=ORIENTED_EDGE('',*,*,#974,.T.);
#1413=ORIENTED_EDGE('',*,*,#1056,.F.);
#1414=ORIENTED_EDGE('',*,*,#1032,.F.);
#1415=ORIENTED_EDGE('',*,*,#1037,.T.);
#1416=ORIENTED_EDGE('',*,*,#982,.T.);
#1417=ORIENTED_EDGE('',*,*,#1020,.F.);
#1418=ORIENTED_EDGE('',*,*,#1061,.T.);
#1419=ORIENTED_EDGE('',*,*,#985,.F.);
#1420=ORIENTED_EDGE('',*,*,#1061,.F.);
#1421=ORIENTED_EDGE('',*,*,#1019,.F.);
#1422=ORIENTED_EDGE('',*,*,#1062,.T.);
#1423=ORIENTED_EDGE('',*,*,#986,.F.);
#1424=ORIENTED_EDGE('',*,*,#1062,.F.);
#1425=ORIENTED_EDGE('',*,*,#1018,.F.);
#1426=ORIENTED_EDGE('',*,*,#1063,.T.);
#1427=ORIENTED_EDGE('',*,*,#987,.F.);
#1428=ORIENTED_EDGE('',*,*,#1063,.F.);
#1429=ORIENTED_EDGE('',*,*,#939,.F.);
#1430=ORIENTED_EDGE('',*,*,#1036,.F.);
#1431=ORIENTED_EDGE('',*,*,#1015,.T.);
#1432=ORIENTED_EDGE('',*,*,#1064,.T.);
#1433=ORIENTED_EDGE('',*,*,#940,.F.);
#1434=ORIENTED_EDGE('',*,*,#1064,.F.);
#1435=ORIENTED_EDGE('',*,*,#1014,.F.);
#1436=ORIENTED_EDGE('',*,*,#1065,.T.);
#1437=ORIENTED_EDGE('',*,*,#941,.F.);
#1438=ORIENTED_EDGE('',*,*,#1065,.F.);
#1439=ORIENTED_EDGE('',*,*,#1013,.F.);
#1440=ORIENTED_EDGE('',*,*,#1033,.T.);
#1441=ORIENTED_EDGE('',*,*,#997,.F.);
#1442=ORIENTED_EDGE('',*,*,#938,.T.);
#1443=ORIENTED_EDGE('',*,*,#996,.F.);
#1444=ORIENTED_EDGE('',*,*,#1048,.T.);
#1445=ORIENTED_EDGE('',*,*,#1000,.F.);
#1446=ORIENTED_EDGE('',*,*,#934,.T.);
#1447=ORIENTED_EDGE('',*,*,#999,.F.);
#1448=ORIENTED_EDGE('',*,*,#1047,.T.);
#1449=ORIENTED_EDGE('',*,*,#955,.F.);
#1450=ORIENTED_EDGE('',*,*,#1053,.T.);
#1451=ORIENTED_EDGE('',*,*,#957,.F.);
#1452=ORIENTED_EDGE('',*,*,#1007,.T.);
#1453=ORIENTED_EDGE('',*,*,#963,.F.);
#1454=ORIENTED_EDGE('',*,*,#1006,.T.);
#1455=ORIENTED_EDGE('',*,*,#961,.F.);
#1456=ORIENTED_EDGE('',*,*,#1052,.T.);
#1457=ORIENTED_EDGE('',*,*,#947,.F.);
#1458=ORIENTED_EDGE('',*,*,#1004,.T.);
#1459=ORIENTED_EDGE('',*,*,#945,.F.);
#1460=ORIENTED_EDGE('',*,*,#1051,.T.);
#1461=ORIENTED_EDGE('',*,*,#975,.F.);
#1462=ORIENTED_EDGE('',*,*,#1060,.T.);
#1463=ORIENTED_EDGE('',*,*,#977,.F.);
#1464=ORIENTED_EDGE('',*,*,#1010,.T.);
#1465=ORIENTED_EDGE('',*,*,#971,.F.);
#1466=ORIENTED_EDGE('',*,*,#1011,.T.);
#1467=ORIENTED_EDGE('',*,*,#969,.F.);
#1468=ORIENTED_EDGE('',*,*,#1057,.T.);
#1469=ORIENTED_EDGE('',*,*,#981,.F.);
#1470=ORIENTED_EDGE('',*,*,#1009,.T.);
#1471=ORIENTED_EDGE('',*,*,#979,.F.);
#1472=ORIENTED_EDGE('',*,*,#1059,.T.);
#1473=ORIENTED_EDGE('',*,*,#965,.F.);
#1474=ORIENTED_EDGE('',*,*,#1058,.T.);
#1475=ORIENTED_EDGE('',*,*,#967,.F.);
#1476=ORIENTED_EDGE('',*,*,#1008,.T.);
#1477=ORIENTED_EDGE('',*,*,#1066,.F.);
#1478=ORIENTED_EDGE('',*,*,#1067,.T.);
#1479=ORIENTED_EDGE('',*,*,#1068,.F.);
#1480=ORIENTED_EDGE('',*,*,#1069,.F.);
#1481=ORIENTED_EDGE('',*,*,#1070,.F.);
#1482=ORIENTED_EDGE('',*,*,#1069,.T.);
#1483=ORIENTED_EDGE('',*,*,#1071,.F.);
#1484=ORIENTED_EDGE('',*,*,#1072,.F.);
#1485=ORIENTED_EDGE('',*,*,#1073,.F.);
#1486=ORIENTED_EDGE('',*,*,#1072,.T.);
#1487=ORIENTED_EDGE('',*,*,#1074,.F.);
#1488=ORIENTED_EDGE('',*,*,#1075,.F.);
#1489=ORIENTED_EDGE('',*,*,#1076,.F.);
#1490=ORIENTED_EDGE('',*,*,#1075,.T.);
#1491=ORIENTED_EDGE('',*,*,#1077,.F.);
#1492=ORIENTED_EDGE('',*,*,#1067,.F.);
#1493=ORIENTED_EDGE('',*,*,#1078,.F.);
#1494=ORIENTED_EDGE('',*,*,#1079,.T.);
#1495=ORIENTED_EDGE('',*,*,#1080,.F.);
#1496=ORIENTED_EDGE('',*,*,#1079,.F.);
#1497=ORIENTED_EDGE('',*,*,#1081,.F.);
#1498=ORIENTED_EDGE('',*,*,#1082,.T.);
#1499=ORIENTED_EDGE('',*,*,#1083,.F.);
#1500=ORIENTED_EDGE('',*,*,#1082,.F.);
#1501=ORIENTED_EDGE('',*,*,#1084,.F.);
#1502=ORIENTED_EDGE('',*,*,#1085,.F.);
#1503=ORIENTED_EDGE('',*,*,#1086,.F.);
#1504=ORIENTED_EDGE('',*,*,#1087,.F.);
#1505=ORIENTED_EDGE('',*,*,#1088,.F.);
#1506=ORIENTED_EDGE('',*,*,#1089,.F.);
#1507=ORIENTED_EDGE('',*,*,#1090,.F.);
#1508=ORIENTED_EDGE('',*,*,#1091,.F.);
#1509=ORIENTED_EDGE('',*,*,#1092,.F.);
#1510=ORIENTED_EDGE('',*,*,#1093,.F.);
#1511=ORIENTED_EDGE('',*,*,#1094,.F.);
#1512=ORIENTED_EDGE('',*,*,#1095,.F.);
#1513=ORIENTED_EDGE('',*,*,#1096,.F.);
#1514=ORIENTED_EDGE('',*,*,#1097,.F.);
#1515=ORIENTED_EDGE('',*,*,#1098,.F.);
#1516=ORIENTED_EDGE('',*,*,#1099,.F.);
#1517=ORIENTED_EDGE('',*,*,#1100,.F.);
#1518=ORIENTED_EDGE('',*,*,#1101,.F.);
#1519=ORIENTED_EDGE('',*,*,#1102,.F.);
#1520=ORIENTED_EDGE('',*,*,#1103,.F.);
#1521=ORIENTED_EDGE('',*,*,#1104,.F.);
#1522=ORIENTED_EDGE('',*,*,#1105,.F.);
#1523=ORIENTED_EDGE('',*,*,#1106,.F.);
#1524=ORIENTED_EDGE('',*,*,#1107,.F.);
#1525=ORIENTED_EDGE('',*,*,#1108,.F.);
#1526=ORIENTED_EDGE('',*,*,#1095,.T.);
#1527=ORIENTED_EDGE('',*,*,#1109,.F.);
#1528=ORIENTED_EDGE('',*,*,#1093,.T.);
#1529=ORIENTED_EDGE('',*,*,#1110,.F.);
#1530=ORIENTED_EDGE('',*,*,#1087,.T.);
#1531=ORIENTED_EDGE('',*,*,#1111,.F.);
#1532=ORIENTED_EDGE('',*,*,#1085,.T.);
#1533=ORIENTED_EDGE('',*,*,#1112,.F.);
#1534=ORIENTED_EDGE('',*,*,#1091,.T.);
#1535=ORIENTED_EDGE('',*,*,#1113,.F.);
#1536=ORIENTED_EDGE('',*,*,#1089,.T.);
#1537=ORIENTED_EDGE('',*,*,#1114,.T.);
#1538=ORIENTED_EDGE('',*,*,#1115,.T.);
#1539=ORIENTED_EDGE('',*,*,#1116,.F.);
#1540=ORIENTED_EDGE('',*,*,#1117,.F.);
#1541=ORIENTED_EDGE('',*,*,#1118,.T.);
#1542=ORIENTED_EDGE('',*,*,#1119,.T.);
#1543=ORIENTED_EDGE('',*,*,#1120,.F.);
#1544=ORIENTED_EDGE('',*,*,#1115,.F.);
#1545=ORIENTED_EDGE('',*,*,#1121,.T.);
#1546=ORIENTED_EDGE('',*,*,#1122,.T.);
#1547=ORIENTED_EDGE('',*,*,#1123,.F.);
#1548=ORIENTED_EDGE('',*,*,#1119,.F.);
#1549=ORIENTED_EDGE('',*,*,#1124,.F.);
#1550=ORIENTED_EDGE('',*,*,#1121,.F.);
#1551=ORIENTED_EDGE('',*,*,#1118,.F.);
#1552=ORIENTED_EDGE('',*,*,#1114,.F.);
#1553=ORIENTED_EDGE('',*,*,#1125,.F.);
#1554=ORIENTED_EDGE('',*,*,#1126,.F.);
#1555=ORIENTED_EDGE('',*,*,#1073,.T.);
#1556=ORIENTED_EDGE('',*,*,#1076,.T.);
#1557=ORIENTED_EDGE('',*,*,#1066,.T.);
#1558=ORIENTED_EDGE('',*,*,#1070,.T.);
#1559=ORIENTED_EDGE('',*,*,#1078,.T.);
#1560=ORIENTED_EDGE('',*,*,#1081,.T.);
#1561=ORIENTED_EDGE('',*,*,#1110,.T.);
#1562=ORIENTED_EDGE('',*,*,#1084,.T.);
#1563=ORIENTED_EDGE('',*,*,#1111,.T.);
#1564=ORIENTED_EDGE('',*,*,#1086,.T.);
#1565=ORIENTED_EDGE('',*,*,#1112,.T.);
#1566=ORIENTED_EDGE('',*,*,#1088,.T.);
#1567=ORIENTED_EDGE('',*,*,#1113,.T.);
#1568=ORIENTED_EDGE('',*,*,#1090,.T.);
#1569=ORIENTED_EDGE('',*,*,#1108,.T.);
#1570=ORIENTED_EDGE('',*,*,#1092,.T.);
#1571=ORIENTED_EDGE('',*,*,#1109,.T.);
#1572=ORIENTED_EDGE('',*,*,#1094,.T.);
#1573=ORIENTED_EDGE('',*,*,#1127,.T.);
#1574=ORIENTED_EDGE('',*,*,#1096,.T.);
#1575=ORIENTED_EDGE('',*,*,#1128,.T.);
#1576=ORIENTED_EDGE('',*,*,#1098,.T.);
#1577=ORIENTED_EDGE('',*,*,#1129,.T.);
#1578=ORIENTED_EDGE('',*,*,#1100,.T.);
#1579=ORIENTED_EDGE('',*,*,#1130,.T.);
#1580=ORIENTED_EDGE('',*,*,#1102,.T.);
#1581=ORIENTED_EDGE('',*,*,#1131,.T.);
#1582=ORIENTED_EDGE('',*,*,#1104,.T.);
#1583=ORIENTED_EDGE('',*,*,#1132,.T.);
#1584=ORIENTED_EDGE('',*,*,#1106,.T.);
#1585=ORIENTED_EDGE('',*,*,#1133,.F.);
#1586=ORIENTED_EDGE('',*,*,#1134,.F.);
#1587=ORIENTED_EDGE('',*,*,#1135,.F.);
#1588=ORIENTED_EDGE('',*,*,#1133,.T.);
#1589=ORIENTED_EDGE('',*,*,#1136,.T.);
#1590=ORIENTED_EDGE('',*,*,#1137,.F.);
#1591=ORIENTED_EDGE('',*,*,#1136,.F.);
#1592=ORIENTED_EDGE('',*,*,#1134,.T.);
#1593=ORIENTED_EDGE('',*,*,#1138,.T.);
#1594=ORIENTED_EDGE('',*,*,#1139,.F.);
#1595=ORIENTED_EDGE('',*,*,#1138,.F.);
#1596=ORIENTED_EDGE('',*,*,#1135,.T.);
#1597=ORIENTED_EDGE('',*,*,#1140,.T.);
#1598=ORIENTED_EDGE('',*,*,#1141,.F.);
#1599=ORIENTED_EDGE('',*,*,#1140,.F.);
#1600=ORIENTED_EDGE('',*,*,#1129,.F.);
#1601=ORIENTED_EDGE('',*,*,#1103,.T.);
#1602=ORIENTED_EDGE('',*,*,#1130,.F.);
#1603=ORIENTED_EDGE('',*,*,#1101,.T.);
#1604=ORIENTED_EDGE('',*,*,#1131,.F.);
#1605=ORIENTED_EDGE('',*,*,#1107,.T.);
#1606=ORIENTED_EDGE('',*,*,#1132,.F.);
#1607=ORIENTED_EDGE('',*,*,#1105,.T.);
#1608=ORIENTED_EDGE('',*,*,#1125,.T.);
#1609=ORIENTED_EDGE('',*,*,#1117,.T.);
#1610=ORIENTED_EDGE('',*,*,#1142,.F.);
#1611=ORIENTED_EDGE('',*,*,#1143,.F.);
#1612=ORIENTED_EDGE('',*,*,#1127,.F.);
#1613=ORIENTED_EDGE('',*,*,#1099,.T.);
#1614=ORIENTED_EDGE('',*,*,#1128,.F.);
#1615=ORIENTED_EDGE('',*,*,#1097,.T.);
#1616=ORIENTED_EDGE('',*,*,#1124,.T.);
#1617=ORIENTED_EDGE('',*,*,#1144,.T.);
#1618=ORIENTED_EDGE('',*,*,#1145,.F.);
#1619=ORIENTED_EDGE('',*,*,#1122,.F.);
#1620=ORIENTED_EDGE('',*,*,#1126,.T.);
#1621=ORIENTED_EDGE('',*,*,#1143,.T.);
#1622=ORIENTED_EDGE('',*,*,#1146,.F.);
#1623=ORIENTED_EDGE('',*,*,#1144,.F.);
#1624=ORIENTED_EDGE('',*,*,#1116,.T.);
#1625=ORIENTED_EDGE('',*,*,#1120,.T.);
#1626=ORIENTED_EDGE('',*,*,#1123,.T.);
#1627=ORIENTED_EDGE('',*,*,#1145,.T.);
#1628=ORIENTED_EDGE('',*,*,#1146,.T.);
#1629=ORIENTED_EDGE('',*,*,#1142,.T.);
#1630=ORIENTED_EDGE('',*,*,#1074,.T.);
#1631=ORIENTED_EDGE('',*,*,#1071,.T.);
#1632=ORIENTED_EDGE('',*,*,#1068,.T.);
#1633=ORIENTED_EDGE('',*,*,#1077,.T.);
#1634=ORIENTED_EDGE('',*,*,#1080,.T.);
#1635=ORIENTED_EDGE('',*,*,#1083,.T.);
#1636=ORIENTED_EDGE('',*,*,#1137,.T.);
#1637=ORIENTED_EDGE('',*,*,#1139,.T.);
#1638=ORIENTED_EDGE('',*,*,#1141,.T.);
#1639=PLANE('',#1810);
#1640=PLANE('',#1812);
#1641=PLANE('',#1814);
#1642=PLANE('',#1815);
#1643=PLANE('',#1820);
#1644=PLANE('',#1821);
#1645=PLANE('',#1822);
#1646=PLANE('',#1823);
#1647=PLANE('',#1824);
#1648=PLANE('',#1826);
#1649=PLANE('',#1828);
#1650=PLANE('',#1830);
#1651=PLANE('',#1832);
#1652=PLANE('',#1836);
#1653=PLANE('',#1838);
#1654=PLANE('',#1840);
#1655=PLANE('',#1842);
#1656=PLANE('',#1844);
#1657=PLANE('',#1846);
#1658=PLANE('',#1848);
#1659=PLANE('',#1850);
#1660=PLANE('',#1852);
#1661=PLANE('',#1856);
#1662=PLANE('',#1857);
#1663=PLANE('',#1858);
#1664=PLANE('',#1859);
#1665=PLANE('',#1860);
#1666=PLANE('',#1861);
#1667=PLANE('',#1864);
#1668=PLANE('',#1867);
#1669=PLANE('',#1870);
#1670=PLANE('',#1871);
#1671=PLANE('',#1872);
#1672=PLANE('',#1875);
#1673=PLANE('',#1879);
#1674=PLANE('',#1880);
#1675=PLANE('',#1883);
#1676=PLANE('',#1889);
#1677=PLANE('',#1890);
#1678=PLANE('',#1891);
#1679=PLANE('',#1901);
#1680=PLANE('',#1902);
#1681=PLANE('',#1903);
#1682=PLANE('',#1904);
#1683=PLANE('',#1911);
#1684=PLANE('',#1913);
#1685=PLANE('',#1915);
#1686=PLANE('',#1917);
#1687=PLANE('',#1919);
#1688=PLANE('',#1921);
#1689=PLANE('',#1923);
#1690=PLANE('',#1925);
#1691=PLANE('',#1927);
#1692=PLANE('',#1929);
#1693=PLANE('',#1931);
#1694=PLANE('',#1933);
#1695=PLANE('',#1938);
#1696=PLANE('',#1939);
#1697=PLANE('',#1940);
#1698=PLANE('',#1941);
#1699=PLANE('',#1953);
#1700=PLANE('',#1955);
#1701=PLANE('',#1956);
#1702=PLANE('',#1957);
#1703=ADVANCED_FACE('',(#137,#45),#1639,.T.);
#1704=ADVANCED_FACE('',(#138,#46),#1640,.T.);
#1705=ADVANCED_FACE('',(#139),#1641,.F.);
#1706=ADVANCED_FACE('',(#140),#1642,.F.);
#1707=ADVANCED_FACE('',(#141),#17,.F.);
#1708=ADVANCED_FACE('',(#142),#18,.F.);
#1709=ADVANCED_FACE('',(#143),#1643,.F.);
#1710=ADVANCED_FACE('',(#144),#1644,.F.);
#1711=ADVANCED_FACE('',(#145),#1645,.F.);
#1712=ADVANCED_FACE('',(#146),#1646,.F.);
#1713=ADVANCED_FACE('',(#147),#1647,.F.);
#1714=ADVANCED_FACE('',(#148),#1648,.T.);
#1715=ADVANCED_FACE('',(#149),#1649,.F.);
#1716=ADVANCED_FACE('',(#150),#1650,.T.);
#1717=ADVANCED_FACE('',(#151,#47,#48,#49,#50,#51,#52,#53,#54,#55),#1651,
 .T.);
#1718=ADVANCED_FACE('',(#152),#1652,.T.);
#1719=ADVANCED_FACE('',(#153),#1653,.F.);
#1720=ADVANCED_FACE('',(#154),#1654,.T.);
#1721=ADVANCED_FACE('',(#155),#1655,.F.);
#1722=ADVANCED_FACE('',(#156),#1656,.T.);
#1723=ADVANCED_FACE('',(#157),#1657,.F.);
#1724=ADVANCED_FACE('',(#158),#1658,.F.);
#1725=ADVANCED_FACE('',(#159),#1659,.T.);
#1726=ADVANCED_FACE('',(#160,#56,#57,#58,#59,#60,#61,#62),#1660,.F.);
#1727=ADVANCED_FACE('',(#161),#1661,.T.);
#1728=ADVANCED_FACE('',(#162),#1662,.T.);
#1729=ADVANCED_FACE('',(#163),#1663,.F.);
#1730=ADVANCED_FACE('',(#164),#1664,.F.);
#1731=ADVANCED_FACE('',(#165),#1665,.F.);
#1732=ADVANCED_FACE('',(#166),#1666,.F.);
#1733=ADVANCED_FACE('',(#167),#1667,.F.);
#1734=ADVANCED_FACE('',(#168),#1668,.F.);
#1735=ADVANCED_FACE('',(#169),#19,.F.);
#1736=ADVANCED_FACE('',(#170),#20,.F.);
#1737=ADVANCED_FACE('',(#171),#1669,.T.);
#1738=ADVANCED_FACE('',(#172),#1670,.F.);
#1739=ADVANCED_FACE('',(#173),#1671,.F.);
#1740=ADVANCED_FACE('',(#174),#1672,.F.);
#1741=ADVANCED_FACE('',(#175),#21,.F.);
#1742=ADVANCED_FACE('',(#176),#1673,.F.);
#1743=ADVANCED_FACE('',(#177),#1674,.F.);
#1744=ADVANCED_FACE('',(#178),#1675,.F.);
#1745=ADVANCED_FACE('',(#179),#22,.F.);
#1746=ADVANCED_FACE('',(#180),#23,.F.);
#1747=ADVANCED_FACE('',(#181),#24,.F.);
#1748=ADVANCED_FACE('',(#182),#1676,.T.);
#1749=ADVANCED_FACE('',(#183),#1677,.T.);
#1750=ADVANCED_FACE('',(#184),#1678,.T.);
#1751=ADVANCED_FACE('',(#185),#25,.F.);
#1752=ADVANCED_FACE('',(#186),#26,.F.);
#1753=ADVANCED_FACE('',(#187),#27,.F.);
#1754=ADVANCED_FACE('',(#188),#28,.F.);
#1755=ADVANCED_FACE('',(#189),#29,.F.);
#1756=ADVANCED_FACE('',(#190),#30,.F.);
#1757=ADVANCED_FACE('',(#191),#31,.F.);
#1758=ADVANCED_FACE('',(#192),#32,.F.);
#1759=ADVANCED_FACE('',(#193),#33,.F.);
#1760=ADVANCED_FACE('',(#194),#1679,.F.);
#1761=ADVANCED_FACE('',(#195),#1680,.F.);
#1762=ADVANCED_FACE('',(#196),#1681,.F.);
#1763=ADVANCED_FACE('',(#197),#1682,.F.);
#1764=ADVANCED_FACE('',(#198),#34,.F.);
#1765=ADVANCED_FACE('',(#199),#35,.F.);
#1766=ADVANCED_FACE('',(#200),#1683,.T.);
#1767=ADVANCED_FACE('',(#201),#1684,.F.);
#1768=ADVANCED_FACE('',(#202),#1685,.T.);
#1769=ADVANCED_FACE('',(#203),#1686,.F.);
#1770=ADVANCED_FACE('',(#204),#1687,.T.);
#1771=ADVANCED_FACE('',(#205),#1688,.F.);
#1772=ADVANCED_FACE('',(#206),#1689,.T.);
#1773=ADVANCED_FACE('',(#207),#1690,.F.);
#1774=ADVANCED_FACE('',(#208),#1691,.F.);
#1775=ADVANCED_FACE('',(#209),#1692,.T.);
#1776=ADVANCED_FACE('',(#210),#1693,.T.);
#1777=ADVANCED_FACE('',(#211),#1694,.F.);
#1778=ADVANCED_FACE('',(#212),#36,.F.);
#1779=ADVANCED_FACE('',(#213),#37,.F.);
#1780=ADVANCED_FACE('',(#214),#38,.F.);
#1781=ADVANCED_FACE('',(#215),#1695,.T.);
#1782=ADVANCED_FACE('',(#216),#1696,.T.);
#1783=ADVANCED_FACE('',(#217),#1697,.T.);
#1784=ADVANCED_FACE('',(#218,#63,#64,#65,#66,#67,#68,#69,#70,#71,#72,#73,
#74),#1698,.F.);
#1785=ADVANCED_FACE('',(#219),#39,.F.);
#1786=ADVANCED_FACE('',(#220),#40,.F.);
#1787=ADVANCED_FACE('',(#221),#41,.F.);
#1788=ADVANCED_FACE('',(#222),#42,.F.);
#1789=ADVANCED_FACE('',(#223),#43,.F.);
#1790=ADVANCED_FACE('',(#224),#1699,.T.);
#1791=ADVANCED_FACE('',(#225),#44,.F.);
#1792=ADVANCED_FACE('',(#226),#1700,.T.);
#1793=ADVANCED_FACE('',(#227),#1701,.T.);
#1794=ADVANCED_FACE('',(#228,#75,#76,#77,#78,#79,#80),#1702,.T.);
#1795=CLOSED_SHELL('',(#1703,#1704,#1705,#1706,#1707,#1708,#1709,#1710,
#1711,#1712,#1713,#1714,#1715,#1716,#1717,#1718,#1719,#1720,#1721,#1722,
#1723,#1724,#1725,#1726,#1727,#1728,#1729,#1730,#1731,#1732,#1733,#1734,
#1735,#1736,#1737,#1738,#1739,#1740,#1741,#1742,#1743,#1744,#1745,#1746,
#1747,#1748,#1749,#1750,#1751,#1752,#1753,#1754,#1755,#1756,#1757,#1758,
#1759));
#1796=CLOSED_SHELL('',(#1760,#1761,#1762,#1763,#1764,#1765,#1766,#1767,
#1768,#1769,#1770,#1771,#1772,#1773,#1774,#1775,#1776,#1777,#1778,#1779,
#1780,#1781,#1782,#1783,#1784,#1785,#1786,#1787,#1788,#1789,#1790,#1791,
#1792,#1793,#1794));
#1797=DERIVED_UNIT_ELEMENT(#1799,1.);
#1798=DERIVED_UNIT_ELEMENT(#2954,-3.);
#1799=(
MASS_UNIT()
NAMED_UNIT(*)
SI_UNIT(.KILO.,.GRAM.)
);
#1800=DERIVED_UNIT((#1797,#1798));
#1801=MEASURE_REPRESENTATION_ITEM('density measure',
POSITIVE_RATIO_MEASURE(7850.),#1800);
#1802=PROPERTY_DEFINITION_REPRESENTATION(#1807,#1804);
#1803=PROPERTY_DEFINITION_REPRESENTATION(#1808,#1805);
#1804=REPRESENTATION('material name',(#1806),#2951);
#1805=REPRESENTATION('density',(#1801),#2951);
#1806=DESCRIPTIVE_REPRESENTATION_ITEM('Steel','Steel');
#1807=PROPERTY_DEFINITION('material property','material name',#2961);
#1808=PROPERTY_DEFINITION('material property','density of part',#2961);
#1809=AXIS2_PLACEMENT_3D('',#2446,#1958,#1959);
#1810=AXIS2_PLACEMENT_3D('',#2447,#1960,#1961);
#1811=AXIS2_PLACEMENT_3D('',#2457,#1966,#1967);
#1812=AXIS2_PLACEMENT_3D('',#2458,#1968,#1969);
#1813=AXIS2_PLACEMENT_3D('',#2468,#1974,#1975);
#1814=AXIS2_PLACEMENT_3D('',#2469,#1976,#1977);
#1815=AXIS2_PLACEMENT_3D('',#2475,#1981,#1982);
#1816=AXIS2_PLACEMENT_3D('',#2484,#1988,#1989);
#1817=AXIS2_PLACEMENT_3D('',#2487,#1991,#1992);
#1818=AXIS2_PLACEMENT_3D('',#2488,#1993,#1994);
#1819=AXIS2_PLACEMENT_3D('',#2491,#1996,#1997);
#1820=AXIS2_PLACEMENT_3D('',#2492,#1998,#1999);
#1821=AXIS2_PLACEMENT_3D('',#2496,#2002,#2003);
#1822=AXIS2_PLACEMENT_3D('',#2503,#2008,#2009);
#1823=AXIS2_PLACEMENT_3D('',#2505,#2011,#2012);
#1824=AXIS2_PLACEMENT_3D('',#2507,#2014,#2015);
#1825=AXIS2_PLACEMENT_3D('',#2511,#2017,#2018);
#1826=AXIS2_PLACEMENT_3D('',#2512,#2019,#2020);
#1827=AXIS2_PLACEMENT_3D('',#2516,#2022,#2023);
#1828=AXIS2_PLACEMENT_3D('',#2517,#2024,#2025);
#1829=AXIS2_PLACEMENT_3D('',#2521,#2027,#2028);
#1830=AXIS2_PLACEMENT_3D('',#2522,#2029,#2030);
#1831=AXIS2_PLACEMENT_3D('',#2526,#2032,#2033);
#1832=AXIS2_PLACEMENT_3D('',#2527,#2034,#2035);
#1833=AXIS2_PLACEMENT_3D('',#2621,#2082,#2083);
#1834=AXIS2_PLACEMENT_3D('',#2623,#2084,#2085);
#1835=AXIS2_PLACEMENT_3D('',#2625,#2086,#2087);
#1836=AXIS2_PLACEMENT_3D('',#2654,#2104,#2105);
#1837=AXIS2_PLACEMENT_3D('',#2655,#2106,#2107);
#1838=AXIS2_PLACEMENT_3D('',#2656,#2108,#2109);
#1839=AXIS2_PLACEMENT_3D('',#2657,#2110,#2111);
#1840=AXIS2_PLACEMENT_3D('',#2658,#2112,#2113);
#1841=AXIS2_PLACEMENT_3D('',#2659,#2114,#2115);
#1842=AXIS2_PLACEMENT_3D('',#2660,#2116,#2117);
#1843=AXIS2_PLACEMENT_3D('',#2661,#2118,#2119);
#1844=AXIS2_PLACEMENT_3D('',#2662,#2120,#2121);
#1845=AXIS2_PLACEMENT_3D('',#2663,#2122,#2123);
#1846=AXIS2_PLACEMENT_3D('',#2664,#2124,#2125);
#1847=AXIS2_PLACEMENT_3D('',#2665,#2126,#2127);
#1848=AXIS2_PLACEMENT_3D('',#2666,#2128,#2129);
#1849=AXIS2_PLACEMENT_3D('',#2667,#2130,#2131);
#1850=AXIS2_PLACEMENT_3D('',#2668,#2132,#2133);
#1851=AXIS2_PLACEMENT_3D('',#2669,#2134,#2135);
#1852=AXIS2_PLACEMENT_3D('',#2670,#2136,#2137);
#1853=AXIS2_PLACEMENT_3D('',#2684,#2144,#2145);
#1854=AXIS2_PLACEMENT_3D('',#2686,#2146,#2147);
#1855=AXIS2_PLACEMENT_3D('',#2688,#2148,#2149);
#1856=AXIS2_PLACEMENT_3D('',#2713,#2162,#2163);
#1857=AXIS2_PLACEMENT_3D('',#2716,#2166,#2167);
#1858=AXIS2_PLACEMENT_3D('',#2719,#2170,#2171);
#1859=AXIS2_PLACEMENT_3D('',#2722,#2174,#2175);
#1860=AXIS2_PLACEMENT_3D('',#2725,#2178,#2179);
#1861=AXIS2_PLACEMENT_3D('',#2728,#2182,#2183);
#1862=AXIS2_PLACEMENT_3D('',#2730,#2185,#2186);
#1863=AXIS2_PLACEMENT_3D('',#2731,#2187,#2188);
#1864=AXIS2_PLACEMENT_3D('',#2732,#2189,#2190);
#1865=AXIS2_PLACEMENT_3D('',#2734,#2192,#2193);
#1866=AXIS2_PLACEMENT_3D('',#2735,#2194,#2195);
#1867=AXIS2_PLACEMENT_3D('',#2736,#2196,#2197);
#1868=AXIS2_PLACEMENT_3D('',#2737,#2198,#2199);
#1869=AXIS2_PLACEMENT_3D('',#2738,#2200,#2201);
#1870=AXIS2_PLACEMENT_3D('',#2739,#2202,#2203);
#1871=AXIS2_PLACEMENT_3D('',#2740,#2204,#2205);
#1872=AXIS2_PLACEMENT_3D('',#2743,#2208,#2209);
#1873=AXIS2_PLACEMENT_3D('',#2744,#2210,#2211);
#1874=AXIS2_PLACEMENT_3D('',#2745,#2212,#2213);
#1875=AXIS2_PLACEMENT_3D('',#2746,#2214,#2215);
#1876=AXIS2_PLACEMENT_3D('',#2747,#2216,#2217);
#1877=AXIS2_PLACEMENT_3D('',#2748,#2218,#2219);
#1878=AXIS2_PLACEMENT_3D('',#2749,#2220,#2221);
#1879=AXIS2_PLACEMENT_3D('',#2750,#2222,#2223);
#1880=AXIS2_PLACEMENT_3D('',#2753,#2226,#2227);
#1881=AXIS2_PLACEMENT_3D('',#2754,#2228,#2229);
#1882=AXIS2_PLACEMENT_3D('',#2755,#2230,#2231);
#1883=AXIS2_PLACEMENT_3D('',#2756,#2232,#2233);
#1884=AXIS2_PLACEMENT_3D('',#2757,#2234,#2235);
#1885=AXIS2_PLACEMENT_3D('',#2758,#2236,#2237);
#1886=AXIS2_PLACEMENT_3D('',#2759,#2238,#2239);
#1887=AXIS2_PLACEMENT_3D('',#2761,#2241,#2242);
#1888=AXIS2_PLACEMENT_3D('',#2763,#2244,#2245);
#1889=AXIS2_PLACEMENT_3D('',#2765,#2247,#2248);
#1890=AXIS2_PLACEMENT_3D('',#2767,#2250,#2251);
#1891=AXIS2_PLACEMENT_3D('',#2769,#2253,#2254);
#1892=AXIS2_PLACEMENT_3D('',#2770,#2255,#2256);
#1893=AXIS2_PLACEMENT_3D('',#2771,#2257,#2258);
#1894=AXIS2_PLACEMENT_3D('',#2772,#2259,#2260);
#1895=AXIS2_PLACEMENT_3D('',#2773,#2261,#2262);
#1896=AXIS2_PLACEMENT_3D('',#2774,#2263,#2264);
#1897=AXIS2_PLACEMENT_3D('',#2775,#2265,#2266);
#1898=AXIS2_PLACEMENT_3D('',#2776,#2267,#2268);
#1899=AXIS2_PLACEMENT_3D('',#2777,#2269,#2270);
#1900=AXIS2_PLACEMENT_3D('',#2778,#2271,#2272);
#1901=AXIS2_PLACEMENT_3D('',#2779,#2273,#2274);
#1902=AXIS2_PLACEMENT_3D('',#2788,#2279,#2280);
#1903=AXIS2_PLACEMENT_3D('',#2794,#2284,#2285);
#1904=AXIS2_PLACEMENT_3D('',#2800,#2289,#2290);
#1905=AXIS2_PLACEMENT_3D('',#2803,#2293,#2294);
#1906=AXIS2_PLACEMENT_3D('',#2805,#2295,#2296);
#1907=AXIS2_PLACEMENT_3D('',#2808,#2298,#2299);
#1908=AXIS2_PLACEMENT_3D('',#2809,#2300,#2301);
#1909=AXIS2_PLACEMENT_3D('',#2811,#2302,#2303);
#1910=AXIS2_PLACEMENT_3D('',#2814,#2305,#2306);
#1911=AXIS2_PLACEMENT_3D('',#2815,#2307,#2308);
#1912=AXIS2_PLACEMENT_3D('',#2819,#2310,#2311);
#1913=AXIS2_PLACEMENT_3D('',#2820,#2312,#2313);
#1914=AXIS2_PLACEMENT_3D('',#2824,#2315,#2316);
#1915=AXIS2_PLACEMENT_3D('',#2825,#2317,#2318);
#1916=AXIS2_PLACEMENT_3D('',#2829,#2320,#2321);
#1917=AXIS2_PLACEMENT_3D('',#2830,#2322,#2323);
#1918=AXIS2_PLACEMENT_3D('',#2834,#2325,#2326);
#1919=AXIS2_PLACEMENT_3D('',#2835,#2327,#2328);
#1920=AXIS2_PLACEMENT_3D('',#2839,#2330,#2331);
#1921=AXIS2_PLACEMENT_3D('',#2840,#2332,#2333);
#1922=AXIS2_PLACEMENT_3D('',#2844,#2335,#2336);
#1923=AXIS2_PLACEMENT_3D('',#2845,#2337,#2338);
#1924=AXIS2_PLACEMENT_3D('',#2849,#2340,#2341);
#1925=AXIS2_PLACEMENT_3D('',#2850,#2342,#2343);
#1926=AXIS2_PLACEMENT_3D('',#2854,#2345,#2346);
#1927=AXIS2_PLACEMENT_3D('',#2855,#2347,#2348);
#1928=AXIS2_PLACEMENT_3D('',#2859,#2350,#2351);
#1929=AXIS2_PLACEMENT_3D('',#2860,#2352,#2353);
#1930=AXIS2_PLACEMENT_3D('',#2864,#2355,#2356);
#1931=AXIS2_PLACEMENT_3D('',#2865,#2357,#2358);
#1932=AXIS2_PLACEMENT_3D('',#2869,#2360,#2361);
#1933=AXIS2_PLACEMENT_3D('',#2870,#2362,#2363);
#1934=AXIS2_PLACEMENT_3D('',#2874,#2365,#2366);
#1935=AXIS2_PLACEMENT_3D('',#2875,#2367,#2368);
#1936=AXIS2_PLACEMENT_3D('',#2878,#2371,#2372);
#1937=AXIS2_PLACEMENT_3D('',#2881,#2375,#2376);
#1938=AXIS2_PLACEMENT_3D('',#2884,#2379,#2380);
#1939=AXIS2_PLACEMENT_3D('',#2893,#2385,#2386);
#1940=AXIS2_PLACEMENT_3D('',#2899,#2390,#2391);
#1941=AXIS2_PLACEMENT_3D('',#2905,#2395,#2396);
#1942=AXIS2_PLACEMENT_3D('',#2918,#2406,#2407);
#1943=AXIS2_PLACEMENT_3D('',#2920,#2408,#2409);
#1944=AXIS2_PLACEMENT_3D('',#2922,#2410,#2411);
#1945=AXIS2_PLACEMENT_3D('',#2923,#2412,#2413);
#1946=AXIS2_PLACEMENT_3D('',#2926,#2415,#2416);
#1947=AXIS2_PLACEMENT_3D('',#2927,#2417,#2418);
#1948=AXIS2_PLACEMENT_3D('',#2930,#2420,#2421);
#1949=AXIS2_PLACEMENT_3D('',#2931,#2422,#2423);
#1950=AXIS2_PLACEMENT_3D('',#2934,#2425,#2426);
#1951=AXIS2_PLACEMENT_3D('',#2935,#2427,#2428);
#1952=AXIS2_PLACEMENT_3D('',#2936,#2429,#2430);
#1953=AXIS2_PLACEMENT_3D('',#2937,#2431,#2432);
#1954=AXIS2_PLACEMENT_3D('',#2941,#2435,#2436);
#1955=AXIS2_PLACEMENT_3D('',#2942,#2437,#2438);
#1956=AXIS2_PLACEMENT_3D('',#2946,#2441,#2442);
#1957=AXIS2_PLACEMENT_3D('',#2948,#2444,#2445);
#1958=DIRECTION('axis',(0.,0.,1.));
#1959=DIRECTION('refdir',(1.,0.,0.));
#1960=DIRECTION('center_axis',(0.,2.22044604925031E-16,-1.));
#1961=DIRECTION('ref_axis',(1.,0.,0.));
#1962=DIRECTION('',(-1.,0.,0.));
#1963=DIRECTION('',(0.,1.,2.22044604925031E-16));
#1964=DIRECTION('',(1.,0.,0.));
#1965=DIRECTION('',(0.,-1.,-2.22044604925031E-16));
#1966=DIRECTION('center_axis',(0.,2.22044604925031E-16,-1.));
#1967=DIRECTION('ref_axis',(1.,0.,0.));
#1968=DIRECTION('center_axis',(0.,2.22044604925031E-16,-1.));
#1969=DIRECTION('ref_axis',(1.,0.,0.));
#1970=DIRECTION('',(1.,0.,0.));
#1971=DIRECTION('',(0.,-1.,-2.22044604925031E-16));
#1972=DIRECTION('',(-1.,0.,0.));
#1973=DIRECTION('',(0.,1.,2.22044604925031E-16));
#1974=DIRECTION('center_axis',(0.,2.22044604925031E-16,-1.));
#1975=DIRECTION('ref_axis',(1.,0.,0.));
#1976=DIRECTION('center_axis',(1.,0.,0.));
#1977=DIRECTION('ref_axis',(0.,1.,2.22044604925031E-16));
#1978=DIRECTION('',(0.,-2.22044604925031E-16,1.));
#1979=DIRECTION('',(0.,-1.,-2.22044604925031E-16));
#1980=DIRECTION('',(0.,-2.22044604925031E-16,1.));
#1981=DIRECTION('center_axis',(0.,-1.,-2.22044604925031E-16));
#1982=DIRECTION('ref_axis',(1.,0.,0.));
#1983=DIRECTION('',(0.,-2.22044604925031E-16,1.));
#1984=DIRECTION('',(-1.,0.,0.));
#1985=DIRECTION('',(0.,-2.22044604925031E-16,1.));
#1986=DIRECTION('',(1.,0.,0.));
#1987=DIRECTION('',(0.,-2.22044604925031E-16,1.));
#1988=DIRECTION('center_axis',(0.,-2.22044604925031E-16,1.));
#1989=DIRECTION('ref_axis',(1.,0.,0.));
#1990=DIRECTION('',(0.,-2.22044604925031E-16,1.));
#1991=DIRECTION('center_axis',(0.,2.22044604925031E-16,-1.));
#1992=DIRECTION('ref_axis',(1.,0.,0.));
#1993=DIRECTION('center_axis',(0.,-2.22044604925031E-16,1.));
#1994=DIRECTION('ref_axis',(1.,0.,0.));
#1995=DIRECTION('',(0.,-2.22044604925031E-16,1.));
#1996=DIRECTION('center_axis',(0.,2.22044604925031E-16,-1.));
#1997=DIRECTION('ref_axis',(1.,0.,0.));
#1998=DIRECTION('center_axis',(-1.,0.,0.));
#1999=DIRECTION('ref_axis',(0.,-1.,-2.22044604925031E-16));
#2000=DIRECTION('',(0.,-2.22044604925031E-16,1.));
#2001=DIRECTION('',(0.,1.,2.22044604925031E-16));
#2002=DIRECTION('center_axis',(0.,1.,2.22044604925031E-16));
#2003=DIRECTION('ref_axis',(-1.,0.,0.));
#2004=DIRECTION('',(-1.,0.,0.));
#2005=DIRECTION('',(0.,-2.22044604925031E-16,1.));
#2006=DIRECTION('',(1.,0.,0.));
#2007=DIRECTION('',(0.,-2.22044604925031E-16,1.));
#2008=DIRECTION('center_axis',(1.,0.,0.));
#2009=DIRECTION('ref_axis',(0.,1.,2.22044604925031E-16));
#2010=DIRECTION('',(0.,1.,2.22044604925031E-16));
#2011=DIRECTION('center_axis',(-1.,0.,0.));
#2012=DIRECTION('ref_axis',(0.,-1.,-2.22044604925031E-16));
#2013=DIRECTION('',(0.,-1.,-2.22044604925031E-16));
#2014=DIRECTION('center_axis',(0.,-1.,-2.22044604925031E-16));
#2015=DIRECTION('ref_axis',(-1.,0.,0.));
#2016=DIRECTION('',(-1.,0.,0.));
#2017=DIRECTION('center_axis',(0.,-1.,-2.22044604925031E-16));
#2018=DIRECTION('ref_axis',(-1.,0.,0.));
#2019=DIRECTION('center_axis',(0.,-1.,-2.22044604925031E-16));
#2020=DIRECTION('ref_axis',(-1.,0.,0.));
#2021=DIRECTION('',(1.,0.,0.));
#2022=DIRECTION('center_axis',(0.,1.,2.22044604925031E-16));
#2023=DIRECTION('ref_axis',(-1.,0.,0.));
#2024=DIRECTION('center_axis',(0.,-1.,-2.22044604925031E-16));
#2025=DIRECTION('ref_axis',(-1.,0.,0.));
#2026=DIRECTION('',(-1.,0.,0.));
#2027=DIRECTION('center_axis',(0.,-1.,-2.22044604925031E-16));
#2028=DIRECTION('ref_axis',(-1.,0.,0.));
#2029=DIRECTION('center_axis',(0.,-1.,-2.22044604925031E-16));
#2030=DIRECTION('ref_axis',(-1.,0.,0.));
#2031=DIRECTION('',(1.,0.,0.));
#2032=DIRECTION('center_axis',(0.,1.,2.22044604925031E-16));
#2033=DIRECTION('ref_axis',(-1.,0.,0.));
#2034=DIRECTION('center_axis',(0.,-2.22044604925031E-16,1.));
#2035=DIRECTION('ref_axis',(0.,-1.,-2.22044604925031E-16));
#2036=DIRECTION('',(1.,0.,0.));
#2037=DIRECTION('',(0.283048609943241,0.959105564788986,2.12964216214969E-16));
#2038=DIRECTION('',(-0.499999999999997,0.86602540378444,1.92296268638357E-16));
#2039=DIRECTION('',(-1.,0.,0.));
#2040=DIRECTION('',(-0.499999999999997,-0.866025403784441,-1.92296268638357E-16));
#2041=DIRECTION('',(0.283048609943242,-0.959105564788985,-2.12964216214969E-16));
#2042=DIRECTION('',(0.866025403784441,-0.499999999999997,-1.11022302462515E-16));
#2043=DIRECTION('',(-0.499999999999997,-0.866025403784441,-1.92296268638357E-16));
#2044=DIRECTION('',(-0.866025403784441,0.499999999999997,1.11022302462515E-16));
#2045=DIRECTION('',(0.5,0.866025403784439,1.92296268638356E-16));
#2046=DIRECTION('',(0.866025403784439,-0.5,-1.11022302462516E-16));
#2047=DIRECTION('',(-0.5,-0.866025403784439,-1.92296268638356E-16));
#2048=DIRECTION('',(-0.866025403784441,0.499999999999997,1.11022302462515E-16));
#2049=DIRECTION('',(0.499999999999997,0.866025403784441,1.92296268638357E-16));
#2050=DIRECTION('',(0.866025403784441,-0.499999999999997,-1.11022302462515E-16));
#2051=DIRECTION('',(-0.5,-0.866025403784439,-1.92296268638356E-16));
#2052=DIRECTION('',(-0.866025403784441,0.499999999999997,1.11022302462515E-16));
#2053=DIRECTION('',(0.499999999999997,0.866025403784441,1.92296268638357E-16));
#2054=DIRECTION('',(0.866025403784441,-0.499999999999997,-1.11022302462515E-16));
#2055=DIRECTION('',(-0.5,-0.866025403784439,-1.92296268638356E-16));
#2056=DIRECTION('',(-0.866025403784438,0.5,1.11022302462516E-16));
#2057=DIRECTION('',(0.5,0.866025403784439,1.92296268638356E-16));
#2058=DIRECTION('',(0.866025403784441,-0.499999999999997,-1.11022302462515E-16));
#2059=DIRECTION('',(-0.499999999999997,-0.866025403784441,-1.92296268638357E-16));
#2060=DIRECTION('',(-0.866025403784441,0.499999999999997,1.11022302462515E-16));
#2061=DIRECTION('',(0.5,0.866025403784439,1.92296268638356E-16));
#2062=DIRECTION('',(-0.86602540378444,-0.499999999999997,-1.11022302462515E-16));
#2063=DIRECTION('',(-0.499999999999997,0.86602540378444,1.92296268638357E-16));
#2064=DIRECTION('',(0.86602540378444,0.499999999999997,1.11022302462515E-16));
#2065=DIRECTION('',(0.500000000000001,-0.866025403784438,-1.92296268638356E-16));
#2066=DIRECTION('',(-0.86602540378444,-0.499999999999997,-1.11022302462515E-16));
#2067=DIRECTION('',(-0.499999999999997,0.86602540378444,1.92296268638357E-16));
#2068=DIRECTION('',(0.86602540378444,0.499999999999997,1.11022302462515E-16));
#2069=DIRECTION('',(0.500000000000001,-0.866025403784438,-1.92296268638356E-16));
#2070=DIRECTION('',(-0.866025403784438,-0.500000000000002,-1.11022302462516E-16));
#2071=DIRECTION('',(-0.500000000000001,0.866025403784438,1.92296268638356E-16));
#2072=DIRECTION('',(0.86602540378444,0.499999999999997,1.11022302462515E-16));
#2073=DIRECTION('',(0.499999999999997,-0.86602540378444,-1.92296268638357E-16));
#2074=DIRECTION('',(-0.86602540378444,-0.499999999999997,-1.11022302462515E-16));
#2075=DIRECTION('',(-0.500000000000001,0.866025403784438,1.92296268638356E-16));
#2076=DIRECTION('',(0.86602540378444,0.499999999999997,1.11022302462515E-16));
#2077=DIRECTION('',(0.499999999999997,-0.86602540378444,-1.92296268638357E-16));
#2078=DIRECTION('',(-0.86602540378444,-0.499999999999997,-1.11022302462515E-16));
#2079=DIRECTION('',(-0.500000000000001,0.866025403784438,1.92296268638356E-16));
#2080=DIRECTION('',(0.866025403784438,0.500000000000001,1.11022302462516E-16));
#2081=DIRECTION('',(0.500000000000001,-0.866025403784438,-1.92296268638356E-16));
#2082=DIRECTION('center_axis',(0.,2.22044604925031E-16,-1.));
#2083=DIRECTION('ref_axis',(1.,0.,0.));
#2084=DIRECTION('center_axis',(0.,2.22044604925031E-16,-1.));
#2085=DIRECTION('ref_axis',(1.,0.,0.));
#2086=DIRECTION('center_axis',(0.,2.22044604925031E-16,-1.));
#2087=DIRECTION('ref_axis',(1.,0.,0.));
#2088=DIRECTION('',(0.,-1.,-2.22044604925031E-16));
#2089=DIRECTION('',(0.,1.,2.22044604925031E-16));
#2090=DIRECTION('',(1.,8.88178419700126E-16,1.97215226305253E-31));
#2091=DIRECTION('',(0.,-1.,-2.22044604925031E-16));
#2092=DIRECTION('',(0.,1.,2.22044604925031E-16));
#2093=DIRECTION('',(1.,8.88178419700126E-16,1.97215226305253E-31));
#2094=DIRECTION('',(0.,-1.,-2.22044604925031E-16));
#2095=DIRECTION('',(-1.,-8.88178419700125E-16,-1.97215226305253E-31));
#2096=DIRECTION('',(0.,1.,2.22044604925031E-16));
#2097=DIRECTION('',(0.,-1.,-2.22044604925031E-16));
#2098=DIRECTION('',(-1.,-8.88178419700125E-16,-1.97215226305253E-31));
#2099=DIRECTION('',(0.,1.,2.22044604925031E-16));
#2100=DIRECTION('',(0.,-1.,-2.22044604925031E-16));
#2101=DIRECTION('',(-1.,-8.88178419700125E-16,-1.97215226305253E-31));
#2102=DIRECTION('',(-7.40148683083438E-16,1.,2.22044604925031E-16));
#2103=DIRECTION('',(1.,8.88178419700126E-16,1.97215226305253E-31));
#2104=DIRECTION('center_axis',(-0.866025403784441,0.499999999999997,1.11022302462515E-16));
#2105=DIRECTION('ref_axis',(0.,2.22044604925031E-16,-1.));
#2106=DIRECTION('center_axis',(0.866025403784441,-0.499999999999997,-1.11022302462515E-16));
#2107=DIRECTION('ref_axis',(0.,2.22044604925031E-16,-1.));
#2108=DIRECTION('center_axis',(-0.866025403784441,0.499999999999997,1.11022302462515E-16));
#2109=DIRECTION('ref_axis',(0.,2.22044604925031E-16,-1.));
#2110=DIRECTION('center_axis',(-0.866025403784441,0.499999999999997,1.11022302462515E-16));
#2111=DIRECTION('ref_axis',(0.,2.22044604925031E-16,-1.));
#2112=DIRECTION('center_axis',(-0.866025403784441,0.499999999999997,1.11022302462515E-16));
#2113=DIRECTION('ref_axis',(0.,2.22044604925031E-16,-1.));
#2114=DIRECTION('center_axis',(0.866025403784441,-0.499999999999997,-1.11022302462515E-16));
#2115=DIRECTION('ref_axis',(0.,2.22044604925031E-16,-1.));
#2116=DIRECTION('center_axis',(-0.866025403784441,0.499999999999997,1.11022302462515E-16));
#2117=DIRECTION('ref_axis',(0.,2.22044604925031E-16,-1.));
#2118=DIRECTION('center_axis',(-0.866025403784441,0.499999999999997,1.11022302462515E-16));
#2119=DIRECTION('ref_axis',(0.,2.22044604925031E-16,-1.));
#2120=DIRECTION('center_axis',(0.86602540378444,0.499999999999997,1.11022302462515E-16));
#2121=DIRECTION('ref_axis',(0.,-2.22044604925031E-16,1.));
#2122=DIRECTION('center_axis',(-0.86602540378444,-0.499999999999997,-1.11022302462515E-16));
#2123=DIRECTION('ref_axis',(0.,-2.22044604925031E-16,1.));
#2124=DIRECTION('center_axis',(0.86602540378444,0.499999999999997,1.11022302462515E-16));
#2125=DIRECTION('ref_axis',(0.,-2.22044604925031E-16,1.));
#2126=DIRECTION('center_axis',(0.86602540378444,0.499999999999997,1.11022302462515E-16));
#2127=DIRECTION('ref_axis',(0.,-2.22044604925031E-16,1.));
#2128=DIRECTION('center_axis',(0.86602540378444,0.499999999999997,1.11022302462515E-16));
#2129=DIRECTION('ref_axis',(0.,-2.22044604925031E-16,1.));
#2130=DIRECTION('center_axis',(0.86602540378444,0.499999999999997,1.11022302462515E-16));
#2131=DIRECTION('ref_axis',(0.,-2.22044604925031E-16,1.));
#2132=DIRECTION('center_axis',(0.86602540378444,0.499999999999997,1.11022302462515E-16));
#2133=DIRECTION('ref_axis',(0.,-2.22044604925031E-16,1.));
#2134=DIRECTION('center_axis',(-0.86602540378444,-0.499999999999997,-1.11022302462515E-16));
#2135=DIRECTION('ref_axis',(0.,-2.22044604925031E-16,1.));
#2136=DIRECTION('center_axis',(0.,-2.22044604925031E-16,1.));
#2137=DIRECTION('ref_axis',(1.,0.,0.));
#2138=DIRECTION('',(-1.,0.,0.));
#2139=DIRECTION('',(0.499999999999997,-0.86602540378444,-1.92296268638357E-16));
#2140=DIRECTION('',(-0.283048609943241,-0.959105564788985,-2.12964216214969E-16));
#2141=DIRECTION('',(1.,0.,0.));
#2142=DIRECTION('',(0.283048609943242,-0.959105564788985,-2.12964216214969E-16));
#2143=DIRECTION('',(-0.499999999999996,-0.866025403784441,-1.92296268638357E-16));
#2144=DIRECTION('center_axis',(0.,-2.22044604925031E-16,1.));
#2145=DIRECTION('ref_axis',(1.,0.,0.));
#2146=DIRECTION('center_axis',(0.,-2.22044604925031E-16,1.));
#2147=DIRECTION('ref_axis',(1.,0.,0.));
#2148=DIRECTION('center_axis',(0.,-2.22044604925031E-16,1.));
#2149=DIRECTION('ref_axis',(1.,0.,0.));
#2150=DIRECTION('',(-0.5,-0.866025403784439,-1.92296268638356E-16));
#2151=DIRECTION('',(0.866025403784439,-0.5,-1.11022302462516E-16));
#2152=DIRECTION('',(0.5,0.866025403784439,1.92296268638356E-16));
#2153=DIRECTION('',(-0.866025403784438,0.5,1.11022302462516E-16));
#2154=DIRECTION('',(0.,-1.,-2.22044604925031E-16));
#2155=DIRECTION('',(1.,8.88178419700126E-16,1.97215226305253E-31));
#2156=DIRECTION('',(-7.40148683083438E-16,1.,2.22044604925031E-16));
#2157=DIRECTION('',(-1.,-8.88178419700125E-16,-1.97215226305253E-31));
#2158=DIRECTION('',(-0.866025403784438,-0.500000000000002,-1.11022302462516E-16));
#2159=DIRECTION('',(0.500000000000001,-0.866025403784438,-1.92296268638356E-16));
#2160=DIRECTION('',(0.866025403784438,0.500000000000001,1.11022302462516E-16));
#2161=DIRECTION('',(-0.500000000000001,0.866025403784438,1.92296268638356E-16));
#2162=DIRECTION('center_axis',(0.,1.,2.22044604925031E-16));
#2163=DIRECTION('ref_axis',(-1.,0.,0.));
#2164=DIRECTION('',(0.,-2.22044604925031E-16,1.));
#2165=DIRECTION('',(0.,-2.22044604925031E-16,1.));
#2166=DIRECTION('center_axis',(-0.959105564788985,-0.283048609943242,-6.28494167694265E-17));
#2167=DIRECTION('ref_axis',(0.283048609943242,-0.959105564788985,-2.12964216214969E-16));
#2168=DIRECTION('',(0.,-2.22044604925031E-16,1.));
#2169=DIRECTION('',(0.,-2.22044604925031E-16,1.));
#2170=DIRECTION('center_axis',(0.500000000000001,-0.866025403784438,-1.92296268638356E-16));
#2171=DIRECTION('ref_axis',(0.866025403784438,0.500000000000001,1.11022302462516E-16));
#2172=DIRECTION('',(0.,-2.22044604925031E-16,1.));
#2173=DIRECTION('',(0.,-2.22044604925031E-16,1.));
#2174=DIRECTION('center_axis',(1.,7.40148683083438E-16,1.64346021921044E-31));
#2175=DIRECTION('ref_axis',(-7.40148683083438E-16,1.,2.22044604925031E-16));
#2176=DIRECTION('',(0.,-2.22044604925031E-16,1.));
#2177=DIRECTION('',(0.,-2.22044604925031E-16,1.));
#2178=DIRECTION('center_axis',(0.5,0.866025403784438,1.92296268638356E-16));
#2179=DIRECTION('ref_axis',(-0.866025403784438,0.5,1.11022302462516E-16));
#2180=DIRECTION('',(0.,-2.22044604925031E-16,1.));
#2181=DIRECTION('',(0.,-2.22044604925031E-16,1.));
#2182=DIRECTION('center_axis',(8.88178419700126E-16,-1.,-2.22044604925031E-16));
#2183=DIRECTION('ref_axis',(1.,8.88178419700126E-16,1.97215226305253E-31));
#2184=DIRECTION('',(0.,-2.22044604925031E-16,1.));
#2185=DIRECTION('center_axis',(-8.88178419700126E-16,1.,2.22044604925031E-16));
#2186=DIRECTION('ref_axis',(-1.,0.,0.));
#2187=DIRECTION('center_axis',(-8.88178419700126E-16,1.,2.22044604925031E-16));
#2188=DIRECTION('ref_axis',(-1.,0.,0.));
#2189=DIRECTION('center_axis',(-8.88178419700125E-16,1.,2.22044604925031E-16));
#2190=DIRECTION('ref_axis',(-1.,-8.88178419700125E-16,-1.97215226305253E-31));
#2191=DIRECTION('',(0.,-2.22044604925031E-16,1.));
#2192=DIRECTION('center_axis',(8.88178419700125E-16,-1.,-2.22044604925031E-16));
#2193=DIRECTION('ref_axis',(-1.,0.,0.));
#2194=DIRECTION('center_axis',(8.88178419700125E-16,-1.,-2.22044604925031E-16));
#2195=DIRECTION('ref_axis',(-1.,0.,0.));
#2196=DIRECTION('center_axis',(-1.,0.,0.));
#2197=DIRECTION('ref_axis',(0.,-1.,-2.22044604925031E-16));
#2198=DIRECTION('center_axis',(0.,1.,2.22044604925031E-16));
#2199=DIRECTION('ref_axis',(-6.12323399573676E-17,2.22044604925031E-16,
-1.));
#2200=DIRECTION('center_axis',(0.,1.,2.22044604925031E-16));
#2201=DIRECTION('ref_axis',(-6.12323399573677E-17,2.22044604925031E-16,
-1.));
#2202=DIRECTION('center_axis',(-0.866025403784441,0.499999999999997,1.11022302462515E-16));
#2203=DIRECTION('ref_axis',(-0.499999999999997,-0.866025403784441,-1.92296268638357E-16));
#2204=DIRECTION('center_axis',(-0.5,-0.866025403784439,-1.92296268638356E-16));
#2205=DIRECTION('ref_axis',(0.866025403784439,-0.5,-1.11022302462516E-16));
#2206=DIRECTION('',(0.,-2.22044604925031E-16,1.));
#2207=DIRECTION('',(0.,-2.22044604925031E-16,1.));
#2208=DIRECTION('center_axis',(0.866025403784439,-0.5,-1.11022302462516E-16));
#2209=DIRECTION('ref_axis',(0.5,0.866025403784439,1.92296268638356E-16));
#2210=DIRECTION('center_axis',(-0.866025403784439,0.5,1.11022302462516E-16));
#2211=DIRECTION('ref_axis',(0.,2.22044604925031E-16,-1.));
#2212=DIRECTION('center_axis',(-0.866025403784439,0.5,1.11022302462516E-16));
#2213=DIRECTION('ref_axis',(0.,2.22044604925031E-16,-1.));
#2214=DIRECTION('center_axis',(-0.866025403784439,0.5,1.11022302462516E-16));
#2215=DIRECTION('ref_axis',(-0.5,-0.866025403784439,-1.92296268638356E-16));
#2216=DIRECTION('center_axis',(0.866025403784439,-0.5,-1.11022302462516E-16));
#2217=DIRECTION('ref_axis',(0.,2.22044604925031E-16,-1.));
#2218=DIRECTION('center_axis',(0.866025403784439,-0.5,-1.11022302462516E-16));
#2219=DIRECTION('ref_axis',(0.,2.22044604925031E-16,-1.));
#2220=DIRECTION('center_axis',(0.866025403784441,-0.499999999999997,-1.11022302462515E-16));
#2221=DIRECTION('ref_axis',(0.,2.22044604925031E-16,-1.));
#2222=DIRECTION('center_axis',(-0.500000000000002,0.866025403784438,1.92296268638356E-16));
#2223=DIRECTION('ref_axis',(-0.866025403784438,-0.500000000000002,-1.11022302462516E-16));
#2224=DIRECTION('',(0.,-2.22044604925031E-16,1.));
#2225=DIRECTION('',(0.,-2.22044604925031E-16,1.));
#2226=DIRECTION('center_axis',(-0.866025403784438,-0.500000000000001,-1.11022302462516E-16));
#2227=DIRECTION('ref_axis',(0.500000000000001,-0.866025403784438,-1.92296268638356E-16));
#2228=DIRECTION('center_axis',(0.866025403784438,0.500000000000001,1.11022302462516E-16));
#2229=DIRECTION('ref_axis',(0.,-2.22044604925031E-16,1.));
#2230=DIRECTION('center_axis',(0.866025403784438,0.500000000000001,1.11022302462516E-16));
#2231=DIRECTION('ref_axis',(0.,-2.22044604925031E-16,1.));
#2232=DIRECTION('center_axis',(0.866025403784438,0.500000000000001,1.11022302462516E-16));
#2233=DIRECTION('ref_axis',(-0.500000000000001,0.866025403784438,1.92296268638356E-16));
#2234=DIRECTION('center_axis',(-0.866025403784438,-0.500000000000001,-1.11022302462516E-16));
#2235=DIRECTION('ref_axis',(0.,-2.22044604925031E-16,1.));
#2236=DIRECTION('center_axis',(-0.866025403784438,-0.500000000000001,-1.11022302462516E-16));
#2237=DIRECTION('ref_axis',(0.,-2.22044604925031E-16,1.));
#2238=DIRECTION('center_axis',(0.,-2.22044604925031E-16,1.));
#2239=DIRECTION('ref_axis',(1.,0.,0.));
#2240=DIRECTION('',(0.,-2.22044604925031E-16,1.));
#2241=DIRECTION('center_axis',(0.,-2.22044604925031E-16,1.));
#2242=DIRECTION('ref_axis',(1.,0.,0.));
#2243=DIRECTION('',(0.,-2.22044604925031E-16,1.));
#2244=DIRECTION('center_axis',(0.,-2.22044604925031E-16,1.));
#2245=DIRECTION('ref_axis',(1.,0.,0.));
#2246=DIRECTION('',(0.,-2.22044604925031E-16,1.));
#2247=DIRECTION('center_axis',(0.,-1.,-2.22044604925031E-16));
#2248=DIRECTION('ref_axis',(1.,0.,0.));
#2249=DIRECTION('',(0.,-2.22044604925031E-16,1.));
#2250=DIRECTION('center_axis',(0.959105564788986,-0.283048609943241,-6.28494167694263E-17));
#2251=DIRECTION('ref_axis',(0.283048609943241,0.959105564788986,2.12964216214969E-16));
#2252=DIRECTION('',(0.,-2.22044604925031E-16,1.));
#2253=DIRECTION('center_axis',(0.86602540378444,0.499999999999997,1.11022302462515E-16));
#2254=DIRECTION('ref_axis',(-0.499999999999997,0.86602540378444,1.92296268638357E-16));
#2255=DIRECTION('center_axis',(0.,1.,2.22044604925031E-16));
#2256=DIRECTION('ref_axis',(-6.12323399573677E-17,2.22044604925031E-16,
-1.));
#2257=DIRECTION('center_axis',(0.,1.,2.22044604925031E-16));
#2258=DIRECTION('ref_axis',(-6.12323399573676E-17,2.22044604925031E-16,
-1.));
#2259=DIRECTION('center_axis',(0.866025403784441,-0.499999999999997,-1.11022302462515E-16));
#2260=DIRECTION('ref_axis',(0.,2.22044604925031E-16,-1.));
#2261=DIRECTION('center_axis',(0.866025403784441,-0.499999999999997,-1.11022302462515E-16));
#2262=DIRECTION('ref_axis',(0.,2.22044604925031E-16,-1.));
#2263=DIRECTION('center_axis',(0.866025403784441,-0.499999999999997,-1.11022302462515E-16));
#2264=DIRECTION('ref_axis',(0.,2.22044604925031E-16,-1.));
#2265=DIRECTION('center_axis',(-0.86602540378444,-0.499999999999997,-1.11022302462515E-16));
#2266=DIRECTION('ref_axis',(-6.12323399573673E-17,3.28102128797522E-16,
-1.));
#2267=DIRECTION('center_axis',(-0.86602540378444,-0.499999999999997,-1.11022302462515E-16));
#2268=DIRECTION('ref_axis',(-6.12323399573673E-17,3.28102128797522E-16,
-1.));
#2269=DIRECTION('center_axis',(-0.86602540378444,-0.499999999999997,-1.11022302462515E-16));
#2270=DIRECTION('ref_axis',(6.12323399573674E-17,1.1598708105254E-16,-1.));
#2271=DIRECTION('center_axis',(-0.86602540378444,-0.499999999999997,-1.11022302462515E-16));
#2272=DIRECTION('ref_axis',(6.12323399573674E-17,1.1598708105254E-16,-1.));
#2273=DIRECTION('center_axis',(-1.,0.,0.));
#2274=DIRECTION('ref_axis',(0.,1.,-2.22044604925031E-16));
#2275=DIRECTION('',(0.,1.,-2.22044604925031E-16));
#2276=DIRECTION('',(0.,-2.22044604925031E-16,-1.));
#2277=DIRECTION('',(0.,-1.,2.22044604925031E-16));
#2278=DIRECTION('',(0.,-2.22044604925031E-16,-1.));
#2279=DIRECTION('center_axis',(0.,1.,-2.22044604925031E-16));
#2280=DIRECTION('ref_axis',(1.,0.,0.));
#2281=DIRECTION('',(1.,0.,0.));
#2282=DIRECTION('',(-1.,0.,0.));
#2283=DIRECTION('',(0.,-2.22044604925031E-16,-1.));
#2284=DIRECTION('center_axis',(1.,0.,0.));
#2285=DIRECTION('ref_axis',(0.,-1.,2.22044604925031E-16));
#2286=DIRECTION('',(0.,-1.,2.22044604925031E-16));
#2287=DIRECTION('',(0.,1.,-2.22044604925031E-16));
#2288=DIRECTION('',(0.,-2.22044604925031E-16,-1.));
#2289=DIRECTION('center_axis',(0.,-1.,2.22044604925031E-16));
#2290=DIRECTION('ref_axis',(-1.,0.,0.));
#2291=DIRECTION('',(-1.,0.,0.));
#2292=DIRECTION('',(1.,0.,0.));
#2293=DIRECTION('center_axis',(0.,-2.22044604925031E-16,-1.));
#2294=DIRECTION('ref_axis',(1.,0.,0.));
#2295=DIRECTION('center_axis',(0.,-2.22044604925031E-16,-1.));
#2296=DIRECTION('ref_axis',(1.,0.,0.));
#2297=DIRECTION('',(0.,-2.22044604925031E-16,-1.));
#2298=DIRECTION('center_axis',(0.,2.22044604925031E-16,1.));
#2299=DIRECTION('ref_axis',(1.,0.,0.));
#2300=DIRECTION('center_axis',(0.,-2.22044604925031E-16,-1.));
#2301=DIRECTION('ref_axis',(1.,0.,0.));
#2302=DIRECTION('center_axis',(0.,-2.22044604925031E-16,-1.));
#2303=DIRECTION('ref_axis',(1.,0.,0.));
#2304=DIRECTION('',(0.,-2.22044604925031E-16,-1.));
#2305=DIRECTION('center_axis',(0.,2.22044604925031E-16,1.));
#2306=DIRECTION('ref_axis',(1.,0.,0.));
#2307=DIRECTION('center_axis',(0.,1.,-2.22044604925031E-16));
#2308=DIRECTION('ref_axis',(-1.,0.,0.));
#2309=DIRECTION('',(-1.,0.,0.));
#2310=DIRECTION('center_axis',(0.,-1.,2.22044604925031E-16));
#2311=DIRECTION('ref_axis',(-1.,0.,0.));
#2312=DIRECTION('center_axis',(0.,1.,-2.22044604925031E-16));
#2313=DIRECTION('ref_axis',(-1.,0.,0.));
#2314=DIRECTION('',(1.,0.,0.));
#2315=DIRECTION('center_axis',(0.,1.,-2.22044604925031E-16));
#2316=DIRECTION('ref_axis',(-1.,0.,0.));
#2317=DIRECTION('center_axis',(0.,1.,-2.22044604925031E-16));
#2318=DIRECTION('ref_axis',(-1.,0.,0.));
#2319=DIRECTION('',(-1.,0.,0.));
#2320=DIRECTION('center_axis',(0.,-1.,2.22044604925031E-16));
#2321=DIRECTION('ref_axis',(-1.,0.,0.));
#2322=DIRECTION('center_axis',(0.,1.,-2.22044604925031E-16));
#2323=DIRECTION('ref_axis',(-1.,0.,0.));
#2324=DIRECTION('',(1.,0.,0.));
#2325=DIRECTION('center_axis',(0.,1.,-2.22044604925031E-16));
#2326=DIRECTION('ref_axis',(-1.,0.,0.));
#2327=DIRECTION('center_axis',(-0.866025403784441,-0.499999999999997,1.11022302462515E-16));
#2328=DIRECTION('ref_axis',(0.,2.22044604925031E-16,1.));
#2329=DIRECTION('',(0.499999999999997,-0.866025403784441,1.92296268638357E-16));
#2330=DIRECTION('center_axis',(0.866025403784441,0.499999999999997,-1.11022302462515E-16));
#2331=DIRECTION('ref_axis',(0.,2.22044604925031E-16,1.));
#2332=DIRECTION('center_axis',(-0.866025403784441,-0.499999999999997,1.11022302462515E-16));
#2333=DIRECTION('ref_axis',(0.,2.22044604925031E-16,1.));
#2334=DIRECTION('',(-0.499999999999997,0.866025403784441,-1.92296268638357E-16));
#2335=DIRECTION('center_axis',(-0.866025403784441,-0.499999999999997,1.11022302462515E-16));
#2336=DIRECTION('ref_axis',(0.,2.22044604925031E-16,1.));
#2337=DIRECTION('center_axis',(-0.866025403784441,-0.499999999999997,1.11022302462515E-16));
#2338=DIRECTION('ref_axis',(0.,2.22044604925031E-16,1.));
#2339=DIRECTION('',(0.499999999999997,-0.866025403784441,1.92296268638357E-16));
#2340=DIRECTION('center_axis',(0.866025403784441,0.499999999999997,-1.11022302462515E-16));
#2341=DIRECTION('ref_axis',(0.,2.22044604925031E-16,1.));
#2342=DIRECTION('center_axis',(-0.866025403784441,-0.499999999999997,1.11022302462515E-16));
#2343=DIRECTION('ref_axis',(0.,2.22044604925031E-16,1.));
#2344=DIRECTION('',(-0.499999999999997,0.866025403784441,-1.92296268638357E-16));
#2345=DIRECTION('center_axis',(-0.866025403784441,-0.499999999999997,1.11022302462515E-16));
#2346=DIRECTION('ref_axis',(0.,2.22044604925031E-16,1.));
#2347=DIRECTION('center_axis',(0.86602540378444,-0.499999999999997,1.11022302462515E-16));
#2348=DIRECTION('ref_axis',(0.,-2.22044604925031E-16,-1.));
#2349=DIRECTION('',(-0.499999999999997,-0.86602540378444,1.92296268638357E-16));
#2350=DIRECTION('center_axis',(0.86602540378444,-0.499999999999997,1.11022302462515E-16));
#2351=DIRECTION('ref_axis',(0.,-2.22044604925031E-16,-1.));
#2352=DIRECTION('center_axis',(0.86602540378444,-0.499999999999997,1.11022302462515E-16));
#2353=DIRECTION('ref_axis',(0.,-2.22044604925031E-16,-1.));
#2354=DIRECTION('',(0.499999999999997,0.86602540378444,-1.92296268638357E-16));
#2355=DIRECTION('center_axis',(-0.86602540378444,0.499999999999997,-1.11022302462515E-16));
#2356=DIRECTION('ref_axis',(0.,-2.22044604925031E-16,-1.));
#2357=DIRECTION('center_axis',(0.86602540378444,-0.499999999999997,1.11022302462515E-16));
#2358=DIRECTION('ref_axis',(0.,-2.22044604925031E-16,-1.));
#2359=DIRECTION('',(0.499999999999997,0.86602540378444,-1.92296268638357E-16));
#2360=DIRECTION('center_axis',(-0.86602540378444,0.499999999999997,-1.11022302462515E-16));
#2361=DIRECTION('ref_axis',(0.,-2.22044604925031E-16,-1.));
#2362=DIRECTION('center_axis',(0.86602540378444,-0.499999999999997,1.11022302462515E-16));
#2363=DIRECTION('ref_axis',(0.,-2.22044604925031E-16,-1.));
#2364=DIRECTION('',(-0.499999999999997,-0.86602540378444,1.92296268638357E-16));
#2365=DIRECTION('center_axis',(0.86602540378444,-0.499999999999997,1.11022302462515E-16));
#2366=DIRECTION('ref_axis',(0.,-2.22044604925031E-16,-1.));
#2367=DIRECTION('center_axis',(0.866025403784441,0.499999999999997,-1.11022302462515E-16));
#2368=DIRECTION('ref_axis',(-6.12323399573672E-17,-1.1598708105254E-16,
-1.));
#2369=DIRECTION('',(0.866025403784441,0.499999999999997,-1.11022302462515E-16));
#2370=DIRECTION('',(-0.866025403784441,-0.499999999999997,1.11022302462515E-16));
#2371=DIRECTION('center_axis',(0.,-1.,2.22044604925031E-16));
#2372=DIRECTION('ref_axis',(-1.,0.,0.));
#2373=DIRECTION('',(0.,-1.,2.22044604925031E-16));
#2374=DIRECTION('',(0.,1.,-2.22044604925031E-16));
#2375=DIRECTION('center_axis',(0.,-1.,2.22044604925031E-16));
#2376=DIRECTION('ref_axis',(-1.,0.,0.));
#2377=DIRECTION('',(0.,-1.,2.22044604925031E-16));
#2378=DIRECTION('',(0.,1.,-2.22044604925031E-16));
#2379=DIRECTION('center_axis',(0.,-1.,2.22044604925031E-16));
#2380=DIRECTION('ref_axis',(-1.,0.,0.));
#2381=DIRECTION('',(-1.,0.,0.));
#2382=DIRECTION('',(0.,-2.22044604925031E-16,-1.));
#2383=DIRECTION('',(-1.,0.,0.));
#2384=DIRECTION('',(0.,-2.22044604925031E-16,-1.));
#2385=DIRECTION('center_axis',(-0.866025403784441,-0.499999999999997,1.11022302462515E-16));
#2386=DIRECTION('ref_axis',(-0.499999999999997,0.866025403784441,-1.92296268638357E-16));
#2387=DIRECTION('',(-0.499999999999997,0.866025403784441,-1.92296268638357E-16));
#2388=DIRECTION('',(0.,-2.22044604925031E-16,-1.));
#2389=DIRECTION('',(-0.499999999999996,0.866025403784441,-1.92296268638357E-16));
#2390=DIRECTION('center_axis',(-0.959105564788985,0.283048609943242,-6.28494167694265E-17));
#2391=DIRECTION('ref_axis',(0.283048609943242,0.959105564788985,-2.12964216214969E-16));
#2392=DIRECTION('',(0.283048609943242,0.959105564788985,-2.12964216214969E-16));
#2393=DIRECTION('',(0.,-2.22044604925031E-16,-1.));
#2394=DIRECTION('',(0.283048609943242,0.959105564788985,-2.12964216214969E-16));
#2395=DIRECTION('center_axis',(0.,-2.22044604925031E-16,-1.));
#2396=DIRECTION('ref_axis',(0.,1.,-2.22044604925031E-16));
#2397=DIRECTION('',(1.,0.,0.));
#2398=DIRECTION('',(-0.499999999999997,-0.86602540378444,1.92296268638357E-16));
#2399=DIRECTION('',(0.283048609943241,-0.959105564788986,2.12964216214969E-16));
#2400=DIRECTION('',(0.866025403784441,0.499999999999997,-1.11022302462515E-16));
#2401=DIRECTION('',(-0.866025403784441,-0.499999999999997,1.11022302462515E-16));
#2402=DIRECTION('',(0.86602540378444,-0.499999999999997,1.11022302462515E-16));
#2403=DIRECTION('',(-0.86602540378444,0.499999999999997,-1.11022302462515E-16));
#2404=DIRECTION('',(-0.86602540378444,0.499999999999997,-1.11022302462515E-16));
#2405=DIRECTION('',(0.86602540378444,-0.499999999999997,1.11022302462515E-16));
#2406=DIRECTION('center_axis',(0.,2.22044604925031E-16,1.));
#2407=DIRECTION('ref_axis',(1.,0.,0.));
#2408=DIRECTION('center_axis',(0.,2.22044604925031E-16,1.));
#2409=DIRECTION('ref_axis',(1.,0.,0.));
#2410=DIRECTION('center_axis',(0.,2.22044604925031E-16,1.));
#2411=DIRECTION('ref_axis',(1.,0.,0.));
#2412=DIRECTION('center_axis',(0.,-2.22044604925031E-16,-1.));
#2413=DIRECTION('ref_axis',(1.,0.,0.));
#2414=DIRECTION('',(0.,-2.22044604925031E-16,-1.));
#2415=DIRECTION('center_axis',(0.,2.22044604925031E-16,1.));
#2416=DIRECTION('ref_axis',(1.,0.,0.));
#2417=DIRECTION('center_axis',(0.,-2.22044604925031E-16,-1.));
#2418=DIRECTION('ref_axis',(1.,0.,0.));
#2419=DIRECTION('',(0.,-2.22044604925031E-16,-1.));
#2420=DIRECTION('center_axis',(0.,2.22044604925031E-16,1.));
#2421=DIRECTION('ref_axis',(1.,0.,0.));
#2422=DIRECTION('center_axis',(0.,-2.22044604925031E-16,-1.));
#2423=DIRECTION('ref_axis',(1.,0.,0.));
#2424=DIRECTION('',(0.,-2.22044604925031E-16,-1.));
#2425=DIRECTION('center_axis',(0.,2.22044604925031E-16,1.));
#2426=DIRECTION('ref_axis',(1.,0.,0.));
#2427=DIRECTION('center_axis',(-0.86602540378444,0.499999999999997,-1.11022302462515E-16));
#2428=DIRECTION('ref_axis',(0.,-2.22044604925031E-16,-1.));
#2429=DIRECTION('center_axis',(-0.86602540378444,0.499999999999997,-1.11022302462515E-16));
#2430=DIRECTION('ref_axis',(0.,-2.22044604925031E-16,-1.));
#2431=DIRECTION('center_axis',(0.86602540378444,-0.499999999999997,1.11022302462515E-16));
#2432=DIRECTION('ref_axis',(-0.499999999999997,-0.86602540378444,1.92296268638357E-16));
#2433=DIRECTION('',(-0.499999999999997,-0.86602540378444,1.92296268638357E-16));
#2434=DIRECTION('',(0.,-2.22044604925031E-16,-1.));
#2435=DIRECTION('center_axis',(0.866025403784441,0.499999999999997,-1.11022302462515E-16));
#2436=DIRECTION('ref_axis',(-6.12323399573672E-17,-1.1598708105254E-16,
-1.));
#2437=DIRECTION('center_axis',(0.,1.,-2.22044604925031E-16));
#2438=DIRECTION('ref_axis',(1.,0.,0.));
#2439=DIRECTION('',(0.,-2.22044604925031E-16,-1.));
#2440=DIRECTION('',(1.,0.,0.));
#2441=DIRECTION('center_axis',(0.959105564788986,0.283048609943241,-6.28494167694263E-17));
#2442=DIRECTION('ref_axis',(0.283048609943241,-0.959105564788986,2.12964216214969E-16));
#2443=DIRECTION('',(0.283048609943241,-0.959105564788985,2.12964216214969E-16));
#2444=DIRECTION('center_axis',(0.,-2.22044604925031E-16,-1.));
#2445=DIRECTION('ref_axis',(0.,1.,-2.22044604925031E-16));
#2446=CARTESIAN_POINT('',(0.,0.,0.));
#2447=CARTESIAN_POINT('Origin',(21.2658075373095,-73.,6.39999999999995));
#2448=CARTESIAN_POINT('',(23.7658075373095,-69.3000000000001,6.39999999999995));
#2449=CARTESIAN_POINT('',(18.7658075373095,-69.3000000000001,6.39999999999995));
#2450=CARTESIAN_POINT('',(53.5658075373095,-69.3000000000001,6.39999999999995));
#2451=CARTESIAN_POINT('',(23.7658075373095,-76.7,6.39999999999995));
#2452=CARTESIAN_POINT('',(23.7658075373095,-71.15,6.39999999999995));
#2453=CARTESIAN_POINT('',(18.7658075373095,-76.7,6.39999999999995));
#2454=CARTESIAN_POINT('',(18.7658075373095,-76.7,6.39999999999995));
#2455=CARTESIAN_POINT('',(18.7658075373095,-69.3000000000001,6.39999999999995));
#2456=CARTESIAN_POINT('',(20.0158075373095,-73.,6.39999999999995));
#2457=CARTESIAN_POINT('Origin',(21.2658075373095,-73.,6.39999999999995));
#2458=CARTESIAN_POINT('Origin',(51.0658075373095,-73.,6.39999999999995));
#2459=CARTESIAN_POINT('',(48.5658075373095,-76.7,6.39999999999995));
#2460=CARTESIAN_POINT('',(53.5658075373095,-76.7,6.39999999999995));
#2461=CARTESIAN_POINT('',(18.7658075373095,-76.7,6.39999999999995));
#2462=CARTESIAN_POINT('',(48.5658075373095,-69.3000000000001,6.39999999999995));
#2463=CARTESIAN_POINT('',(48.5658075373095,-74.8500000000001,6.39999999999995));
#2464=CARTESIAN_POINT('',(53.5658075373095,-69.3000000000001,6.39999999999995));
#2465=CARTESIAN_POINT('',(53.5658075373095,-69.3000000000001,6.39999999999995));
#2466=CARTESIAN_POINT('',(53.5658075373095,-76.7,6.39999999999995));
#2467=CARTESIAN_POINT('',(49.8158075373095,-73.,6.39999999999995));
#2468=CARTESIAN_POINT('Origin',(51.0658075373095,-73.,6.39999999999995));
#2469=CARTESIAN_POINT('Origin',(48.5658075373095,-76.7,-4.92272889118794E-14));
#2470=CARTESIAN_POINT('',(48.5658075373095,-76.7,12.0000005699694));
#2471=CARTESIAN_POINT('',(48.5658075373095,-76.7,-4.92272889118794E-14));
#2472=CARTESIAN_POINT('',(48.5658075373095,-69.3000000000001,12.0000005699694));
#2473=CARTESIAN_POINT('',(48.5658075373095,-75.35,12.0000005699694));
#2474=CARTESIAN_POINT('',(48.5658075373095,-69.3000000000001,-4.75841588354342E-14));
#2475=CARTESIAN_POINT('Origin',(18.7658075373095,-76.7,-4.92272889118794E-14));
#2476=CARTESIAN_POINT('',(23.7658075373095,-76.7,12.0000005699694));
#2477=CARTESIAN_POINT('',(23.7658075373095,-76.7,-4.92272889118794E-14));
#2478=CARTESIAN_POINT('',(29.9658075373095,-76.7,12.0000005699694));
#2479=CARTESIAN_POINT('',(53.5658075373095,-76.7,-4.92272889118794E-14));
#2480=CARTESIAN_POINT('',(53.5658075373095,-76.7,-4.92272889118794E-14));
#2481=CARTESIAN_POINT('',(18.7658075373095,-76.7,-4.92272889118794E-14));
#2482=CARTESIAN_POINT('',(27.4658075373095,-76.7,-4.92272889118794E-14));
#2483=CARTESIAN_POINT('',(18.7658075373095,-76.7,-4.92272889118794E-14));
#2484=CARTESIAN_POINT('Origin',(21.2658075373095,-73.,-4.84057238736568E-14));
#2485=CARTESIAN_POINT('',(20.0158075373095,-73.0000000000001,12.0000005699694));
#2486=CARTESIAN_POINT('',(20.0158075373095,-73.,-4.84057238736568E-14));
#2487=CARTESIAN_POINT('Origin',(21.2658075373095,-73.0000000000001,12.0000005699694));
#2488=CARTESIAN_POINT('Origin',(51.0658075373095,-73.,-4.84057238736568E-14));
#2489=CARTESIAN_POINT('',(49.8158075373095,-73.0000000000001,12.0000005699694));
#2490=CARTESIAN_POINT('',(49.8158075373095,-73.,-4.84057238736568E-14));
#2491=CARTESIAN_POINT('Origin',(51.0658075373095,-73.0000000000001,12.0000005699694));
#2492=CARTESIAN_POINT('Origin',(23.7658075373095,-69.3000000000001,-4.75841588354342E-14));
#2493=CARTESIAN_POINT('',(23.7658075373095,-69.3000000000001,12.0000005699694));
#2494=CARTESIAN_POINT('',(23.7658075373095,-69.3000000000001,-4.75841588354342E-14));
#2495=CARTESIAN_POINT('',(23.7658075373095,-71.65,12.0000005699694));
#2496=CARTESIAN_POINT('Origin',(53.5658075373095,-69.3000000000001,-4.75841588354342E-14));
#2497=CARTESIAN_POINT('',(53.5658075373095,-69.3000000000001,-4.75841588354342E-14));
#2498=CARTESIAN_POINT('',(18.7658075373095,-69.3000000000001,-4.75841588354342E-14));
#2499=CARTESIAN_POINT('',(44.8658075373095,-69.3000000000001,-4.75841588354342E-14));
#2500=CARTESIAN_POINT('',(53.5658075373095,-69.3000000000001,-4.75841588354342E-14));
#2501=CARTESIAN_POINT('',(42.3658075373095,-69.3000000000001,12.0000005699694));
#2502=CARTESIAN_POINT('',(18.7658075373095,-69.3000000000001,-4.75841588354342E-14));
#2503=CARTESIAN_POINT('Origin',(53.5658075373095,-76.7,-4.92272889118794E-14));
#2504=CARTESIAN_POINT('',(53.5658075373095,-75.35,-4.89275286952306E-14));
#2505=CARTESIAN_POINT('Origin',(18.7658075373095,-69.3000000000001,-4.75841588354342E-14));
#2506=CARTESIAN_POINT('',(18.7658075373095,-71.65,-4.8105963657008E-14));
#2507=CARTESIAN_POINT('Origin',(42.1658075373095,-107.,11.9999999999999));
#2508=CARTESIAN_POINT('',(45.1658075373095,-107.,11.9999999999999));
#2509=CARTESIAN_POINT('',(39.1658075373096,-107.,12.0000005699694));
#2510=CARTESIAN_POINT('',(39.1658075373095,-107.,12.0000005699694));
#2511=CARTESIAN_POINT('Origin',(42.1658075373095,-107.,11.9999999999999));
#2512=CARTESIAN_POINT('Origin',(42.1658075373095,-87.,12.));
#2513=CARTESIAN_POINT('',(39.1658075373096,-87.,12.0000005699694));
#2514=CARTESIAN_POINT('',(45.1658075373095,-87.,12.));
#2515=CARTESIAN_POINT('',(39.1658075373095,-87.,12.0000005699694));
#2516=CARTESIAN_POINT('Origin',(42.1658075373095,-87.,12.));
#2517=CARTESIAN_POINT('Origin',(30.1658075373095,-107.,11.9999999999999));
#2518=CARTESIAN_POINT('',(33.1658075373095,-107.,11.9999999999999));
#2519=CARTESIAN_POINT('',(27.1658075373096,-107.,12.0000005699694));
#2520=CARTESIAN_POINT('',(33.1658075373095,-107.,12.0000005699694));
#2521=CARTESIAN_POINT('Origin',(30.1658075373095,-107.,11.9999999999999));
#2522=CARTESIAN_POINT('Origin',(30.1658075373095,-87.,12.));
#2523=CARTESIAN_POINT('',(27.1658075373096,-87.,12.0000005699694));
#2524=CARTESIAN_POINT('',(33.1658075373095,-87.,12.));
#2525=CARTESIAN_POINT('',(33.1658075373095,-87.,12.0000005699694));
#2526=CARTESIAN_POINT('Origin',(30.1658075373095,-87.,12.));
#2527=CARTESIAN_POINT('Origin',(36.1658075373095,-74.,12.0000005699694));
#2528=CARTESIAN_POINT('',(-0.688192462690482,-113.,12.0000005699694));
#2529=CARTESIAN_POINT('',(73.0198075373095,-113.,12.0000005699694));
#2530=CARTESIAN_POINT('',(17.7388075373095,-113.,12.0000005699694));
#2531=CARTESIAN_POINT('',(88.0198075373095,-62.1727464242993,12.0000005699694));
#2532=CARTESIAN_POINT('',(76.8372336941136,-100.06471418144,12.0000005699694));
#2533=CARTESIAN_POINT('',(72.331615074619,-35.,12.0000005699694));
#2534=CARTESIAN_POINT('',(84.0987330506988,-55.3812461932275,12.0000005699694));
#2535=CARTESIAN_POINT('',(0.,-35.,12.0000005699694));
#2536=CARTESIAN_POINT('',(54.2487113059642,-35.,12.0000005699694));
#2537=CARTESIAN_POINT('',(-15.6881924626905,-62.1727464242993,12.0000005699694));
#2538=CARTESIAN_POINT('',(-3.92302174473461,-41.794872981078,12.0000005699694));
#2539=CARTESIAN_POINT('',(-12.0056186194946,-74.6510873935899,12.0000005699694));
#2540=CARTESIAN_POINT('',(9.66580753730769,-62.2583302492009,12.));
#2541=CARTESIAN_POINT('',(13.1299091524455,-64.258330249201,12.0000005699694));
#2542=CARTESIAN_POINT('',(-9.38675134594995,-51.258330249201,12.0000005699694));
#2543=CARTESIAN_POINT('',(10.1299091524456,-69.4544826719076,12.0000005699694));
#2544=CARTESIAN_POINT('',(13.1502630806859,-64.223076211355,12.0000005699694));
#2545=CARTESIAN_POINT('',(6.6658075373077,-67.4544826719075,12.));
#2546=CARTESIAN_POINT('',(-12.3867513459499,-56.4544826719076,12.0000005699694));
#2547=CARTESIAN_POINT('',(6.16580753730951,-68.3205080756888,12.));
#2548=CARTESIAN_POINT('',(6.16580753730951,-68.3205080756888,12.));
#2549=CARTESIAN_POINT('',(-4.22649730810376,-62.3205080756888,12.));
#2550=CARTESIAN_POINT('',(-4.22649730810376,-62.3205080756888,12.));
#2551=CARTESIAN_POINT('',(-3.7264973081056,-61.4544826719076,12.));
#2552=CARTESIAN_POINT('',(5.77350269189626,-45.,12.));
#2553=CARTESIAN_POINT('',(-7.19059892324326,-59.4544826719076,12.0000005699694));
#2554=CARTESIAN_POINT('',(-7.19059892324326,-59.4544826719076,12.0000005699694));
#2555=CARTESIAN_POINT('',(-4.19059892324331,-54.258330249201,12.0000005699694));
#2556=CARTESIAN_POINT('',(-4.17024499500293,-54.2230762113551,12.0000005699694));
#2557=CARTESIAN_POINT('',(-0.726497308105599,-56.258330249201,12.));
#2558=CARTESIAN_POINT('',(-4.19059892324331,-54.258330249201,12.0000005699694));
#2559=CARTESIAN_POINT('',(2.2735026918944,-51.0621778264943,12.));
#2560=CARTESIAN_POINT('',(5.77350269189626,-45.,12.));
#2561=CARTESIAN_POINT('',(-1.19059892324329,-49.0621778264943,12.0000005699694));
#2562=CARTESIAN_POINT('',(-1.19059892324329,-49.0621778264943,12.0000005699694));
#2563=CARTESIAN_POINT('',(1.80940107675664,-43.8660254037878,12.0000005699694));
#2564=CARTESIAN_POINT('',(-1.17024499500296,-49.0269237886484,12.0000005699694));
#2565=CARTESIAN_POINT('',(5.27350269189441,-45.8660254037877,12.));
#2566=CARTESIAN_POINT('',(1.80940107675664,-43.8660254037878,12.0000005699694));
#2567=CARTESIAN_POINT('',(5.77350269189626,-45.,12.));
#2568=CARTESIAN_POINT('',(5.77350269189626,-45.,12.));
#2569=CARTESIAN_POINT('',(16.1658075373095,-51.,12.));
#2570=CARTESIAN_POINT('',(16.1658075373095,-51.,12.));
#2571=CARTESIAN_POINT('',(15.6658075373077,-51.8660254037876,12.));
#2572=CARTESIAN_POINT('',(6.16580753730951,-68.3205080756888,12.));
#2573=CARTESIAN_POINT('',(19.1299091524455,-53.8660254037877,12.0000005699694));
#2574=CARTESIAN_POINT('',(1.80940107675664,-43.8660254037878,12.0000005699694));
#2575=CARTESIAN_POINT('',(16.1299091524455,-59.0621778264942,12.0000005699694));
#2576=CARTESIAN_POINT('',(16.1502630806859,-59.0269237886484,12.0000005699694));
#2577=CARTESIAN_POINT('',(12.6658075373077,-57.0621778264943,12.));
#2578=CARTESIAN_POINT('',(-1.19059892324329,-49.0621778264943,12.0000005699694));
#2579=CARTESIAN_POINT('',(6.16580753730951,-68.3205080756888,12.));
#2580=CARTESIAN_POINT('',(65.6658075373095,-67.4544826719043,12.));
#2581=CARTESIAN_POINT('',(62.2017059221716,-69.4544826719043,12.0000005699694));
#2582=CARTESIAN_POINT('',(79.5222139978604,-59.4544826719044,12.0000005699694));
#2583=CARTESIAN_POINT('',(59.2017059221717,-64.2583302491978,12.0000005699694));
#2584=CARTESIAN_POINT('',(59.1813519939322,-64.2230762113534,12.0000005699694));
#2585=CARTESIAN_POINT('',(62.6658075373095,-62.2583302491977,12.));
#2586=CARTESIAN_POINT('',(76.5222139978605,-54.2583302491978,12.0000005699694));
#2587=CARTESIAN_POINT('',(59.6658075373094,-57.0621778264911,12.));
#2588=CARTESIAN_POINT('',(66.1658075373095,-68.3205080756888,12.));
#2589=CARTESIAN_POINT('',(56.2017059221716,-59.062177826491,12.0000005699694));
#2590=CARTESIAN_POINT('',(73.5222139978604,-49.0621778264911,12.0000005699694));
#2591=CARTESIAN_POINT('',(53.2017059221717,-53.8660254037845,12.0000005699694));
#2592=CARTESIAN_POINT('',(56.1813519939322,-59.0269237886468,12.0000005699694));
#2593=CARTESIAN_POINT('',(56.6658075373094,-51.8660254037844,12.));
#2594=CARTESIAN_POINT('',(70.5222139978605,-43.8660254037845,12.0000005699694));
#2595=CARTESIAN_POINT('',(56.1658075373094,-51.,12.));
#2596=CARTESIAN_POINT('',(66.1658075373095,-68.3205080756888,12.));
#2597=CARTESIAN_POINT('',(66.5581123827227,-45.,12.));
#2598=CARTESIAN_POINT('',(56.1658075373094,-51.,12.));
#2599=CARTESIAN_POINT('',(67.0581123827227,-45.8660254037845,12.));
#2600=CARTESIAN_POINT('',(66.5581123827227,-45.,12.));
#2601=CARTESIAN_POINT('',(70.5222139978605,-43.8660254037845,12.0000005699694));
#2602=CARTESIAN_POINT('',(70.5222139978605,-43.8660254037845,12.0000005699694));
#2603=CARTESIAN_POINT('',(73.5222139978604,-49.0621778264911,12.0000005699694));
#2604=CARTESIAN_POINT('',(73.501860069621,-49.0269237886468,12.0000005699694));
#2605=CARTESIAN_POINT('',(70.0581123827227,-51.0621778264911,12.));
#2606=CARTESIAN_POINT('',(73.5222139978604,-49.0621778264911,12.0000005699694));
#2607=CARTESIAN_POINT('',(73.0581123827227,-56.2583302491977,12.));
#2608=CARTESIAN_POINT('',(66.5581123827227,-45.,12.));
#2609=CARTESIAN_POINT('',(76.5222139978605,-54.2583302491978,12.0000005699694));
#2610=CARTESIAN_POINT('',(76.5222139978605,-54.2583302491978,12.0000005699694));
#2611=CARTESIAN_POINT('',(79.5222139978604,-59.4544826719044,12.0000005699694));
#2612=CARTESIAN_POINT('',(76.501860069621,-54.2230762113535,12.0000005699694));
#2613=CARTESIAN_POINT('',(76.0581123827227,-61.4544826719044,12.));
#2614=CARTESIAN_POINT('',(79.5222139978604,-59.4544826719044,12.0000005699694));
#2615=CARTESIAN_POINT('',(76.5581123827227,-62.3205080756888,12.));
#2616=CARTESIAN_POINT('',(66.5581123827227,-45.,12.));
#2617=CARTESIAN_POINT('',(66.1658075373095,-68.3205080756888,12.));
#2618=CARTESIAN_POINT('',(76.5581123827227,-62.3205080756888,12.));
#2619=CARTESIAN_POINT('',(66.1658075373095,-68.3205080756888,12.));
#2620=CARTESIAN_POINT('',(63.4658075373095,-83.,12.0000005699694));
#2621=CARTESIAN_POINT('Origin',(66.1658075373095,-83.,12.0000005699694));
#2622=CARTESIAN_POINT('',(3.4658075373095,-83.,12.0000005699694));
#2623=CARTESIAN_POINT('Origin',(6.1658075373095,-83.,12.0000005699694));
#2624=CARTESIAN_POINT('',(33.4658075373095,-48.,12.0000005699694));
#2625=CARTESIAN_POINT('Origin',(36.1658075373095,-48.,12.0000005699694));
#2626=CARTESIAN_POINT('',(45.1658075373095,-103.,11.9999999999999));
#2627=CARTESIAN_POINT('',(45.1658075373095,-107.,12.0000005699694));
#2628=CARTESIAN_POINT('',(39.1658075373095,-103.,11.9999999999999));
#2629=CARTESIAN_POINT('',(39.1658075373096,-107.,12.0000005699694));
#2630=CARTESIAN_POINT('',(33.1658075373095,-103.,11.9999999999999));
#2631=CARTESIAN_POINT('',(36.1658075373095,-103.,11.9999999999999));
#2632=CARTESIAN_POINT('',(33.1658075373095,-107.,12.0000005699694));
#2633=CARTESIAN_POINT('',(27.1658075373095,-103.,11.9999999999999));
#2634=CARTESIAN_POINT('',(27.1658075373096,-107.,12.0000005699694));
#2635=CARTESIAN_POINT('',(26.1658075373095,-103.,11.9999999999999));
#2636=CARTESIAN_POINT('',(36.1658075373095,-103.,11.9999999999999));
#2637=CARTESIAN_POINT('',(26.1658075373095,-91.0000000000001,11.9999999999999));
#2638=CARTESIAN_POINT('',(26.1658075373095,-103.,11.9999999999999));
#2639=CARTESIAN_POINT('',(27.1658075373095,-91.0000000000001,11.9999999999999));
#2640=CARTESIAN_POINT('',(46.1658075373095,-91.,11.9999999999999));
#2641=CARTESIAN_POINT('',(27.1658075373096,-113.,12.0000005699694));
#2642=CARTESIAN_POINT('',(33.1658075373095,-91.0000000000001,11.9999999999999));
#2643=CARTESIAN_POINT('',(33.1658075373095,-113.,12.0000005699694));
#2644=CARTESIAN_POINT('',(39.1658075373095,-91.,11.9999999999999));
#2645=CARTESIAN_POINT('',(46.1658075373095,-91.,11.9999999999999));
#2646=CARTESIAN_POINT('',(39.1658075373096,-113.,12.0000005699694));
#2647=CARTESIAN_POINT('',(45.1658075373095,-91.,11.9999999999999));
#2648=CARTESIAN_POINT('',(45.1658075373095,-113.,12.0000005699694));
#2649=CARTESIAN_POINT('',(46.1658075373095,-91.,11.9999999999999));
#2650=CARTESIAN_POINT('',(46.1658075373095,-91.,11.9999999999999));
#2651=CARTESIAN_POINT('',(46.1658075373095,-103.,11.9999999999999));
#2652=CARTESIAN_POINT('',(46.1658075373095,-103.,11.9999999999999));
#2653=CARTESIAN_POINT('',(36.1658075373095,-103.,11.9999999999999));
#2654=CARTESIAN_POINT('Origin',(11.6299091524455,-66.8564064605543,12.0000001788139));
#2655=CARTESIAN_POINT('Origin',(11.6299091524455,-66.8564064605543,12.0000001788139));
#2656=CARTESIAN_POINT('Origin',(-5.69059892324328,-56.8564064605543,12.0000001788139));
#2657=CARTESIAN_POINT('Origin',(-5.69059892324328,-56.8564064605543,12.0000001788139));
#2658=CARTESIAN_POINT('Origin',(17.6299091524455,-56.464101615141,12.));
#2659=CARTESIAN_POINT('Origin',(17.6299091524455,-56.464101615141,12.));
#2660=CARTESIAN_POINT('Origin',(0.309401076756679,-46.464101615141,12.));
#2661=CARTESIAN_POINT('Origin',(0.309401076756679,-46.464101615141,12.));
#2662=CARTESIAN_POINT('Origin',(60.7017059221716,-66.856406460551,12.));
#2663=CARTESIAN_POINT('Origin',(60.7017059221716,-66.856406460551,12.));
#2664=CARTESIAN_POINT('Origin',(78.0222139978604,-56.8564064605511,12.));
#2665=CARTESIAN_POINT('Origin',(78.0222139978604,-56.8564064605511,12.));
#2666=CARTESIAN_POINT('Origin',(72.0222139978604,-46.4641016151378,12.));
#2667=CARTESIAN_POINT('Origin',(72.0222139978604,-46.4641016151378,12.));
#2668=CARTESIAN_POINT('Origin',(54.7017059221717,-56.4641016151378,12.));
#2669=CARTESIAN_POINT('Origin',(54.7017059221717,-56.4641016151378,12.));
#2670=CARTESIAN_POINT('Origin',(36.1658075373095,-74.,-4.86277684785819E-14));
#2671=CARTESIAN_POINT('',(72.331615074619,-35.,-3.99680288865056E-14));
#2672=CARTESIAN_POINT('',(0.,-35.,-3.99680288865056E-14));
#2673=CARTESIAN_POINT('',(36.1658075373095,-35.,-3.99680288865056E-14));
#2674=CARTESIAN_POINT('',(88.0198075373095,-62.1727464242993,-4.60015906310172E-14));
#2675=CARTESIAN_POINT('',(72.331615074619,-35.,-3.99680288865056E-14));
#2676=CARTESIAN_POINT('',(73.0198075373095,-113.,-5.72875080706581E-14));
#2677=CARTESIAN_POINT('',(88.0198075373095,-62.1727464242993,-4.60015906310172E-14));
#2678=CARTESIAN_POINT('',(-0.688192462690482,-113.,-5.72875080706581E-14));
#2679=CARTESIAN_POINT('',(-0.688192462690482,-113.,-5.72875080706581E-14));
#2680=CARTESIAN_POINT('',(-15.6881924626905,-62.1727464242993,-4.60015906310172E-14));
#2681=CARTESIAN_POINT('',(-15.6881924626905,-62.1727464242993,-4.60015906310172E-14));
#2682=CARTESIAN_POINT('',(0.,-35.,-3.99680288865056E-14));
#2683=CARTESIAN_POINT('',(33.4658075373095,-48.,-4.2854608750531E-14));
#2684=CARTESIAN_POINT('Origin',(36.1658075373095,-48.,-4.2854608750531E-14));
#2685=CARTESIAN_POINT('',(3.4658075373095,-83.,-5.06261699229071E-14));
#2686=CARTESIAN_POINT('Origin',(6.1658075373095,-83.,-5.06261699229071E-14));
#2687=CARTESIAN_POINT('',(63.4658075373095,-83.,-5.06261699229071E-14));
#2688=CARTESIAN_POINT('Origin',(66.1658075373095,-83.,-5.06261699229071E-14));
#2689=CARTESIAN_POINT('',(5.77350269189626,-45.,-4.21884749357559E-14));
#2690=CARTESIAN_POINT('',(-4.22649730810376,-62.3205080756888,-4.60344003085231E-14));
#2691=CARTESIAN_POINT('',(3.29385662013573,-49.2948729810778,-4.31421283100426E-14));
#2692=CARTESIAN_POINT('',(6.16580753730951,-68.3205080756888,-4.73666679380733E-14));
#2693=CARTESIAN_POINT('',(13.4493011863634,-72.525635094611,-4.83003937056494E-14));
#2694=CARTESIAN_POINT('',(16.1658075373095,-51.,-4.35207425653061E-14));
#2695=CARTESIAN_POINT('',(8.68616146554899,-63.9551270189222,-4.63973586259763E-14));
#2696=CARTESIAN_POINT('',(28.64545360907,-58.2051270189222,-4.51206021476574E-14));
#2697=CARTESIAN_POINT('',(26.1658075373095,-91.0000000000001,-5.24025267623074E-14));
#2698=CARTESIAN_POINT('',(26.1658075373095,-103.,-5.50670620214078E-14));
#2699=CARTESIAN_POINT('',(26.1658075373095,-82.5,-5.05151476204446E-14));
#2700=CARTESIAN_POINT('',(46.1658075373095,-103.,-5.50670620214078E-14));
#2701=CARTESIAN_POINT('',(31.1658075373095,-103.,-5.50670620214078E-14));
#2702=CARTESIAN_POINT('',(46.1658075373095,-91.,-5.24025267623074E-14));
#2703=CARTESIAN_POINT('',(46.1658075373095,-88.5,-5.18474152499948E-14));
#2704=CARTESIAN_POINT('',(41.1658075373095,-91.,-5.24025267623074E-14));
#2705=CARTESIAN_POINT('',(66.5581123827227,-45.,-4.21884749357559E-14));
#2706=CARTESIAN_POINT('',(56.1658075373094,-51.,-4.35207425653061E-14));
#2707=CARTESIAN_POINT('',(48.8823138882556,-55.2051270189222,-4.44544683328823E-14));
#2708=CARTESIAN_POINT('',(66.1658075373095,-68.3205080756888,-4.73666679380733E-14));
#2709=CARTESIAN_POINT('',(58.64545360907,-55.2948729810778,-4.44743959395927E-14));
#2710=CARTESIAN_POINT('',(76.5581123827227,-62.3205080756888,-4.60344003085231E-14));
#2711=CARTESIAN_POINT('',(53.686161465549,-75.525635094611,-4.89665275204245E-14));
#2712=CARTESIAN_POINT('',(74.0377584544833,-57.9551270189222,-4.50650909964261E-14));
#2713=CARTESIAN_POINT('Origin',(72.331615074619,-35.,-3.99680288865056E-14));
#2714=CARTESIAN_POINT('',(72.331615074619,-35.,-3.99680288865056E-14));
#2715=CARTESIAN_POINT('',(0.,-35.,-3.99680288865056E-14));
#2716=CARTESIAN_POINT('Origin',(-15.6881924626905,-62.1727464242993,-4.60015906310172E-14));
#2717=CARTESIAN_POINT('',(-15.6881924626905,-62.1727464242993,-4.60015906310172E-14));
#2718=CARTESIAN_POINT('',(-0.688192462690482,-113.,-5.72875080706581E-14));
#2719=CARTESIAN_POINT('Origin',(66.1658075373095,-68.3205080756888,-4.73666679380733E-14));
#2720=CARTESIAN_POINT('',(76.5581123827227,-62.3205080756888,-4.60344003085231E-14));
#2721=CARTESIAN_POINT('',(66.1658075373095,-68.3205080756888,-4.73666679380733E-14));
#2722=CARTESIAN_POINT('Origin',(46.1658075373095,-103.,-5.50670620214078E-14));
#2723=CARTESIAN_POINT('',(46.1658075373095,-91.,-5.24025267623074E-14));
#2724=CARTESIAN_POINT('',(46.1658075373095,-103.,-5.50670620214078E-14));
#2725=CARTESIAN_POINT('Origin',(16.1658075373095,-51.,-4.35207425653061E-14));
#2726=CARTESIAN_POINT('',(5.77350269189626,-45.,-4.21884749357559E-14));
#2727=CARTESIAN_POINT('',(16.1658075373095,-51.,-4.35207425653061E-14));
#2728=CARTESIAN_POINT('Origin',(26.1658075373095,-103.,-5.50670620214078E-14));
#2729=CARTESIAN_POINT('',(26.1658075373095,-103.,-5.50670620214078E-14));
#2730=CARTESIAN_POINT('Origin',(30.1658075373095,-103.,11.9999999999999));
#2731=CARTESIAN_POINT('Origin',(42.1658075373095,-103.,11.9999999999999));
#2732=CARTESIAN_POINT('Origin',(46.1658075373095,-91.,-5.24025267623074E-14));
#2733=CARTESIAN_POINT('',(26.1658075373095,-91.0000000000001,-5.24025267623074E-14));
#2734=CARTESIAN_POINT('Origin',(42.1658075373095,-91.,11.9999999999999));
#2735=CARTESIAN_POINT('Origin',(30.1658075373095,-91.,11.9999999999999));
#2736=CARTESIAN_POINT('Origin',(26.1658075373095,-91.0000000000001,-5.24025267623074E-14));
#2737=CARTESIAN_POINT('Origin',(42.1658075373095,-113.,11.9999999999999));
#2738=CARTESIAN_POINT('Origin',(30.1658075373095,-113.,11.9999999999999));
#2739=CARTESIAN_POINT('Origin',(0.,-35.,-3.99680288865056E-14));
#2740=CARTESIAN_POINT('Origin',(-4.22649730810376,-62.3205080756888,-4.60344003085231E-14));
#2741=CARTESIAN_POINT('',(6.16580753730951,-68.3205080756888,-4.73666679380733E-14));
#2742=CARTESIAN_POINT('',(-4.22649730810376,-62.3205080756888,-4.60344003085231E-14));
#2743=CARTESIAN_POINT('Origin',(6.16580753730951,-68.3205080756888,-4.73666679380733E-14));
#2744=CARTESIAN_POINT('Origin',(8.16580753730768,-64.8564064605542,12.0000001788139));
#2745=CARTESIAN_POINT('Origin',(14.1658075373076,-54.4641016151409,12.));
#2746=CARTESIAN_POINT('Origin',(5.77350269189626,-45.,-4.21884749357559E-14));
#2747=CARTESIAN_POINT('Origin',(3.77350269189442,-48.464101615141,12.));
#2748=CARTESIAN_POINT('Origin',(-2.22649730810554,-58.8564064605543,12.0000001788139));
#2749=CARTESIAN_POINT('Origin',(-10.8867513459499,-53.8564064605543,12.0000001788139));
#2750=CARTESIAN_POINT('Origin',(66.5581123827227,-45.,-4.21884749357559E-14));
#2751=CARTESIAN_POINT('',(56.1658075373094,-51.,-4.35207425653061E-14));
#2752=CARTESIAN_POINT('',(66.5581123827227,-45.,-4.21884749357559E-14));
#2753=CARTESIAN_POINT('Origin',(56.1658075373094,-51.,-4.35207425653061E-14));
#2754=CARTESIAN_POINT('Origin',(58.1658075373094,-54.4641016151378,12.));
#2755=CARTESIAN_POINT('Origin',(64.1658075373094,-64.856406460551,12.));
#2756=CARTESIAN_POINT('Origin',(76.5581123827227,-62.3205080756888,-4.60344003085231E-14));
#2757=CARTESIAN_POINT('Origin',(74.5581123827227,-58.856406460551,12.));
#2758=CARTESIAN_POINT('Origin',(68.5581123827228,-48.4641016151378,12.));
#2759=CARTESIAN_POINT('Origin',(66.1658075373095,-83.,-5.06261699229071E-14));
#2760=CARTESIAN_POINT('',(63.4658075373095,-83.,-5.06261699229071E-14));
#2761=CARTESIAN_POINT('Origin',(6.1658075373095,-83.,-5.06261699229071E-14));
#2762=CARTESIAN_POINT('',(3.4658075373095,-83.,-5.06261699229071E-14));
#2763=CARTESIAN_POINT('Origin',(36.1658075373095,-48.,-4.2854608750531E-14));
#2764=CARTESIAN_POINT('',(33.4658075373095,-48.,-4.2854608750531E-14));
#2765=CARTESIAN_POINT('Origin',(-0.688192462690482,-113.,-5.72875080706581E-14));
#2766=CARTESIAN_POINT('',(73.0198075373095,-113.,-5.72875080706581E-14));
#2767=CARTESIAN_POINT('Origin',(73.0198075373095,-113.,-5.72875080706581E-14));
#2768=CARTESIAN_POINT('',(88.0198075373095,-62.1727464242993,-4.60015906310172E-14));
#2769=CARTESIAN_POINT('Origin',(88.0198075373095,-62.1727464242993,-4.60015906310172E-14));
#2770=CARTESIAN_POINT('Origin',(30.1658075373095,-113.,11.9999999999999));
#2771=CARTESIAN_POINT('Origin',(42.1658075373095,-113.,11.9999999999999));
#2772=CARTESIAN_POINT('Origin',(-4.88675134594997,-43.4641016151411,12.));
#2773=CARTESIAN_POINT('Origin',(-4.88675134594997,-43.4641016151411,12.));
#2774=CARTESIAN_POINT('Origin',(-10.8867513459499,-53.8564064605543,12.0000001788139));
#2775=CARTESIAN_POINT('Origin',(77.2183664205671,-43.4641016151378,12.));
#2776=CARTESIAN_POINT('Origin',(77.2183664205671,-43.4641016151378,12.));
#2777=CARTESIAN_POINT('Origin',(83.2183664205671,-53.8564064605511,12.));
#2778=CARTESIAN_POINT('Origin',(83.2183664205671,-53.8564064605511,12.));
#2779=CARTESIAN_POINT('Origin',(23.7658075373095,36.3000000000001,12.));
#2780=CARTESIAN_POINT('',(23.7658075373095,36.3,-3.77475828372553E-14));
#2781=CARTESIAN_POINT('',(23.7658075373095,43.7000000000001,-4.21884749357559E-14));
#2782=CARTESIAN_POINT('',(23.7658075373095,29.9801270189222,-3.99680288865056E-14));
#2783=CARTESIAN_POINT('',(23.7658075373095,36.3,-13.));
#2784=CARTESIAN_POINT('',(23.7658075373095,36.3000000000001,12.));
#2785=CARTESIAN_POINT('',(23.7658075373095,43.7,-13.));
#2786=CARTESIAN_POINT('',(23.7658075373095,38.65,-13.));
#2787=CARTESIAN_POINT('',(23.7658075373095,43.7000000000001,12.));
#2788=CARTESIAN_POINT('Origin',(23.7658075373095,43.7000000000001,12.));
#2789=CARTESIAN_POINT('',(48.5658075373095,43.7000000000001,-4.21884749357559E-14));
#2790=CARTESIAN_POINT('',(45.0638837486628,43.7000000000001,-4.21884749357559E-14));
#2791=CARTESIAN_POINT('',(48.5658075373095,43.7,-13.));
#2792=CARTESIAN_POINT('',(29.9658075373095,43.7,-13.));
#2793=CARTESIAN_POINT('',(48.5658075373095,43.7000000000001,12.));
#2794=CARTESIAN_POINT('Origin',(48.5658075373095,43.7000000000001,12.));
#2795=CARTESIAN_POINT('',(48.5658075373095,36.3,-3.77475828372553E-14));
#2796=CARTESIAN_POINT('',(48.5658075373095,33.6801270189222,-3.99680288865056E-14));
#2797=CARTESIAN_POINT('',(48.5658075373095,36.3,-13.));
#2798=CARTESIAN_POINT('',(48.5658075373095,42.35,-13.));
#2799=CARTESIAN_POINT('',(48.5658075373095,36.3000000000001,12.));
#2800=CARTESIAN_POINT('Origin',(48.5658075373095,36.3000000000001,12.));
#2801=CARTESIAN_POINT('',(57.4638837486628,36.3,-3.77475828372553E-14));
#2802=CARTESIAN_POINT('',(42.3658075373095,36.3,-13.));
#2803=CARTESIAN_POINT('Origin',(21.2658075373095,40.0000000000001,12.));
#2804=CARTESIAN_POINT('',(20.0158075373095,40.,-4.21884749357559E-14));
#2805=CARTESIAN_POINT('Origin',(21.2658075373095,40.,-4.21884749357559E-14));
#2806=CARTESIAN_POINT('',(20.0158075373095,40.,-13.));
#2807=CARTESIAN_POINT('',(20.0158075373095,40.0000000000001,12.));
#2808=CARTESIAN_POINT('Origin',(21.2658075373095,40.,-13.));
#2809=CARTESIAN_POINT('Origin',(51.0658075373095,40.0000000000001,12.));
#2810=CARTESIAN_POINT('',(49.8158075373095,40.,-4.21884749357559E-14));
#2811=CARTESIAN_POINT('Origin',(51.0658075373095,40.,-4.21884749357559E-14));
#2812=CARTESIAN_POINT('',(49.8158075373095,40.,-13.));
#2813=CARTESIAN_POINT('',(49.8158075373095,40.0000000000001,12.));
#2814=CARTESIAN_POINT('Origin',(51.0658075373095,40.,-13.));
#2815=CARTESIAN_POINT('Origin',(42.1658075373095,54.0000000000001,-4.44089209850063E-14));
#2816=CARTESIAN_POINT('',(45.1658075373095,54.0000000000001,-4.44089209850063E-14));
#2817=CARTESIAN_POINT('',(39.1658075373095,54.0000000000001,-4.44089209850063E-14));
#2818=CARTESIAN_POINT('',(54.2638837486628,54.0000000000001,-4.44089209850063E-14));
#2819=CARTESIAN_POINT('Origin',(42.1658075373095,54.0000000000001,-4.44089209850063E-14));
#2820=CARTESIAN_POINT('Origin',(42.1658075373095,74.0000000000001,-4.88498130835069E-14));
#2821=CARTESIAN_POINT('',(39.1658075373095,74.0000000000001,-4.88498130835069E-14));
#2822=CARTESIAN_POINT('',(45.1658075373095,74.0000000000001,-4.88498130835069E-14));
#2823=CARTESIAN_POINT('',(54.2638837486628,74.0000000000001,-4.88498130835069E-14));
#2824=CARTESIAN_POINT('Origin',(42.1658075373095,74.0000000000001,-4.88498130835069E-14));
#2825=CARTESIAN_POINT('Origin',(30.1658075373095,54.0000000000001,-4.44089209850063E-14));
#2826=CARTESIAN_POINT('',(33.1658075373095,54.0000000000001,-4.44089209850063E-14));
#2827=CARTESIAN_POINT('',(27.1658075373095,54.0000000000001,-4.44089209850063E-14));
#2828=CARTESIAN_POINT('',(48.2638837486628,54.0000000000001,-4.44089209850063E-14));
#2829=CARTESIAN_POINT('Origin',(30.1658075373095,54.0000000000001,-4.44089209850063E-14));
#2830=CARTESIAN_POINT('Origin',(30.1658075373095,74.0000000000001,-4.88498130835069E-14));
#2831=CARTESIAN_POINT('',(27.1658075373095,74.0000000000001,-4.88498130835069E-14));
#2832=CARTESIAN_POINT('',(33.1658075373095,74.0000000000001,-4.88498130835069E-14));
#2833=CARTESIAN_POINT('',(48.2638837486628,74.0000000000001,-4.88498130835069E-14));
#2834=CARTESIAN_POINT('Origin',(30.1658075373095,74.0000000000001,-4.88498130835069E-14));
#2835=CARTESIAN_POINT('Origin',(11.6299091524455,33.8564064605542,-1.78813972517844E-7));
#2836=CARTESIAN_POINT('',(10.1299091524455,36.4544826719076,-3.77475828372553E-14));
#2837=CARTESIAN_POINT('',(13.1299091524455,31.2583302492009,-3.99680288865056E-14));
#2838=CARTESIAN_POINT('',(20.678947258123,18.1830127018939,-3.77475828372553E-14));
#2839=CARTESIAN_POINT('Origin',(11.6299091524455,33.8564064605542,-1.78813972517844E-7));
#2840=CARTESIAN_POINT('Origin',(-5.69059892324328,23.8564064605543,-1.78813970297398E-7));
#2841=CARTESIAN_POINT('',(-4.1905989232433,21.258330249201,-3.77475828372553E-14));
#2842=CARTESIAN_POINT('',(-7.19059892324327,26.4544826719076,-3.5527136788005E-14));
#2843=CARTESIAN_POINT('',(3.35843918243417,8.18301270189399,-3.5527136788005E-14));
#2844=CARTESIAN_POINT('Origin',(-5.69059892324328,23.8564064605543,-1.78813970297398E-7));
#2845=CARTESIAN_POINT('Origin',(17.6299091524455,23.464101615141,-3.77475828372553E-14));
#2846=CARTESIAN_POINT('',(16.1299091524455,26.0621778264943,-3.5527136788005E-14));
#2847=CARTESIAN_POINT('',(19.1299091524455,20.8660254037876,-3.77475828372553E-14));
#2848=CARTESIAN_POINT('',(23.678947258123,12.9868602791873,-3.5527136788005E-14));
#2849=CARTESIAN_POINT('Origin',(17.6299091524455,23.464101615141,-3.77475828372553E-14));
#2850=CARTESIAN_POINT('Origin',(0.309401076756679,13.464101615141,-3.5527136788005E-14));
#2851=CARTESIAN_POINT('',(1.80940107675666,10.8660254037877,-3.5527136788005E-14));
#2852=CARTESIAN_POINT('',(-1.19059892324332,16.0621778264944,-3.33066907387547E-14));
#2853=CARTESIAN_POINT('',(6.35843918243415,2.98686027918734,-3.33066907387547E-14));
#2854=CARTESIAN_POINT('Origin',(0.309401076756679,13.464101615141,-3.5527136788005E-14));
#2855=CARTESIAN_POINT('Origin',(78.0222139978604,23.8564064605511,-3.5527136788005E-14));
#2856=CARTESIAN_POINT('',(79.5222139978604,26.4544826719044,-3.5527136788005E-14));
#2857=CARTESIAN_POINT('',(76.5222139978604,21.2583302491978,-3.77475828372553E-14));
#2858=CARTESIAN_POINT('',(76.5222139978604,21.2583302491978,-3.77475828372553E-14));
#2859=CARTESIAN_POINT('Origin',(78.0222139978604,23.8564064605511,-3.5527136788005E-14));
#2860=CARTESIAN_POINT('Origin',(60.7017059221716,33.856406460551,-3.77475828372553E-14));
#2861=CARTESIAN_POINT('',(59.2017059221716,31.2583302491977,-3.99680288865056E-14));
#2862=CARTESIAN_POINT('',(62.2017059221716,36.4544826719044,-3.77475828372553E-14));
#2863=CARTESIAN_POINT('',(59.2017059221716,31.2583302491977,-3.99680288865056E-14));
#2864=CARTESIAN_POINT('Origin',(60.7017059221716,33.856406460551,-3.77475828372553E-14));
#2865=CARTESIAN_POINT('Origin',(54.7017059221717,23.4641016151378,-3.5527136788005E-14));
#2866=CARTESIAN_POINT('',(53.2017059221717,20.8660254037845,-3.77475828372553E-14));
#2867=CARTESIAN_POINT('',(56.2017059221716,26.0621778264911,-3.5527136788005E-14));
#2868=CARTESIAN_POINT('',(56.2017059221716,26.0621778264911,-3.5527136788005E-14));
#2869=CARTESIAN_POINT('Origin',(54.7017059221717,23.4641016151378,-3.5527136788005E-14));
#2870=CARTESIAN_POINT('Origin',(72.0222139978604,13.4641016151378,-3.33066907387547E-14));
#2871=CARTESIAN_POINT('',(73.5222139978604,16.0621778264911,-3.33066907387547E-14));
#2872=CARTESIAN_POINT('',(70.5222139978605,10.8660254037845,-3.5527136788005E-14));
#2873=CARTESIAN_POINT('',(73.5222139978604,16.0621778264911,-3.33066907387547E-14));
#2874=CARTESIAN_POINT('Origin',(72.0222139978604,13.4641016151378,-3.33066907387547E-14));
#2875=CARTESIAN_POINT('Origin',(-10.8867513459499,20.8564064605543,-1.78813970297398E-7));
#2876=CARTESIAN_POINT('',(-7.19059892324327,26.4544826719076,-3.5527136788005E-14));
#2877=CARTESIAN_POINT('',(-4.1905989232433,21.258330249201,-3.77475828372553E-14));
#2878=CARTESIAN_POINT('Origin',(42.1658075373095,80.0000000000001,-5.10702591327572E-14));
#2879=CARTESIAN_POINT('',(45.1658075373095,74.0000000000001,-4.88498130835069E-14));
#2880=CARTESIAN_POINT('',(39.1658075373095,74.0000000000001,-4.88498130835069E-14));
#2881=CARTESIAN_POINT('Origin',(30.1658075373095,80.0000000000001,-5.10702591327572E-14));
#2882=CARTESIAN_POINT('',(33.1658075373095,74.0000000000001,-4.88498130835069E-14));
#2883=CARTESIAN_POINT('',(27.1658075373095,74.0000000000001,-4.88498130835069E-14));
#2884=CARTESIAN_POINT('Origin',(72.331615074619,2.00000000000004,12.));
#2885=CARTESIAN_POINT('',(72.331615074619,2.00000000000001,-5.69969447195007E-7));
#2886=CARTESIAN_POINT('',(0.,2.00000000000004,-5.69969447195007E-7));
#2887=CARTESIAN_POINT('',(54.2487113059642,2.00000000000004,-5.69969447195007E-7));
#2888=CARTESIAN_POINT('',(0.,2.00000000000004,-13.));
#2889=CARTESIAN_POINT('',(0.,2.00000000000004,12.));
#2890=CARTESIAN_POINT('',(72.331615074619,2.,-13.));
#2891=CARTESIAN_POINT('',(36.1658075373095,2.00000000000004,-13.));
#2892=CARTESIAN_POINT('',(72.331615074619,2.00000000000001,12.));
#2893=CARTESIAN_POINT('Origin',(0.,2.00000000000004,12.));
#2894=CARTESIAN_POINT('',(-15.6881924626905,29.1727464242993,-5.69969453856345E-7));
#2895=CARTESIAN_POINT('',(-3.92302174473461,8.79487298107795,-5.69969449415453E-7));
#2896=CARTESIAN_POINT('',(-15.6881924626905,29.1727464242993,-13.));
#2897=CARTESIAN_POINT('',(-15.6881924626905,29.1727464242993,12.));
#2898=CARTESIAN_POINT('',(0.,2.00000000000004,-13.));
#2899=CARTESIAN_POINT('Origin',(-15.6881924626905,29.1727464242993,12.));
#2900=CARTESIAN_POINT('',(-0.688192462690482,80.0000000000001,-5.69969464958575E-7));
#2901=CARTESIAN_POINT('',(-12.0056186194946,41.6510873935899,-5.69969456076791E-7));
#2902=CARTESIAN_POINT('',(-0.688192462690482,80.,-13.0000000000001));
#2903=CARTESIAN_POINT('',(-0.688192462690482,80.0000000000001,12.));
#2904=CARTESIAN_POINT('',(-15.6881924626905,29.1727464242993,-13.));
#2905=CARTESIAN_POINT('Origin',(66.3619599600161,23.6602540378444,-3.77475828372553E-14));
#2906=CARTESIAN_POINT('',(73.0198075373095,80.,-5.69969464958575E-7));
#2907=CARTESIAN_POINT('',(17.7388075373095,80.0000000000001,-5.69969464958575E-7));
#2908=CARTESIAN_POINT('',(88.0198075373095,29.1727464242993,-5.69969453856345E-7));
#2909=CARTESIAN_POINT('',(84.0987330506988,22.3812461932275,-5.69969451635899E-7));
#2910=CARTESIAN_POINT('',(76.8372336941136,67.0647141814403,-5.69969462738129E-7));
#2911=CARTESIAN_POINT('',(-1.19059892324331,16.0621778264944,-3.33066907387547E-14));
#2912=CARTESIAN_POINT('',(1.80940107675667,10.8660254037877,-3.5527136788005E-14));
#2913=CARTESIAN_POINT('',(79.5222139978604,26.4544826719044,-3.5527136788005E-14));
#2914=CARTESIAN_POINT('',(76.5222139978604,21.2583302491978,-3.77475828372553E-14));
#2915=CARTESIAN_POINT('',(70.5222139978605,10.8660254037845,-3.5527136788005E-14));
#2916=CARTESIAN_POINT('',(73.5222139978604,16.0621778264911,-3.33066907387547E-14));
#2917=CARTESIAN_POINT('',(33.4658075373095,15.,-5.69969447195007E-7));
#2918=CARTESIAN_POINT('Origin',(36.1658075373095,15.,-5.69969447195007E-7));
#2919=CARTESIAN_POINT('',(3.4658075373095,50.0000000000001,-5.69969458297237E-7));
#2920=CARTESIAN_POINT('Origin',(6.1658075373095,50.0000000000001,-5.69969458297237E-7));
#2921=CARTESIAN_POINT('',(63.4658075373095,50.,-5.69969458297237E-7));
#2922=CARTESIAN_POINT('Origin',(66.1658075373095,50.,-5.69969458297237E-7));
#2923=CARTESIAN_POINT('Origin',(36.1658075373095,15.,12.));
#2924=CARTESIAN_POINT('',(33.4658075373095,15.,-13.));
#2925=CARTESIAN_POINT('',(33.4658075373095,15.,12.));
#2926=CARTESIAN_POINT('Origin',(36.1658075373095,15.,-13.));
#2927=CARTESIAN_POINT('Origin',(6.1658075373095,50.0000000000001,12.));
#2928=CARTESIAN_POINT('',(3.4658075373095,50.,-13.));
#2929=CARTESIAN_POINT('',(3.4658075373095,50.0000000000001,12.));
#2930=CARTESIAN_POINT('Origin',(6.1658075373095,50.,-13.));
#2931=CARTESIAN_POINT('Origin',(66.1658075373095,50.,12.));
#2932=CARTESIAN_POINT('',(63.4658075373095,50.,-13.));
#2933=CARTESIAN_POINT('',(63.4658075373095,50.,12.));
#2934=CARTESIAN_POINT('Origin',(66.1658075373095,50.,-13.));
#2935=CARTESIAN_POINT('Origin',(83.2183664205671,20.8564064605511,-3.5527136788005E-14));
#2936=CARTESIAN_POINT('Origin',(77.2183664205671,10.4641016151378,-3.33066907387547E-14));
#2937=CARTESIAN_POINT('Origin',(88.0198075373095,29.1727464242993,12.));
#2938=CARTESIAN_POINT('',(88.0198075373095,29.1727464242993,-13.));
#2939=CARTESIAN_POINT('',(72.331615074619,2.,-13.));
#2940=CARTESIAN_POINT('',(88.0198075373095,29.1727464242993,12.));
#2941=CARTESIAN_POINT('Origin',(-4.88675134594997,10.4641016151411,-3.5527136788005E-14));
#2942=CARTESIAN_POINT('Origin',(-0.688192462690482,80.0000000000001,12.));
#2943=CARTESIAN_POINT('',(73.0198075373095,80.,-13.0000000000001));
#2944=CARTESIAN_POINT('',(73.0198075373095,80.,12.));
#2945=CARTESIAN_POINT('',(-0.688192462690482,80.,-13.0000000000001));
#2946=CARTESIAN_POINT('Origin',(73.0198075373095,80.,12.));
#2947=CARTESIAN_POINT('',(88.0198075373095,29.1727464242993,-13.));
#2948=CARTESIAN_POINT('Origin',(36.1658075373095,41.,-13.));
#2949=UNCERTAINTY_MEASURE_WITH_UNIT(LENGTH_MEASURE(0.01),#2953,
'DISTANCE_ACCURACY_VALUE',
'Maximum model space distance between geometric entities at asserted c
onnectivities');
#2950=UNCERTAINTY_MEASURE_WITH_UNIT(LENGTH_MEASURE(0.01),#2953,
'DISTANCE_ACCURACY_VALUE',
'Maximum model space distance between geometric entities at asserted c
onnectivities');
#2951=(
GEOMETRIC_REPRESENTATION_CONTEXT(3)
GLOBAL_UNCERTAINTY_ASSIGNED_CONTEXT((#2949))
GLOBAL_UNIT_ASSIGNED_CONTEXT((#2953,#2955,#2956))
REPRESENTATION_CONTEXT('','3D')
);
#2952=(
GEOMETRIC_REPRESENTATION_CONTEXT(3)
GLOBAL_UNCERTAINTY_ASSIGNED_CONTEXT((#2950))
GLOBAL_UNIT_ASSIGNED_CONTEXT((#2953,#2955,#2956))
REPRESENTATION_CONTEXT('','3D')
);
#2953=(
LENGTH_UNIT()
NAMED_UNIT(*)
SI_UNIT(.MILLI.,.METRE.)
);
#2954=(
LENGTH_UNIT()
NAMED_UNIT(*)
SI_UNIT($,.METRE.)
);
#2955=(
NAMED_UNIT(*)
PLANE_ANGLE_UNIT()
SI_UNIT($,.RADIAN.)
);
#2956=(
NAMED_UNIT(*)
SI_UNIT($,.STERADIAN.)
SOLID_ANGLE_UNIT()
);
#2957=SHAPE_DEFINITION_REPRESENTATION(#2958,#2959);
#2958=PRODUCT_DEFINITION_SHAPE('',$,#2961);
#2959=SHAPE_REPRESENTATION('',(#1809),#2951);
#2960=PRODUCT_DEFINITION_CONTEXT('part definition',#2965,'design');
#2961=PRODUCT_DEFINITION('2025-12-16-20-43-48-911',
'#d printer extruder coupling',#2962,#2960);
#2962=PRODUCT_DEFINITION_FORMATION('',$,#2967);
#2963=PRODUCT_RELATED_PRODUCT_CATEGORY('#d printer extruder coupling',
'#d printer extruder coupling',(#2967));
#2964=APPLICATION_PROTOCOL_DEFINITION('international standard',
'automotive_design',2009,#2965);
#2965=APPLICATION_CONTEXT(
'Core Data for Automotive Mechanical Design Process');
#2966=PRODUCT_CONTEXT('part definition',#2965,'mechanical');
#2967=PRODUCT('2025-12-16-20-43-48-911','#d printer extruder coupling',
$,(#2966));
#2968=PRESENTATION_STYLE_ASSIGNMENT((#2969));
#2969=SURFACE_STYLE_USAGE(.BOTH.,#2970);
#2970=SURFACE_SIDE_STYLE('',(#2971));
#2971=SURFACE_STYLE_FILL_AREA(#2972);
#2972=FILL_AREA_STYLE('Steel - Satin',(#2973));
#2973=FILL_AREA_STYLE_COLOUR('Steel - Satin',#2974);
#2974=COLOUR_RGB('Steel - Satin',0.627450980392157,0.627450980392157,0.627450980392157);
ENDSEC;
END-ISO-10303-21;
