ISO-10303-21;
HEADER;
/* Generated by software containing ST-Developer
 * from STEP Tools, Inc. (www.steptools.com) 
 */

FILE_DESCRIPTION(
/* description */ (''),
/* implementation_level */ '2;1');

FILE_NAME(
/* name */ '4f94c1c6-78bc-41ef-a20e-7a01f2ad7c4a.stp',
/* time_stamp */ '2026-02-18T03:51:47Z',
/* author */ (''),
/* organization */ (''),
/* preprocessor_version */ 'ST-DEVELOPER v20.1',
/* originating_system */ 'Autodesk Translation Framework v14.24.0.0',
/* authorisation */ '');

FILE_SCHEMA (('AUTOMOTIVE_DESIGN { 1 0 10303 214 3 1 1 }'));
ENDSEC;

DATA;
#10=MECHANICAL_DESIGN_GEOMETRIC_PRESENTATION_REPRESENTATION('',(#13,#14),
#5227);
#11=SHAPE_REPRESENTATION_RELATIONSHIP('SRR','None',#5234,#12);
#12=ADVANCED_BREP_SHAPE_REPRESENTATION('',(#15,#16),#5226);
#13=STYLED_ITEM('',(#5243),#15);
#14=STYLED_ITEM('',(#5243),#16);
#15=MANIFOLD_SOLID_BREP('Body1',#3221);
#16=MANIFOLD_SOLID_BREP('Body2',#3222);
#17=CYLINDRICAL_SURFACE('',#3252,1.5);
#18=CYLINDRICAL_SURFACE('',#3255,1.5);
#19=CYLINDRICAL_SURFACE('',#3258,1.5);
#20=CYLINDRICAL_SURFACE('',#3261,15.);
#21=CYLINDRICAL_SURFACE('',#3264,1.5);
#22=CYLINDRICAL_SURFACE('',#3280,1.75);
#23=CYLINDRICAL_SURFACE('',#3293,2.65);
#24=CYLINDRICAL_SURFACE('',#3298,4.5);
#25=CYLINDRICAL_SURFACE('',#3308,11.);
#26=CYLINDRICAL_SURFACE('',#3309,1.75);
#27=CYLINDRICAL_SURFACE('',#3310,1.75);
#28=CYLINDRICAL_SURFACE('',#3311,1.75);
#29=CYLINDRICAL_SURFACE('',#3330,0.899999999999999);
#30=CYLINDRICAL_SURFACE('',#3332,0.899999999999999);
#31=CYLINDRICAL_SURFACE('',#3341,3.05);
#32=CYLINDRICAL_SURFACE('',#3346,3.05);
#33=CYLINDRICAL_SURFACE('',#3349,3.05);
#34=CYLINDRICAL_SURFACE('',#3356,3.05);
#35=CYLINDRICAL_SURFACE('',#3361,3.05);
#36=CYLINDRICAL_SURFACE('',#3366,3.05);
#37=CYLINDRICAL_SURFACE('',#3367,3.6);
#38=CYLINDRICAL_SURFACE('',#3390,1.25);
#39=CYLINDRICAL_SURFACE('',#3391,2.55);
#40=CYLINDRICAL_SURFACE('',#3392,1.25);
#41=CYLINDRICAL_SURFACE('',#3436,3.05);
#42=CYLINDRICAL_SURFACE('',#3438,3.05000000000001);
#43=CYLINDRICAL_SURFACE('',#3440,3.05);
#44=CYLINDRICAL_SURFACE('',#3442,3.05000000000001);
#45=CYLINDRICAL_SURFACE('',#3444,3.05);
#46=CYLINDRICAL_SURFACE('',#3446,3.05);
#47=CYLINDRICAL_SURFACE('',#3448,3.05);
#48=CYLINDRICAL_SURFACE('',#3453,3.05);
#49=CYLINDRICAL_SURFACE('',#3456,3.05000000000001);
#50=CYLINDRICAL_SURFACE('',#3461,3.05);
#51=CYLINDRICAL_SURFACE('',#3465,3.05000000000001);
#52=CYLINDRICAL_SURFACE('',#3471,3.05);
#53=CYLINDRICAL_SURFACE('',#3472,1.25);
#54=CYLINDRICAL_SURFACE('',#3473,1.25);
#55=CYLINDRICAL_SURFACE('',#3474,3.6);
#56=CYLINDRICAL_SURFACE('',#3475,2.55);
#57=FACE_BOUND('',#372,.T.);
#58=FACE_BOUND('',#373,.T.);
#59=FACE_BOUND('',#374,.T.);
#60=FACE_BOUND('',#375,.T.);
#61=FACE_BOUND('',#376,.T.);
#62=FACE_BOUND('',#377,.T.);
#63=FACE_BOUND('',#378,.T.);
#64=FACE_BOUND('',#379,.T.);
#65=FACE_BOUND('',#383,.T.);
#66=FACE_BOUND('',#391,.T.);
#67=FACE_BOUND('',#392,.T.);
#68=FACE_BOUND('',#393,.T.);
#69=FACE_BOUND('',#394,.T.);
#70=FACE_BOUND('',#395,.T.);
#71=FACE_BOUND('',#397,.T.);
#72=FACE_BOUND('',#398,.T.);
#73=FACE_BOUND('',#399,.T.);
#74=FACE_BOUND('',#400,.T.);
#75=FACE_BOUND('',#401,.T.);
#76=FACE_BOUND('',#402,.T.);
#77=FACE_BOUND('',#403,.T.);
#78=FACE_BOUND('',#404,.T.);
#79=FACE_BOUND('',#405,.T.);
#80=FACE_BOUND('',#406,.T.);
#81=FACE_BOUND('',#407,.T.);
#82=FACE_BOUND('',#408,.T.);
#83=FACE_BOUND('',#411,.T.);
#84=FACE_BOUND('',#412,.T.);
#85=FACE_BOUND('',#413,.T.);
#86=FACE_BOUND('',#414,.T.);
#87=FACE_BOUND('',#415,.T.);
#88=FACE_BOUND('',#416,.T.);
#89=FACE_BOUND('',#423,.T.);
#90=FACE_BOUND('',#424,.T.);
#91=FACE_BOUND('',#425,.T.);
#92=FACE_BOUND('',#426,.T.);
#93=FACE_BOUND('',#427,.T.);
#94=FACE_BOUND('',#428,.T.);
#95=FACE_BOUND('',#430,.T.);
#96=FACE_BOUND('',#436,.T.);
#97=FACE_BOUND('',#442,.T.);
#98=FACE_BOUND('',#443,.T.);
#99=FACE_BOUND('',#444,.T.);
#100=FACE_BOUND('',#445,.T.);
#101=FACE_BOUND('',#446,.T.);
#102=FACE_BOUND('',#461,.T.);
#103=FACE_BOUND('',#462,.T.);
#104=FACE_BOUND('',#463,.T.);
#105=FACE_BOUND('',#476,.T.);
#106=FACE_BOUND('',#477,.T.);
#107=FACE_BOUND('',#478,.T.);
#108=FACE_BOUND('',#525,.T.);
#109=FACE_BOUND('',#526,.T.);
#110=FACE_BOUND('',#527,.T.);
#111=FACE_BOUND('',#528,.T.);
#112=FACE_BOUND('',#529,.T.);
#113=FACE_BOUND('',#530,.T.);
#114=FACE_BOUND('',#531,.T.);
#115=FACE_BOUND('',#535,.T.);
#116=FACE_BOUND('',#536,.T.);
#117=FACE_BOUND('',#537,.T.);
#118=FACE_BOUND('',#538,.T.);
#119=FACE_BOUND('',#539,.T.);
#120=FACE_BOUND('',#540,.T.);
#121=FACE_BOUND('',#541,.T.);
#122=CIRCLE('',#3245,3.6);
#123=CIRCLE('',#3246,1.25);
#124=CIRCLE('',#3247,2.55);
#125=CIRCLE('',#3248,1.25);
#126=CIRCLE('',#3253,1.5);
#127=CIRCLE('',#3254,1.5);
#128=CIRCLE('',#3256,1.5);
#129=CIRCLE('',#3257,1.5);
#130=CIRCLE('',#3259,1.5);
#131=CIRCLE('',#3260,1.5);
#132=CIRCLE('',#3262,15.);
#133=CIRCLE('',#3263,15.);
#134=CIRCLE('',#3265,1.5);
#135=CIRCLE('',#3266,1.5);
#136=CIRCLE('',#3270,3.6);
#137=CIRCLE('',#3271,1.25);
#138=CIRCLE('',#3272,2.55);
#139=CIRCLE('',#3273,1.25);
#140=CIRCLE('',#3281,1.75);
#141=CIRCLE('',#3282,1.75);
#142=CIRCLE('',#3284,2.65);
#143=CIRCLE('',#3285,1.75);
#144=CIRCLE('',#3286,11.);
#145=CIRCLE('',#3287,1.75);
#146=CIRCLE('',#3288,1.75);
#147=CIRCLE('',#3290,2.65);
#148=CIRCLE('',#3295,4.5);
#149=CIRCLE('',#3297,4.5);
#150=CIRCLE('',#3303,1.75);
#151=CIRCLE('',#3304,11.);
#152=CIRCLE('',#3305,1.75);
#153=CIRCLE('',#3306,1.75);
#154=CIRCLE('',#3321,0.899999999999999);
#155=CIRCLE('',#3322,0.899999999999999);
#156=CIRCLE('',#3331,0.899999999999999);
#157=CIRCLE('',#3333,0.899999999999999);
#158=CIRCLE('',#3338,3.05000000000001);
#159=CIRCLE('',#3340,3.05);
#160=CIRCLE('',#3343,3.05);
#161=CIRCLE('',#3345,3.05);
#162=CIRCLE('',#3348,3.05);
#163=CIRCLE('',#3350,3.05);
#164=CIRCLE('',#3353,3.05);
#165=CIRCLE('',#3355,3.05000000000001);
#166=CIRCLE('',#3358,3.05);
#167=CIRCLE('',#3360,3.05);
#168=CIRCLE('',#3363,3.05);
#169=CIRCLE('',#3365,3.05);
#170=CIRCLE('',#3395,2.55);
#171=CIRCLE('',#3396,3.6);
#172=CIRCLE('',#3397,1.25);
#173=CIRCLE('',#3398,1.25);
#174=CIRCLE('',#3402,2.55);
#175=CIRCLE('',#3403,3.6);
#176=CIRCLE('',#3404,1.25);
#177=CIRCLE('',#3405,1.25);
#178=CIRCLE('',#3413,3.05);
#179=CIRCLE('',#3414,3.05);
#180=CIRCLE('',#3418,3.05);
#181=CIRCLE('',#3419,3.05000000000001);
#182=CIRCLE('',#3421,3.05);
#183=CIRCLE('',#3422,3.05000000000001);
#184=CIRCLE('',#3426,3.05000000000001);
#185=CIRCLE('',#3427,3.05);
#186=CIRCLE('',#3430,3.05000000000001);
#187=CIRCLE('',#3431,3.05);
#188=CIRCLE('',#3434,3.05);
#189=CIRCLE('',#3435,3.05);
#190=CIRCLE('',#3437,3.05000000000001);
#191=CIRCLE('',#3439,3.05000000000001);
#192=CIRCLE('',#3441,3.05);
#193=CIRCLE('',#3443,3.05);
#194=CIRCLE('',#3445,3.05);
#195=CIRCLE('',#3447,3.05);
#196=CIRCLE('',#3449,3.05);
#197=CIRCLE('',#3451,3.05);
#198=CIRCLE('',#3455,3.05000000000001);
#199=CIRCLE('',#3459,3.05);
#200=CIRCLE('',#3464,3.05000000000001);
#201=CIRCLE('',#3470,3.05);
#202=FACE_OUTER_BOUND('',#363,.T.);
#203=FACE_OUTER_BOUND('',#364,.T.);
#204=FACE_OUTER_BOUND('',#365,.T.);
#205=FACE_OUTER_BOUND('',#366,.T.);
#206=FACE_OUTER_BOUND('',#367,.T.);
#207=FACE_OUTER_BOUND('',#368,.T.);
#208=FACE_OUTER_BOUND('',#369,.T.);
#209=FACE_OUTER_BOUND('',#370,.T.);
#210=FACE_OUTER_BOUND('',#371,.T.);
#211=FACE_OUTER_BOUND('',#380,.T.);
#212=FACE_OUTER_BOUND('',#381,.T.);
#213=FACE_OUTER_BOUND('',#382,.T.);
#214=FACE_OUTER_BOUND('',#384,.T.);
#215=FACE_OUTER_BOUND('',#385,.T.);
#216=FACE_OUTER_BOUND('',#386,.T.);
#217=FACE_OUTER_BOUND('',#387,.T.);
#218=FACE_OUTER_BOUND('',#388,.T.);
#219=FACE_OUTER_BOUND('',#389,.T.);
#220=FACE_OUTER_BOUND('',#390,.T.);
#221=FACE_OUTER_BOUND('',#396,.T.);
#222=FACE_OUTER_BOUND('',#409,.T.);
#223=FACE_OUTER_BOUND('',#410,.T.);
#224=FACE_OUTER_BOUND('',#417,.T.);
#225=FACE_OUTER_BOUND('',#418,.T.);
#226=FACE_OUTER_BOUND('',#419,.T.);
#227=FACE_OUTER_BOUND('',#420,.T.);
#228=FACE_OUTER_BOUND('',#421,.T.);
#229=FACE_OUTER_BOUND('',#422,.T.);
#230=FACE_OUTER_BOUND('',#429,.T.);
#231=FACE_OUTER_BOUND('',#431,.T.);
#232=FACE_OUTER_BOUND('',#432,.T.);
#233=FACE_OUTER_BOUND('',#433,.T.);
#234=FACE_OUTER_BOUND('',#434,.T.);
#235=FACE_OUTER_BOUND('',#435,.T.);
#236=FACE_OUTER_BOUND('',#437,.T.);
#237=FACE_OUTER_BOUND('',#438,.T.);
#238=FACE_OUTER_BOUND('',#439,.T.);
#239=FACE_OUTER_BOUND('',#440,.T.);
#240=FACE_OUTER_BOUND('',#441,.T.);
#241=FACE_OUTER_BOUND('',#447,.T.);
#242=FACE_OUTER_BOUND('',#448,.T.);
#243=FACE_OUTER_BOUND('',#449,.T.);
#244=FACE_OUTER_BOUND('',#450,.T.);
#245=FACE_OUTER_BOUND('',#451,.T.);
#246=FACE_OUTER_BOUND('',#452,.T.);
#247=FACE_OUTER_BOUND('',#453,.T.);
#248=FACE_OUTER_BOUND('',#454,.T.);
#249=FACE_OUTER_BOUND('',#455,.T.);
#250=FACE_OUTER_BOUND('',#456,.T.);
#251=FACE_OUTER_BOUND('',#457,.T.);
#252=FACE_OUTER_BOUND('',#458,.T.);
#253=FACE_OUTER_BOUND('',#459,.T.);
#254=FACE_OUTER_BOUND('',#460,.T.);
#255=FACE_OUTER_BOUND('',#464,.T.);
#256=FACE_OUTER_BOUND('',#465,.T.);
#257=FACE_OUTER_BOUND('',#466,.T.);
#258=FACE_OUTER_BOUND('',#467,.T.);
#259=FACE_OUTER_BOUND('',#468,.T.);
#260=FACE_OUTER_BOUND('',#469,.T.);
#261=FACE_OUTER_BOUND('',#470,.T.);
#262=FACE_OUTER_BOUND('',#471,.T.);
#263=FACE_OUTER_BOUND('',#472,.T.);
#264=FACE_OUTER_BOUND('',#473,.T.);
#265=FACE_OUTER_BOUND('',#474,.T.);
#266=FACE_OUTER_BOUND('',#475,.T.);
#267=FACE_OUTER_BOUND('',#479,.T.);
#268=FACE_OUTER_BOUND('',#480,.T.);
#269=FACE_OUTER_BOUND('',#481,.T.);
#270=FACE_OUTER_BOUND('',#482,.T.);
#271=FACE_OUTER_BOUND('',#483,.T.);
#272=FACE_OUTER_BOUND('',#484,.T.);
#273=FACE_OUTER_BOUND('',#485,.T.);
#274=FACE_OUTER_BOUND('',#486,.T.);
#275=FACE_OUTER_BOUND('',#487,.T.);
#276=FACE_OUTER_BOUND('',#488,.T.);
#277=FACE_OUTER_BOUND('',#489,.T.);
#278=FACE_OUTER_BOUND('',#490,.T.);
#279=FACE_OUTER_BOUND('',#491,.T.);
#280=FACE_OUTER_BOUND('',#492,.T.);
#281=FACE_OUTER_BOUND('',#493,.T.);
#282=FACE_OUTER_BOUND('',#494,.T.);
#283=FACE_OUTER_BOUND('',#495,.T.);
#284=FACE_OUTER_BOUND('',#496,.T.);
#285=FACE_OUTER_BOUND('',#497,.T.);
#286=FACE_OUTER_BOUND('',#498,.T.);
#287=FACE_OUTER_BOUND('',#499,.T.);
#288=FACE_OUTER_BOUND('',#500,.T.);
#289=FACE_OUTER_BOUND('',#501,.T.);
#290=FACE_OUTER_BOUND('',#502,.T.);
#291=FACE_OUTER_BOUND('',#503,.T.);
#292=FACE_OUTER_BOUND('',#504,.T.);
#293=FACE_OUTER_BOUND('',#505,.T.);
#294=FACE_OUTER_BOUND('',#506,.T.);
#295=FACE_OUTER_BOUND('',#507,.T.);
#296=FACE_OUTER_BOUND('',#508,.T.);
#297=FACE_OUTER_BOUND('',#509,.T.);
#298=FACE_OUTER_BOUND('',#510,.T.);
#299=FACE_OUTER_BOUND('',#511,.T.);
#300=FACE_OUTER_BOUND('',#512,.T.);
#301=FACE_OUTER_BOUND('',#513,.T.);
#302=FACE_OUTER_BOUND('',#514,.T.);
#303=FACE_OUTER_BOUND('',#515,.T.);
#304=FACE_OUTER_BOUND('',#516,.T.);
#305=FACE_OUTER_BOUND('',#517,.T.);
#306=FACE_OUTER_BOUND('',#518,.T.);
#307=FACE_OUTER_BOUND('',#519,.T.);
#308=FACE_OUTER_BOUND('',#520,.T.);
#309=FACE_OUTER_BOUND('',#521,.T.);
#310=FACE_OUTER_BOUND('',#522,.T.);
#311=FACE_OUTER_BOUND('',#523,.T.);
#312=FACE_OUTER_BOUND('',#524,.T.);
#313=FACE_OUTER_BOUND('',#532,.T.);
#314=FACE_OUTER_BOUND('',#533,.T.);
#315=FACE_OUTER_BOUND('',#534,.T.);
#316=FACE_OUTER_BOUND('',#542,.T.);
#317=FACE_OUTER_BOUND('',#543,.T.);
#318=FACE_OUTER_BOUND('',#544,.T.);
#319=FACE_OUTER_BOUND('',#545,.T.);
#320=FACE_OUTER_BOUND('',#546,.T.);
#321=FACE_OUTER_BOUND('',#547,.T.);
#322=FACE_OUTER_BOUND('',#548,.T.);
#323=FACE_OUTER_BOUND('',#549,.T.);
#324=FACE_OUTER_BOUND('',#550,.T.);
#325=FACE_OUTER_BOUND('',#551,.T.);
#326=FACE_OUTER_BOUND('',#552,.T.);
#327=FACE_OUTER_BOUND('',#553,.T.);
#328=FACE_OUTER_BOUND('',#554,.T.);
#329=FACE_OUTER_BOUND('',#555,.T.);
#330=FACE_OUTER_BOUND('',#556,.T.);
#331=FACE_OUTER_BOUND('',#557,.T.);
#332=FACE_OUTER_BOUND('',#558,.T.);
#333=FACE_OUTER_BOUND('',#559,.T.);
#334=FACE_OUTER_BOUND('',#560,.T.);
#335=FACE_OUTER_BOUND('',#561,.T.);
#336=FACE_OUTER_BOUND('',#562,.T.);
#337=FACE_OUTER_BOUND('',#563,.T.);
#338=FACE_OUTER_BOUND('',#564,.T.);
#339=FACE_OUTER_BOUND('',#565,.T.);
#340=FACE_OUTER_BOUND('',#566,.T.);
#341=FACE_OUTER_BOUND('',#567,.T.);
#342=FACE_OUTER_BOUND('',#568,.T.);
#343=FACE_OUTER_BOUND('',#569,.T.);
#344=FACE_OUTER_BOUND('',#570,.T.);
#345=FACE_OUTER_BOUND('',#571,.T.);
#346=FACE_OUTER_BOUND('',#572,.T.);
#347=FACE_OUTER_BOUND('',#573,.T.);
#348=FACE_OUTER_BOUND('',#574,.T.);
#349=FACE_OUTER_BOUND('',#575,.T.);
#350=FACE_OUTER_BOUND('',#576,.T.);
#351=FACE_OUTER_BOUND('',#577,.T.);
#352=FACE_OUTER_BOUND('',#578,.T.);
#353=FACE_OUTER_BOUND('',#579,.T.);
#354=FACE_OUTER_BOUND('',#580,.T.);
#355=FACE_OUTER_BOUND('',#581,.T.);
#356=FACE_OUTER_BOUND('',#582,.T.);
#357=FACE_OUTER_BOUND('',#583,.T.);
#358=FACE_OUTER_BOUND('',#584,.T.);
#359=FACE_OUTER_BOUND('',#585,.T.);
#360=FACE_OUTER_BOUND('',#586,.T.);
#361=FACE_OUTER_BOUND('',#587,.T.);
#362=FACE_OUTER_BOUND('',#588,.T.);
#363=EDGE_LOOP('',(#2053,#2054,#2055,#2056));
#364=EDGE_LOOP('',(#2057,#2058,#2059,#2060));
#365=EDGE_LOOP('',(#2061,#2062,#2063,#2064));
#366=EDGE_LOOP('',(#2065,#2066,#2067,#2068));
#367=EDGE_LOOP('',(#2069,#2070,#2071,#2072));
#368=EDGE_LOOP('',(#2073,#2074,#2075,#2076));
#369=EDGE_LOOP('',(#2077,#2078,#2079,#2080));
#370=EDGE_LOOP('',(#2081,#2082,#2083,#2084,#2085,#2086,#2087,#2088,#2089));
#371=EDGE_LOOP('',(#2090,#2091,#2092,#2093,#2094,#2095,#2096,#2097,#2098,
#2099,#2100,#2101,#2102,#2103,#2104));
#372=EDGE_LOOP('',(#2105));
#373=EDGE_LOOP('',(#2106,#2107,#2108,#2109));
#374=EDGE_LOOP('',(#2110,#2111,#2112,#2113));
#375=EDGE_LOOP('',(#2114,#2115,#2116,#2117));
#376=EDGE_LOOP('',(#2118,#2119,#2120,#2121));
#377=EDGE_LOOP('',(#2122));
#378=EDGE_LOOP('',(#2123));
#379=EDGE_LOOP('',(#2124));
#380=EDGE_LOOP('',(#2125,#2126,#2127,#2128));
#381=EDGE_LOOP('',(#2129,#2130,#2131,#2132,#2133,#2134));
#382=EDGE_LOOP('',(#2135,#2136,#2137,#2138,#2139,#2140,#2141,#2142,#2143,
#2144,#2145,#2146));
#383=EDGE_LOOP('',(#2147,#2148,#2149,#2150,#2151,#2152));
#384=EDGE_LOOP('',(#2153,#2154,#2155,#2156));
#385=EDGE_LOOP('',(#2157,#2158,#2159,#2160));
#386=EDGE_LOOP('',(#2161,#2162,#2163,#2164));
#387=EDGE_LOOP('',(#2165,#2166,#2167,#2168));
#388=EDGE_LOOP('',(#2169,#2170,#2171,#2172));
#389=EDGE_LOOP('',(#2173,#2174,#2175,#2176));
#390=EDGE_LOOP('',(#2177,#2178,#2179,#2180,#2181,#2182));
#391=EDGE_LOOP('',(#2183));
#392=EDGE_LOOP('',(#2184));
#393=EDGE_LOOP('',(#2185));
#394=EDGE_LOOP('',(#2186));
#395=EDGE_LOOP('',(#2187));
#396=EDGE_LOOP('',(#2188,#2189,#2190,#2191,#2192,#2193,#2194,#2195));
#397=EDGE_LOOP('',(#2196,#2197,#2198,#2199));
#398=EDGE_LOOP('',(#2200,#2201,#2202,#2203));
#399=EDGE_LOOP('',(#2204,#2205,#2206,#2207));
#400=EDGE_LOOP('',(#2208,#2209,#2210,#2211));
#401=EDGE_LOOP('',(#2212,#2213,#2214,#2215));
#402=EDGE_LOOP('',(#2216,#2217,#2218,#2219));
#403=EDGE_LOOP('',(#2220));
#404=EDGE_LOOP('',(#2221,#2222,#2223));
#405=EDGE_LOOP('',(#2224,#2225,#2226));
#406=EDGE_LOOP('',(#2227));
#407=EDGE_LOOP('',(#2228));
#408=EDGE_LOOP('',(#2229));
#409=EDGE_LOOP('',(#2230,#2231,#2232,#2233,#2234,#2235));
#410=EDGE_LOOP('',(#2236,#2237,#2238,#2239,#2240,#2241,#2242,#2243));
#411=EDGE_LOOP('',(#2244));
#412=EDGE_LOOP('',(#2245));
#413=EDGE_LOOP('',(#2246));
#414=EDGE_LOOP('',(#2247));
#415=EDGE_LOOP('',(#2248));
#416=EDGE_LOOP('',(#2249,#2250,#2251,#2252));
#417=EDGE_LOOP('',(#2253,#2254,#2255,#2256));
#418=EDGE_LOOP('',(#2257,#2258,#2259,#2260));
#419=EDGE_LOOP('',(#2261,#2262,#2263,#2264));
#420=EDGE_LOOP('',(#2265,#2266,#2267,#2268,#2269,#2270));
#421=EDGE_LOOP('',(#2271,#2272,#2273,#2274));
#422=EDGE_LOOP('',(#2275,#2276,#2277,#2278,#2279,#2280));
#423=EDGE_LOOP('',(#2281));
#424=EDGE_LOOP('',(#2282));
#425=EDGE_LOOP('',(#2283));
#426=EDGE_LOOP('',(#2284));
#427=EDGE_LOOP('',(#2285));
#428=EDGE_LOOP('',(#2286));
#429=EDGE_LOOP('',(#2287,#2288,#2289,#2290,#2291,#2292));
#430=EDGE_LOOP('',(#2293));
#431=EDGE_LOOP('',(#2294,#2295,#2296,#2297));
#432=EDGE_LOOP('',(#2298,#2299,#2300,#2301));
#433=EDGE_LOOP('',(#2302,#2303,#2304,#2305));
#434=EDGE_LOOP('',(#2306));
#435=EDGE_LOOP('',(#2307,#2308,#2309,#2310));
#436=EDGE_LOOP('',(#2311));
#437=EDGE_LOOP('',(#2312,#2313,#2314,#2315));
#438=EDGE_LOOP('',(#2316,#2317,#2318,#2319));
#439=EDGE_LOOP('',(#2320,#2321,#2322,#2323));
#440=EDGE_LOOP('',(#2324,#2325,#2326,#2327));
#441=EDGE_LOOP('',(#2328,#2329,#2330,#2331,#2332,#2333));
#442=EDGE_LOOP('',(#2334));
#443=EDGE_LOOP('',(#2335));
#444=EDGE_LOOP('',(#2336));
#445=EDGE_LOOP('',(#2337));
#446=EDGE_LOOP('',(#2338));
#447=EDGE_LOOP('',(#2339,#2340,#2341,#2342));
#448=EDGE_LOOP('',(#2343,#2344,#2345,#2346));
#449=EDGE_LOOP('',(#2347,#2348,#2349,#2350));
#450=EDGE_LOOP('',(#2351,#2352,#2353,#2354));
#451=EDGE_LOOP('',(#2355,#2356,#2357,#2358));
#452=EDGE_LOOP('',(#2359,#2360,#2361,#2362));
#453=EDGE_LOOP('',(#2363,#2364,#2365,#2366));
#454=EDGE_LOOP('',(#2367,#2368,#2369,#2370));
#455=EDGE_LOOP('',(#2371,#2372,#2373,#2374));
#456=EDGE_LOOP('',(#2375,#2376,#2377,#2378));
#457=EDGE_LOOP('',(#2379,#2380,#2381,#2382,#2383,#2384,#2385,#2386,#2387,
#2388,#2389,#2390));
#458=EDGE_LOOP('',(#2391,#2392,#2393,#2394,#2395,#2396,#2397,#2398,#2399,
#2400,#2401,#2402,#2403,#2404));
#459=EDGE_LOOP('',(#2405,#2406,#2407,#2408));
#460=EDGE_LOOP('',(#2409,#2410,#2411,#2412));
#461=EDGE_LOOP('',(#2413));
#462=EDGE_LOOP('',(#2414));
#463=EDGE_LOOP('',(#2415,#2416,#2417,#2418));
#464=EDGE_LOOP('',(#2419,#2420,#2421,#2422));
#465=EDGE_LOOP('',(#2423,#2424,#2425,#2426));
#466=EDGE_LOOP('',(#2427,#2428,#2429,#2430,#2431,#2432,#2433,#2434));
#467=EDGE_LOOP('',(#2435,#2436,#2437,#2438));
#468=EDGE_LOOP('',(#2439,#2440,#2441,#2442));
#469=EDGE_LOOP('',(#2443,#2444,#2445,#2446));
#470=EDGE_LOOP('',(#2447,#2448,#2449,#2450));
#471=EDGE_LOOP('',(#2451,#2452,#2453,#2454));
#472=EDGE_LOOP('',(#2455,#2456,#2457,#2458));
#473=EDGE_LOOP('',(#2459,#2460,#2461,#2462));
#474=EDGE_LOOP('',(#2463,#2464,#2465,#2466));
#475=EDGE_LOOP('',(#2467,#2468,#2469,#2470));
#476=EDGE_LOOP('',(#2471));
#477=EDGE_LOOP('',(#2472));
#478=EDGE_LOOP('',(#2473,#2474,#2475,#2476));
#479=EDGE_LOOP('',(#2477,#2478));
#480=EDGE_LOOP('',(#2479,#2480));
#481=EDGE_LOOP('',(#2481,#2482,#2483,#2484));
#482=EDGE_LOOP('',(#2485,#2486));
#483=EDGE_LOOP('',(#2487,#2488));
#484=EDGE_LOOP('',(#2489,#2490,#2491,#2492));
#485=EDGE_LOOP('',(#2493,#2494));
#486=EDGE_LOOP('',(#2495,#2496,#2497,#2498));
#487=EDGE_LOOP('',(#2499,#2500));
#488=EDGE_LOOP('',(#2501,#2502));
#489=EDGE_LOOP('',(#2503,#2504));
#490=EDGE_LOOP('',(#2505,#2506,#2507,#2508));
#491=EDGE_LOOP('',(#2509,#2510));
#492=EDGE_LOOP('',(#2511,#2512));
#493=EDGE_LOOP('',(#2513,#2514,#2515,#2516));
#494=EDGE_LOOP('',(#2517,#2518));
#495=EDGE_LOOP('',(#2519,#2520));
#496=EDGE_LOOP('',(#2521,#2522,#2523,#2524));
#497=EDGE_LOOP('',(#2525,#2526,#2527,#2528));
#498=EDGE_LOOP('',(#2529,#2530,#2531,#2532));
#499=EDGE_LOOP('',(#2533,#2534,#2535,#2536));
#500=EDGE_LOOP('',(#2537,#2538,#2539,#2540,#2541,#2542));
#501=EDGE_LOOP('',(#2543,#2544,#2545,#2546,#2547,#2548));
#502=EDGE_LOOP('',(#2549,#2550,#2551,#2552));
#503=EDGE_LOOP('',(#2553,#2554,#2555,#2556,#2557));
#504=EDGE_LOOP('',(#2558,#2559,#2560,#2561));
#505=EDGE_LOOP('',(#2562,#2563,#2564,#2565,#2566));
#506=EDGE_LOOP('',(#2567,#2568,#2569,#2570,#2571,#2572));
#507=EDGE_LOOP('',(#2573,#2574,#2575,#2576));
#508=EDGE_LOOP('',(#2577,#2578,#2579,#2580));
#509=EDGE_LOOP('',(#2581,#2582,#2583,#2584));
#510=EDGE_LOOP('',(#2585,#2586,#2587,#2588));
#511=EDGE_LOOP('',(#2589,#2590,#2591,#2592));
#512=EDGE_LOOP('',(#2593,#2594,#2595,#2596));
#513=EDGE_LOOP('',(#2597,#2598,#2599,#2600));
#514=EDGE_LOOP('',(#2601,#2602,#2603,#2604,#2605,#2606));
#515=EDGE_LOOP('',(#2607,#2608,#2609,#2610));
#516=EDGE_LOOP('',(#2611,#2612,#2613,#2614));
#517=EDGE_LOOP('',(#2615,#2616,#2617,#2618));
#518=EDGE_LOOP('',(#2619,#2620,#2621,#2622));
#519=EDGE_LOOP('',(#2623,#2624,#2625,#2626));
#520=EDGE_LOOP('',(#2627,#2628,#2629,#2630));
#521=EDGE_LOOP('',(#2631,#2632,#2633,#2634));
#522=EDGE_LOOP('',(#2635,#2636,#2637,#2638));
#523=EDGE_LOOP('',(#2639,#2640,#2641,#2642));
#524=EDGE_LOOP('',(#2643,#2644,#2645,#2646,#2647,#2648,#2649,#2650,#2651,
#2652));
#525=EDGE_LOOP('',(#2653,#2654,#2655,#2656,#2657,#2658,#2659,#2660,#2661,
#2662,#2663,#2664,#2665,#2666,#2667,#2668,#2669,#2670,#2671,#2672));
#526=EDGE_LOOP('',(#2673,#2674,#2675,#2676,#2677,#2678,#2679,#2680,#2681,
#2682,#2683,#2684,#2685,#2686,#2687,#2688,#2689,#2690,#2691,#2692));
#527=EDGE_LOOP('',(#2693,#2694,#2695,#2696,#2697,#2698,#2699,#2700,#2701,
#2702,#2703,#2704,#2705,#2706,#2707,#2708,#2709,#2710,#2711,#2712));
#528=EDGE_LOOP('',(#2713));
#529=EDGE_LOOP('',(#2714));
#530=EDGE_LOOP('',(#2715));
#531=EDGE_LOOP('',(#2716));
#532=EDGE_LOOP('',(#2717,#2718,#2719,#2720));
#533=EDGE_LOOP('',(#2721,#2722,#2723,#2724));
#534=EDGE_LOOP('',(#2725,#2726,#2727,#2728,#2729,#2730,#2731,#2732,#2733,
#2734));
#535=EDGE_LOOP('',(#2735,#2736,#2737,#2738));
#536=EDGE_LOOP('',(#2739,#2740,#2741,#2742));
#537=EDGE_LOOP('',(#2743,#2744,#2745,#2746));
#538=EDGE_LOOP('',(#2747));
#539=EDGE_LOOP('',(#2748));
#540=EDGE_LOOP('',(#2749));
#541=EDGE_LOOP('',(#2750));
#542=EDGE_LOOP('',(#2751,#2752,#2753,#2754));
#543=EDGE_LOOP('',(#2755,#2756,#2757,#2758));
#544=EDGE_LOOP('',(#2759,#2760,#2761,#2762));
#545=EDGE_LOOP('',(#2763,#2764,#2765,#2766));
#546=EDGE_LOOP('',(#2767,#2768,#2769,#2770));
#547=EDGE_LOOP('',(#2771,#2772,#2773,#2774));
#548=EDGE_LOOP('',(#2775,#2776,#2777,#2778,#2779,#2780,#2781,#2782));
#549=EDGE_LOOP('',(#2783,#2784,#2785,#2786));
#550=EDGE_LOOP('',(#2787,#2788,#2789,#2790));
#551=EDGE_LOOP('',(#2791,#2792,#2793,#2794,#2795,#2796,#2797,#2798));
#552=EDGE_LOOP('',(#2799,#2800,#2801,#2802,#2803,#2804,#2805,#2806));
#553=EDGE_LOOP('',(#2807,#2808,#2809,#2810));
#554=EDGE_LOOP('',(#2811,#2812,#2813,#2814));
#555=EDGE_LOOP('',(#2815,#2816,#2817,#2818,#2819,#2820,#2821,#2822));
#556=EDGE_LOOP('',(#2823,#2824,#2825,#2826));
#557=EDGE_LOOP('',(#2827,#2828,#2829,#2830,#2831,#2832,#2833,#2834));
#558=EDGE_LOOP('',(#2835,#2836,#2837,#2838));
#559=EDGE_LOOP('',(#2839,#2840,#2841,#2842,#2843,#2844,#2845,#2846));
#560=EDGE_LOOP('',(#2847,#2848,#2849,#2850));
#561=EDGE_LOOP('',(#2851,#2852,#2853,#2854));
#562=EDGE_LOOP('',(#2855,#2856,#2857,#2858));
#563=EDGE_LOOP('',(#2859,#2860,#2861,#2862));
#564=EDGE_LOOP('',(#2863,#2864,#2865,#2866));
#565=EDGE_LOOP('',(#2867,#2868,#2869,#2870));
#566=EDGE_LOOP('',(#2871,#2872,#2873,#2874));
#567=EDGE_LOOP('',(#2875,#2876));
#568=EDGE_LOOP('',(#2877,#2878));
#569=EDGE_LOOP('',(#2879,#2880,#2881,#2882));
#570=EDGE_LOOP('',(#2883,#2884));
#571=EDGE_LOOP('',(#2885,#2886,#2887,#2888));
#572=EDGE_LOOP('',(#2889,#2890));
#573=EDGE_LOOP('',(#2891,#2892));
#574=EDGE_LOOP('',(#2893,#2894));
#575=EDGE_LOOP('',(#2895,#2896,#2897,#2898));
#576=EDGE_LOOP('',(#2899,#2900));
#577=EDGE_LOOP('',(#2901,#2902));
#578=EDGE_LOOP('',(#2903,#2904,#2905,#2906));
#579=EDGE_LOOP('',(#2907,#2908));
#580=EDGE_LOOP('',(#2909,#2910));
#581=EDGE_LOOP('',(#2911,#2912));
#582=EDGE_LOOP('',(#2913,#2914));
#583=EDGE_LOOP('',(#2915,#2916,#2917,#2918));
#584=EDGE_LOOP('',(#2919,#2920,#2921,#2922));
#585=EDGE_LOOP('',(#2923,#2924,#2925,#2926));
#586=EDGE_LOOP('',(#2927,#2928,#2929,#2930));
#587=EDGE_LOOP('',(#2931,#2932,#2933,#2934));
#588=EDGE_LOOP('',(#2935,#2936,#2937,#2938));
#589=LINE('',#4328,#952);
#590=LINE('',#4330,#953);
#591=LINE('',#4332,#954);
#592=LINE('',#4333,#955);
#593=LINE('',#4337,#956);
#594=LINE('',#4339,#957);
#595=LINE('',#4341,#958);
#596=LINE('',#4342,#959);
#597=LINE('',#4345,#960);
#598=LINE('',#4347,#961);
#599=LINE('',#4349,#962);
#600=LINE('',#4350,#963);
#601=LINE('',#4353,#964);
#602=LINE('',#4355,#965);
#603=LINE('',#4356,#966);
#604=LINE('',#4359,#967);
#605=LINE('',#4361,#968);
#606=LINE('',#4362,#969);
#607=LINE('',#4365,#970);
#608=LINE('',#4367,#971);
#609=LINE('',#4368,#972);
#610=LINE('',#4372,#973);
#611=LINE('',#4373,#974);
#612=LINE('',#4374,#975);
#613=LINE('',#4376,#976);
#614=LINE('',#4377,#977);
#615=LINE('',#4380,#978);
#616=LINE('',#4382,#979);
#617=LINE('',#4384,#980);
#618=LINE('',#4386,#981);
#619=LINE('',#4388,#982);
#620=LINE('',#4390,#983);
#621=LINE('',#4392,#984);
#622=LINE('',#4394,#985);
#623=LINE('',#4395,#986);
#624=LINE('',#4396,#987);
#625=LINE('',#4401,#988);
#626=LINE('',#4403,#989);
#627=LINE('',#4405,#990);
#628=LINE('',#4406,#991);
#629=LINE('',#4409,#992);
#630=LINE('',#4411,#993);
#631=LINE('',#4413,#994);
#632=LINE('',#4414,#995);
#633=LINE('',#4417,#996);
#634=LINE('',#4419,#997);
#635=LINE('',#4421,#998);
#636=LINE('',#4422,#999);
#637=LINE('',#4425,#1000);
#638=LINE('',#4427,#1001);
#639=LINE('',#4429,#1002);
#640=LINE('',#4430,#1003);
#641=LINE('',#4439,#1004);
#642=LINE('',#4440,#1005);
#643=LINE('',#4443,#1006);
#644=LINE('',#4444,#1007);
#645=LINE('',#4447,#1008);
#646=LINE('',#4449,#1009);
#647=LINE('',#4451,#1010);
#648=LINE('',#4453,#1011);
#649=LINE('',#4455,#1012);
#650=LINE('',#4457,#1013);
#651=LINE('',#4459,#1014);
#652=LINE('',#4461,#1015);
#653=LINE('',#4462,#1016);
#654=LINE('',#4465,#1017);
#655=LINE('',#4467,#1018);
#656=LINE('',#4469,#1019);
#657=LINE('',#4471,#1020);
#658=LINE('',#4473,#1021);
#659=LINE('',#4474,#1022);
#660=LINE('',#4479,#1023);
#661=LINE('',#4485,#1024);
#662=LINE('',#4491,#1025);
#663=LINE('',#4497,#1026);
#664=LINE('',#4503,#1027);
#665=LINE('',#4507,#1028);
#666=LINE('',#4509,#1029);
#667=LINE('',#4510,#1030);
#668=LINE('',#4514,#1031);
#669=LINE('',#4515,#1032);
#670=LINE('',#4517,#1033);
#671=LINE('',#4518,#1034);
#672=LINE('',#4521,#1035);
#673=LINE('',#4523,#1036);
#674=LINE('',#4525,#1037);
#675=LINE('',#4527,#1038);
#676=LINE('',#4529,#1039);
#677=LINE('',#4531,#1040);
#678=LINE('',#4532,#1041);
#679=LINE('',#4535,#1042);
#680=LINE('',#4537,#1043);
#681=LINE('',#4539,#1044);
#682=LINE('',#4540,#1045);
#683=LINE('',#4543,#1046);
#684=LINE('',#4545,#1047);
#685=LINE('',#4547,#1048);
#686=LINE('',#4548,#1049);
#687=LINE('',#4551,#1050);
#688=LINE('',#4553,#1051);
#689=LINE('',#4555,#1052);
#690=LINE('',#4556,#1053);
#691=LINE('',#4559,#1054);
#692=LINE('',#4561,#1055);
#693=LINE('',#4563,#1056);
#694=LINE('',#4564,#1057);
#695=LINE('',#4567,#1058);
#696=LINE('',#4569,#1059);
#697=LINE('',#4571,#1060);
#698=LINE('',#4572,#1061);
#699=LINE('',#4575,#1062);
#700=LINE('',#4577,#1063);
#701=LINE('',#4579,#1064);
#702=LINE('',#4580,#1065);
#703=LINE('',#4585,#1066);
#704=LINE('',#4587,#1067);
#705=LINE('',#4588,#1068);
#706=LINE('',#4591,#1069);
#707=LINE('',#4593,#1070);
#708=LINE('',#4594,#1071);
#709=LINE('',#4602,#1072);
#710=LINE('',#4603,#1073);
#711=LINE('',#4607,#1074);
#712=LINE('',#4608,#1075);
#713=LINE('',#4612,#1076);
#714=LINE('',#4614,#1077);
#715=LINE('',#4616,#1078);
#716=LINE('',#4617,#1079);
#717=LINE('',#4619,#1080);
#718=LINE('',#4620,#1081);
#719=LINE('',#4623,#1082);
#720=LINE('',#4625,#1083);
#721=LINE('',#4627,#1084);
#722=LINE('',#4629,#1085);
#723=LINE('',#4630,#1086);
#724=LINE('',#4635,#1087);
#725=LINE('',#4639,#1088);
#726=LINE('',#4640,#1089);
#727=LINE('',#4642,#1090);
#728=LINE('',#4643,#1091);
#729=LINE('',#4656,#1092);
#730=LINE('',#4657,#1093);
#731=LINE('',#4661,#1094);
#732=LINE('',#4664,#1095);
#733=LINE('',#4670,#1096);
#734=LINE('',#4672,#1097);
#735=LINE('',#4673,#1098);
#736=LINE('',#4677,#1099);
#737=LINE('',#4680,#1100);
#738=LINE('',#4681,#1101);
#739=LINE('',#4684,#1102);
#740=LINE('',#4685,#1103);
#741=LINE('',#4687,#1104);
#742=LINE('',#4690,#1105);
#743=LINE('',#4691,#1106);
#744=LINE('',#4701,#1107);
#745=LINE('',#4703,#1108);
#746=LINE('',#4705,#1109);
#747=LINE('',#4707,#1110);
#748=LINE('',#4709,#1111);
#749=LINE('',#4713,#1112);
#750=LINE('',#4715,#1113);
#751=LINE('',#4716,#1114);
#752=LINE('',#4719,#1115);
#753=LINE('',#4721,#1116);
#754=LINE('',#4722,#1117);
#755=LINE('',#4724,#1118);
#756=LINE('',#4726,#1119);
#757=LINE('',#4728,#1120);
#758=LINE('',#4731,#1121);
#759=LINE('',#4733,#1122);
#760=LINE('',#4735,#1123);
#761=LINE('',#4737,#1124);
#762=LINE('',#4739,#1125);
#763=LINE('',#4741,#1126);
#764=LINE('',#4742,#1127);
#765=LINE('',#4746,#1128);
#766=LINE('',#4747,#1129);
#767=LINE('',#4748,#1130);
#768=LINE('',#4751,#1131);
#769=LINE('',#4752,#1132);
#770=LINE('',#4759,#1133);
#771=LINE('',#4761,#1134);
#772=LINE('',#4763,#1135);
#773=LINE('',#4764,#1136);
#774=LINE('',#4767,#1137);
#775=LINE('',#4768,#1138);
#776=LINE('',#4770,#1139);
#777=LINE('',#4773,#1140);
#778=LINE('',#4774,#1141);
#779=LINE('',#4778,#1142);
#780=LINE('',#4779,#1143);
#781=LINE('',#4780,#1144);
#782=LINE('',#4783,#1145);
#783=LINE('',#4784,#1146);
#784=LINE('',#4787,#1147);
#785=LINE('',#4788,#1148);
#786=LINE('',#4790,#1149);
#787=LINE('',#4793,#1150);
#788=LINE('',#4797,#1151);
#789=LINE('',#4801,#1152);
#790=LINE('',#4802,#1153);
#791=LINE('',#4804,#1154);
#792=LINE('',#4837,#1155);
#793=LINE('',#4840,#1156);
#794=LINE('',#4842,#1157);
#795=LINE('',#4843,#1158);
#796=LINE('',#4846,#1159);
#797=LINE('',#4848,#1160);
#798=LINE('',#4849,#1161);
#799=LINE('',#4852,#1162);
#800=LINE('',#4853,#1163);
#801=LINE('',#4854,#1164);
#802=LINE('',#4857,#1165);
#803=LINE('',#4858,#1166);
#804=LINE('',#4859,#1167);
#805=LINE('',#4863,#1168);
#806=LINE('',#4865,#1169);
#807=LINE('',#4867,#1170);
#808=LINE('',#4868,#1171);
#809=LINE('',#4871,#1172);
#810=LINE('',#4873,#1173);
#811=LINE('',#4874,#1174);
#812=LINE('',#4878,#1175);
#813=LINE('',#4880,#1176);
#814=LINE('',#4882,#1177);
#815=LINE('',#4883,#1178);
#816=LINE('',#4886,#1179);
#817=LINE('',#4888,#1180);
#818=LINE('',#4889,#1181);
#819=LINE('',#4891,#1182);
#820=LINE('',#4893,#1183);
#821=LINE('',#4896,#1184);
#822=LINE('',#4897,#1185);
#823=LINE('',#4899,#1186);
#824=LINE('',#4901,#1187);
#825=LINE('',#4904,#1188);
#826=LINE('',#4906,#1189);
#827=LINE('',#4909,#1190);
#828=LINE('',#4910,#1191);
#829=LINE('',#4912,#1192);
#830=LINE('',#4914,#1193);
#831=LINE('',#4917,#1194);
#832=LINE('',#4919,#1195);
#833=LINE('',#4921,#1196);
#834=LINE('',#4925,#1197);
#835=LINE('',#4927,#1198);
#836=LINE('',#4929,#1199);
#837=LINE('',#4930,#1200);
#838=LINE('',#4933,#1201);
#839=LINE('',#4935,#1202);
#840=LINE('',#4937,#1203);
#841=LINE('',#4939,#1204);
#842=LINE('',#4941,#1205);
#843=LINE('',#4943,#1206);
#844=LINE('',#4945,#1207);
#845=LINE('',#4947,#1208);
#846=LINE('',#4948,#1209);
#847=LINE('',#4951,#1210);
#848=LINE('',#4953,#1211);
#849=LINE('',#4955,#1212);
#850=LINE('',#4957,#1213);
#851=LINE('',#4959,#1214);
#852=LINE('',#4961,#1215);
#853=LINE('',#4963,#1216);
#854=LINE('',#4965,#1217);
#855=LINE('',#4967,#1218);
#856=LINE('',#4969,#1219);
#857=LINE('',#4971,#1220);
#858=LINE('',#4973,#1221);
#859=LINE('',#4975,#1222);
#860=LINE('',#4977,#1223);
#861=LINE('',#4979,#1224);
#862=LINE('',#4981,#1225);
#863=LINE('',#4983,#1226);
#864=LINE('',#4985,#1227);
#865=LINE('',#4987,#1228);
#866=LINE('',#4988,#1229);
#867=LINE('',#4991,#1230);
#868=LINE('',#4993,#1231);
#869=LINE('',#4995,#1232);
#870=LINE('',#4997,#1233);
#871=LINE('',#4999,#1234);
#872=LINE('',#5001,#1235);
#873=LINE('',#5003,#1236);
#874=LINE('',#5005,#1237);
#875=LINE('',#5007,#1238);
#876=LINE('',#5009,#1239);
#877=LINE('',#5011,#1240);
#878=LINE('',#5013,#1241);
#879=LINE('',#5015,#1242);
#880=LINE('',#5017,#1243);
#881=LINE('',#5019,#1244);
#882=LINE('',#5021,#1245);
#883=LINE('',#5023,#1246);
#884=LINE('',#5025,#1247);
#885=LINE('',#5027,#1248);
#886=LINE('',#5028,#1249);
#887=LINE('',#5031,#1250);
#888=LINE('',#5033,#1251);
#889=LINE('',#5035,#1252);
#890=LINE('',#5037,#1253);
#891=LINE('',#5039,#1254);
#892=LINE('',#5041,#1255);
#893=LINE('',#5043,#1256);
#894=LINE('',#5045,#1257);
#895=LINE('',#5047,#1258);
#896=LINE('',#5049,#1259);
#897=LINE('',#5051,#1260);
#898=LINE('',#5053,#1261);
#899=LINE('',#5055,#1262);
#900=LINE('',#5057,#1263);
#901=LINE('',#5059,#1264);
#902=LINE('',#5061,#1265);
#903=LINE('',#5063,#1266);
#904=LINE('',#5065,#1267);
#905=LINE('',#5067,#1268);
#906=LINE('',#5068,#1269);
#907=LINE('',#5079,#1270);
#908=LINE('',#5080,#1271);
#909=LINE('',#5083,#1272);
#910=LINE('',#5085,#1273);
#911=LINE('',#5086,#1274);
#912=LINE('',#5089,#1275);
#913=LINE('',#5091,#1276);
#914=LINE('',#5093,#1277);
#915=LINE('',#5095,#1278);
#916=LINE('',#5096,#1279);
#917=LINE('',#5098,#1280);
#918=LINE('',#5099,#1281);
#919=LINE('',#5102,#1282);
#920=LINE('',#5104,#1283);
#921=LINE('',#5106,#1284);
#922=LINE('',#5107,#1285);
#923=LINE('',#5110,#1286);
#924=LINE('',#5112,#1287);
#925=LINE('',#5114,#1288);
#926=LINE('',#5115,#1289);
#927=LINE('',#5118,#1290);
#928=LINE('',#5120,#1291);
#929=LINE('',#5122,#1292);
#930=LINE('',#5123,#1293);
#931=LINE('',#5133,#1294);
#932=LINE('',#5136,#1295);
#933=LINE('',#5137,#1296);
#934=LINE('',#5139,#1297);
#935=LINE('',#5142,#1298);
#936=LINE('',#5144,#1299);
#937=LINE('',#5147,#1300);
#938=LINE('',#5149,#1301);
#939=LINE('',#5151,#1302);
#940=LINE('',#5152,#1303);
#941=LINE('',#5154,#1304);
#942=LINE('',#5158,#1305);
#943=LINE('',#5161,#1306);
#944=LINE('',#5163,#1307);
#945=LINE('',#5165,#1308);
#946=LINE('',#5170,#1309);
#947=LINE('',#5175,#1310);
#948=LINE('',#5216,#1311);
#949=LINE('',#5218,#1312);
#950=LINE('',#5220,#1313);
#951=LINE('',#5222,#1314);
#952=VECTOR('',#3481,10.);
#953=VECTOR('',#3482,10.);
#954=VECTOR('',#3483,10.);
#955=VECTOR('',#3484,10.);
#956=VECTOR('',#3487,10.);
#957=VECTOR('',#3488,10.);
#958=VECTOR('',#3489,10.);
#959=VECTOR('',#3490,10.);
#960=VECTOR('',#3493,10.);
#961=VECTOR('',#3494,10.);
#962=VECTOR('',#3495,10.);
#963=VECTOR('',#3496,10.);
#964=VECTOR('',#3499,10.);
#965=VECTOR('',#3500,10.);
#966=VECTOR('',#3501,10.);
#967=VECTOR('',#3504,10.);
#968=VECTOR('',#3505,10.);
#969=VECTOR('',#3506,10.);
#970=VECTOR('',#3509,10.);
#971=VECTOR('',#3510,10.);
#972=VECTOR('',#3511,10.);
#973=VECTOR('',#3514,10.);
#974=VECTOR('',#3515,10.);
#975=VECTOR('',#3516,10.);
#976=VECTOR('',#3519,10.);
#977=VECTOR('',#3520,10.);
#978=VECTOR('',#3523,10.);
#979=VECTOR('',#3524,10.);
#980=VECTOR('',#3525,10.);
#981=VECTOR('',#3526,10.);
#982=VECTOR('',#3527,10.);
#983=VECTOR('',#3528,10.);
#984=VECTOR('',#3529,10.);
#985=VECTOR('',#3530,10.);
#986=VECTOR('',#3531,10.);
#987=VECTOR('',#3532,10.);
#988=VECTOR('',#3535,10.);
#989=VECTOR('',#3536,10.);
#990=VECTOR('',#3537,10.);
#991=VECTOR('',#3538,10.);
#992=VECTOR('',#3539,10.);
#993=VECTOR('',#3540,10.);
#994=VECTOR('',#3541,10.);
#995=VECTOR('',#3542,10.);
#996=VECTOR('',#3543,10.);
#997=VECTOR('',#3544,10.);
#998=VECTOR('',#3545,10.);
#999=VECTOR('',#3546,10.);
#1000=VECTOR('',#3547,10.);
#1001=VECTOR('',#3548,10.);
#1002=VECTOR('',#3549,10.);
#1003=VECTOR('',#3550,10.);
#1004=VECTOR('',#3559,10.);
#1005=VECTOR('',#3560,10.);
#1006=VECTOR('',#3563,10.);
#1007=VECTOR('',#3564,10.);
#1008=VECTOR('',#3567,10.);
#1009=VECTOR('',#3568,10.);
#1010=VECTOR('',#3569,10.);
#1011=VECTOR('',#3570,10.);
#1012=VECTOR('',#3571,10.);
#1013=VECTOR('',#3572,10.);
#1014=VECTOR('',#3573,10.);
#1015=VECTOR('',#3574,10.);
#1016=VECTOR('',#3575,10.);
#1017=VECTOR('',#3576,10.);
#1018=VECTOR('',#3577,10.);
#1019=VECTOR('',#3578,10.);
#1020=VECTOR('',#3579,10.);
#1021=VECTOR('',#3580,10.);
#1022=VECTOR('',#3581,10.);
#1023=VECTOR('',#3586,1.5);
#1024=VECTOR('',#3593,1.5);
#1025=VECTOR('',#3600,1.5);
#1026=VECTOR('',#3607,15.);
#1027=VECTOR('',#3614,1.5);
#1028=VECTOR('',#3619,10.);
#1029=VECTOR('',#3620,10.);
#1030=VECTOR('',#3621,10.);
#1031=VECTOR('',#3624,10.);
#1032=VECTOR('',#3625,10.);
#1033=VECTOR('',#3626,10.);
#1034=VECTOR('',#3627,10.);
#1035=VECTOR('',#3630,10.);
#1036=VECTOR('',#3631,10.);
#1037=VECTOR('',#3632,10.);
#1038=VECTOR('',#3633,10.);
#1039=VECTOR('',#3634,10.);
#1040=VECTOR('',#3635,10.);
#1041=VECTOR('',#3636,10.);
#1042=VECTOR('',#3637,10.);
#1043=VECTOR('',#3638,10.);
#1044=VECTOR('',#3639,10.);
#1045=VECTOR('',#3640,10.);
#1046=VECTOR('',#3641,10.);
#1047=VECTOR('',#3642,10.);
#1048=VECTOR('',#3643,10.);
#1049=VECTOR('',#3644,10.);
#1050=VECTOR('',#3645,10.);
#1051=VECTOR('',#3646,10.);
#1052=VECTOR('',#3647,10.);
#1053=VECTOR('',#3648,10.);
#1054=VECTOR('',#3649,10.);
#1055=VECTOR('',#3650,10.);
#1056=VECTOR('',#3651,10.);
#1057=VECTOR('',#3652,10.);
#1058=VECTOR('',#3653,10.);
#1059=VECTOR('',#3654,10.);
#1060=VECTOR('',#3655,10.);
#1061=VECTOR('',#3656,10.);
#1062=VECTOR('',#3657,10.);
#1063=VECTOR('',#3658,10.);
#1064=VECTOR('',#3659,10.);
#1065=VECTOR('',#3660,10.);
#1066=VECTOR('',#3663,10.);
#1067=VECTOR('',#3664,10.);
#1068=VECTOR('',#3665,10.);
#1069=VECTOR('',#3666,10.);
#1070=VECTOR('',#3667,10.);
#1071=VECTOR('',#3668,10.);
#1072=VECTOR('',#3677,10.);
#1073=VECTOR('',#3678,10.);
#1074=VECTOR('',#3683,10.);
#1075=VECTOR('',#3684,10.);
#1076=VECTOR('',#3687,10.);
#1077=VECTOR('',#3688,10.);
#1078=VECTOR('',#3689,10.);
#1079=VECTOR('',#3690,10.);
#1080=VECTOR('',#3693,10.);
#1081=VECTOR('',#3694,10.);
#1082=VECTOR('',#3697,10.);
#1083=VECTOR('',#3698,10.);
#1084=VECTOR('',#3699,10.);
#1085=VECTOR('',#3700,10.);
#1086=VECTOR('',#3701,10.);
#1087=VECTOR('',#3706,1.75);
#1088=VECTOR('',#3711,10.);
#1089=VECTOR('',#3712,10.);
#1090=VECTOR('',#3713,10.);
#1091=VECTOR('',#3714,10.);
#1092=VECTOR('',#3727,10.);
#1093=VECTOR('',#3728,10.);
#1094=VECTOR('',#3733,10.);
#1095=VECTOR('',#3738,2.65);
#1096=VECTOR('',#3745,10.);
#1097=VECTOR('',#3746,10.);
#1098=VECTOR('',#3747,10.);
#1099=VECTOR('',#3752,4.5);
#1100=VECTOR('',#3755,10.);
#1101=VECTOR('',#3756,10.);
#1102=VECTOR('',#3759,10.);
#1103=VECTOR('',#3760,10.);
#1104=VECTOR('',#3763,10.);
#1105=VECTOR('',#3766,10.);
#1106=VECTOR('',#3767,10.);
#1107=VECTOR('',#3778,10.);
#1108=VECTOR('',#3781,11.);
#1109=VECTOR('',#3784,1.75);
#1110=VECTOR('',#3787,1.75);
#1111=VECTOR('',#3790,1.75);
#1112=VECTOR('',#3795,10.);
#1113=VECTOR('',#3796,10.);
#1114=VECTOR('',#3797,10.);
#1115=VECTOR('',#3800,10.);
#1116=VECTOR('',#3801,10.);
#1117=VECTOR('',#3802,10.);
#1118=VECTOR('',#3805,10.);
#1119=VECTOR('',#3808,10.);
#1120=VECTOR('',#3811,10.);
#1121=VECTOR('',#3814,10.);
#1122=VECTOR('',#3815,10.);
#1123=VECTOR('',#3816,10.);
#1124=VECTOR('',#3817,10.);
#1125=VECTOR('',#3818,10.);
#1126=VECTOR('',#3819,10.);
#1127=VECTOR('',#3820,10.);
#1128=VECTOR('',#3823,10.);
#1129=VECTOR('',#3824,10.);
#1130=VECTOR('',#3825,10.);
#1131=VECTOR('',#3828,10.);
#1132=VECTOR('',#3829,10.);
#1133=VECTOR('',#3834,10.);
#1134=VECTOR('',#3835,10.);
#1135=VECTOR('',#3836,10.);
#1136=VECTOR('',#3837,10.);
#1137=VECTOR('',#3840,10.);
#1138=VECTOR('',#3841,10.);
#1139=VECTOR('',#3844,10.);
#1140=VECTOR('',#3847,10.);
#1141=VECTOR('',#3848,10.);
#1142=VECTOR('',#3851,10.);
#1143=VECTOR('',#3852,10.);
#1144=VECTOR('',#3853,10.);
#1145=VECTOR('',#3856,10.);
#1146=VECTOR('',#3857,10.);
#1147=VECTOR('',#3860,10.);
#1148=VECTOR('',#3861,10.);
#1149=VECTOR('',#3864,10.);
#1150=VECTOR('',#3867,0.899999999999999);
#1151=VECTOR('',#3872,0.899999999999999);
#1152=VECTOR('',#3877,10.);
#1153=VECTOR('',#3878,10.);
#1154=VECTOR('',#3881,10.);
#1155=VECTOR('',#3946,3.6);
#1156=VECTOR('',#3949,10.);
#1157=VECTOR('',#3950,10.);
#1158=VECTOR('',#3951,10.);
#1159=VECTOR('',#3954,10.);
#1160=VECTOR('',#3955,10.);
#1161=VECTOR('',#3956,10.);
#1162=VECTOR('',#3959,10.);
#1163=VECTOR('',#3960,10.);
#1164=VECTOR('',#3961,10.);
#1165=VECTOR('',#3964,10.);
#1166=VECTOR('',#3965,10.);
#1167=VECTOR('',#3966,10.);
#1168=VECTOR('',#3969,10.);
#1169=VECTOR('',#3970,10.);
#1170=VECTOR('',#3971,10.);
#1171=VECTOR('',#3972,10.);
#1172=VECTOR('',#3975,10.);
#1173=VECTOR('',#3976,10.);
#1174=VECTOR('',#3977,10.);
#1175=VECTOR('',#3980,10.);
#1176=VECTOR('',#3981,10.);
#1177=VECTOR('',#3982,10.);
#1178=VECTOR('',#3983,10.);
#1179=VECTOR('',#3986,10.);
#1180=VECTOR('',#3987,10.);
#1181=VECTOR('',#3988,10.);
#1182=VECTOR('',#3991,10.);
#1183=VECTOR('',#3994,10.);
#1184=VECTOR('',#3999,10.);
#1185=VECTOR('',#4000,10.);
#1186=VECTOR('',#4003,10.);
#1187=VECTOR('',#4006,10.);
#1188=VECTOR('',#4011,10.);
#1189=VECTOR('',#4014,10.);
#1190=VECTOR('',#4019,10.);
#1191=VECTOR('',#4020,10.);
#1192=VECTOR('',#4023,10.);
#1193=VECTOR('',#4026,10.);
#1194=VECTOR('',#4031,1.25);
#1195=VECTOR('',#4034,2.55);
#1196=VECTOR('',#4037,1.25);
#1197=VECTOR('',#4040,10.);
#1198=VECTOR('',#4041,10.);
#1199=VECTOR('',#4042,10.);
#1200=VECTOR('',#4043,10.);
#1201=VECTOR('',#4046,10.);
#1202=VECTOR('',#4047,10.);
#1203=VECTOR('',#4048,10.);
#1204=VECTOR('',#4049,10.);
#1205=VECTOR('',#4050,10.);
#1206=VECTOR('',#4051,10.);
#1207=VECTOR('',#4052,10.);
#1208=VECTOR('',#4053,10.);
#1209=VECTOR('',#4054,10.);
#1210=VECTOR('',#4055,10.);
#1211=VECTOR('',#4056,10.);
#1212=VECTOR('',#4057,10.);
#1213=VECTOR('',#4058,10.);
#1214=VECTOR('',#4059,10.);
#1215=VECTOR('',#4060,10.);
#1216=VECTOR('',#4061,10.);
#1217=VECTOR('',#4062,10.);
#1218=VECTOR('',#4063,10.);
#1219=VECTOR('',#4064,10.);
#1220=VECTOR('',#4065,10.);
#1221=VECTOR('',#4066,10.);
#1222=VECTOR('',#4067,10.);
#1223=VECTOR('',#4068,10.);
#1224=VECTOR('',#4069,10.);
#1225=VECTOR('',#4070,10.);
#1226=VECTOR('',#4071,10.);
#1227=VECTOR('',#4072,10.);
#1228=VECTOR('',#4073,10.);
#1229=VECTOR('',#4074,10.);
#1230=VECTOR('',#4075,10.);
#1231=VECTOR('',#4076,10.);
#1232=VECTOR('',#4077,10.);
#1233=VECTOR('',#4078,10.);
#1234=VECTOR('',#4079,10.);
#1235=VECTOR('',#4080,10.);
#1236=VECTOR('',#4081,10.);
#1237=VECTOR('',#4082,10.);
#1238=VECTOR('',#4083,10.);
#1239=VECTOR('',#4084,10.);
#1240=VECTOR('',#4085,10.);
#1241=VECTOR('',#4086,10.);
#1242=VECTOR('',#4087,10.);
#1243=VECTOR('',#4088,10.);
#1244=VECTOR('',#4089,10.);
#1245=VECTOR('',#4090,10.);
#1246=VECTOR('',#4091,10.);
#1247=VECTOR('',#4092,10.);
#1248=VECTOR('',#4093,10.);
#1249=VECTOR('',#4094,10.);
#1250=VECTOR('',#4095,10.);
#1251=VECTOR('',#4096,10.);
#1252=VECTOR('',#4097,10.);
#1253=VECTOR('',#4098,10.);
#1254=VECTOR('',#4099,10.);
#1255=VECTOR('',#4100,10.);
#1256=VECTOR('',#4101,10.);
#1257=VECTOR('',#4102,10.);
#1258=VECTOR('',#4103,10.);
#1259=VECTOR('',#4104,10.);
#1260=VECTOR('',#4105,10.);
#1261=VECTOR('',#4106,10.);
#1262=VECTOR('',#4107,10.);
#1263=VECTOR('',#4108,10.);
#1264=VECTOR('',#4109,10.);
#1265=VECTOR('',#4110,10.);
#1266=VECTOR('',#4111,10.);
#1267=VECTOR('',#4112,10.);
#1268=VECTOR('',#4113,10.);
#1269=VECTOR('',#4114,10.);
#1270=VECTOR('',#4125,10.);
#1271=VECTOR('',#4126,10.);
#1272=VECTOR('',#4129,10.);
#1273=VECTOR('',#4130,10.);
#1274=VECTOR('',#4131,10.);
#1275=VECTOR('',#4134,10.);
#1276=VECTOR('',#4135,10.);
#1277=VECTOR('',#4136,10.);
#1278=VECTOR('',#4137,10.);
#1279=VECTOR('',#4138,10.);
#1280=VECTOR('',#4139,10.);
#1281=VECTOR('',#4140,10.);
#1282=VECTOR('',#4141,10.);
#1283=VECTOR('',#4142,10.);
#1284=VECTOR('',#4143,10.);
#1285=VECTOR('',#4144,10.);
#1286=VECTOR('',#4145,10.);
#1287=VECTOR('',#4146,10.);
#1288=VECTOR('',#4147,10.);
#1289=VECTOR('',#4148,10.);
#1290=VECTOR('',#4149,10.);
#1291=VECTOR('',#4150,10.);
#1292=VECTOR('',#4151,10.);
#1293=VECTOR('',#4152,10.);
#1294=VECTOR('',#4163,10.);
#1295=VECTOR('',#4168,10.);
#1296=VECTOR('',#4169,10.);
#1297=VECTOR('',#4172,10.);
#1298=VECTOR('',#4177,10.);
#1299=VECTOR('',#4180,10.);
#1300=VECTOR('',#4185,10.);
#1301=VECTOR('',#4188,10.);
#1302=VECTOR('',#4191,10.);
#1303=VECTOR('',#4192,10.);
#1304=VECTOR('',#4195,10.);
#1305=VECTOR('',#4202,10.);
#1306=VECTOR('',#4207,10.);
#1307=VECTOR('',#4210,10.);
#1308=VECTOR('',#4213,10.);
#1309=VECTOR('',#4222,10.);
#1310=VECTOR('',#4231,10.);
#1311=VECTOR('',#4312,1.25);
#1312=VECTOR('',#4315,1.25);
#1313=VECTOR('',#4318,3.6);
#1314=VECTOR('',#4321,2.55);
#1315=VERTEX_POINT('',#4326);
#1316=VERTEX_POINT('',#4327);
#1317=VERTEX_POINT('',#4329);
#1318=VERTEX_POINT('',#4331);
#1319=VERTEX_POINT('',#4335);
#1320=VERTEX_POINT('',#4336);
#1321=VERTEX_POINT('',#4338);
#1322=VERTEX_POINT('',#4340);
#1323=VERTEX_POINT('',#4344);
#1324=VERTEX_POINT('',#4346);
#1325=VERTEX_POINT('',#4348);
#1326=VERTEX_POINT('',#4352);
#1327=VERTEX_POINT('',#4354);
#1328=VERTEX_POINT('',#4358);
#1329=VERTEX_POINT('',#4360);
#1330=VERTEX_POINT('',#4364);
#1331=VERTEX_POINT('',#4366);
#1332=VERTEX_POINT('',#4370);
#1333=VERTEX_POINT('',#4371);
#1334=VERTEX_POINT('',#4379);
#1335=VERTEX_POINT('',#4381);
#1336=VERTEX_POINT('',#4383);
#1337=VERTEX_POINT('',#4385);
#1338=VERTEX_POINT('',#4387);
#1339=VERTEX_POINT('',#4389);
#1340=VERTEX_POINT('',#4391);
#1341=VERTEX_POINT('',#4393);
#1342=VERTEX_POINT('',#4397);
#1343=VERTEX_POINT('',#4399);
#1344=VERTEX_POINT('',#4400);
#1345=VERTEX_POINT('',#4402);
#1346=VERTEX_POINT('',#4404);
#1347=VERTEX_POINT('',#4407);
#1348=VERTEX_POINT('',#4408);
#1349=VERTEX_POINT('',#4410);
#1350=VERTEX_POINT('',#4412);
#1351=VERTEX_POINT('',#4415);
#1352=VERTEX_POINT('',#4416);
#1353=VERTEX_POINT('',#4418);
#1354=VERTEX_POINT('',#4420);
#1355=VERTEX_POINT('',#4423);
#1356=VERTEX_POINT('',#4424);
#1357=VERTEX_POINT('',#4426);
#1358=VERTEX_POINT('',#4428);
#1359=VERTEX_POINT('',#4431);
#1360=VERTEX_POINT('',#4433);
#1361=VERTEX_POINT('',#4435);
#1362=VERTEX_POINT('',#4438);
#1363=VERTEX_POINT('',#4442);
#1364=VERTEX_POINT('',#4446);
#1365=VERTEX_POINT('',#4448);
#1366=VERTEX_POINT('',#4450);
#1367=VERTEX_POINT('',#4452);
#1368=VERTEX_POINT('',#4454);
#1369=VERTEX_POINT('',#4456);
#1370=VERTEX_POINT('',#4458);
#1371=VERTEX_POINT('',#4460);
#1372=VERTEX_POINT('',#4463);
#1373=VERTEX_POINT('',#4464);
#1374=VERTEX_POINT('',#4466);
#1375=VERTEX_POINT('',#4468);
#1376=VERTEX_POINT('',#4470);
#1377=VERTEX_POINT('',#4472);
#1378=VERTEX_POINT('',#4476);
#1379=VERTEX_POINT('',#4478);
#1380=VERTEX_POINT('',#4482);
#1381=VERTEX_POINT('',#4484);
#1382=VERTEX_POINT('',#4488);
#1383=VERTEX_POINT('',#4490);
#1384=VERTEX_POINT('',#4494);
#1385=VERTEX_POINT('',#4496);
#1386=VERTEX_POINT('',#4500);
#1387=VERTEX_POINT('',#4502);
#1388=VERTEX_POINT('',#4506);
#1389=VERTEX_POINT('',#4508);
#1390=VERTEX_POINT('',#4512);
#1391=VERTEX_POINT('',#4513);
#1392=VERTEX_POINT('',#4516);
#1393=VERTEX_POINT('',#4520);
#1394=VERTEX_POINT('',#4522);
#1395=VERTEX_POINT('',#4524);
#1396=VERTEX_POINT('',#4526);
#1397=VERTEX_POINT('',#4528);
#1398=VERTEX_POINT('',#4530);
#1399=VERTEX_POINT('',#4533);
#1400=VERTEX_POINT('',#4534);
#1401=VERTEX_POINT('',#4536);
#1402=VERTEX_POINT('',#4538);
#1403=VERTEX_POINT('',#4541);
#1404=VERTEX_POINT('',#4542);
#1405=VERTEX_POINT('',#4544);
#1406=VERTEX_POINT('',#4546);
#1407=VERTEX_POINT('',#4549);
#1408=VERTEX_POINT('',#4550);
#1409=VERTEX_POINT('',#4552);
#1410=VERTEX_POINT('',#4554);
#1411=VERTEX_POINT('',#4557);
#1412=VERTEX_POINT('',#4558);
#1413=VERTEX_POINT('',#4560);
#1414=VERTEX_POINT('',#4562);
#1415=VERTEX_POINT('',#4565);
#1416=VERTEX_POINT('',#4566);
#1417=VERTEX_POINT('',#4568);
#1418=VERTEX_POINT('',#4570);
#1419=VERTEX_POINT('',#4573);
#1420=VERTEX_POINT('',#4574);
#1421=VERTEX_POINT('',#4576);
#1422=VERTEX_POINT('',#4578);
#1423=VERTEX_POINT('',#4581);
#1424=VERTEX_POINT('',#4583);
#1425=VERTEX_POINT('',#4584);
#1426=VERTEX_POINT('',#4586);
#1427=VERTEX_POINT('',#4589);
#1428=VERTEX_POINT('',#4590);
#1429=VERTEX_POINT('',#4592);
#1430=VERTEX_POINT('',#4595);
#1431=VERTEX_POINT('',#4597);
#1432=VERTEX_POINT('',#4599);
#1433=VERTEX_POINT('',#4606);
#1434=VERTEX_POINT('',#4610);
#1435=VERTEX_POINT('',#4611);
#1436=VERTEX_POINT('',#4613);
#1437=VERTEX_POINT('',#4615);
#1438=VERTEX_POINT('',#4622);
#1439=VERTEX_POINT('',#4624);
#1440=VERTEX_POINT('',#4626);
#1441=VERTEX_POINT('',#4628);
#1442=VERTEX_POINT('',#4632);
#1443=VERTEX_POINT('',#4634);
#1444=VERTEX_POINT('',#4638);
#1445=VERTEX_POINT('',#4641);
#1446=VERTEX_POINT('',#4644);
#1447=VERTEX_POINT('',#4646);
#1448=VERTEX_POINT('',#4648);
#1449=VERTEX_POINT('',#4650);
#1450=VERTEX_POINT('',#4652);
#1451=VERTEX_POINT('',#4655);
#1452=VERTEX_POINT('',#4658);
#1453=VERTEX_POINT('',#4666);
#1454=VERTEX_POINT('',#4669);
#1455=VERTEX_POINT('',#4671);
#1456=VERTEX_POINT('',#4674);
#1457=VERTEX_POINT('',#4679);
#1458=VERTEX_POINT('',#4683);
#1459=VERTEX_POINT('',#4689);
#1460=VERTEX_POINT('',#4692);
#1461=VERTEX_POINT('',#4694);
#1462=VERTEX_POINT('',#4696);
#1463=VERTEX_POINT('',#4698);
#1464=VERTEX_POINT('',#4712);
#1465=VERTEX_POINT('',#4714);
#1466=VERTEX_POINT('',#4718);
#1467=VERTEX_POINT('',#4720);
#1468=VERTEX_POINT('',#4730);
#1469=VERTEX_POINT('',#4732);
#1470=VERTEX_POINT('',#4734);
#1471=VERTEX_POINT('',#4736);
#1472=VERTEX_POINT('',#4738);
#1473=VERTEX_POINT('',#4740);
#1474=VERTEX_POINT('',#4744);
#1475=VERTEX_POINT('',#4745);
#1476=VERTEX_POINT('',#4750);
#1477=VERTEX_POINT('',#4753);
#1478=VERTEX_POINT('',#4755);
#1479=VERTEX_POINT('',#4757);
#1480=VERTEX_POINT('',#4758);
#1481=VERTEX_POINT('',#4760);
#1482=VERTEX_POINT('',#4762);
#1483=VERTEX_POINT('',#4766);
#1484=VERTEX_POINT('',#4772);
#1485=VERTEX_POINT('',#4776);
#1486=VERTEX_POINT('',#4777);
#1487=VERTEX_POINT('',#4782);
#1488=VERTEX_POINT('',#4786);
#1489=VERTEX_POINT('',#4792);
#1490=VERTEX_POINT('',#4796);
#1491=VERTEX_POINT('',#4800);
#1492=VERTEX_POINT('',#4839);
#1493=VERTEX_POINT('',#4841);
#1494=VERTEX_POINT('',#4845);
#1495=VERTEX_POINT('',#4847);
#1496=VERTEX_POINT('',#4851);
#1497=VERTEX_POINT('',#4856);
#1498=VERTEX_POINT('',#4861);
#1499=VERTEX_POINT('',#4862);
#1500=VERTEX_POINT('',#4864);
#1501=VERTEX_POINT('',#4866);
#1502=VERTEX_POINT('',#4870);
#1503=VERTEX_POINT('',#4872);
#1504=VERTEX_POINT('',#4876);
#1505=VERTEX_POINT('',#4877);
#1506=VERTEX_POINT('',#4879);
#1507=VERTEX_POINT('',#4881);
#1508=VERTEX_POINT('',#4885);
#1509=VERTEX_POINT('',#4887);
#1510=VERTEX_POINT('',#4923);
#1511=VERTEX_POINT('',#4924);
#1512=VERTEX_POINT('',#4926);
#1513=VERTEX_POINT('',#4928);
#1514=VERTEX_POINT('',#4932);
#1515=VERTEX_POINT('',#4934);
#1516=VERTEX_POINT('',#4936);
#1517=VERTEX_POINT('',#4938);
#1518=VERTEX_POINT('',#4940);
#1519=VERTEX_POINT('',#4942);
#1520=VERTEX_POINT('',#4944);
#1521=VERTEX_POINT('',#4946);
#1522=VERTEX_POINT('',#4949);
#1523=VERTEX_POINT('',#4950);
#1524=VERTEX_POINT('',#4952);
#1525=VERTEX_POINT('',#4954);
#1526=VERTEX_POINT('',#4956);
#1527=VERTEX_POINT('',#4958);
#1528=VERTEX_POINT('',#4960);
#1529=VERTEX_POINT('',#4962);
#1530=VERTEX_POINT('',#4964);
#1531=VERTEX_POINT('',#4966);
#1532=VERTEX_POINT('',#4968);
#1533=VERTEX_POINT('',#4970);
#1534=VERTEX_POINT('',#4972);
#1535=VERTEX_POINT('',#4974);
#1536=VERTEX_POINT('',#4976);
#1537=VERTEX_POINT('',#4978);
#1538=VERTEX_POINT('',#4980);
#1539=VERTEX_POINT('',#4982);
#1540=VERTEX_POINT('',#4984);
#1541=VERTEX_POINT('',#4986);
#1542=VERTEX_POINT('',#4989);
#1543=VERTEX_POINT('',#4990);
#1544=VERTEX_POINT('',#4992);
#1545=VERTEX_POINT('',#4994);
#1546=VERTEX_POINT('',#4996);
#1547=VERTEX_POINT('',#4998);
#1548=VERTEX_POINT('',#5000);
#1549=VERTEX_POINT('',#5002);
#1550=VERTEX_POINT('',#5004);
#1551=VERTEX_POINT('',#5006);
#1552=VERTEX_POINT('',#5008);
#1553=VERTEX_POINT('',#5010);
#1554=VERTEX_POINT('',#5012);
#1555=VERTEX_POINT('',#5014);
#1556=VERTEX_POINT('',#5016);
#1557=VERTEX_POINT('',#5018);
#1558=VERTEX_POINT('',#5020);
#1559=VERTEX_POINT('',#5022);
#1560=VERTEX_POINT('',#5024);
#1561=VERTEX_POINT('',#5026);
#1562=VERTEX_POINT('',#5029);
#1563=VERTEX_POINT('',#5030);
#1564=VERTEX_POINT('',#5032);
#1565=VERTEX_POINT('',#5034);
#1566=VERTEX_POINT('',#5036);
#1567=VERTEX_POINT('',#5038);
#1568=VERTEX_POINT('',#5040);
#1569=VERTEX_POINT('',#5042);
#1570=VERTEX_POINT('',#5044);
#1571=VERTEX_POINT('',#5046);
#1572=VERTEX_POINT('',#5048);
#1573=VERTEX_POINT('',#5050);
#1574=VERTEX_POINT('',#5052);
#1575=VERTEX_POINT('',#5054);
#1576=VERTEX_POINT('',#5056);
#1577=VERTEX_POINT('',#5058);
#1578=VERTEX_POINT('',#5060);
#1579=VERTEX_POINT('',#5062);
#1580=VERTEX_POINT('',#5064);
#1581=VERTEX_POINT('',#5066);
#1582=VERTEX_POINT('',#5069);
#1583=VERTEX_POINT('',#5071);
#1584=VERTEX_POINT('',#5073);
#1585=VERTEX_POINT('',#5075);
#1586=VERTEX_POINT('',#5078);
#1587=VERTEX_POINT('',#5082);
#1588=VERTEX_POINT('',#5084);
#1589=VERTEX_POINT('',#5088);
#1590=VERTEX_POINT('',#5090);
#1591=VERTEX_POINT('',#5092);
#1592=VERTEX_POINT('',#5094);
#1593=VERTEX_POINT('',#5097);
#1594=VERTEX_POINT('',#5100);
#1595=VERTEX_POINT('',#5101);
#1596=VERTEX_POINT('',#5103);
#1597=VERTEX_POINT('',#5105);
#1598=VERTEX_POINT('',#5108);
#1599=VERTEX_POINT('',#5109);
#1600=VERTEX_POINT('',#5111);
#1601=VERTEX_POINT('',#5113);
#1602=VERTEX_POINT('',#5116);
#1603=VERTEX_POINT('',#5117);
#1604=VERTEX_POINT('',#5119);
#1605=VERTEX_POINT('',#5121);
#1606=VERTEX_POINT('',#5124);
#1607=VERTEX_POINT('',#5126);
#1608=VERTEX_POINT('',#5128);
#1609=VERTEX_POINT('',#5130);
#1610=EDGE_CURVE('',#1315,#1316,#589,.T.);
#1611=EDGE_CURVE('',#1317,#1316,#590,.T.);
#1612=EDGE_CURVE('',#1318,#1317,#591,.T.);
#1613=EDGE_CURVE('',#1318,#1315,#592,.T.);
#1614=EDGE_CURVE('',#1319,#1320,#593,.T.);
#1615=EDGE_CURVE('',#1321,#1319,#594,.T.);
#1616=EDGE_CURVE('',#1322,#1321,#595,.T.);
#1617=EDGE_CURVE('',#1322,#1320,#596,.T.);
#1618=EDGE_CURVE('',#1317,#1323,#597,.T.);
#1619=EDGE_CURVE('',#1323,#1324,#598,.T.);
#1620=EDGE_CURVE('',#1324,#1325,#599,.T.);
#1621=EDGE_CURVE('',#1325,#1317,#600,.T.);
#1622=EDGE_CURVE('',#1326,#1322,#601,.T.);
#1623=EDGE_CURVE('',#1327,#1326,#602,.T.);
#1624=EDGE_CURVE('',#1320,#1327,#603,.T.);
#1625=EDGE_CURVE('',#1328,#1315,#604,.T.);
#1626=EDGE_CURVE('',#1329,#1328,#605,.T.);
#1627=EDGE_CURVE('',#1316,#1329,#606,.T.);
#1628=EDGE_CURVE('',#1330,#1328,#607,.T.);
#1629=EDGE_CURVE('',#1331,#1330,#608,.T.);
#1630=EDGE_CURVE('',#1331,#1329,#609,.T.);
#1631=EDGE_CURVE('',#1332,#1333,#610,.T.);
#1632=EDGE_CURVE('',#1332,#1327,#611,.T.);
#1633=EDGE_CURVE('',#1333,#1326,#612,.T.);
#1634=EDGE_CURVE('',#1333,#1331,#613,.T.);
#1635=EDGE_CURVE('',#1323,#1321,#614,.T.);
#1636=EDGE_CURVE('',#1334,#1325,#615,.T.);
#1637=EDGE_CURVE('',#1335,#1334,#616,.T.);
#1638=EDGE_CURVE('',#1335,#1336,#617,.T.);
#1639=EDGE_CURVE('',#1337,#1336,#618,.T.);
#1640=EDGE_CURVE('',#1338,#1337,#619,.T.);
#1641=EDGE_CURVE('',#1339,#1338,#620,.T.);
#1642=EDGE_CURVE('',#1339,#1340,#621,.T.);
#1643=EDGE_CURVE('',#1340,#1341,#622,.T.);
#1644=EDGE_CURVE('',#1341,#1332,#623,.T.);
#1645=EDGE_CURVE('',#1330,#1318,#624,.T.);
#1646=EDGE_CURVE('',#1342,#1342,#122,.T.);
#1647=EDGE_CURVE('',#1343,#1344,#625,.T.);
#1648=EDGE_CURVE('',#1344,#1345,#626,.T.);
#1649=EDGE_CURVE('',#1345,#1346,#627,.T.);
#1650=EDGE_CURVE('',#1346,#1343,#628,.T.);
#1651=EDGE_CURVE('',#1347,#1348,#629,.T.);
#1652=EDGE_CURVE('',#1348,#1349,#630,.T.);
#1653=EDGE_CURVE('',#1349,#1350,#631,.T.);
#1654=EDGE_CURVE('',#1350,#1347,#632,.T.);
#1655=EDGE_CURVE('',#1351,#1352,#633,.T.);
#1656=EDGE_CURVE('',#1352,#1353,#634,.T.);
#1657=EDGE_CURVE('',#1353,#1354,#635,.T.);
#1658=EDGE_CURVE('',#1354,#1351,#636,.T.);
#1659=EDGE_CURVE('',#1355,#1356,#637,.T.);
#1660=EDGE_CURVE('',#1356,#1357,#638,.T.);
#1661=EDGE_CURVE('',#1357,#1358,#639,.T.);
#1662=EDGE_CURVE('',#1358,#1355,#640,.T.);
#1663=EDGE_CURVE('',#1359,#1359,#123,.T.);
#1664=EDGE_CURVE('',#1360,#1360,#124,.T.);
#1665=EDGE_CURVE('',#1361,#1361,#125,.T.);
#1666=EDGE_CURVE('',#1334,#1362,#641,.T.);
#1667=EDGE_CURVE('',#1362,#1324,#642,.T.);
#1668=EDGE_CURVE('',#1362,#1363,#643,.T.);
#1669=EDGE_CURVE('',#1363,#1319,#644,.T.);
#1670=EDGE_CURVE('',#1363,#1364,#645,.T.);
#1671=EDGE_CURVE('',#1365,#1364,#646,.T.);
#1672=EDGE_CURVE('',#1366,#1365,#647,.T.);
#1673=EDGE_CURVE('',#1367,#1366,#648,.T.);
#1674=EDGE_CURVE('',#1368,#1367,#649,.T.);
#1675=EDGE_CURVE('',#1368,#1369,#650,.T.);
#1676=EDGE_CURVE('',#1369,#1370,#651,.T.);
#1677=EDGE_CURVE('',#1370,#1371,#652,.T.);
#1678=EDGE_CURVE('',#1371,#1335,#653,.T.);
#1679=EDGE_CURVE('',#1372,#1373,#654,.T.);
#1680=EDGE_CURVE('',#1373,#1374,#655,.T.);
#1681=EDGE_CURVE('',#1374,#1375,#656,.T.);
#1682=EDGE_CURVE('',#1376,#1375,#657,.T.);
#1683=EDGE_CURVE('',#1376,#1377,#658,.T.);
#1684=EDGE_CURVE('',#1377,#1372,#659,.T.);
#1685=EDGE_CURVE('',#1378,#1378,#126,.T.);
#1686=EDGE_CURVE('',#1378,#1379,#660,.T.);
#1687=EDGE_CURVE('',#1379,#1379,#127,.T.);
#1688=EDGE_CURVE('',#1380,#1380,#128,.T.);
#1689=EDGE_CURVE('',#1380,#1381,#661,.T.);
#1690=EDGE_CURVE('',#1381,#1381,#129,.T.);
#1691=EDGE_CURVE('',#1382,#1382,#130,.T.);
#1692=EDGE_CURVE('',#1382,#1383,#662,.T.);
#1693=EDGE_CURVE('',#1383,#1383,#131,.T.);
#1694=EDGE_CURVE('',#1384,#1384,#132,.T.);
#1695=EDGE_CURVE('',#1384,#1385,#663,.T.);
#1696=EDGE_CURVE('',#1385,#1385,#133,.T.);
#1697=EDGE_CURVE('',#1386,#1386,#134,.T.);
#1698=EDGE_CURVE('',#1386,#1387,#664,.T.);
#1699=EDGE_CURVE('',#1387,#1387,#135,.T.);
#1700=EDGE_CURVE('',#1364,#1388,#665,.T.);
#1701=EDGE_CURVE('',#1388,#1389,#666,.T.);
#1702=EDGE_CURVE('',#1389,#1365,#667,.T.);
#1703=EDGE_CURVE('',#1390,#1391,#668,.T.);
#1704=EDGE_CURVE('',#1366,#1390,#669,.T.);
#1705=EDGE_CURVE('',#1389,#1392,#670,.T.);
#1706=EDGE_CURVE('',#1391,#1392,#671,.T.);
#1707=EDGE_CURVE('',#1393,#1392,#672,.T.);
#1708=EDGE_CURVE('',#1394,#1393,#673,.T.);
#1709=EDGE_CURVE('',#1394,#1395,#674,.T.);
#1710=EDGE_CURVE('',#1395,#1396,#675,.T.);
#1711=EDGE_CURVE('',#1396,#1397,#676,.T.);
#1712=EDGE_CURVE('',#1397,#1398,#677,.T.);
#1713=EDGE_CURVE('',#1398,#1391,#678,.T.);
#1714=EDGE_CURVE('',#1399,#1400,#679,.T.);
#1715=EDGE_CURVE('',#1400,#1401,#680,.T.);
#1716=EDGE_CURVE('',#1401,#1402,#681,.T.);
#1717=EDGE_CURVE('',#1402,#1399,#682,.T.);
#1718=EDGE_CURVE('',#1403,#1404,#683,.T.);
#1719=EDGE_CURVE('',#1404,#1405,#684,.T.);
#1720=EDGE_CURVE('',#1405,#1406,#685,.T.);
#1721=EDGE_CURVE('',#1406,#1403,#686,.T.);
#1722=EDGE_CURVE('',#1407,#1408,#687,.T.);
#1723=EDGE_CURVE('',#1408,#1409,#688,.T.);
#1724=EDGE_CURVE('',#1409,#1410,#689,.T.);
#1725=EDGE_CURVE('',#1410,#1407,#690,.T.);
#1726=EDGE_CURVE('',#1411,#1412,#691,.T.);
#1727=EDGE_CURVE('',#1412,#1413,#692,.T.);
#1728=EDGE_CURVE('',#1413,#1414,#693,.T.);
#1729=EDGE_CURVE('',#1414,#1411,#694,.T.);
#1730=EDGE_CURVE('',#1415,#1416,#695,.T.);
#1731=EDGE_CURVE('',#1416,#1417,#696,.T.);
#1732=EDGE_CURVE('',#1417,#1418,#697,.T.);
#1733=EDGE_CURVE('',#1418,#1415,#698,.T.);
#1734=EDGE_CURVE('',#1419,#1420,#699,.T.);
#1735=EDGE_CURVE('',#1420,#1421,#700,.T.);
#1736=EDGE_CURVE('',#1421,#1422,#701,.T.);
#1737=EDGE_CURVE('',#1422,#1419,#702,.T.);
#1738=EDGE_CURVE('',#1423,#1423,#136,.T.);
#1739=EDGE_CURVE('',#1424,#1425,#703,.T.);
#1740=EDGE_CURVE('',#1425,#1426,#704,.T.);
#1741=EDGE_CURVE('',#1426,#1424,#705,.T.);
#1742=EDGE_CURVE('',#1427,#1428,#706,.T.);
#1743=EDGE_CURVE('',#1428,#1429,#707,.T.);
#1744=EDGE_CURVE('',#1429,#1427,#708,.T.);
#1745=EDGE_CURVE('',#1430,#1430,#137,.T.);
#1746=EDGE_CURVE('',#1431,#1431,#138,.T.);
#1747=EDGE_CURVE('',#1432,#1432,#139,.T.);
#1748=EDGE_CURVE('',#1341,#1388,#709,.T.);
#1749=EDGE_CURVE('',#1393,#1340,#710,.T.);
#1750=EDGE_CURVE('',#1398,#1433,#711,.T.);
#1751=EDGE_CURVE('',#1433,#1390,#712,.T.);
#1752=EDGE_CURVE('',#1434,#1435,#713,.T.);
#1753=EDGE_CURVE('',#1436,#1435,#714,.T.);
#1754=EDGE_CURVE('',#1437,#1436,#715,.T.);
#1755=EDGE_CURVE('',#1437,#1434,#716,.T.);
#1756=EDGE_CURVE('',#1375,#1434,#717,.T.);
#1757=EDGE_CURVE('',#1376,#1437,#718,.T.);
#1758=EDGE_CURVE('',#1438,#1435,#719,.T.);
#1759=EDGE_CURVE('',#1439,#1438,#720,.T.);
#1760=EDGE_CURVE('',#1439,#1440,#721,.T.);
#1761=EDGE_CURVE('',#1441,#1440,#722,.T.);
#1762=EDGE_CURVE('',#1441,#1436,#723,.T.);
#1763=EDGE_CURVE('',#1442,#1442,#140,.T.);
#1764=EDGE_CURVE('',#1442,#1443,#724,.T.);
#1765=EDGE_CURVE('',#1443,#1443,#141,.T.);
#1766=EDGE_CURVE('',#1444,#1372,#725,.T.);
#1767=EDGE_CURVE('',#1440,#1444,#726,.T.);
#1768=EDGE_CURVE('',#1439,#1445,#727,.T.);
#1769=EDGE_CURVE('',#1445,#1373,#728,.T.);
#1770=EDGE_CURVE('',#1446,#1446,#142,.T.);
#1771=EDGE_CURVE('',#1447,#1447,#143,.T.);
#1772=EDGE_CURVE('',#1448,#1448,#144,.T.);
#1773=EDGE_CURVE('',#1449,#1449,#145,.T.);
#1774=EDGE_CURVE('',#1450,#1450,#146,.T.);
#1775=EDGE_CURVE('',#1451,#1441,#729,.T.);
#1776=EDGE_CURVE('',#1377,#1451,#730,.T.);
#1777=EDGE_CURVE('',#1452,#1452,#147,.T.);
#1778=EDGE_CURVE('',#1451,#1444,#731,.T.);
#1779=EDGE_CURVE('',#1446,#1452,#732,.T.);
#1780=EDGE_CURVE('',#1453,#1453,#148,.T.);
#1781=EDGE_CURVE('',#1369,#1454,#733,.T.);
#1782=EDGE_CURVE('',#1454,#1455,#734,.T.);
#1783=EDGE_CURVE('',#1455,#1370,#735,.T.);
#1784=EDGE_CURVE('',#1456,#1456,#149,.T.);
#1785=EDGE_CURVE('',#1453,#1456,#736,.T.);
#1786=EDGE_CURVE('',#1457,#1368,#737,.T.);
#1787=EDGE_CURVE('',#1454,#1457,#738,.T.);
#1788=EDGE_CURVE('',#1458,#1457,#739,.T.);
#1789=EDGE_CURVE('',#1455,#1458,#740,.T.);
#1790=EDGE_CURVE('',#1458,#1367,#741,.T.);
#1791=EDGE_CURVE('',#1374,#1459,#742,.T.);
#1792=EDGE_CURVE('',#1459,#1438,#743,.T.);
#1793=EDGE_CURVE('',#1460,#1460,#150,.T.);
#1794=EDGE_CURVE('',#1461,#1461,#151,.T.);
#1795=EDGE_CURVE('',#1462,#1462,#152,.T.);
#1796=EDGE_CURVE('',#1463,#1463,#153,.T.);
#1797=EDGE_CURVE('',#1459,#1445,#744,.T.);
#1798=EDGE_CURVE('',#1448,#1461,#745,.T.);
#1799=EDGE_CURVE('',#1449,#1462,#746,.T.);
#1800=EDGE_CURVE('',#1450,#1463,#747,.T.);
#1801=EDGE_CURVE('',#1447,#1460,#748,.T.);
#1802=EDGE_CURVE('',#1464,#1396,#749,.T.);
#1803=EDGE_CURVE('',#1465,#1464,#750,.T.);
#1804=EDGE_CURVE('',#1397,#1465,#751,.T.);
#1805=EDGE_CURVE('',#1394,#1466,#752,.T.);
#1806=EDGE_CURVE('',#1467,#1466,#753,.T.);
#1807=EDGE_CURVE('',#1395,#1467,#754,.T.);
#1808=EDGE_CURVE('',#1467,#1464,#755,.T.);
#1809=EDGE_CURVE('',#1433,#1465,#756,.T.);
#1810=EDGE_CURVE('',#1466,#1371,#757,.T.);
#1811=EDGE_CURVE('',#1339,#1468,#758,.T.);
#1812=EDGE_CURVE('',#1468,#1469,#759,.T.);
#1813=EDGE_CURVE('',#1469,#1470,#760,.T.);
#1814=EDGE_CURVE('',#1470,#1471,#761,.T.);
#1815=EDGE_CURVE('',#1471,#1472,#762,.T.);
#1816=EDGE_CURVE('',#1472,#1473,#763,.T.);
#1817=EDGE_CURVE('',#1473,#1336,#764,.T.);
#1818=EDGE_CURVE('',#1474,#1475,#765,.T.);
#1819=EDGE_CURVE('',#1472,#1474,#766,.T.);
#1820=EDGE_CURVE('',#1475,#1471,#767,.T.);
#1821=EDGE_CURVE('',#1470,#1476,#768,.T.);
#1822=EDGE_CURVE('',#1476,#1475,#769,.T.);
#1823=EDGE_CURVE('',#1477,#1477,#154,.T.);
#1824=EDGE_CURVE('',#1478,#1478,#155,.T.);
#1825=EDGE_CURVE('',#1479,#1480,#770,.T.);
#1826=EDGE_CURVE('',#1480,#1481,#771,.T.);
#1827=EDGE_CURVE('',#1481,#1482,#772,.T.);
#1828=EDGE_CURVE('',#1482,#1479,#773,.T.);
#1829=EDGE_CURVE('',#1483,#1474,#774,.T.);
#1830=EDGE_CURVE('',#1483,#1473,#775,.T.);
#1831=EDGE_CURVE('',#1476,#1483,#776,.T.);
#1832=EDGE_CURVE('',#1469,#1484,#777,.T.);
#1833=EDGE_CURVE('',#1484,#1337,#778,.T.);
#1834=EDGE_CURVE('',#1485,#1486,#779,.T.);
#1835=EDGE_CURVE('',#1486,#1479,#780,.T.);
#1836=EDGE_CURVE('',#1485,#1482,#781,.T.);
#1837=EDGE_CURVE('',#1487,#1485,#782,.T.);
#1838=EDGE_CURVE('',#1487,#1481,#783,.T.);
#1839=EDGE_CURVE('',#1488,#1487,#784,.T.);
#1840=EDGE_CURVE('',#1488,#1480,#785,.T.);
#1841=EDGE_CURVE('',#1486,#1488,#786,.T.);
#1842=EDGE_CURVE('',#1478,#1489,#787,.T.);
#1843=EDGE_CURVE('',#1489,#1489,#156,.T.);
#1844=EDGE_CURVE('',#1477,#1490,#788,.T.);
#1845=EDGE_CURVE('',#1490,#1490,#157,.T.);
#1846=EDGE_CURVE('',#1491,#1338,#789,.T.);
#1847=EDGE_CURVE('',#1491,#1468,#790,.T.);
#1848=EDGE_CURVE('',#1484,#1491,#791,.T.);
#1849=EDGE_CURVE('',#1402,#1401,#158,.T.);
#1850=EDGE_CURVE('',#1399,#1400,#159,.T.);
#1851=EDGE_CURVE('',#1406,#1405,#160,.T.);
#1852=EDGE_CURVE('',#1403,#1404,#161,.T.);
#1853=EDGE_CURVE('',#1407,#1410,#162,.T.);
#1854=EDGE_CURVE('',#1408,#1409,#163,.T.);
#1855=EDGE_CURVE('',#1414,#1413,#164,.T.);
#1856=EDGE_CURVE('',#1411,#1412,#165,.T.);
#1857=EDGE_CURVE('',#1418,#1417,#166,.T.);
#1858=EDGE_CURVE('',#1415,#1416,#167,.T.);
#1859=EDGE_CURVE('',#1422,#1421,#168,.T.);
#1860=EDGE_CURVE('',#1419,#1420,#169,.T.);
#1861=EDGE_CURVE('',#1342,#1423,#792,.T.);
#1862=EDGE_CURVE('',#1492,#1427,#793,.T.);
#1863=EDGE_CURVE('',#1429,#1493,#794,.T.);
#1864=EDGE_CURVE('',#1492,#1493,#795,.T.);
#1865=EDGE_CURVE('',#1424,#1494,#796,.T.);
#1866=EDGE_CURVE('',#1495,#1494,#797,.T.);
#1867=EDGE_CURVE('',#1495,#1425,#798,.T.);
#1868=EDGE_CURVE('',#1496,#1492,#799,.T.);
#1869=EDGE_CURVE('',#1346,#1496,#800,.T.);
#1870=EDGE_CURVE('',#1345,#1428,#801,.T.);
#1871=EDGE_CURVE('',#1497,#1495,#802,.T.);
#1872=EDGE_CURVE('',#1353,#1497,#803,.T.);
#1873=EDGE_CURVE('',#1426,#1352,#804,.T.);
#1874=EDGE_CURVE('',#1498,#1499,#805,.T.);
#1875=EDGE_CURVE('',#1499,#1500,#806,.T.);
#1876=EDGE_CURVE('',#1500,#1501,#807,.T.);
#1877=EDGE_CURVE('',#1501,#1498,#808,.T.);
#1878=EDGE_CURVE('',#1494,#1502,#809,.T.);
#1879=EDGE_CURVE('',#1502,#1503,#810,.T.);
#1880=EDGE_CURVE('',#1503,#1497,#811,.T.);
#1881=EDGE_CURVE('',#1504,#1505,#812,.T.);
#1882=EDGE_CURVE('',#1505,#1506,#813,.T.);
#1883=EDGE_CURVE('',#1506,#1507,#814,.T.);
#1884=EDGE_CURVE('',#1507,#1504,#815,.T.);
#1885=EDGE_CURVE('',#1493,#1508,#816,.T.);
#1886=EDGE_CURVE('',#1508,#1509,#817,.T.);
#1887=EDGE_CURVE('',#1509,#1496,#818,.T.);
#1888=EDGE_CURVE('',#1508,#1344,#819,.T.);
#1889=EDGE_CURVE('',#1343,#1509,#820,.T.);
#1890=EDGE_CURVE('',#1350,#1504,#821,.T.);
#1891=EDGE_CURVE('',#1349,#1505,#822,.T.);
#1892=EDGE_CURVE('',#1506,#1348,#823,.T.);
#1893=EDGE_CURVE('',#1347,#1507,#824,.T.);
#1894=EDGE_CURVE('',#1354,#1503,#825,.T.);
#1895=EDGE_CURVE('',#1351,#1502,#826,.T.);
#1896=EDGE_CURVE('',#1358,#1498,#827,.T.);
#1897=EDGE_CURVE('',#1357,#1499,#828,.T.);
#1898=EDGE_CURVE('',#1500,#1356,#829,.T.);
#1899=EDGE_CURVE('',#1355,#1501,#830,.T.);
#1900=EDGE_CURVE('',#1432,#1361,#831,.T.);
#1901=EDGE_CURVE('',#1431,#1360,#832,.T.);
#1902=EDGE_CURVE('',#1430,#1359,#833,.T.);
#1903=EDGE_CURVE('',#1510,#1511,#834,.T.);
#1904=EDGE_CURVE('',#1512,#1510,#835,.T.);
#1905=EDGE_CURVE('',#1513,#1512,#836,.T.);
#1906=EDGE_CURVE('',#1511,#1513,#837,.T.);
#1907=EDGE_CURVE('',#1510,#1514,#838,.T.);
#1908=EDGE_CURVE('',#1514,#1515,#839,.T.);
#1909=EDGE_CURVE('',#1515,#1516,#840,.T.);
#1910=EDGE_CURVE('',#1516,#1517,#841,.T.);
#1911=EDGE_CURVE('',#1517,#1518,#842,.T.);
#1912=EDGE_CURVE('',#1518,#1519,#843,.T.);
#1913=EDGE_CURVE('',#1519,#1520,#844,.T.);
#1914=EDGE_CURVE('',#1520,#1521,#845,.T.);
#1915=EDGE_CURVE('',#1521,#1512,#846,.T.);
#1916=EDGE_CURVE('',#1522,#1523,#847,.T.);
#1917=EDGE_CURVE('',#1523,#1524,#848,.T.);
#1918=EDGE_CURVE('',#1524,#1525,#849,.T.);
#1919=EDGE_CURVE('',#1525,#1526,#850,.T.);
#1920=EDGE_CURVE('',#1526,#1527,#851,.T.);
#1921=EDGE_CURVE('',#1527,#1528,#852,.T.);
#1922=EDGE_CURVE('',#1528,#1529,#853,.T.);
#1923=EDGE_CURVE('',#1529,#1530,#854,.T.);
#1924=EDGE_CURVE('',#1530,#1531,#855,.T.);
#1925=EDGE_CURVE('',#1531,#1532,#856,.T.);
#1926=EDGE_CURVE('',#1532,#1533,#857,.T.);
#1927=EDGE_CURVE('',#1533,#1534,#858,.T.);
#1928=EDGE_CURVE('',#1534,#1535,#859,.T.);
#1929=EDGE_CURVE('',#1535,#1536,#860,.T.);
#1930=EDGE_CURVE('',#1536,#1537,#861,.T.);
#1931=EDGE_CURVE('',#1537,#1538,#862,.T.);
#1932=EDGE_CURVE('',#1538,#1539,#863,.T.);
#1933=EDGE_CURVE('',#1539,#1540,#864,.T.);
#1934=EDGE_CURVE('',#1540,#1541,#865,.T.);
#1935=EDGE_CURVE('',#1541,#1522,#866,.T.);
#1936=EDGE_CURVE('',#1542,#1543,#867,.T.);
#1937=EDGE_CURVE('',#1543,#1544,#868,.T.);
#1938=EDGE_CURVE('',#1544,#1545,#869,.T.);
#1939=EDGE_CURVE('',#1545,#1546,#870,.T.);
#1940=EDGE_CURVE('',#1546,#1547,#871,.T.);
#1941=EDGE_CURVE('',#1547,#1548,#872,.T.);
#1942=EDGE_CURVE('',#1548,#1549,#873,.T.);
#1943=EDGE_CURVE('',#1549,#1550,#874,.T.);
#1944=EDGE_CURVE('',#1550,#1551,#875,.T.);
#1945=EDGE_CURVE('',#1551,#1552,#876,.T.);
#1946=EDGE_CURVE('',#1552,#1553,#877,.T.);
#1947=EDGE_CURVE('',#1553,#1554,#878,.T.);
#1948=EDGE_CURVE('',#1554,#1555,#879,.T.);
#1949=EDGE_CURVE('',#1555,#1556,#880,.T.);
#1950=EDGE_CURVE('',#1556,#1557,#881,.T.);
#1951=EDGE_CURVE('',#1557,#1558,#882,.T.);
#1952=EDGE_CURVE('',#1558,#1559,#883,.T.);
#1953=EDGE_CURVE('',#1559,#1560,#884,.T.);
#1954=EDGE_CURVE('',#1560,#1561,#885,.T.);
#1955=EDGE_CURVE('',#1561,#1542,#886,.T.);
#1956=EDGE_CURVE('',#1562,#1563,#887,.T.);
#1957=EDGE_CURVE('',#1563,#1564,#888,.T.);
#1958=EDGE_CURVE('',#1564,#1565,#889,.T.);
#1959=EDGE_CURVE('',#1565,#1566,#890,.T.);
#1960=EDGE_CURVE('',#1566,#1567,#891,.T.);
#1961=EDGE_CURVE('',#1567,#1568,#892,.T.);
#1962=EDGE_CURVE('',#1568,#1569,#893,.T.);
#1963=EDGE_CURVE('',#1569,#1570,#894,.T.);
#1964=EDGE_CURVE('',#1570,#1571,#895,.T.);
#1965=EDGE_CURVE('',#1571,#1572,#896,.T.);
#1966=EDGE_CURVE('',#1572,#1573,#897,.T.);
#1967=EDGE_CURVE('',#1573,#1574,#898,.T.);
#1968=EDGE_CURVE('',#1574,#1575,#899,.T.);
#1969=EDGE_CURVE('',#1575,#1576,#900,.T.);
#1970=EDGE_CURVE('',#1576,#1577,#901,.T.);
#1971=EDGE_CURVE('',#1577,#1578,#902,.T.);
#1972=EDGE_CURVE('',#1578,#1579,#903,.T.);
#1973=EDGE_CURVE('',#1579,#1580,#904,.T.);
#1974=EDGE_CURVE('',#1580,#1581,#905,.T.);
#1975=EDGE_CURVE('',#1581,#1562,#906,.T.);
#1976=EDGE_CURVE('',#1582,#1582,#170,.T.);
#1977=EDGE_CURVE('',#1583,#1583,#171,.T.);
#1978=EDGE_CURVE('',#1584,#1584,#172,.T.);
#1979=EDGE_CURVE('',#1585,#1585,#173,.T.);
#1980=EDGE_CURVE('',#1586,#1511,#907,.T.);
#1981=EDGE_CURVE('',#1586,#1514,#908,.T.);
#1982=EDGE_CURVE('',#1587,#1516,#909,.T.);
#1983=EDGE_CURVE('',#1588,#1587,#910,.T.);
#1984=EDGE_CURVE('',#1517,#1588,#911,.T.);
#1985=EDGE_CURVE('',#1513,#1589,#912,.T.);
#1986=EDGE_CURVE('',#1589,#1590,#913,.T.);
#1987=EDGE_CURVE('',#1590,#1591,#914,.T.);
#1988=EDGE_CURVE('',#1591,#1592,#915,.T.);
#1989=EDGE_CURVE('',#1592,#1588,#916,.T.);
#1990=EDGE_CURVE('',#1587,#1593,#917,.T.);
#1991=EDGE_CURVE('',#1593,#1586,#918,.T.);
#1992=EDGE_CURVE('',#1594,#1595,#919,.T.);
#1993=EDGE_CURVE('',#1595,#1596,#920,.T.);
#1994=EDGE_CURVE('',#1596,#1597,#921,.T.);
#1995=EDGE_CURVE('',#1597,#1594,#922,.T.);
#1996=EDGE_CURVE('',#1598,#1599,#923,.T.);
#1997=EDGE_CURVE('',#1599,#1600,#924,.T.);
#1998=EDGE_CURVE('',#1600,#1601,#925,.T.);
#1999=EDGE_CURVE('',#1601,#1598,#926,.T.);
#2000=EDGE_CURVE('',#1602,#1603,#927,.T.);
#2001=EDGE_CURVE('',#1603,#1604,#928,.T.);
#2002=EDGE_CURVE('',#1604,#1605,#929,.T.);
#2003=EDGE_CURVE('',#1605,#1602,#930,.T.);
#2004=EDGE_CURVE('',#1606,#1606,#174,.T.);
#2005=EDGE_CURVE('',#1607,#1607,#175,.T.);
#2006=EDGE_CURVE('',#1608,#1608,#176,.T.);
#2007=EDGE_CURVE('',#1609,#1609,#177,.T.);
#2008=EDGE_CURVE('',#1593,#1515,#931,.T.);
#2009=EDGE_CURVE('',#1592,#1518,#932,.T.);
#2010=EDGE_CURVE('',#1591,#1519,#933,.T.);
#2011=EDGE_CURVE('',#1520,#1590,#934,.T.);
#2012=EDGE_CURVE('',#1521,#1589,#935,.T.);
#2013=EDGE_CURVE('',#1571,#1603,#936,.T.);
#2014=EDGE_CURVE('',#1567,#1570,#178,.T.);
#2015=EDGE_CURVE('',#1563,#1566,#179,.T.);
#2016=EDGE_CURVE('',#1562,#1604,#937,.T.);
#2017=EDGE_CURVE('',#1572,#1602,#938,.T.);
#2018=EDGE_CURVE('',#1554,#1599,#939,.T.);
#2019=EDGE_CURVE('',#1553,#1600,#940,.T.);
#2020=EDGE_CURVE('',#1543,#1598,#941,.T.);
#2021=EDGE_CURVE('',#1559,#1542,#180,.T.);
#2022=EDGE_CURVE('',#1555,#1558,#181,.T.);
#2023=EDGE_CURVE('',#1523,#1595,#942,.T.);
#2024=EDGE_CURVE('',#1539,#1522,#182,.T.);
#2025=EDGE_CURVE('',#1535,#1538,#183,.T.);
#2026=EDGE_CURVE('',#1534,#1596,#943,.T.);
#2027=EDGE_CURVE('',#1524,#1594,#944,.T.);
#2028=EDGE_CURVE('',#1533,#1597,#945,.T.);
#2029=EDGE_CURVE('',#1529,#1532,#184,.T.);
#2030=EDGE_CURVE('',#1525,#1528,#185,.T.);
#2031=EDGE_CURVE('',#1544,#1601,#946,.T.);
#2032=EDGE_CURVE('',#1549,#1552,#186,.T.);
#2033=EDGE_CURVE('',#1545,#1548,#187,.T.);
#2034=EDGE_CURVE('',#1581,#1605,#947,.T.);
#2035=EDGE_CURVE('',#1577,#1580,#188,.T.);
#2036=EDGE_CURVE('',#1573,#1576,#189,.T.);
#2037=EDGE_CURVE('',#1526,#1527,#190,.T.);
#2038=EDGE_CURVE('',#1531,#1530,#191,.T.);
#2039=EDGE_CURVE('',#1546,#1547,#192,.T.);
#2040=EDGE_CURVE('',#1551,#1550,#193,.T.);
#2041=EDGE_CURVE('',#1578,#1579,#194,.T.);
#2042=EDGE_CURVE('',#1565,#1564,#195,.T.);
#2043=EDGE_CURVE('',#1575,#1574,#196,.T.);
#2044=EDGE_CURVE('',#1541,#1540,#197,.T.);
#2045=EDGE_CURVE('',#1536,#1537,#198,.T.);
#2046=EDGE_CURVE('',#1561,#1560,#199,.T.);
#2047=EDGE_CURVE('',#1556,#1557,#200,.T.);
#2048=EDGE_CURVE('',#1568,#1569,#201,.T.);
#2049=EDGE_CURVE('',#1609,#1585,#948,.T.);
#2050=EDGE_CURVE('',#1608,#1584,#949,.T.);
#2051=EDGE_CURVE('',#1607,#1583,#950,.T.);
#2052=EDGE_CURVE('',#1606,#1582,#951,.T.);
#2053=ORIENTED_EDGE('',*,*,#1610,.T.);
#2054=ORIENTED_EDGE('',*,*,#1611,.F.);
#2055=ORIENTED_EDGE('',*,*,#1612,.F.);
#2056=ORIENTED_EDGE('',*,*,#1613,.T.);
#2057=ORIENTED_EDGE('',*,*,#1614,.F.);
#2058=ORIENTED_EDGE('',*,*,#1615,.F.);
#2059=ORIENTED_EDGE('',*,*,#1616,.F.);
#2060=ORIENTED_EDGE('',*,*,#1617,.T.);
#2061=ORIENTED_EDGE('',*,*,#1618,.T.);
#2062=ORIENTED_EDGE('',*,*,#1619,.T.);
#2063=ORIENTED_EDGE('',*,*,#1620,.T.);
#2064=ORIENTED_EDGE('',*,*,#1621,.T.);
#2065=ORIENTED_EDGE('',*,*,#1622,.F.);
#2066=ORIENTED_EDGE('',*,*,#1623,.F.);
#2067=ORIENTED_EDGE('',*,*,#1624,.F.);
#2068=ORIENTED_EDGE('',*,*,#1617,.F.);
#2069=ORIENTED_EDGE('',*,*,#1610,.F.);
#2070=ORIENTED_EDGE('',*,*,#1625,.F.);
#2071=ORIENTED_EDGE('',*,*,#1626,.F.);
#2072=ORIENTED_EDGE('',*,*,#1627,.F.);
#2073=ORIENTED_EDGE('',*,*,#1626,.T.);
#2074=ORIENTED_EDGE('',*,*,#1628,.F.);
#2075=ORIENTED_EDGE('',*,*,#1629,.F.);
#2076=ORIENTED_EDGE('',*,*,#1630,.T.);
#2077=ORIENTED_EDGE('',*,*,#1631,.F.);
#2078=ORIENTED_EDGE('',*,*,#1632,.T.);
#2079=ORIENTED_EDGE('',*,*,#1623,.T.);
#2080=ORIENTED_EDGE('',*,*,#1633,.F.);
#2081=ORIENTED_EDGE('',*,*,#1634,.F.);
#2082=ORIENTED_EDGE('',*,*,#1633,.T.);
#2083=ORIENTED_EDGE('',*,*,#1622,.T.);
#2084=ORIENTED_EDGE('',*,*,#1616,.T.);
#2085=ORIENTED_EDGE('',*,*,#1635,.F.);
#2086=ORIENTED_EDGE('',*,*,#1618,.F.);
#2087=ORIENTED_EDGE('',*,*,#1611,.T.);
#2088=ORIENTED_EDGE('',*,*,#1627,.T.);
#2089=ORIENTED_EDGE('',*,*,#1630,.F.);
#2090=ORIENTED_EDGE('',*,*,#1612,.T.);
#2091=ORIENTED_EDGE('',*,*,#1621,.F.);
#2092=ORIENTED_EDGE('',*,*,#1636,.F.);
#2093=ORIENTED_EDGE('',*,*,#1637,.F.);
#2094=ORIENTED_EDGE('',*,*,#1638,.T.);
#2095=ORIENTED_EDGE('',*,*,#1639,.F.);
#2096=ORIENTED_EDGE('',*,*,#1640,.F.);
#2097=ORIENTED_EDGE('',*,*,#1641,.F.);
#2098=ORIENTED_EDGE('',*,*,#1642,.T.);
#2099=ORIENTED_EDGE('',*,*,#1643,.T.);
#2100=ORIENTED_EDGE('',*,*,#1644,.T.);
#2101=ORIENTED_EDGE('',*,*,#1631,.T.);
#2102=ORIENTED_EDGE('',*,*,#1634,.T.);
#2103=ORIENTED_EDGE('',*,*,#1629,.T.);
#2104=ORIENTED_EDGE('',*,*,#1645,.T.);
#2105=ORIENTED_EDGE('',*,*,#1646,.T.);
#2106=ORIENTED_EDGE('',*,*,#1647,.T.);
#2107=ORIENTED_EDGE('',*,*,#1648,.T.);
#2108=ORIENTED_EDGE('',*,*,#1649,.T.);
#2109=ORIENTED_EDGE('',*,*,#1650,.T.);
#2110=ORIENTED_EDGE('',*,*,#1651,.T.);
#2111=ORIENTED_EDGE('',*,*,#1652,.T.);
#2112=ORIENTED_EDGE('',*,*,#1653,.T.);
#2113=ORIENTED_EDGE('',*,*,#1654,.T.);
#2114=ORIENTED_EDGE('',*,*,#1655,.T.);
#2115=ORIENTED_EDGE('',*,*,#1656,.T.);
#2116=ORIENTED_EDGE('',*,*,#1657,.T.);
#2117=ORIENTED_EDGE('',*,*,#1658,.T.);
#2118=ORIENTED_EDGE('',*,*,#1659,.T.);
#2119=ORIENTED_EDGE('',*,*,#1660,.T.);
#2120=ORIENTED_EDGE('',*,*,#1661,.T.);
#2121=ORIENTED_EDGE('',*,*,#1662,.T.);
#2122=ORIENTED_EDGE('',*,*,#1663,.T.);
#2123=ORIENTED_EDGE('',*,*,#1664,.T.);
#2124=ORIENTED_EDGE('',*,*,#1665,.T.);
#2125=ORIENTED_EDGE('',*,*,#1666,.F.);
#2126=ORIENTED_EDGE('',*,*,#1636,.T.);
#2127=ORIENTED_EDGE('',*,*,#1620,.F.);
#2128=ORIENTED_EDGE('',*,*,#1667,.F.);
#2129=ORIENTED_EDGE('',*,*,#1668,.F.);
#2130=ORIENTED_EDGE('',*,*,#1667,.T.);
#2131=ORIENTED_EDGE('',*,*,#1619,.F.);
#2132=ORIENTED_EDGE('',*,*,#1635,.T.);
#2133=ORIENTED_EDGE('',*,*,#1615,.T.);
#2134=ORIENTED_EDGE('',*,*,#1669,.F.);
#2135=ORIENTED_EDGE('',*,*,#1666,.T.);
#2136=ORIENTED_EDGE('',*,*,#1668,.T.);
#2137=ORIENTED_EDGE('',*,*,#1670,.T.);
#2138=ORIENTED_EDGE('',*,*,#1671,.F.);
#2139=ORIENTED_EDGE('',*,*,#1672,.F.);
#2140=ORIENTED_EDGE('',*,*,#1673,.F.);
#2141=ORIENTED_EDGE('',*,*,#1674,.F.);
#2142=ORIENTED_EDGE('',*,*,#1675,.T.);
#2143=ORIENTED_EDGE('',*,*,#1676,.T.);
#2144=ORIENTED_EDGE('',*,*,#1677,.T.);
#2145=ORIENTED_EDGE('',*,*,#1678,.T.);
#2146=ORIENTED_EDGE('',*,*,#1637,.T.);
#2147=ORIENTED_EDGE('',*,*,#1679,.T.);
#2148=ORIENTED_EDGE('',*,*,#1680,.T.);
#2149=ORIENTED_EDGE('',*,*,#1681,.T.);
#2150=ORIENTED_EDGE('',*,*,#1682,.F.);
#2151=ORIENTED_EDGE('',*,*,#1683,.T.);
#2152=ORIENTED_EDGE('',*,*,#1684,.T.);
#2153=ORIENTED_EDGE('',*,*,#1685,.F.);
#2154=ORIENTED_EDGE('',*,*,#1686,.T.);
#2155=ORIENTED_EDGE('',*,*,#1687,.F.);
#2156=ORIENTED_EDGE('',*,*,#1686,.F.);
#2157=ORIENTED_EDGE('',*,*,#1688,.F.);
#2158=ORIENTED_EDGE('',*,*,#1689,.T.);
#2159=ORIENTED_EDGE('',*,*,#1690,.F.);
#2160=ORIENTED_EDGE('',*,*,#1689,.F.);
#2161=ORIENTED_EDGE('',*,*,#1691,.F.);
#2162=ORIENTED_EDGE('',*,*,#1692,.T.);
#2163=ORIENTED_EDGE('',*,*,#1693,.F.);
#2164=ORIENTED_EDGE('',*,*,#1692,.F.);
#2165=ORIENTED_EDGE('',*,*,#1694,.F.);
#2166=ORIENTED_EDGE('',*,*,#1695,.T.);
#2167=ORIENTED_EDGE('',*,*,#1696,.F.);
#2168=ORIENTED_EDGE('',*,*,#1695,.F.);
#2169=ORIENTED_EDGE('',*,*,#1697,.F.);
#2170=ORIENTED_EDGE('',*,*,#1698,.T.);
#2171=ORIENTED_EDGE('',*,*,#1699,.F.);
#2172=ORIENTED_EDGE('',*,*,#1698,.F.);
#2173=ORIENTED_EDGE('',*,*,#1671,.T.);
#2174=ORIENTED_EDGE('',*,*,#1700,.T.);
#2175=ORIENTED_EDGE('',*,*,#1701,.T.);
#2176=ORIENTED_EDGE('',*,*,#1702,.T.);
#2177=ORIENTED_EDGE('',*,*,#1703,.F.);
#2178=ORIENTED_EDGE('',*,*,#1704,.F.);
#2179=ORIENTED_EDGE('',*,*,#1672,.T.);
#2180=ORIENTED_EDGE('',*,*,#1702,.F.);
#2181=ORIENTED_EDGE('',*,*,#1705,.T.);
#2182=ORIENTED_EDGE('',*,*,#1706,.F.);
#2183=ORIENTED_EDGE('',*,*,#1685,.T.);
#2184=ORIENTED_EDGE('',*,*,#1688,.T.);
#2185=ORIENTED_EDGE('',*,*,#1691,.T.);
#2186=ORIENTED_EDGE('',*,*,#1694,.T.);
#2187=ORIENTED_EDGE('',*,*,#1697,.T.);
#2188=ORIENTED_EDGE('',*,*,#1706,.T.);
#2189=ORIENTED_EDGE('',*,*,#1707,.F.);
#2190=ORIENTED_EDGE('',*,*,#1708,.F.);
#2191=ORIENTED_EDGE('',*,*,#1709,.T.);
#2192=ORIENTED_EDGE('',*,*,#1710,.T.);
#2193=ORIENTED_EDGE('',*,*,#1711,.T.);
#2194=ORIENTED_EDGE('',*,*,#1712,.T.);
#2195=ORIENTED_EDGE('',*,*,#1713,.T.);
#2196=ORIENTED_EDGE('',*,*,#1714,.T.);
#2197=ORIENTED_EDGE('',*,*,#1715,.T.);
#2198=ORIENTED_EDGE('',*,*,#1716,.T.);
#2199=ORIENTED_EDGE('',*,*,#1717,.T.);
#2200=ORIENTED_EDGE('',*,*,#1718,.T.);
#2201=ORIENTED_EDGE('',*,*,#1719,.T.);
#2202=ORIENTED_EDGE('',*,*,#1720,.T.);
#2203=ORIENTED_EDGE('',*,*,#1721,.T.);
#2204=ORIENTED_EDGE('',*,*,#1722,.T.);
#2205=ORIENTED_EDGE('',*,*,#1723,.T.);
#2206=ORIENTED_EDGE('',*,*,#1724,.T.);
#2207=ORIENTED_EDGE('',*,*,#1725,.T.);
#2208=ORIENTED_EDGE('',*,*,#1726,.T.);
#2209=ORIENTED_EDGE('',*,*,#1727,.T.);
#2210=ORIENTED_EDGE('',*,*,#1728,.T.);
#2211=ORIENTED_EDGE('',*,*,#1729,.T.);
#2212=ORIENTED_EDGE('',*,*,#1730,.T.);
#2213=ORIENTED_EDGE('',*,*,#1731,.T.);
#2214=ORIENTED_EDGE('',*,*,#1732,.T.);
#2215=ORIENTED_EDGE('',*,*,#1733,.T.);
#2216=ORIENTED_EDGE('',*,*,#1734,.T.);
#2217=ORIENTED_EDGE('',*,*,#1735,.T.);
#2218=ORIENTED_EDGE('',*,*,#1736,.T.);
#2219=ORIENTED_EDGE('',*,*,#1737,.T.);
#2220=ORIENTED_EDGE('',*,*,#1738,.T.);
#2221=ORIENTED_EDGE('',*,*,#1739,.T.);
#2222=ORIENTED_EDGE('',*,*,#1740,.T.);
#2223=ORIENTED_EDGE('',*,*,#1741,.T.);
#2224=ORIENTED_EDGE('',*,*,#1742,.T.);
#2225=ORIENTED_EDGE('',*,*,#1743,.T.);
#2226=ORIENTED_EDGE('',*,*,#1744,.T.);
#2227=ORIENTED_EDGE('',*,*,#1745,.T.);
#2228=ORIENTED_EDGE('',*,*,#1746,.T.);
#2229=ORIENTED_EDGE('',*,*,#1747,.T.);
#2230=ORIENTED_EDGE('',*,*,#1707,.T.);
#2231=ORIENTED_EDGE('',*,*,#1705,.F.);
#2232=ORIENTED_EDGE('',*,*,#1701,.F.);
#2233=ORIENTED_EDGE('',*,*,#1748,.F.);
#2234=ORIENTED_EDGE('',*,*,#1643,.F.);
#2235=ORIENTED_EDGE('',*,*,#1749,.F.);
#2236=ORIENTED_EDGE('',*,*,#1624,.T.);
#2237=ORIENTED_EDGE('',*,*,#1632,.F.);
#2238=ORIENTED_EDGE('',*,*,#1644,.F.);
#2239=ORIENTED_EDGE('',*,*,#1748,.T.);
#2240=ORIENTED_EDGE('',*,*,#1700,.F.);
#2241=ORIENTED_EDGE('',*,*,#1670,.F.);
#2242=ORIENTED_EDGE('',*,*,#1669,.T.);
#2243=ORIENTED_EDGE('',*,*,#1614,.T.);
#2244=ORIENTED_EDGE('',*,*,#1687,.T.);
#2245=ORIENTED_EDGE('',*,*,#1690,.T.);
#2246=ORIENTED_EDGE('',*,*,#1693,.T.);
#2247=ORIENTED_EDGE('',*,*,#1696,.T.);
#2248=ORIENTED_EDGE('',*,*,#1699,.T.);
#2249=ORIENTED_EDGE('',*,*,#1613,.F.);
#2250=ORIENTED_EDGE('',*,*,#1645,.F.);
#2251=ORIENTED_EDGE('',*,*,#1628,.T.);
#2252=ORIENTED_EDGE('',*,*,#1625,.T.);
#2253=ORIENTED_EDGE('',*,*,#1703,.T.);
#2254=ORIENTED_EDGE('',*,*,#1713,.F.);
#2255=ORIENTED_EDGE('',*,*,#1750,.T.);
#2256=ORIENTED_EDGE('',*,*,#1751,.T.);
#2257=ORIENTED_EDGE('',*,*,#1752,.T.);
#2258=ORIENTED_EDGE('',*,*,#1753,.F.);
#2259=ORIENTED_EDGE('',*,*,#1754,.F.);
#2260=ORIENTED_EDGE('',*,*,#1755,.T.);
#2261=ORIENTED_EDGE('',*,*,#1756,.T.);
#2262=ORIENTED_EDGE('',*,*,#1755,.F.);
#2263=ORIENTED_EDGE('',*,*,#1757,.F.);
#2264=ORIENTED_EDGE('',*,*,#1682,.T.);
#2265=ORIENTED_EDGE('',*,*,#1753,.T.);
#2266=ORIENTED_EDGE('',*,*,#1758,.F.);
#2267=ORIENTED_EDGE('',*,*,#1759,.F.);
#2268=ORIENTED_EDGE('',*,*,#1760,.T.);
#2269=ORIENTED_EDGE('',*,*,#1761,.F.);
#2270=ORIENTED_EDGE('',*,*,#1762,.T.);
#2271=ORIENTED_EDGE('',*,*,#1763,.F.);
#2272=ORIENTED_EDGE('',*,*,#1764,.T.);
#2273=ORIENTED_EDGE('',*,*,#1765,.T.);
#2274=ORIENTED_EDGE('',*,*,#1764,.F.);
#2275=ORIENTED_EDGE('',*,*,#1679,.F.);
#2276=ORIENTED_EDGE('',*,*,#1766,.F.);
#2277=ORIENTED_EDGE('',*,*,#1767,.F.);
#2278=ORIENTED_EDGE('',*,*,#1760,.F.);
#2279=ORIENTED_EDGE('',*,*,#1768,.T.);
#2280=ORIENTED_EDGE('',*,*,#1769,.T.);
#2281=ORIENTED_EDGE('',*,*,#1770,.F.);
#2282=ORIENTED_EDGE('',*,*,#1771,.T.);
#2283=ORIENTED_EDGE('',*,*,#1772,.T.);
#2284=ORIENTED_EDGE('',*,*,#1763,.T.);
#2285=ORIENTED_EDGE('',*,*,#1773,.T.);
#2286=ORIENTED_EDGE('',*,*,#1774,.T.);
#2287=ORIENTED_EDGE('',*,*,#1754,.T.);
#2288=ORIENTED_EDGE('',*,*,#1762,.F.);
#2289=ORIENTED_EDGE('',*,*,#1775,.F.);
#2290=ORIENTED_EDGE('',*,*,#1776,.F.);
#2291=ORIENTED_EDGE('',*,*,#1683,.F.);
#2292=ORIENTED_EDGE('',*,*,#1757,.T.);
#2293=ORIENTED_EDGE('',*,*,#1777,.F.);
#2294=ORIENTED_EDGE('',*,*,#1767,.T.);
#2295=ORIENTED_EDGE('',*,*,#1778,.F.);
#2296=ORIENTED_EDGE('',*,*,#1775,.T.);
#2297=ORIENTED_EDGE('',*,*,#1761,.T.);
#2298=ORIENTED_EDGE('',*,*,#1684,.F.);
#2299=ORIENTED_EDGE('',*,*,#1776,.T.);
#2300=ORIENTED_EDGE('',*,*,#1778,.T.);
#2301=ORIENTED_EDGE('',*,*,#1766,.T.);
#2302=ORIENTED_EDGE('',*,*,#1770,.T.);
#2303=ORIENTED_EDGE('',*,*,#1779,.T.);
#2304=ORIENTED_EDGE('',*,*,#1777,.T.);
#2305=ORIENTED_EDGE('',*,*,#1779,.F.);
#2306=ORIENTED_EDGE('',*,*,#1780,.F.);
#2307=ORIENTED_EDGE('',*,*,#1676,.F.);
#2308=ORIENTED_EDGE('',*,*,#1781,.T.);
#2309=ORIENTED_EDGE('',*,*,#1782,.T.);
#2310=ORIENTED_EDGE('',*,*,#1783,.T.);
#2311=ORIENTED_EDGE('',*,*,#1784,.T.);
#2312=ORIENTED_EDGE('',*,*,#1780,.T.);
#2313=ORIENTED_EDGE('',*,*,#1785,.T.);
#2314=ORIENTED_EDGE('',*,*,#1784,.F.);
#2315=ORIENTED_EDGE('',*,*,#1785,.F.);
#2316=ORIENTED_EDGE('',*,*,#1675,.F.);
#2317=ORIENTED_EDGE('',*,*,#1786,.F.);
#2318=ORIENTED_EDGE('',*,*,#1787,.F.);
#2319=ORIENTED_EDGE('',*,*,#1781,.F.);
#2320=ORIENTED_EDGE('',*,*,#1787,.T.);
#2321=ORIENTED_EDGE('',*,*,#1788,.F.);
#2322=ORIENTED_EDGE('',*,*,#1789,.F.);
#2323=ORIENTED_EDGE('',*,*,#1782,.F.);
#2324=ORIENTED_EDGE('',*,*,#1674,.T.);
#2325=ORIENTED_EDGE('',*,*,#1790,.F.);
#2326=ORIENTED_EDGE('',*,*,#1788,.T.);
#2327=ORIENTED_EDGE('',*,*,#1786,.T.);
#2328=ORIENTED_EDGE('',*,*,#1752,.F.);
#2329=ORIENTED_EDGE('',*,*,#1756,.F.);
#2330=ORIENTED_EDGE('',*,*,#1681,.F.);
#2331=ORIENTED_EDGE('',*,*,#1791,.T.);
#2332=ORIENTED_EDGE('',*,*,#1792,.T.);
#2333=ORIENTED_EDGE('',*,*,#1758,.T.);
#2334=ORIENTED_EDGE('',*,*,#1765,.F.);
#2335=ORIENTED_EDGE('',*,*,#1793,.T.);
#2336=ORIENTED_EDGE('',*,*,#1794,.T.);
#2337=ORIENTED_EDGE('',*,*,#1795,.T.);
#2338=ORIENTED_EDGE('',*,*,#1796,.T.);
#2339=ORIENTED_EDGE('',*,*,#1680,.F.);
#2340=ORIENTED_EDGE('',*,*,#1769,.F.);
#2341=ORIENTED_EDGE('',*,*,#1797,.F.);
#2342=ORIENTED_EDGE('',*,*,#1791,.F.);
#2343=ORIENTED_EDGE('',*,*,#1772,.F.);
#2344=ORIENTED_EDGE('',*,*,#1798,.T.);
#2345=ORIENTED_EDGE('',*,*,#1794,.F.);
#2346=ORIENTED_EDGE('',*,*,#1798,.F.);
#2347=ORIENTED_EDGE('',*,*,#1773,.F.);
#2348=ORIENTED_EDGE('',*,*,#1799,.T.);
#2349=ORIENTED_EDGE('',*,*,#1795,.F.);
#2350=ORIENTED_EDGE('',*,*,#1799,.F.);
#2351=ORIENTED_EDGE('',*,*,#1774,.F.);
#2352=ORIENTED_EDGE('',*,*,#1800,.T.);
#2353=ORIENTED_EDGE('',*,*,#1796,.F.);
#2354=ORIENTED_EDGE('',*,*,#1800,.F.);
#2355=ORIENTED_EDGE('',*,*,#1771,.F.);
#2356=ORIENTED_EDGE('',*,*,#1801,.T.);
#2357=ORIENTED_EDGE('',*,*,#1793,.F.);
#2358=ORIENTED_EDGE('',*,*,#1801,.F.);
#2359=ORIENTED_EDGE('',*,*,#1759,.T.);
#2360=ORIENTED_EDGE('',*,*,#1792,.F.);
#2361=ORIENTED_EDGE('',*,*,#1797,.T.);
#2362=ORIENTED_EDGE('',*,*,#1768,.F.);
#2363=ORIENTED_EDGE('',*,*,#1711,.F.);
#2364=ORIENTED_EDGE('',*,*,#1802,.F.);
#2365=ORIENTED_EDGE('',*,*,#1803,.F.);
#2366=ORIENTED_EDGE('',*,*,#1804,.F.);
#2367=ORIENTED_EDGE('',*,*,#1709,.F.);
#2368=ORIENTED_EDGE('',*,*,#1805,.T.);
#2369=ORIENTED_EDGE('',*,*,#1806,.F.);
#2370=ORIENTED_EDGE('',*,*,#1807,.F.);
#2371=ORIENTED_EDGE('',*,*,#1802,.T.);
#2372=ORIENTED_EDGE('',*,*,#1710,.F.);
#2373=ORIENTED_EDGE('',*,*,#1807,.T.);
#2374=ORIENTED_EDGE('',*,*,#1808,.T.);
#2375=ORIENTED_EDGE('',*,*,#1804,.T.);
#2376=ORIENTED_EDGE('',*,*,#1809,.F.);
#2377=ORIENTED_EDGE('',*,*,#1750,.F.);
#2378=ORIENTED_EDGE('',*,*,#1712,.F.);
#2379=ORIENTED_EDGE('',*,*,#1704,.T.);
#2380=ORIENTED_EDGE('',*,*,#1751,.F.);
#2381=ORIENTED_EDGE('',*,*,#1809,.T.);
#2382=ORIENTED_EDGE('',*,*,#1803,.T.);
#2383=ORIENTED_EDGE('',*,*,#1808,.F.);
#2384=ORIENTED_EDGE('',*,*,#1806,.T.);
#2385=ORIENTED_EDGE('',*,*,#1810,.T.);
#2386=ORIENTED_EDGE('',*,*,#1677,.F.);
#2387=ORIENTED_EDGE('',*,*,#1783,.F.);
#2388=ORIENTED_EDGE('',*,*,#1789,.T.);
#2389=ORIENTED_EDGE('',*,*,#1790,.T.);
#2390=ORIENTED_EDGE('',*,*,#1673,.T.);
#2391=ORIENTED_EDGE('',*,*,#1810,.F.);
#2392=ORIENTED_EDGE('',*,*,#1805,.F.);
#2393=ORIENTED_EDGE('',*,*,#1708,.T.);
#2394=ORIENTED_EDGE('',*,*,#1749,.T.);
#2395=ORIENTED_EDGE('',*,*,#1642,.F.);
#2396=ORIENTED_EDGE('',*,*,#1811,.T.);
#2397=ORIENTED_EDGE('',*,*,#1812,.T.);
#2398=ORIENTED_EDGE('',*,*,#1813,.T.);
#2399=ORIENTED_EDGE('',*,*,#1814,.T.);
#2400=ORIENTED_EDGE('',*,*,#1815,.T.);
#2401=ORIENTED_EDGE('',*,*,#1816,.T.);
#2402=ORIENTED_EDGE('',*,*,#1817,.T.);
#2403=ORIENTED_EDGE('',*,*,#1638,.F.);
#2404=ORIENTED_EDGE('',*,*,#1678,.F.);
#2405=ORIENTED_EDGE('',*,*,#1818,.F.);
#2406=ORIENTED_EDGE('',*,*,#1819,.F.);
#2407=ORIENTED_EDGE('',*,*,#1815,.F.);
#2408=ORIENTED_EDGE('',*,*,#1820,.F.);
#2409=ORIENTED_EDGE('',*,*,#1820,.T.);
#2410=ORIENTED_EDGE('',*,*,#1814,.F.);
#2411=ORIENTED_EDGE('',*,*,#1821,.T.);
#2412=ORIENTED_EDGE('',*,*,#1822,.T.);
#2413=ORIENTED_EDGE('',*,*,#1823,.T.);
#2414=ORIENTED_EDGE('',*,*,#1824,.T.);
#2415=ORIENTED_EDGE('',*,*,#1825,.T.);
#2416=ORIENTED_EDGE('',*,*,#1826,.T.);
#2417=ORIENTED_EDGE('',*,*,#1827,.T.);
#2418=ORIENTED_EDGE('',*,*,#1828,.T.);
#2419=ORIENTED_EDGE('',*,*,#1819,.T.);
#2420=ORIENTED_EDGE('',*,*,#1829,.F.);
#2421=ORIENTED_EDGE('',*,*,#1830,.T.);
#2422=ORIENTED_EDGE('',*,*,#1816,.F.);
#2423=ORIENTED_EDGE('',*,*,#1818,.T.);
#2424=ORIENTED_EDGE('',*,*,#1822,.F.);
#2425=ORIENTED_EDGE('',*,*,#1831,.T.);
#2426=ORIENTED_EDGE('',*,*,#1829,.T.);
#2427=ORIENTED_EDGE('',*,*,#1813,.F.);
#2428=ORIENTED_EDGE('',*,*,#1832,.T.);
#2429=ORIENTED_EDGE('',*,*,#1833,.T.);
#2430=ORIENTED_EDGE('',*,*,#1639,.T.);
#2431=ORIENTED_EDGE('',*,*,#1817,.F.);
#2432=ORIENTED_EDGE('',*,*,#1830,.F.);
#2433=ORIENTED_EDGE('',*,*,#1831,.F.);
#2434=ORIENTED_EDGE('',*,*,#1821,.F.);
#2435=ORIENTED_EDGE('',*,*,#1834,.T.);
#2436=ORIENTED_EDGE('',*,*,#1835,.T.);
#2437=ORIENTED_EDGE('',*,*,#1828,.F.);
#2438=ORIENTED_EDGE('',*,*,#1836,.F.);
#2439=ORIENTED_EDGE('',*,*,#1837,.T.);
#2440=ORIENTED_EDGE('',*,*,#1836,.T.);
#2441=ORIENTED_EDGE('',*,*,#1827,.F.);
#2442=ORIENTED_EDGE('',*,*,#1838,.F.);
#2443=ORIENTED_EDGE('',*,*,#1839,.T.);
#2444=ORIENTED_EDGE('',*,*,#1838,.T.);
#2445=ORIENTED_EDGE('',*,*,#1826,.F.);
#2446=ORIENTED_EDGE('',*,*,#1840,.F.);
#2447=ORIENTED_EDGE('',*,*,#1841,.T.);
#2448=ORIENTED_EDGE('',*,*,#1840,.T.);
#2449=ORIENTED_EDGE('',*,*,#1825,.F.);
#2450=ORIENTED_EDGE('',*,*,#1835,.F.);
#2451=ORIENTED_EDGE('',*,*,#1824,.F.);
#2452=ORIENTED_EDGE('',*,*,#1842,.T.);
#2453=ORIENTED_EDGE('',*,*,#1843,.T.);
#2454=ORIENTED_EDGE('',*,*,#1842,.F.);
#2455=ORIENTED_EDGE('',*,*,#1823,.F.);
#2456=ORIENTED_EDGE('',*,*,#1844,.T.);
#2457=ORIENTED_EDGE('',*,*,#1845,.T.);
#2458=ORIENTED_EDGE('',*,*,#1844,.F.);
#2459=ORIENTED_EDGE('',*,*,#1846,.F.);
#2460=ORIENTED_EDGE('',*,*,#1847,.T.);
#2461=ORIENTED_EDGE('',*,*,#1811,.F.);
#2462=ORIENTED_EDGE('',*,*,#1641,.T.);
#2463=ORIENTED_EDGE('',*,*,#1640,.T.);
#2464=ORIENTED_EDGE('',*,*,#1833,.F.);
#2465=ORIENTED_EDGE('',*,*,#1848,.T.);
#2466=ORIENTED_EDGE('',*,*,#1846,.T.);
#2467=ORIENTED_EDGE('',*,*,#1812,.F.);
#2468=ORIENTED_EDGE('',*,*,#1847,.F.);
#2469=ORIENTED_EDGE('',*,*,#1848,.F.);
#2470=ORIENTED_EDGE('',*,*,#1832,.F.);
#2471=ORIENTED_EDGE('',*,*,#1845,.F.);
#2472=ORIENTED_EDGE('',*,*,#1843,.F.);
#2473=ORIENTED_EDGE('',*,*,#1841,.F.);
#2474=ORIENTED_EDGE('',*,*,#1834,.F.);
#2475=ORIENTED_EDGE('',*,*,#1837,.F.);
#2476=ORIENTED_EDGE('',*,*,#1839,.F.);
#2477=ORIENTED_EDGE('',*,*,#1716,.F.);
#2478=ORIENTED_EDGE('',*,*,#1849,.F.);
#2479=ORIENTED_EDGE('',*,*,#1714,.F.);
#2480=ORIENTED_EDGE('',*,*,#1850,.T.);
#2481=ORIENTED_EDGE('',*,*,#1715,.F.);
#2482=ORIENTED_EDGE('',*,*,#1850,.F.);
#2483=ORIENTED_EDGE('',*,*,#1717,.F.);
#2484=ORIENTED_EDGE('',*,*,#1849,.T.);
#2485=ORIENTED_EDGE('',*,*,#1720,.F.);
#2486=ORIENTED_EDGE('',*,*,#1851,.F.);
#2487=ORIENTED_EDGE('',*,*,#1718,.F.);
#2488=ORIENTED_EDGE('',*,*,#1852,.T.);
#2489=ORIENTED_EDGE('',*,*,#1719,.F.);
#2490=ORIENTED_EDGE('',*,*,#1852,.F.);
#2491=ORIENTED_EDGE('',*,*,#1721,.F.);
#2492=ORIENTED_EDGE('',*,*,#1851,.T.);
#2493=ORIENTED_EDGE('',*,*,#1725,.F.);
#2494=ORIENTED_EDGE('',*,*,#1853,.F.);
#2495=ORIENTED_EDGE('',*,*,#1724,.F.);
#2496=ORIENTED_EDGE('',*,*,#1854,.F.);
#2497=ORIENTED_EDGE('',*,*,#1722,.F.);
#2498=ORIENTED_EDGE('',*,*,#1853,.T.);
#2499=ORIENTED_EDGE('',*,*,#1723,.F.);
#2500=ORIENTED_EDGE('',*,*,#1854,.T.);
#2501=ORIENTED_EDGE('',*,*,#1728,.F.);
#2502=ORIENTED_EDGE('',*,*,#1855,.F.);
#2503=ORIENTED_EDGE('',*,*,#1726,.F.);
#2504=ORIENTED_EDGE('',*,*,#1856,.T.);
#2505=ORIENTED_EDGE('',*,*,#1727,.F.);
#2506=ORIENTED_EDGE('',*,*,#1856,.F.);
#2507=ORIENTED_EDGE('',*,*,#1729,.F.);
#2508=ORIENTED_EDGE('',*,*,#1855,.T.);
#2509=ORIENTED_EDGE('',*,*,#1732,.F.);
#2510=ORIENTED_EDGE('',*,*,#1857,.F.);
#2511=ORIENTED_EDGE('',*,*,#1730,.F.);
#2512=ORIENTED_EDGE('',*,*,#1858,.T.);
#2513=ORIENTED_EDGE('',*,*,#1731,.F.);
#2514=ORIENTED_EDGE('',*,*,#1858,.F.);
#2515=ORIENTED_EDGE('',*,*,#1733,.F.);
#2516=ORIENTED_EDGE('',*,*,#1857,.T.);
#2517=ORIENTED_EDGE('',*,*,#1736,.F.);
#2518=ORIENTED_EDGE('',*,*,#1859,.F.);
#2519=ORIENTED_EDGE('',*,*,#1734,.F.);
#2520=ORIENTED_EDGE('',*,*,#1860,.T.);
#2521=ORIENTED_EDGE('',*,*,#1735,.F.);
#2522=ORIENTED_EDGE('',*,*,#1860,.F.);
#2523=ORIENTED_EDGE('',*,*,#1737,.F.);
#2524=ORIENTED_EDGE('',*,*,#1859,.T.);
#2525=ORIENTED_EDGE('',*,*,#1646,.F.);
#2526=ORIENTED_EDGE('',*,*,#1861,.T.);
#2527=ORIENTED_EDGE('',*,*,#1738,.F.);
#2528=ORIENTED_EDGE('',*,*,#1861,.F.);
#2529=ORIENTED_EDGE('',*,*,#1862,.T.);
#2530=ORIENTED_EDGE('',*,*,#1744,.F.);
#2531=ORIENTED_EDGE('',*,*,#1863,.T.);
#2532=ORIENTED_EDGE('',*,*,#1864,.F.);
#2533=ORIENTED_EDGE('',*,*,#1865,.T.);
#2534=ORIENTED_EDGE('',*,*,#1866,.F.);
#2535=ORIENTED_EDGE('',*,*,#1867,.T.);
#2536=ORIENTED_EDGE('',*,*,#1739,.F.);
#2537=ORIENTED_EDGE('',*,*,#1868,.F.);
#2538=ORIENTED_EDGE('',*,*,#1869,.F.);
#2539=ORIENTED_EDGE('',*,*,#1649,.F.);
#2540=ORIENTED_EDGE('',*,*,#1870,.T.);
#2541=ORIENTED_EDGE('',*,*,#1742,.F.);
#2542=ORIENTED_EDGE('',*,*,#1862,.F.);
#2543=ORIENTED_EDGE('',*,*,#1871,.F.);
#2544=ORIENTED_EDGE('',*,*,#1872,.F.);
#2545=ORIENTED_EDGE('',*,*,#1656,.F.);
#2546=ORIENTED_EDGE('',*,*,#1873,.F.);
#2547=ORIENTED_EDGE('',*,*,#1740,.F.);
#2548=ORIENTED_EDGE('',*,*,#1867,.F.);
#2549=ORIENTED_EDGE('',*,*,#1874,.T.);
#2550=ORIENTED_EDGE('',*,*,#1875,.T.);
#2551=ORIENTED_EDGE('',*,*,#1876,.T.);
#2552=ORIENTED_EDGE('',*,*,#1877,.T.);
#2553=ORIENTED_EDGE('',*,*,#1866,.T.);
#2554=ORIENTED_EDGE('',*,*,#1878,.T.);
#2555=ORIENTED_EDGE('',*,*,#1879,.T.);
#2556=ORIENTED_EDGE('',*,*,#1880,.T.);
#2557=ORIENTED_EDGE('',*,*,#1871,.T.);
#2558=ORIENTED_EDGE('',*,*,#1881,.T.);
#2559=ORIENTED_EDGE('',*,*,#1882,.T.);
#2560=ORIENTED_EDGE('',*,*,#1883,.T.);
#2561=ORIENTED_EDGE('',*,*,#1884,.T.);
#2562=ORIENTED_EDGE('',*,*,#1864,.T.);
#2563=ORIENTED_EDGE('',*,*,#1885,.T.);
#2564=ORIENTED_EDGE('',*,*,#1886,.T.);
#2565=ORIENTED_EDGE('',*,*,#1887,.T.);
#2566=ORIENTED_EDGE('',*,*,#1868,.T.);
#2567=ORIENTED_EDGE('',*,*,#1870,.F.);
#2568=ORIENTED_EDGE('',*,*,#1648,.F.);
#2569=ORIENTED_EDGE('',*,*,#1888,.F.);
#2570=ORIENTED_EDGE('',*,*,#1885,.F.);
#2571=ORIENTED_EDGE('',*,*,#1863,.F.);
#2572=ORIENTED_EDGE('',*,*,#1743,.F.);
#2573=ORIENTED_EDGE('',*,*,#1886,.F.);
#2574=ORIENTED_EDGE('',*,*,#1888,.T.);
#2575=ORIENTED_EDGE('',*,*,#1647,.F.);
#2576=ORIENTED_EDGE('',*,*,#1889,.T.);
#2577=ORIENTED_EDGE('',*,*,#1887,.F.);
#2578=ORIENTED_EDGE('',*,*,#1889,.F.);
#2579=ORIENTED_EDGE('',*,*,#1650,.F.);
#2580=ORIENTED_EDGE('',*,*,#1869,.T.);
#2581=ORIENTED_EDGE('',*,*,#1881,.F.);
#2582=ORIENTED_EDGE('',*,*,#1890,.F.);
#2583=ORIENTED_EDGE('',*,*,#1653,.F.);
#2584=ORIENTED_EDGE('',*,*,#1891,.T.);
#2585=ORIENTED_EDGE('',*,*,#1882,.F.);
#2586=ORIENTED_EDGE('',*,*,#1891,.F.);
#2587=ORIENTED_EDGE('',*,*,#1652,.F.);
#2588=ORIENTED_EDGE('',*,*,#1892,.F.);
#2589=ORIENTED_EDGE('',*,*,#1883,.F.);
#2590=ORIENTED_EDGE('',*,*,#1892,.T.);
#2591=ORIENTED_EDGE('',*,*,#1651,.F.);
#2592=ORIENTED_EDGE('',*,*,#1893,.T.);
#2593=ORIENTED_EDGE('',*,*,#1884,.F.);
#2594=ORIENTED_EDGE('',*,*,#1893,.F.);
#2595=ORIENTED_EDGE('',*,*,#1654,.F.);
#2596=ORIENTED_EDGE('',*,*,#1890,.T.);
#2597=ORIENTED_EDGE('',*,*,#1880,.F.);
#2598=ORIENTED_EDGE('',*,*,#1894,.F.);
#2599=ORIENTED_EDGE('',*,*,#1657,.F.);
#2600=ORIENTED_EDGE('',*,*,#1872,.T.);
#2601=ORIENTED_EDGE('',*,*,#1873,.T.);
#2602=ORIENTED_EDGE('',*,*,#1655,.F.);
#2603=ORIENTED_EDGE('',*,*,#1895,.T.);
#2604=ORIENTED_EDGE('',*,*,#1878,.F.);
#2605=ORIENTED_EDGE('',*,*,#1865,.F.);
#2606=ORIENTED_EDGE('',*,*,#1741,.F.);
#2607=ORIENTED_EDGE('',*,*,#1879,.F.);
#2608=ORIENTED_EDGE('',*,*,#1895,.F.);
#2609=ORIENTED_EDGE('',*,*,#1658,.F.);
#2610=ORIENTED_EDGE('',*,*,#1894,.T.);
#2611=ORIENTED_EDGE('',*,*,#1874,.F.);
#2612=ORIENTED_EDGE('',*,*,#1896,.F.);
#2613=ORIENTED_EDGE('',*,*,#1661,.F.);
#2614=ORIENTED_EDGE('',*,*,#1897,.T.);
#2615=ORIENTED_EDGE('',*,*,#1875,.F.);
#2616=ORIENTED_EDGE('',*,*,#1897,.F.);
#2617=ORIENTED_EDGE('',*,*,#1660,.F.);
#2618=ORIENTED_EDGE('',*,*,#1898,.F.);
#2619=ORIENTED_EDGE('',*,*,#1876,.F.);
#2620=ORIENTED_EDGE('',*,*,#1898,.T.);
#2621=ORIENTED_EDGE('',*,*,#1659,.F.);
#2622=ORIENTED_EDGE('',*,*,#1899,.T.);
#2623=ORIENTED_EDGE('',*,*,#1877,.F.);
#2624=ORIENTED_EDGE('',*,*,#1899,.F.);
#2625=ORIENTED_EDGE('',*,*,#1662,.F.);
#2626=ORIENTED_EDGE('',*,*,#1896,.T.);
#2627=ORIENTED_EDGE('',*,*,#1747,.F.);
#2628=ORIENTED_EDGE('',*,*,#1900,.T.);
#2629=ORIENTED_EDGE('',*,*,#1665,.F.);
#2630=ORIENTED_EDGE('',*,*,#1900,.F.);
#2631=ORIENTED_EDGE('',*,*,#1746,.F.);
#2632=ORIENTED_EDGE('',*,*,#1901,.T.);
#2633=ORIENTED_EDGE('',*,*,#1664,.F.);
#2634=ORIENTED_EDGE('',*,*,#1901,.F.);
#2635=ORIENTED_EDGE('',*,*,#1745,.F.);
#2636=ORIENTED_EDGE('',*,*,#1902,.T.);
#2637=ORIENTED_EDGE('',*,*,#1663,.F.);
#2638=ORIENTED_EDGE('',*,*,#1902,.F.);
#2639=ORIENTED_EDGE('',*,*,#1903,.F.);
#2640=ORIENTED_EDGE('',*,*,#1904,.F.);
#2641=ORIENTED_EDGE('',*,*,#1905,.F.);
#2642=ORIENTED_EDGE('',*,*,#1906,.F.);
#2643=ORIENTED_EDGE('',*,*,#1904,.T.);
#2644=ORIENTED_EDGE('',*,*,#1907,.T.);
#2645=ORIENTED_EDGE('',*,*,#1908,.T.);
#2646=ORIENTED_EDGE('',*,*,#1909,.T.);
#2647=ORIENTED_EDGE('',*,*,#1910,.T.);
#2648=ORIENTED_EDGE('',*,*,#1911,.T.);
#2649=ORIENTED_EDGE('',*,*,#1912,.T.);
#2650=ORIENTED_EDGE('',*,*,#1913,.T.);
#2651=ORIENTED_EDGE('',*,*,#1914,.T.);
#2652=ORIENTED_EDGE('',*,*,#1915,.T.);
#2653=ORIENTED_EDGE('',*,*,#1916,.T.);
#2654=ORIENTED_EDGE('',*,*,#1917,.T.);
#2655=ORIENTED_EDGE('',*,*,#1918,.T.);
#2656=ORIENTED_EDGE('',*,*,#1919,.T.);
#2657=ORIENTED_EDGE('',*,*,#1920,.T.);
#2658=ORIENTED_EDGE('',*,*,#1921,.T.);
#2659=ORIENTED_EDGE('',*,*,#1922,.T.);
#2660=ORIENTED_EDGE('',*,*,#1923,.T.);
#2661=ORIENTED_EDGE('',*,*,#1924,.T.);
#2662=ORIENTED_EDGE('',*,*,#1925,.T.);
#2663=ORIENTED_EDGE('',*,*,#1926,.T.);
#2664=ORIENTED_EDGE('',*,*,#1927,.T.);
#2665=ORIENTED_EDGE('',*,*,#1928,.T.);
#2666=ORIENTED_EDGE('',*,*,#1929,.T.);
#2667=ORIENTED_EDGE('',*,*,#1930,.T.);
#2668=ORIENTED_EDGE('',*,*,#1931,.T.);
#2669=ORIENTED_EDGE('',*,*,#1932,.T.);
#2670=ORIENTED_EDGE('',*,*,#1933,.T.);
#2671=ORIENTED_EDGE('',*,*,#1934,.T.);
#2672=ORIENTED_EDGE('',*,*,#1935,.T.);
#2673=ORIENTED_EDGE('',*,*,#1936,.T.);
#2674=ORIENTED_EDGE('',*,*,#1937,.T.);
#2675=ORIENTED_EDGE('',*,*,#1938,.T.);
#2676=ORIENTED_EDGE('',*,*,#1939,.T.);
#2677=ORIENTED_EDGE('',*,*,#1940,.T.);
#2678=ORIENTED_EDGE('',*,*,#1941,.T.);
#2679=ORIENTED_EDGE('',*,*,#1942,.T.);
#2680=ORIENTED_EDGE('',*,*,#1943,.T.);
#2681=ORIENTED_EDGE('',*,*,#1944,.T.);
#2682=ORIENTED_EDGE('',*,*,#1945,.T.);
#2683=ORIENTED_EDGE('',*,*,#1946,.T.);
#2684=ORIENTED_EDGE('',*,*,#1947,.T.);
#2685=ORIENTED_EDGE('',*,*,#1948,.T.);
#2686=ORIENTED_EDGE('',*,*,#1949,.T.);
#2687=ORIENTED_EDGE('',*,*,#1950,.T.);
#2688=ORIENTED_EDGE('',*,*,#1951,.T.);
#2689=ORIENTED_EDGE('',*,*,#1952,.T.);
#2690=ORIENTED_EDGE('',*,*,#1953,.T.);
#2691=ORIENTED_EDGE('',*,*,#1954,.T.);
#2692=ORIENTED_EDGE('',*,*,#1955,.T.);
#2693=ORIENTED_EDGE('',*,*,#1956,.T.);
#2694=ORIENTED_EDGE('',*,*,#1957,.T.);
#2695=ORIENTED_EDGE('',*,*,#1958,.T.);
#2696=ORIENTED_EDGE('',*,*,#1959,.T.);
#2697=ORIENTED_EDGE('',*,*,#1960,.T.);
#2698=ORIENTED_EDGE('',*,*,#1961,.T.);
#2699=ORIENTED_EDGE('',*,*,#1962,.T.);
#2700=ORIENTED_EDGE('',*,*,#1963,.T.);
#2701=ORIENTED_EDGE('',*,*,#1964,.T.);
#2702=ORIENTED_EDGE('',*,*,#1965,.T.);
#2703=ORIENTED_EDGE('',*,*,#1966,.T.);
#2704=ORIENTED_EDGE('',*,*,#1967,.T.);
#2705=ORIENTED_EDGE('',*,*,#1968,.T.);
#2706=ORIENTED_EDGE('',*,*,#1969,.T.);
#2707=ORIENTED_EDGE('',*,*,#1970,.T.);
#2708=ORIENTED_EDGE('',*,*,#1971,.T.);
#2709=ORIENTED_EDGE('',*,*,#1972,.T.);
#2710=ORIENTED_EDGE('',*,*,#1973,.T.);
#2711=ORIENTED_EDGE('',*,*,#1974,.T.);
#2712=ORIENTED_EDGE('',*,*,#1975,.T.);
#2713=ORIENTED_EDGE('',*,*,#1976,.F.);
#2714=ORIENTED_EDGE('',*,*,#1977,.F.);
#2715=ORIENTED_EDGE('',*,*,#1978,.F.);
#2716=ORIENTED_EDGE('',*,*,#1979,.F.);
#2717=ORIENTED_EDGE('',*,*,#1903,.T.);
#2718=ORIENTED_EDGE('',*,*,#1980,.F.);
#2719=ORIENTED_EDGE('',*,*,#1981,.T.);
#2720=ORIENTED_EDGE('',*,*,#1907,.F.);
#2721=ORIENTED_EDGE('',*,*,#1982,.F.);
#2722=ORIENTED_EDGE('',*,*,#1983,.F.);
#2723=ORIENTED_EDGE('',*,*,#1984,.F.);
#2724=ORIENTED_EDGE('',*,*,#1910,.F.);
#2725=ORIENTED_EDGE('',*,*,#1906,.T.);
#2726=ORIENTED_EDGE('',*,*,#1985,.T.);
#2727=ORIENTED_EDGE('',*,*,#1986,.T.);
#2728=ORIENTED_EDGE('',*,*,#1987,.T.);
#2729=ORIENTED_EDGE('',*,*,#1988,.T.);
#2730=ORIENTED_EDGE('',*,*,#1989,.T.);
#2731=ORIENTED_EDGE('',*,*,#1983,.T.);
#2732=ORIENTED_EDGE('',*,*,#1990,.T.);
#2733=ORIENTED_EDGE('',*,*,#1991,.T.);
#2734=ORIENTED_EDGE('',*,*,#1980,.T.);
#2735=ORIENTED_EDGE('',*,*,#1992,.T.);
#2736=ORIENTED_EDGE('',*,*,#1993,.T.);
#2737=ORIENTED_EDGE('',*,*,#1994,.T.);
#2738=ORIENTED_EDGE('',*,*,#1995,.T.);
#2739=ORIENTED_EDGE('',*,*,#1996,.T.);
#2740=ORIENTED_EDGE('',*,*,#1997,.T.);
#2741=ORIENTED_EDGE('',*,*,#1998,.T.);
#2742=ORIENTED_EDGE('',*,*,#1999,.T.);
#2743=ORIENTED_EDGE('',*,*,#2000,.T.);
#2744=ORIENTED_EDGE('',*,*,#2001,.T.);
#2745=ORIENTED_EDGE('',*,*,#2002,.T.);
#2746=ORIENTED_EDGE('',*,*,#2003,.T.);
#2747=ORIENTED_EDGE('',*,*,#2004,.T.);
#2748=ORIENTED_EDGE('',*,*,#2005,.T.);
#2749=ORIENTED_EDGE('',*,*,#2006,.T.);
#2750=ORIENTED_EDGE('',*,*,#2007,.T.);
#2751=ORIENTED_EDGE('',*,*,#1982,.T.);
#2752=ORIENTED_EDGE('',*,*,#1909,.F.);
#2753=ORIENTED_EDGE('',*,*,#2008,.F.);
#2754=ORIENTED_EDGE('',*,*,#1990,.F.);
#2755=ORIENTED_EDGE('',*,*,#1908,.F.);
#2756=ORIENTED_EDGE('',*,*,#1981,.F.);
#2757=ORIENTED_EDGE('',*,*,#1991,.F.);
#2758=ORIENTED_EDGE('',*,*,#2008,.T.);
#2759=ORIENTED_EDGE('',*,*,#1912,.F.);
#2760=ORIENTED_EDGE('',*,*,#2009,.F.);
#2761=ORIENTED_EDGE('',*,*,#1988,.F.);
#2762=ORIENTED_EDGE('',*,*,#2010,.T.);
#2763=ORIENTED_EDGE('',*,*,#1913,.F.);
#2764=ORIENTED_EDGE('',*,*,#2010,.F.);
#2765=ORIENTED_EDGE('',*,*,#1987,.F.);
#2766=ORIENTED_EDGE('',*,*,#2011,.F.);
#2767=ORIENTED_EDGE('',*,*,#1984,.T.);
#2768=ORIENTED_EDGE('',*,*,#1989,.F.);
#2769=ORIENTED_EDGE('',*,*,#2009,.T.);
#2770=ORIENTED_EDGE('',*,*,#1911,.F.);
#2771=ORIENTED_EDGE('',*,*,#2011,.T.);
#2772=ORIENTED_EDGE('',*,*,#1986,.F.);
#2773=ORIENTED_EDGE('',*,*,#2012,.F.);
#2774=ORIENTED_EDGE('',*,*,#1914,.F.);
#2775=ORIENTED_EDGE('',*,*,#2013,.F.);
#2776=ORIENTED_EDGE('',*,*,#1964,.F.);
#2777=ORIENTED_EDGE('',*,*,#2014,.F.);
#2778=ORIENTED_EDGE('',*,*,#1960,.F.);
#2779=ORIENTED_EDGE('',*,*,#2015,.F.);
#2780=ORIENTED_EDGE('',*,*,#1956,.F.);
#2781=ORIENTED_EDGE('',*,*,#2016,.T.);
#2782=ORIENTED_EDGE('',*,*,#2001,.F.);
#2783=ORIENTED_EDGE('',*,*,#2017,.F.);
#2784=ORIENTED_EDGE('',*,*,#1965,.F.);
#2785=ORIENTED_EDGE('',*,*,#2013,.T.);
#2786=ORIENTED_EDGE('',*,*,#2000,.F.);
#2787=ORIENTED_EDGE('',*,*,#2018,.F.);
#2788=ORIENTED_EDGE('',*,*,#1947,.F.);
#2789=ORIENTED_EDGE('',*,*,#2019,.T.);
#2790=ORIENTED_EDGE('',*,*,#1997,.F.);
#2791=ORIENTED_EDGE('',*,*,#2020,.F.);
#2792=ORIENTED_EDGE('',*,*,#1936,.F.);
#2793=ORIENTED_EDGE('',*,*,#2021,.F.);
#2794=ORIENTED_EDGE('',*,*,#1952,.F.);
#2795=ORIENTED_EDGE('',*,*,#2022,.F.);
#2796=ORIENTED_EDGE('',*,*,#1948,.F.);
#2797=ORIENTED_EDGE('',*,*,#2018,.T.);
#2798=ORIENTED_EDGE('',*,*,#1996,.F.);
#2799=ORIENTED_EDGE('',*,*,#2023,.F.);
#2800=ORIENTED_EDGE('',*,*,#1916,.F.);
#2801=ORIENTED_EDGE('',*,*,#2024,.F.);
#2802=ORIENTED_EDGE('',*,*,#1932,.F.);
#2803=ORIENTED_EDGE('',*,*,#2025,.F.);
#2804=ORIENTED_EDGE('',*,*,#1928,.F.);
#2805=ORIENTED_EDGE('',*,*,#2026,.T.);
#2806=ORIENTED_EDGE('',*,*,#1993,.F.);
#2807=ORIENTED_EDGE('',*,*,#2027,.F.);
#2808=ORIENTED_EDGE('',*,*,#1917,.F.);
#2809=ORIENTED_EDGE('',*,*,#2023,.T.);
#2810=ORIENTED_EDGE('',*,*,#1992,.F.);
#2811=ORIENTED_EDGE('',*,*,#2026,.F.);
#2812=ORIENTED_EDGE('',*,*,#1927,.F.);
#2813=ORIENTED_EDGE('',*,*,#2028,.T.);
#2814=ORIENTED_EDGE('',*,*,#1994,.F.);
#2815=ORIENTED_EDGE('',*,*,#2028,.F.);
#2816=ORIENTED_EDGE('',*,*,#1926,.F.);
#2817=ORIENTED_EDGE('',*,*,#2029,.F.);
#2818=ORIENTED_EDGE('',*,*,#1922,.F.);
#2819=ORIENTED_EDGE('',*,*,#2030,.F.);
#2820=ORIENTED_EDGE('',*,*,#1918,.F.);
#2821=ORIENTED_EDGE('',*,*,#2027,.T.);
#2822=ORIENTED_EDGE('',*,*,#1995,.F.);
#2823=ORIENTED_EDGE('',*,*,#2031,.F.);
#2824=ORIENTED_EDGE('',*,*,#1937,.F.);
#2825=ORIENTED_EDGE('',*,*,#2020,.T.);
#2826=ORIENTED_EDGE('',*,*,#1999,.F.);
#2827=ORIENTED_EDGE('',*,*,#2019,.F.);
#2828=ORIENTED_EDGE('',*,*,#1946,.F.);
#2829=ORIENTED_EDGE('',*,*,#2032,.F.);
#2830=ORIENTED_EDGE('',*,*,#1942,.F.);
#2831=ORIENTED_EDGE('',*,*,#2033,.F.);
#2832=ORIENTED_EDGE('',*,*,#1938,.F.);
#2833=ORIENTED_EDGE('',*,*,#2031,.T.);
#2834=ORIENTED_EDGE('',*,*,#1998,.F.);
#2835=ORIENTED_EDGE('',*,*,#2016,.F.);
#2836=ORIENTED_EDGE('',*,*,#1975,.F.);
#2837=ORIENTED_EDGE('',*,*,#2034,.T.);
#2838=ORIENTED_EDGE('',*,*,#2002,.F.);
#2839=ORIENTED_EDGE('',*,*,#2034,.F.);
#2840=ORIENTED_EDGE('',*,*,#1974,.F.);
#2841=ORIENTED_EDGE('',*,*,#2035,.F.);
#2842=ORIENTED_EDGE('',*,*,#1970,.F.);
#2843=ORIENTED_EDGE('',*,*,#2036,.F.);
#2844=ORIENTED_EDGE('',*,*,#1966,.F.);
#2845=ORIENTED_EDGE('',*,*,#2017,.T.);
#2846=ORIENTED_EDGE('',*,*,#2003,.F.);
#2847=ORIENTED_EDGE('',*,*,#2030,.T.);
#2848=ORIENTED_EDGE('',*,*,#1921,.F.);
#2849=ORIENTED_EDGE('',*,*,#2037,.F.);
#2850=ORIENTED_EDGE('',*,*,#1919,.F.);
#2851=ORIENTED_EDGE('',*,*,#2029,.T.);
#2852=ORIENTED_EDGE('',*,*,#1925,.F.);
#2853=ORIENTED_EDGE('',*,*,#2038,.T.);
#2854=ORIENTED_EDGE('',*,*,#1923,.F.);
#2855=ORIENTED_EDGE('',*,*,#2033,.T.);
#2856=ORIENTED_EDGE('',*,*,#1941,.F.);
#2857=ORIENTED_EDGE('',*,*,#2039,.F.);
#2858=ORIENTED_EDGE('',*,*,#1939,.F.);
#2859=ORIENTED_EDGE('',*,*,#2032,.T.);
#2860=ORIENTED_EDGE('',*,*,#1945,.F.);
#2861=ORIENTED_EDGE('',*,*,#2040,.T.);
#2862=ORIENTED_EDGE('',*,*,#1943,.F.);
#2863=ORIENTED_EDGE('',*,*,#2035,.T.);
#2864=ORIENTED_EDGE('',*,*,#1973,.F.);
#2865=ORIENTED_EDGE('',*,*,#2041,.F.);
#2866=ORIENTED_EDGE('',*,*,#1971,.F.);
#2867=ORIENTED_EDGE('',*,*,#2015,.T.);
#2868=ORIENTED_EDGE('',*,*,#1959,.F.);
#2869=ORIENTED_EDGE('',*,*,#2042,.T.);
#2870=ORIENTED_EDGE('',*,*,#1957,.F.);
#2871=ORIENTED_EDGE('',*,*,#2036,.T.);
#2872=ORIENTED_EDGE('',*,*,#1969,.F.);
#2873=ORIENTED_EDGE('',*,*,#2043,.T.);
#2874=ORIENTED_EDGE('',*,*,#1967,.F.);
#2875=ORIENTED_EDGE('',*,*,#1934,.F.);
#2876=ORIENTED_EDGE('',*,*,#2044,.F.);
#2877=ORIENTED_EDGE('',*,*,#1920,.F.);
#2878=ORIENTED_EDGE('',*,*,#2037,.T.);
#2879=ORIENTED_EDGE('',*,*,#2024,.T.);
#2880=ORIENTED_EDGE('',*,*,#1935,.F.);
#2881=ORIENTED_EDGE('',*,*,#2044,.T.);
#2882=ORIENTED_EDGE('',*,*,#1933,.F.);
#2883=ORIENTED_EDGE('',*,*,#1930,.F.);
#2884=ORIENTED_EDGE('',*,*,#2045,.T.);
#2885=ORIENTED_EDGE('',*,*,#2025,.T.);
#2886=ORIENTED_EDGE('',*,*,#1931,.F.);
#2887=ORIENTED_EDGE('',*,*,#2045,.F.);
#2888=ORIENTED_EDGE('',*,*,#1929,.F.);
#2889=ORIENTED_EDGE('',*,*,#1924,.F.);
#2890=ORIENTED_EDGE('',*,*,#2038,.F.);
#2891=ORIENTED_EDGE('',*,*,#1954,.F.);
#2892=ORIENTED_EDGE('',*,*,#2046,.F.);
#2893=ORIENTED_EDGE('',*,*,#1940,.F.);
#2894=ORIENTED_EDGE('',*,*,#2039,.T.);
#2895=ORIENTED_EDGE('',*,*,#2021,.T.);
#2896=ORIENTED_EDGE('',*,*,#1955,.F.);
#2897=ORIENTED_EDGE('',*,*,#2046,.T.);
#2898=ORIENTED_EDGE('',*,*,#1953,.F.);
#2899=ORIENTED_EDGE('',*,*,#1944,.F.);
#2900=ORIENTED_EDGE('',*,*,#2040,.F.);
#2901=ORIENTED_EDGE('',*,*,#1950,.F.);
#2902=ORIENTED_EDGE('',*,*,#2047,.T.);
#2903=ORIENTED_EDGE('',*,*,#2022,.T.);
#2904=ORIENTED_EDGE('',*,*,#1951,.F.);
#2905=ORIENTED_EDGE('',*,*,#2047,.F.);
#2906=ORIENTED_EDGE('',*,*,#1949,.F.);
#2907=ORIENTED_EDGE('',*,*,#1958,.F.);
#2908=ORIENTED_EDGE('',*,*,#2042,.F.);
#2909=ORIENTED_EDGE('',*,*,#1972,.F.);
#2910=ORIENTED_EDGE('',*,*,#2041,.T.);
#2911=ORIENTED_EDGE('',*,*,#1968,.F.);
#2912=ORIENTED_EDGE('',*,*,#2043,.F.);
#2913=ORIENTED_EDGE('',*,*,#1962,.F.);
#2914=ORIENTED_EDGE('',*,*,#2048,.T.);
#2915=ORIENTED_EDGE('',*,*,#2014,.T.);
#2916=ORIENTED_EDGE('',*,*,#1963,.F.);
#2917=ORIENTED_EDGE('',*,*,#2048,.F.);
#2918=ORIENTED_EDGE('',*,*,#1961,.F.);
#2919=ORIENTED_EDGE('',*,*,#2007,.F.);
#2920=ORIENTED_EDGE('',*,*,#2049,.T.);
#2921=ORIENTED_EDGE('',*,*,#1979,.T.);
#2922=ORIENTED_EDGE('',*,*,#2049,.F.);
#2923=ORIENTED_EDGE('',*,*,#2006,.F.);
#2924=ORIENTED_EDGE('',*,*,#2050,.T.);
#2925=ORIENTED_EDGE('',*,*,#1978,.T.);
#2926=ORIENTED_EDGE('',*,*,#2050,.F.);
#2927=ORIENTED_EDGE('',*,*,#2005,.F.);
#2928=ORIENTED_EDGE('',*,*,#2051,.T.);
#2929=ORIENTED_EDGE('',*,*,#1977,.T.);
#2930=ORIENTED_EDGE('',*,*,#2051,.F.);
#2931=ORIENTED_EDGE('',*,*,#2004,.F.);
#2932=ORIENTED_EDGE('',*,*,#2052,.T.);
#2933=ORIENTED_EDGE('',*,*,#1976,.T.);
#2934=ORIENTED_EDGE('',*,*,#2052,.F.);
#2935=ORIENTED_EDGE('',*,*,#1905,.T.);
#2936=ORIENTED_EDGE('',*,*,#1915,.F.);
#2937=ORIENTED_EDGE('',*,*,#2012,.T.);
#2938=ORIENTED_EDGE('',*,*,#1985,.F.);
#2939=PLANE('',#3236);
#2940=PLANE('',#3237);
#2941=PLANE('',#3238);
#2942=PLANE('',#3239);
#2943=PLANE('',#3240);
#2944=PLANE('',#3241);
#2945=PLANE('',#3242);
#2946=PLANE('',#3243);
#2947=PLANE('',#3244);
#2948=PLANE('',#3249);
#2949=PLANE('',#3250);
#2950=PLANE('',#3251);
#2951=PLANE('',#3267);
#2952=PLANE('',#3268);
#2953=PLANE('',#3269);
#2954=PLANE('',#3274);
#2955=PLANE('',#3275);
#2956=PLANE('',#3276);
#2957=PLANE('',#3277);
#2958=PLANE('',#3278);
#2959=PLANE('',#3279);
#2960=PLANE('',#3283);
#2961=PLANE('',#3289);
#2962=PLANE('',#3291);
#2963=PLANE('',#3292);
#2964=PLANE('',#3294);
#2965=PLANE('',#3296);
#2966=PLANE('',#3299);
#2967=PLANE('',#3300);
#2968=PLANE('',#3301);
#2969=PLANE('',#3302);
#2970=PLANE('',#3307);
#2971=PLANE('',#3312);
#2972=PLANE('',#3313);
#2973=PLANE('',#3314);
#2974=PLANE('',#3315);
#2975=PLANE('',#3316);
#2976=PLANE('',#3317);
#2977=PLANE('',#3318);
#2978=PLANE('',#3319);
#2979=PLANE('',#3320);
#2980=PLANE('',#3323);
#2981=PLANE('',#3324);
#2982=PLANE('',#3325);
#2983=PLANE('',#3326);
#2984=PLANE('',#3327);
#2985=PLANE('',#3328);
#2986=PLANE('',#3329);
#2987=PLANE('',#3334);
#2988=PLANE('',#3335);
#2989=PLANE('',#3336);
#2990=PLANE('',#3337);
#2991=PLANE('',#3339);
#2992=PLANE('',#3342);
#2993=PLANE('',#3344);
#2994=PLANE('',#3347);
#2995=PLANE('',#3351);
#2996=PLANE('',#3352);
#2997=PLANE('',#3354);
#2998=PLANE('',#3357);
#2999=PLANE('',#3359);
#3000=PLANE('',#3362);
#3001=PLANE('',#3364);
#3002=PLANE('',#3368);
#3003=PLANE('',#3369);
#3004=PLANE('',#3370);
#3005=PLANE('',#3371);
#3006=PLANE('',#3372);
#3007=PLANE('',#3373);
#3008=PLANE('',#3374);
#3009=PLANE('',#3375);
#3010=PLANE('',#3376);
#3011=PLANE('',#3377);
#3012=PLANE('',#3378);
#3013=PLANE('',#3379);
#3014=PLANE('',#3380);
#3015=PLANE('',#3381);
#3016=PLANE('',#3382);
#3017=PLANE('',#3383);
#3018=PLANE('',#3384);
#3019=PLANE('',#3385);
#3020=PLANE('',#3386);
#3021=PLANE('',#3387);
#3022=PLANE('',#3388);
#3023=PLANE('',#3389);
#3024=PLANE('',#3393);
#3025=PLANE('',#3394);
#3026=PLANE('',#3399);
#3027=PLANE('',#3400);
#3028=PLANE('',#3401);
#3029=PLANE('',#3406);
#3030=PLANE('',#3407);
#3031=PLANE('',#3408);
#3032=PLANE('',#3409);
#3033=PLANE('',#3410);
#3034=PLANE('',#3411);
#3035=PLANE('',#3412);
#3036=PLANE('',#3415);
#3037=PLANE('',#3416);
#3038=PLANE('',#3417);
#3039=PLANE('',#3420);
#3040=PLANE('',#3423);
#3041=PLANE('',#3424);
#3042=PLANE('',#3425);
#3043=PLANE('',#3428);
#3044=PLANE('',#3429);
#3045=PLANE('',#3432);
#3046=PLANE('',#3433);
#3047=PLANE('',#3450);
#3048=PLANE('',#3452);
#3049=PLANE('',#3454);
#3050=PLANE('',#3457);
#3051=PLANE('',#3458);
#3052=PLANE('',#3460);
#3053=PLANE('',#3462);
#3054=PLANE('',#3463);
#3055=PLANE('',#3466);
#3056=PLANE('',#3467);
#3057=PLANE('',#3468);
#3058=PLANE('',#3469);
#3059=PLANE('',#3476);
#3060=ADVANCED_FACE('',(#202),#2939,.T.);
#3061=ADVANCED_FACE('',(#203),#2940,.T.);
#3062=ADVANCED_FACE('',(#204),#2941,.T.);
#3063=ADVANCED_FACE('',(#205),#2942,.T.);
#3064=ADVANCED_FACE('',(#206),#2943,.F.);
#3065=ADVANCED_FACE('',(#207),#2944,.T.);
#3066=ADVANCED_FACE('',(#208),#2945,.T.);
#3067=ADVANCED_FACE('',(#209),#2946,.T.);
#3068=ADVANCED_FACE('',(#210,#57,#58,#59,#60,#61,#62,#63,#64),#2947,.F.);
#3069=ADVANCED_FACE('',(#211),#2948,.T.);
#3070=ADVANCED_FACE('',(#212),#2949,.T.);
#3071=ADVANCED_FACE('',(#213,#65),#2950,.T.);
#3072=ADVANCED_FACE('',(#214),#17,.F.);
#3073=ADVANCED_FACE('',(#215),#18,.F.);
#3074=ADVANCED_FACE('',(#216),#19,.F.);
#3075=ADVANCED_FACE('',(#217),#20,.F.);
#3076=ADVANCED_FACE('',(#218),#21,.F.);
#3077=ADVANCED_FACE('',(#219),#2951,.T.);
#3078=ADVANCED_FACE('',(#220,#66,#67,#68,#69,#70),#2952,.F.);
#3079=ADVANCED_FACE('',(#221,#71,#72,#73,#74,#75,#76,#77,#78,#79,#80,#81,
#82),#2953,.T.);
#3080=ADVANCED_FACE('',(#222),#2954,.T.);
#3081=ADVANCED_FACE('',(#223,#83,#84,#85,#86,#87,#88),#2955,.T.);
#3082=ADVANCED_FACE('',(#224),#2956,.T.);
#3083=ADVANCED_FACE('',(#225),#2957,.F.);
#3084=ADVANCED_FACE('',(#226),#2958,.F.);
#3085=ADVANCED_FACE('',(#227),#2959,.T.);
#3086=ADVANCED_FACE('',(#228),#22,.F.);
#3087=ADVANCED_FACE('',(#229,#89,#90,#91,#92,#93,#94),#2960,.F.);
#3088=ADVANCED_FACE('',(#230,#95),#2961,.F.);
#3089=ADVANCED_FACE('',(#231),#2962,.T.);
#3090=ADVANCED_FACE('',(#232),#2963,.T.);
#3091=ADVANCED_FACE('',(#233),#23,.F.);
#3092=ADVANCED_FACE('',(#234),#2964,.F.);
#3093=ADVANCED_FACE('',(#235,#96),#2965,.F.);
#3094=ADVANCED_FACE('',(#236),#24,.F.);
#3095=ADVANCED_FACE('',(#237),#2966,.T.);
#3096=ADVANCED_FACE('',(#238),#2967,.T.);
#3097=ADVANCED_FACE('',(#239),#2968,.T.);
#3098=ADVANCED_FACE('',(#240,#97,#98,#99,#100,#101),#2969,.T.);
#3099=ADVANCED_FACE('',(#241),#2970,.T.);
#3100=ADVANCED_FACE('',(#242),#25,.F.);
#3101=ADVANCED_FACE('',(#243),#26,.F.);
#3102=ADVANCED_FACE('',(#244),#27,.F.);
#3103=ADVANCED_FACE('',(#245),#28,.F.);
#3104=ADVANCED_FACE('',(#246),#2971,.T.);
#3105=ADVANCED_FACE('',(#247),#2972,.T.);
#3106=ADVANCED_FACE('',(#248),#2973,.T.);
#3107=ADVANCED_FACE('',(#249),#2974,.T.);
#3108=ADVANCED_FACE('',(#250),#2975,.T.);
#3109=ADVANCED_FACE('',(#251),#2976,.T.);
#3110=ADVANCED_FACE('',(#252),#2977,.T.);
#3111=ADVANCED_FACE('',(#253),#2978,.T.);
#3112=ADVANCED_FACE('',(#254,#102,#103,#104),#2979,.T.);
#3113=ADVANCED_FACE('',(#255),#2980,.F.);
#3114=ADVANCED_FACE('',(#256),#2981,.T.);
#3115=ADVANCED_FACE('',(#257),#2982,.T.);
#3116=ADVANCED_FACE('',(#258),#2983,.T.);
#3117=ADVANCED_FACE('',(#259),#2984,.T.);
#3118=ADVANCED_FACE('',(#260),#2985,.T.);
#3119=ADVANCED_FACE('',(#261),#2986,.T.);
#3120=ADVANCED_FACE('',(#262),#29,.F.);
#3121=ADVANCED_FACE('',(#263),#30,.F.);
#3122=ADVANCED_FACE('',(#264),#2987,.T.);
#3123=ADVANCED_FACE('',(#265),#2988,.T.);
#3124=ADVANCED_FACE('',(#266,#105,#106,#107),#2989,.F.);
#3125=ADVANCED_FACE('',(#267),#2990,.F.);
#3126=ADVANCED_FACE('',(#268),#2991,.F.);
#3127=ADVANCED_FACE('',(#269),#31,.F.);
#3128=ADVANCED_FACE('',(#270),#2992,.F.);
#3129=ADVANCED_FACE('',(#271),#2993,.F.);
#3130=ADVANCED_FACE('',(#272),#32,.F.);
#3131=ADVANCED_FACE('',(#273),#2994,.F.);
#3132=ADVANCED_FACE('',(#274),#33,.F.);
#3133=ADVANCED_FACE('',(#275),#2995,.F.);
#3134=ADVANCED_FACE('',(#276),#2996,.F.);
#3135=ADVANCED_FACE('',(#277),#2997,.F.);
#3136=ADVANCED_FACE('',(#278),#34,.F.);
#3137=ADVANCED_FACE('',(#279),#2998,.F.);
#3138=ADVANCED_FACE('',(#280),#2999,.F.);
#3139=ADVANCED_FACE('',(#281),#35,.F.);
#3140=ADVANCED_FACE('',(#282),#3000,.F.);
#3141=ADVANCED_FACE('',(#283),#3001,.F.);
#3142=ADVANCED_FACE('',(#284),#36,.F.);
#3143=ADVANCED_FACE('',(#285),#37,.F.);
#3144=ADVANCED_FACE('',(#286),#3002,.F.);
#3145=ADVANCED_FACE('',(#287),#3003,.F.);
#3146=ADVANCED_FACE('',(#288),#3004,.F.);
#3147=ADVANCED_FACE('',(#289),#3005,.F.);
#3148=ADVANCED_FACE('',(#290),#3006,.F.);
#3149=ADVANCED_FACE('',(#291),#3007,.F.);
#3150=ADVANCED_FACE('',(#292),#3008,.F.);
#3151=ADVANCED_FACE('',(#293),#3009,.F.);
#3152=ADVANCED_FACE('',(#294),#3010,.F.);
#3153=ADVANCED_FACE('',(#295),#3011,.F.);
#3154=ADVANCED_FACE('',(#296),#3012,.F.);
#3155=ADVANCED_FACE('',(#297),#3013,.F.);
#3156=ADVANCED_FACE('',(#298),#3014,.F.);
#3157=ADVANCED_FACE('',(#299),#3015,.F.);
#3158=ADVANCED_FACE('',(#300),#3016,.F.);
#3159=ADVANCED_FACE('',(#301),#3017,.F.);
#3160=ADVANCED_FACE('',(#302),#3018,.F.);
#3161=ADVANCED_FACE('',(#303),#3019,.F.);
#3162=ADVANCED_FACE('',(#304),#3020,.F.);
#3163=ADVANCED_FACE('',(#305),#3021,.F.);
#3164=ADVANCED_FACE('',(#306),#3022,.F.);
#3165=ADVANCED_FACE('',(#307),#3023,.F.);
#3166=ADVANCED_FACE('',(#308),#38,.F.);
#3167=ADVANCED_FACE('',(#309),#39,.F.);
#3168=ADVANCED_FACE('',(#310),#40,.F.);
#3169=ADVANCED_FACE('',(#311),#3024,.F.);
#3170=ADVANCED_FACE('',(#312,#108,#109,#110,#111,#112,#113,#114),#3025,
 .F.);
#3171=ADVANCED_FACE('',(#313),#3026,.F.);
#3172=ADVANCED_FACE('',(#314),#3027,.F.);
#3173=ADVANCED_FACE('',(#315,#115,#116,#117,#118,#119,#120,#121),#3028,
 .T.);
#3174=ADVANCED_FACE('',(#316),#3029,.F.);
#3175=ADVANCED_FACE('',(#317),#3030,.F.);
#3176=ADVANCED_FACE('',(#318),#3031,.F.);
#3177=ADVANCED_FACE('',(#319),#3032,.F.);
#3178=ADVANCED_FACE('',(#320),#3033,.F.);
#3179=ADVANCED_FACE('',(#321),#3034,.T.);
#3180=ADVANCED_FACE('',(#322),#3035,.F.);
#3181=ADVANCED_FACE('',(#323),#3036,.F.);
#3182=ADVANCED_FACE('',(#324),#3037,.F.);
#3183=ADVANCED_FACE('',(#325),#3038,.F.);
#3184=ADVANCED_FACE('',(#326),#3039,.F.);
#3185=ADVANCED_FACE('',(#327),#3040,.F.);
#3186=ADVANCED_FACE('',(#328),#3041,.F.);
#3187=ADVANCED_FACE('',(#329),#3042,.F.);
#3188=ADVANCED_FACE('',(#330),#3043,.F.);
#3189=ADVANCED_FACE('',(#331),#3044,.F.);
#3190=ADVANCED_FACE('',(#332),#3045,.F.);
#3191=ADVANCED_FACE('',(#333),#3046,.F.);
#3192=ADVANCED_FACE('',(#334),#41,.F.);
#3193=ADVANCED_FACE('',(#335),#42,.F.);
#3194=ADVANCED_FACE('',(#336),#43,.F.);
#3195=ADVANCED_FACE('',(#337),#44,.F.);
#3196=ADVANCED_FACE('',(#338),#45,.F.);
#3197=ADVANCED_FACE('',(#339),#46,.F.);
#3198=ADVANCED_FACE('',(#340),#47,.F.);
#3199=ADVANCED_FACE('',(#341),#3047,.F.);
#3200=ADVANCED_FACE('',(#342),#3048,.F.);
#3201=ADVANCED_FACE('',(#343),#48,.F.);
#3202=ADVANCED_FACE('',(#344),#3049,.F.);
#3203=ADVANCED_FACE('',(#345),#49,.F.);
#3204=ADVANCED_FACE('',(#346),#3050,.F.);
#3205=ADVANCED_FACE('',(#347),#3051,.F.);
#3206=ADVANCED_FACE('',(#348),#3052,.F.);
#3207=ADVANCED_FACE('',(#349),#50,.F.);
#3208=ADVANCED_FACE('',(#350),#3053,.F.);
#3209=ADVANCED_FACE('',(#351),#3054,.F.);
#3210=ADVANCED_FACE('',(#352),#51,.F.);
#3211=ADVANCED_FACE('',(#353),#3055,.F.);
#3212=ADVANCED_FACE('',(#354),#3056,.F.);
#3213=ADVANCED_FACE('',(#355),#3057,.F.);
#3214=ADVANCED_FACE('',(#356),#3058,.F.);
#3215=ADVANCED_FACE('',(#357),#52,.F.);
#3216=ADVANCED_FACE('',(#358),#53,.F.);
#3217=ADVANCED_FACE('',(#359),#54,.F.);
#3218=ADVANCED_FACE('',(#360),#55,.F.);
#3219=ADVANCED_FACE('',(#361),#56,.F.);
#3220=ADVANCED_FACE('',(#362),#3059,.T.);
#3221=CLOSED_SHELL('',(#3060,#3061,#3062,#3063,#3064,#3065,#3066,#3067,
#3068,#3069,#3070,#3071,#3072,#3073,#3074,#3075,#3076,#3077,#3078,#3079,
#3080,#3081,#3082,#3083,#3084,#3085,#3086,#3087,#3088,#3089,#3090,#3091,
#3092,#3093,#3094,#3095,#3096,#3097,#3098,#3099,#3100,#3101,#3102,#3103,
#3104,#3105,#3106,#3107,#3108,#3109,#3110,#3111,#3112,#3113,#3114,#3115,
#3116,#3117,#3118,#3119,#3120,#3121,#3122,#3123,#3124,#3125,#3126,#3127,
#3128,#3129,#3130,#3131,#3132,#3133,#3134,#3135,#3136,#3137,#3138,#3139,
#3140,#3141,#3142,#3143,#3144,#3145,#3146,#3147,#3148,#3149,#3150,#3151,
#3152,#3153,#3154,#3155,#3156,#3157,#3158,#3159,#3160,#3161,#3162,#3163,
#3164,#3165,#3166,#3167,#3168));
#3222=CLOSED_SHELL('',(#3169,#3170,#3171,#3172,#3173,#3174,#3175,#3176,
#3177,#3178,#3179,#3180,#3181,#3182,#3183,#3184,#3185,#3186,#3187,#3188,
#3189,#3190,#3191,#3192,#3193,#3194,#3195,#3196,#3197,#3198,#3199,#3200,
#3201,#3202,#3203,#3204,#3205,#3206,#3207,#3208,#3209,#3210,#3211,#3212,
#3213,#3214,#3215,#3216,#3217,#3218,#3219,#3220));
#3223=DERIVED_UNIT_ELEMENT(#3225,1.);
#3224=DERIVED_UNIT_ELEMENT(#5229,-3.);
#3225=(
MASS_UNIT()
NAMED_UNIT(*)
SI_UNIT(.KILO.,.GRAM.)
);
#3226=DERIVED_UNIT((#3223,#3224));
#3227=MEASURE_REPRESENTATION_ITEM('density measure',
POSITIVE_RATIO_MEASURE(7850.),#3226);
#3228=PROPERTY_DEFINITION_REPRESENTATION(#3233,#3230);
#3229=PROPERTY_DEFINITION_REPRESENTATION(#3234,#3231);
#3230=REPRESENTATION('material name',(#3232),#5226);
#3231=REPRESENTATION('density',(#3227),#5226);
#3232=DESCRIPTIVE_REPRESENTATION_ITEM('Steel','Steel');
#3233=PROPERTY_DEFINITION('material property','material name',#5236);
#3234=PROPERTY_DEFINITION('material property','density of part',#5236);
#3235=AXIS2_PLACEMENT_3D('',#4324,#3477,#3478);
#3236=AXIS2_PLACEMENT_3D('',#4325,#3479,#3480);
#3237=AXIS2_PLACEMENT_3D('',#4334,#3485,#3486);
#3238=AXIS2_PLACEMENT_3D('',#4343,#3491,#3492);
#3239=AXIS2_PLACEMENT_3D('',#4351,#3497,#3498);
#3240=AXIS2_PLACEMENT_3D('',#4357,#3502,#3503);
#3241=AXIS2_PLACEMENT_3D('',#4363,#3507,#3508);
#3242=AXIS2_PLACEMENT_3D('',#4369,#3512,#3513);
#3243=AXIS2_PLACEMENT_3D('',#4375,#3517,#3518);
#3244=AXIS2_PLACEMENT_3D('',#4378,#3521,#3522);
#3245=AXIS2_PLACEMENT_3D('',#4398,#3533,#3534);
#3246=AXIS2_PLACEMENT_3D('',#4432,#3551,#3552);
#3247=AXIS2_PLACEMENT_3D('',#4434,#3553,#3554);
#3248=AXIS2_PLACEMENT_3D('',#4436,#3555,#3556);
#3249=AXIS2_PLACEMENT_3D('',#4437,#3557,#3558);
#3250=AXIS2_PLACEMENT_3D('',#4441,#3561,#3562);
#3251=AXIS2_PLACEMENT_3D('',#4445,#3565,#3566);
#3252=AXIS2_PLACEMENT_3D('',#4475,#3582,#3583);
#3253=AXIS2_PLACEMENT_3D('',#4477,#3584,#3585);
#3254=AXIS2_PLACEMENT_3D('',#4480,#3587,#3588);
#3255=AXIS2_PLACEMENT_3D('',#4481,#3589,#3590);
#3256=AXIS2_PLACEMENT_3D('',#4483,#3591,#3592);
#3257=AXIS2_PLACEMENT_3D('',#4486,#3594,#3595);
#3258=AXIS2_PLACEMENT_3D('',#4487,#3596,#3597);
#3259=AXIS2_PLACEMENT_3D('',#4489,#3598,#3599);
#3260=AXIS2_PLACEMENT_3D('',#4492,#3601,#3602);
#3261=AXIS2_PLACEMENT_3D('',#4493,#3603,#3604);
#3262=AXIS2_PLACEMENT_3D('',#4495,#3605,#3606);
#3263=AXIS2_PLACEMENT_3D('',#4498,#3608,#3609);
#3264=AXIS2_PLACEMENT_3D('',#4499,#3610,#3611);
#3265=AXIS2_PLACEMENT_3D('',#4501,#3612,#3613);
#3266=AXIS2_PLACEMENT_3D('',#4504,#3615,#3616);
#3267=AXIS2_PLACEMENT_3D('',#4505,#3617,#3618);
#3268=AXIS2_PLACEMENT_3D('',#4511,#3622,#3623);
#3269=AXIS2_PLACEMENT_3D('',#4519,#3628,#3629);
#3270=AXIS2_PLACEMENT_3D('',#4582,#3661,#3662);
#3271=AXIS2_PLACEMENT_3D('',#4596,#3669,#3670);
#3272=AXIS2_PLACEMENT_3D('',#4598,#3671,#3672);
#3273=AXIS2_PLACEMENT_3D('',#4600,#3673,#3674);
#3274=AXIS2_PLACEMENT_3D('',#4601,#3675,#3676);
#3275=AXIS2_PLACEMENT_3D('',#4604,#3679,#3680);
#3276=AXIS2_PLACEMENT_3D('',#4605,#3681,#3682);
#3277=AXIS2_PLACEMENT_3D('',#4609,#3685,#3686);
#3278=AXIS2_PLACEMENT_3D('',#4618,#3691,#3692);
#3279=AXIS2_PLACEMENT_3D('',#4621,#3695,#3696);
#3280=AXIS2_PLACEMENT_3D('',#4631,#3702,#3703);
#3281=AXIS2_PLACEMENT_3D('',#4633,#3704,#3705);
#3282=AXIS2_PLACEMENT_3D('',#4636,#3707,#3708);
#3283=AXIS2_PLACEMENT_3D('',#4637,#3709,#3710);
#3284=AXIS2_PLACEMENT_3D('',#4645,#3715,#3716);
#3285=AXIS2_PLACEMENT_3D('',#4647,#3717,#3718);
#3286=AXIS2_PLACEMENT_3D('',#4649,#3719,#3720);
#3287=AXIS2_PLACEMENT_3D('',#4651,#3721,#3722);
#3288=AXIS2_PLACEMENT_3D('',#4653,#3723,#3724);
#3289=AXIS2_PLACEMENT_3D('',#4654,#3725,#3726);
#3290=AXIS2_PLACEMENT_3D('',#4659,#3729,#3730);
#3291=AXIS2_PLACEMENT_3D('',#4660,#3731,#3732);
#3292=AXIS2_PLACEMENT_3D('',#4662,#3734,#3735);
#3293=AXIS2_PLACEMENT_3D('',#4663,#3736,#3737);
#3294=AXIS2_PLACEMENT_3D('',#4665,#3739,#3740);
#3295=AXIS2_PLACEMENT_3D('',#4667,#3741,#3742);
#3296=AXIS2_PLACEMENT_3D('',#4668,#3743,#3744);
#3297=AXIS2_PLACEMENT_3D('',#4675,#3748,#3749);
#3298=AXIS2_PLACEMENT_3D('',#4676,#3750,#3751);
#3299=AXIS2_PLACEMENT_3D('',#4678,#3753,#3754);
#3300=AXIS2_PLACEMENT_3D('',#4682,#3757,#3758);
#3301=AXIS2_PLACEMENT_3D('',#4686,#3761,#3762);
#3302=AXIS2_PLACEMENT_3D('',#4688,#3764,#3765);
#3303=AXIS2_PLACEMENT_3D('',#4693,#3768,#3769);
#3304=AXIS2_PLACEMENT_3D('',#4695,#3770,#3771);
#3305=AXIS2_PLACEMENT_3D('',#4697,#3772,#3773);
#3306=AXIS2_PLACEMENT_3D('',#4699,#3774,#3775);
#3307=AXIS2_PLACEMENT_3D('',#4700,#3776,#3777);
#3308=AXIS2_PLACEMENT_3D('',#4702,#3779,#3780);
#3309=AXIS2_PLACEMENT_3D('',#4704,#3782,#3783);
#3310=AXIS2_PLACEMENT_3D('',#4706,#3785,#3786);
#3311=AXIS2_PLACEMENT_3D('',#4708,#3788,#3789);
#3312=AXIS2_PLACEMENT_3D('',#4710,#3791,#3792);
#3313=AXIS2_PLACEMENT_3D('',#4711,#3793,#3794);
#3314=AXIS2_PLACEMENT_3D('',#4717,#3798,#3799);
#3315=AXIS2_PLACEMENT_3D('',#4723,#3803,#3804);
#3316=AXIS2_PLACEMENT_3D('',#4725,#3806,#3807);
#3317=AXIS2_PLACEMENT_3D('',#4727,#3809,#3810);
#3318=AXIS2_PLACEMENT_3D('',#4729,#3812,#3813);
#3319=AXIS2_PLACEMENT_3D('',#4743,#3821,#3822);
#3320=AXIS2_PLACEMENT_3D('',#4749,#3826,#3827);
#3321=AXIS2_PLACEMENT_3D('',#4754,#3830,#3831);
#3322=AXIS2_PLACEMENT_3D('',#4756,#3832,#3833);
#3323=AXIS2_PLACEMENT_3D('',#4765,#3838,#3839);
#3324=AXIS2_PLACEMENT_3D('',#4769,#3842,#3843);
#3325=AXIS2_PLACEMENT_3D('',#4771,#3845,#3846);
#3326=AXIS2_PLACEMENT_3D('',#4775,#3849,#3850);
#3327=AXIS2_PLACEMENT_3D('',#4781,#3854,#3855);
#3328=AXIS2_PLACEMENT_3D('',#4785,#3858,#3859);
#3329=AXIS2_PLACEMENT_3D('',#4789,#3862,#3863);
#3330=AXIS2_PLACEMENT_3D('',#4791,#3865,#3866);
#3331=AXIS2_PLACEMENT_3D('',#4794,#3868,#3869);
#3332=AXIS2_PLACEMENT_3D('',#4795,#3870,#3871);
#3333=AXIS2_PLACEMENT_3D('',#4798,#3873,#3874);
#3334=AXIS2_PLACEMENT_3D('',#4799,#3875,#3876);
#3335=AXIS2_PLACEMENT_3D('',#4803,#3879,#3880);
#3336=AXIS2_PLACEMENT_3D('',#4805,#3882,#3883);
#3337=AXIS2_PLACEMENT_3D('',#4806,#3884,#3885);
#3338=AXIS2_PLACEMENT_3D('',#4807,#3886,#3887);
#3339=AXIS2_PLACEMENT_3D('',#4808,#3888,#3889);
#3340=AXIS2_PLACEMENT_3D('',#4809,#3890,#3891);
#3341=AXIS2_PLACEMENT_3D('',#4810,#3892,#3893);
#3342=AXIS2_PLACEMENT_3D('',#4811,#3894,#3895);
#3343=AXIS2_PLACEMENT_3D('',#4812,#3896,#3897);
#3344=AXIS2_PLACEMENT_3D('',#4813,#3898,#3899);
#3345=AXIS2_PLACEMENT_3D('',#4814,#3900,#3901);
#3346=AXIS2_PLACEMENT_3D('',#4815,#3902,#3903);
#3347=AXIS2_PLACEMENT_3D('',#4816,#3904,#3905);
#3348=AXIS2_PLACEMENT_3D('',#4817,#3906,#3907);
#3349=AXIS2_PLACEMENT_3D('',#4818,#3908,#3909);
#3350=AXIS2_PLACEMENT_3D('',#4819,#3910,#3911);
#3351=AXIS2_PLACEMENT_3D('',#4820,#3912,#3913);
#3352=AXIS2_PLACEMENT_3D('',#4821,#3914,#3915);
#3353=AXIS2_PLACEMENT_3D('',#4822,#3916,#3917);
#3354=AXIS2_PLACEMENT_3D('',#4823,#3918,#3919);
#3355=AXIS2_PLACEMENT_3D('',#4824,#3920,#3921);
#3356=AXIS2_PLACEMENT_3D('',#4825,#3922,#3923);
#3357=AXIS2_PLACEMENT_3D('',#4826,#3924,#3925);
#3358=AXIS2_PLACEMENT_3D('',#4827,#3926,#3927);
#3359=AXIS2_PLACEMENT_3D('',#4828,#3928,#3929);
#3360=AXIS2_PLACEMENT_3D('',#4829,#3930,#3931);
#3361=AXIS2_PLACEMENT_3D('',#4830,#3932,#3933);
#3362=AXIS2_PLACEMENT_3D('',#4831,#3934,#3935);
#3363=AXIS2_PLACEMENT_3D('',#4832,#3936,#3937);
#3364=AXIS2_PLACEMENT_3D('',#4833,#3938,#3939);
#3365=AXIS2_PLACEMENT_3D('',#4834,#3940,#3941);
#3366=AXIS2_PLACEMENT_3D('',#4835,#3942,#3943);
#3367=AXIS2_PLACEMENT_3D('',#4836,#3944,#3945);
#3368=AXIS2_PLACEMENT_3D('',#4838,#3947,#3948);
#3369=AXIS2_PLACEMENT_3D('',#4844,#3952,#3953);
#3370=AXIS2_PLACEMENT_3D('',#4850,#3957,#3958);
#3371=AXIS2_PLACEMENT_3D('',#4855,#3962,#3963);
#3372=AXIS2_PLACEMENT_3D('',#4860,#3967,#3968);
#3373=AXIS2_PLACEMENT_3D('',#4869,#3973,#3974);
#3374=AXIS2_PLACEMENT_3D('',#4875,#3978,#3979);
#3375=AXIS2_PLACEMENT_3D('',#4884,#3984,#3985);
#3376=AXIS2_PLACEMENT_3D('',#4890,#3989,#3990);
#3377=AXIS2_PLACEMENT_3D('',#4892,#3992,#3993);
#3378=AXIS2_PLACEMENT_3D('',#4894,#3995,#3996);
#3379=AXIS2_PLACEMENT_3D('',#4895,#3997,#3998);
#3380=AXIS2_PLACEMENT_3D('',#4898,#4001,#4002);
#3381=AXIS2_PLACEMENT_3D('',#4900,#4004,#4005);
#3382=AXIS2_PLACEMENT_3D('',#4902,#4007,#4008);
#3383=AXIS2_PLACEMENT_3D('',#4903,#4009,#4010);
#3384=AXIS2_PLACEMENT_3D('',#4905,#4012,#4013);
#3385=AXIS2_PLACEMENT_3D('',#4907,#4015,#4016);
#3386=AXIS2_PLACEMENT_3D('',#4908,#4017,#4018);
#3387=AXIS2_PLACEMENT_3D('',#4911,#4021,#4022);
#3388=AXIS2_PLACEMENT_3D('',#4913,#4024,#4025);
#3389=AXIS2_PLACEMENT_3D('',#4915,#4027,#4028);
#3390=AXIS2_PLACEMENT_3D('',#4916,#4029,#4030);
#3391=AXIS2_PLACEMENT_3D('',#4918,#4032,#4033);
#3392=AXIS2_PLACEMENT_3D('',#4920,#4035,#4036);
#3393=AXIS2_PLACEMENT_3D('',#4922,#4038,#4039);
#3394=AXIS2_PLACEMENT_3D('',#4931,#4044,#4045);
#3395=AXIS2_PLACEMENT_3D('',#5070,#4115,#4116);
#3396=AXIS2_PLACEMENT_3D('',#5072,#4117,#4118);
#3397=AXIS2_PLACEMENT_3D('',#5074,#4119,#4120);
#3398=AXIS2_PLACEMENT_3D('',#5076,#4121,#4122);
#3399=AXIS2_PLACEMENT_3D('',#5077,#4123,#4124);
#3400=AXIS2_PLACEMENT_3D('',#5081,#4127,#4128);
#3401=AXIS2_PLACEMENT_3D('',#5087,#4132,#4133);
#3402=AXIS2_PLACEMENT_3D('',#5125,#4153,#4154);
#3403=AXIS2_PLACEMENT_3D('',#5127,#4155,#4156);
#3404=AXIS2_PLACEMENT_3D('',#5129,#4157,#4158);
#3405=AXIS2_PLACEMENT_3D('',#5131,#4159,#4160);
#3406=AXIS2_PLACEMENT_3D('',#5132,#4161,#4162);
#3407=AXIS2_PLACEMENT_3D('',#5134,#4164,#4165);
#3408=AXIS2_PLACEMENT_3D('',#5135,#4166,#4167);
#3409=AXIS2_PLACEMENT_3D('',#5138,#4170,#4171);
#3410=AXIS2_PLACEMENT_3D('',#5140,#4173,#4174);
#3411=AXIS2_PLACEMENT_3D('',#5141,#4175,#4176);
#3412=AXIS2_PLACEMENT_3D('',#5143,#4178,#4179);
#3413=AXIS2_PLACEMENT_3D('',#5145,#4181,#4182);
#3414=AXIS2_PLACEMENT_3D('',#5146,#4183,#4184);
#3415=AXIS2_PLACEMENT_3D('',#5148,#4186,#4187);
#3416=AXIS2_PLACEMENT_3D('',#5150,#4189,#4190);
#3417=AXIS2_PLACEMENT_3D('',#5153,#4193,#4194);
#3418=AXIS2_PLACEMENT_3D('',#5155,#4196,#4197);
#3419=AXIS2_PLACEMENT_3D('',#5156,#4198,#4199);
#3420=AXIS2_PLACEMENT_3D('',#5157,#4200,#4201);
#3421=AXIS2_PLACEMENT_3D('',#5159,#4203,#4204);
#3422=AXIS2_PLACEMENT_3D('',#5160,#4205,#4206);
#3423=AXIS2_PLACEMENT_3D('',#5162,#4208,#4209);
#3424=AXIS2_PLACEMENT_3D('',#5164,#4211,#4212);
#3425=AXIS2_PLACEMENT_3D('',#5166,#4214,#4215);
#3426=AXIS2_PLACEMENT_3D('',#5167,#4216,#4217);
#3427=AXIS2_PLACEMENT_3D('',#5168,#4218,#4219);
#3428=AXIS2_PLACEMENT_3D('',#5169,#4220,#4221);
#3429=AXIS2_PLACEMENT_3D('',#5171,#4223,#4224);
#3430=AXIS2_PLACEMENT_3D('',#5172,#4225,#4226);
#3431=AXIS2_PLACEMENT_3D('',#5173,#4227,#4228);
#3432=AXIS2_PLACEMENT_3D('',#5174,#4229,#4230);
#3433=AXIS2_PLACEMENT_3D('',#5176,#4232,#4233);
#3434=AXIS2_PLACEMENT_3D('',#5177,#4234,#4235);
#3435=AXIS2_PLACEMENT_3D('',#5178,#4236,#4237);
#3436=AXIS2_PLACEMENT_3D('',#5179,#4238,#4239);
#3437=AXIS2_PLACEMENT_3D('',#5180,#4240,#4241);
#3438=AXIS2_PLACEMENT_3D('',#5181,#4242,#4243);
#3439=AXIS2_PLACEMENT_3D('',#5182,#4244,#4245);
#3440=AXIS2_PLACEMENT_3D('',#5183,#4246,#4247);
#3441=AXIS2_PLACEMENT_3D('',#5184,#4248,#4249);
#3442=AXIS2_PLACEMENT_3D('',#5185,#4250,#4251);
#3443=AXIS2_PLACEMENT_3D('',#5186,#4252,#4253);
#3444=AXIS2_PLACEMENT_3D('',#5187,#4254,#4255);
#3445=AXIS2_PLACEMENT_3D('',#5188,#4256,#4257);
#3446=AXIS2_PLACEMENT_3D('',#5189,#4258,#4259);
#3447=AXIS2_PLACEMENT_3D('',#5190,#4260,#4261);
#3448=AXIS2_PLACEMENT_3D('',#5191,#4262,#4263);
#3449=AXIS2_PLACEMENT_3D('',#5192,#4264,#4265);
#3450=AXIS2_PLACEMENT_3D('',#5193,#4266,#4267);
#3451=AXIS2_PLACEMENT_3D('',#5194,#4268,#4269);
#3452=AXIS2_PLACEMENT_3D('',#5195,#4270,#4271);
#3453=AXIS2_PLACEMENT_3D('',#5196,#4272,#4273);
#3454=AXIS2_PLACEMENT_3D('',#5197,#4274,#4275);
#3455=AXIS2_PLACEMENT_3D('',#5198,#4276,#4277);
#3456=AXIS2_PLACEMENT_3D('',#5199,#4278,#4279);
#3457=AXIS2_PLACEMENT_3D('',#5200,#4280,#4281);
#3458=AXIS2_PLACEMENT_3D('',#5201,#4282,#4283);
#3459=AXIS2_PLACEMENT_3D('',#5202,#4284,#4285);
#3460=AXIS2_PLACEMENT_3D('',#5203,#4286,#4287);
#3461=AXIS2_PLACEMENT_3D('',#5204,#4288,#4289);
#3462=AXIS2_PLACEMENT_3D('',#5205,#4290,#4291);
#3463=AXIS2_PLACEMENT_3D('',#5206,#4292,#4293);
#3464=AXIS2_PLACEMENT_3D('',#5207,#4294,#4295);
#3465=AXIS2_PLACEMENT_3D('',#5208,#4296,#4297);
#3466=AXIS2_PLACEMENT_3D('',#5209,#4298,#4299);
#3467=AXIS2_PLACEMENT_3D('',#5210,#4300,#4301);
#3468=AXIS2_PLACEMENT_3D('',#5211,#4302,#4303);
#3469=AXIS2_PLACEMENT_3D('',#5212,#4304,#4305);
#3470=AXIS2_PLACEMENT_3D('',#5213,#4306,#4307);
#3471=AXIS2_PLACEMENT_3D('',#5214,#4308,#4309);
#3472=AXIS2_PLACEMENT_3D('',#5215,#4310,#4311);
#3473=AXIS2_PLACEMENT_3D('',#5217,#4313,#4314);
#3474=AXIS2_PLACEMENT_3D('',#5219,#4316,#4317);
#3475=AXIS2_PLACEMENT_3D('',#5221,#4319,#4320);
#3476=AXIS2_PLACEMENT_3D('',#5223,#4322,#4323);
#3477=DIRECTION('axis',(0.,0.,1.));
#3478=DIRECTION('refdir',(1.,0.,0.));
#3479=DIRECTION('center_axis',(-3.14533467427464E-72,0.,-1.));
#3480=DIRECTION('ref_axis',(-1.,-2.298455888203E-24,3.14533467427464E-72));
#3481=DIRECTION('',(1.,1.33324164559907E-24,-1.82448190483583E-72));
#3482=DIRECTION('',(0.,1.,0.));
#3483=DIRECTION('',(1.,2.08166817117217E-16,-3.14533467427464E-72));
#3484=DIRECTION('',(0.,1.,0.));
#3485=DIRECTION('center_axis',(0.,0.,1.));
#3486=DIRECTION('ref_axis',(-1.,0.,0.));
#3487=DIRECTION('',(0.,1.,0.));
#3488=DIRECTION('',(-1.,0.,0.));
#3489=DIRECTION('',(0.,-1.,0.));
#3490=DIRECTION('',(-1.,0.,0.));
#3491=DIRECTION('center_axis',(0.,0.,1.));
#3492=DIRECTION('ref_axis',(1.,0.,0.));
#3493=DIRECTION('',(0.,-1.,0.));
#3494=DIRECTION('',(1.,0.,0.));
#3495=DIRECTION('',(0.,1.,1.36845553156721E-48));
#3496=DIRECTION('',(-1.,0.,0.));
#3497=DIRECTION('center_axis',(0.,1.,0.));
#3498=DIRECTION('ref_axis',(0.,0.,1.));
#3499=DIRECTION('',(0.,0.,1.));
#3500=DIRECTION('',(1.,0.,0.));
#3501=DIRECTION('',(0.,0.,-1.));
#3502=DIRECTION('center_axis',(2.50739001174979E-25,1.,-5.23736844195214E-26));
#3503=DIRECTION('ref_axis',(-1.,2.50739001174979E-25,-3.43125173137539E-73));
#3504=DIRECTION('',(0.,1.36845553156722E-48,1.));
#3505=DIRECTION('',(-1.,2.50739001174979E-25,-4.57500234525477E-73));
#3506=DIRECTION('',(0.,-7.59815155075704E-25,-1.));
#3507=DIRECTION('center_axis',(-4.57500234525476E-73,0.,1.));
#3508=DIRECTION('ref_axis',(1.,-3.34318670919124E-25,4.57500234525477E-73));
#3509=DIRECTION('',(0.,1.,0.));
#3510=DIRECTION('',(-1.,-2.08166817117217E-16,-4.57500234525477E-73));
#3511=DIRECTION('',(0.,1.,0.));
#3512=DIRECTION('center_axis',(0.,0.,-1.));
#3513=DIRECTION('ref_axis',(-1.,0.,0.));
#3514=DIRECTION('',(1.,2.08166817117217E-16,0.));
#3515=DIRECTION('',(0.,1.,0.));
#3516=DIRECTION('',(0.,1.,0.));
#3517=DIRECTION('center_axis',(1.,0.,0.));
#3518=DIRECTION('ref_axis',(0.,-1.36845553156722E-48,-1.));
#3519=DIRECTION('',(0.,3.85737041365572E-33,1.));
#3520=DIRECTION('',(0.,-4.3096047557585E-24,1.));
#3521=DIRECTION('center_axis',(2.08166817117217E-16,-1.,3.85737041365572E-33));
#3522=DIRECTION('ref_axis',(1.,2.08166817117217E-16,0.));
#3523=DIRECTION('',(0.,0.,1.));
#3524=DIRECTION('',(-1.,-2.08166817117217E-16,0.));
#3525=DIRECTION('',(0.,0.,-1.));
#3526=DIRECTION('',(-1.,-2.08166817117217E-16,-3.42589384908962E-33));
#3527=DIRECTION('',(0.,3.85737041365572E-33,1.));
#3528=DIRECTION('',(1.,2.08166817117217E-16,0.));
#3529=DIRECTION('',(0.,0.,-1.));
#3530=DIRECTION('',(-1.,-2.08166817117217E-16,0.));
#3531=DIRECTION('',(0.,0.,1.));
#3532=DIRECTION('',(0.,0.,1.));
#3533=DIRECTION('center_axis',(2.08166817117217E-16,-1.,3.85737041365572E-33));
#3534=DIRECTION('ref_axis',(-1.,-2.05596856412066E-16,0.));
#3535=DIRECTION('',(8.02976521452833E-49,-3.85737041365572E-33,-1.));
#3536=DIRECTION('',(1.,2.08166817117217E-16,0.));
#3537=DIRECTION('',(-8.02976521452833E-49,3.85737041365572E-33,1.));
#3538=DIRECTION('',(-1.,-2.08166817117217E-16,0.));
#3539=DIRECTION('',(1.,2.08166817117217E-16,0.));
#3540=DIRECTION('',(3.70074341541719E-16,8.08945681891452E-32,1.));
#3541=DIRECTION('',(-1.,-2.08166817117217E-16,4.93432455388958E-16));
#3542=DIRECTION('',(-4.93432455388958E-16,-1.06573634114308E-31,-1.));
#3543=DIRECTION('',(8.02976521452833E-49,-3.85737041365572E-33,-1.));
#3544=DIRECTION('',(1.,2.08166817117217E-16,0.));
#3545=DIRECTION('',(-8.02976521452833E-49,3.85737041365572E-33,1.));
#3546=DIRECTION('',(-1.,-2.08166817117217E-16,0.));
#3547=DIRECTION('',(1.,2.08166817117217E-16,0.));
#3548=DIRECTION('',(4.93432455388958E-16,1.06573634114308E-31,1.));
#3549=DIRECTION('',(-1.,-2.08166817117217E-16,4.93432455388958E-16));
#3550=DIRECTION('',(-3.70074341541719E-16,-8.08945681891451E-32,-1.));
#3551=DIRECTION('center_axis',(2.08166817117217E-16,-1.,3.85737041365572E-33));
#3552=DIRECTION('ref_axis',(1.,2.08166817117217E-16,0.));
#3553=DIRECTION('center_axis',(2.08166817117217E-16,-1.,3.85737041365572E-33));
#3554=DIRECTION('ref_axis',(1.,2.08166817117217E-16,0.));
#3555=DIRECTION('center_axis',(2.08166817117217E-16,-1.,3.85737041365572E-33));
#3556=DIRECTION('ref_axis',(1.,2.08166817117217E-16,0.));
#3557=DIRECTION('center_axis',(1.,0.,0.));
#3558=DIRECTION('ref_axis',(0.,1.,1.36845553156721E-48));
#3559=DIRECTION('',(0.,-1.,0.));
#3560=DIRECTION('',(0.,0.,1.));
#3561=DIRECTION('center_axis',(0.,-1.,0.));
#3562=DIRECTION('ref_axis',(1.,0.,0.));
#3563=DIRECTION('',(-1.,0.,0.));
#3564=DIRECTION('',(0.,0.,1.));
#3565=DIRECTION('center_axis',(0.,0.,1.));
#3566=DIRECTION('ref_axis',(1.,0.,0.));
#3567=DIRECTION('',(0.,-1.,0.));
#3568=DIRECTION('',(-1.,0.,0.));
#3569=DIRECTION('',(0.,-1.,0.));
#3570=DIRECTION('',(1.,0.,0.));
#3571=DIRECTION('',(6.13577079046537E-115,-1.,0.));
#3572=DIRECTION('',(1.,0.,0.));
#3573=DIRECTION('',(6.13577079046537E-115,-1.,0.));
#3574=DIRECTION('',(1.,1.07699466900072E-247,0.));
#3575=DIRECTION('',(0.,1.,0.));
#3576=DIRECTION('',(1.,1.20736753927986E-15,0.));
#3577=DIRECTION('',(1.11022302462516E-15,-1.,0.));
#3578=DIRECTION('',(-1.,-1.20736753927986E-15,0.));
#3579=DIRECTION('',(0.,1.,0.));
#3580=DIRECTION('',(-1.,1.57772181044202E-30,0.));
#3581=DIRECTION('',(0.,1.,0.));
#3582=DIRECTION('center_axis',(-1.,0.,3.27119284041341E-16));
#3583=DIRECTION('ref_axis',(0.,-1.,8.51192252206862E-33));
#3584=DIRECTION('center_axis',(-1.,-2.56585412168846E-49,3.19189119579732E-16));
#3585=DIRECTION('ref_axis',(0.,-1.,8.51192252206862E-33));
#3586=DIRECTION('',(-1.,0.,3.27119284041341E-16));
#3587=DIRECTION('center_axis',(1.,0.,0.));
#3588=DIRECTION('ref_axis',(0.,-1.,8.51192252206862E-33));
#3589=DIRECTION('center_axis',(-1.,0.,3.1720657846433E-16));
#3590=DIRECTION('ref_axis',(0.,-1.,8.25398547594532E-33));
#3591=DIRECTION('center_axis',(-1.,-2.56585412168846E-49,3.19189119579732E-16));
#3592=DIRECTION('ref_axis',(0.,-1.,8.25398547594532E-33));
#3593=DIRECTION('',(-1.,0.,3.1720657846433E-16));
#3594=DIRECTION('center_axis',(1.,0.,0.));
#3595=DIRECTION('ref_axis',(0.,-1.,8.25398547594532E-33));
#3596=DIRECTION('center_axis',(-1.,0.,3.27119284041341E-16));
#3597=DIRECTION('ref_axis',(0.,-1.,8.51192252206862E-33));
#3598=DIRECTION('center_axis',(-1.,-2.56585412168846E-49,3.19189119579732E-16));
#3599=DIRECTION('ref_axis',(0.,-1.,8.51192252206862E-33));
#3600=DIRECTION('',(-1.,0.,3.27119284041341E-16));
#3601=DIRECTION('center_axis',(1.,0.,0.));
#3602=DIRECTION('ref_axis',(0.,-1.,8.51192252206862E-33));
#3603=DIRECTION('center_axis',(-1.,0.,3.1720657846433E-16));
#3604=DIRECTION('ref_axis',(0.,-1.,8.25398547594532E-33));
#3605=DIRECTION('center_axis',(-1.,-2.56585412168846E-49,3.19189119579732E-16));
#3606=DIRECTION('ref_axis',(0.,-1.,8.25398547594532E-33));
#3607=DIRECTION('',(-1.,0.,3.1720657846433E-16));
#3608=DIRECTION('center_axis',(1.,0.,0.));
#3609=DIRECTION('ref_axis',(0.,-1.,8.25398547594532E-33));
#3610=DIRECTION('center_axis',(-1.,0.,3.1720657846433E-16));
#3611=DIRECTION('ref_axis',(0.,-1.,8.25398547594532E-33));
#3612=DIRECTION('center_axis',(-1.,-2.56585412168846E-49,3.19189119579732E-16));
#3613=DIRECTION('ref_axis',(0.,-1.,8.25398547594532E-33));
#3614=DIRECTION('',(-1.,0.,3.1720657846433E-16));
#3615=DIRECTION('center_axis',(1.,0.,0.));
#3616=DIRECTION('ref_axis',(0.,-1.,8.25398547594532E-33));
#3617=DIRECTION('center_axis',(0.,-1.,0.));
#3618=DIRECTION('ref_axis',(0.,0.,-1.));
#3619=DIRECTION('',(0.,0.,-1.));
#3620=DIRECTION('',(1.,0.,0.));
#3621=DIRECTION('',(3.19189119579732E-16,0.,1.));
#3622=DIRECTION('center_axis',(-1.,-2.56585412168846E-49,3.19189119579732E-16));
#3623=DIRECTION('ref_axis',(3.19189119579732E-16,0.,1.));
#3624=DIRECTION('',(-2.56585412168846E-49,1.,0.));
#3625=DIRECTION('',(-3.19189119579732E-16,0.,-1.));
#3626=DIRECTION('',(-2.56585412168846E-49,1.,0.));
#3627=DIRECTION('',(-3.19189119579732E-16,2.92142822128861E-83,-1.));
#3628=DIRECTION('center_axis',(3.01248069353123E-83,-1.,-2.92142822128861E-83));
#3629=DIRECTION('ref_axis',(1.,3.01248069353123E-83,0.));
#3630=DIRECTION('',(-1.,-3.01248069353123E-83,0.));
#3631=DIRECTION('',(0.,0.,-1.));
#3632=DIRECTION('',(-1.,-3.01248069353123E-83,0.));
#3633=DIRECTION('',(0.,0.,1.));
#3634=DIRECTION('',(-1.,-3.01248069353123E-83,0.));
#3635=DIRECTION('',(0.,2.92142822128861E-83,-1.));
#3636=DIRECTION('',(-1.,-3.01248069353123E-83,0.));
#3637=DIRECTION('',(0.64278760968654,4.17432911911089E-83,-0.766044443118978));
#3638=DIRECTION('',(-0.766044443118978,0.,-0.64278760968654));
#3639=DIRECTION('',(-0.64278760968654,-4.17432911911089E-83,0.766044443118978));
#3640=DIRECTION('',(0.766044443118978,0.,0.64278760968654));
#3641=DIRECTION('',(0.642787609686539,4.17432911911089E-83,-0.766044443118978));
#3642=DIRECTION('',(-0.766044443118978,0.,-0.642787609686539));
#3643=DIRECTION('',(-0.642787609686539,-4.17432911911089E-83,0.766044443118978));
#3644=DIRECTION('',(0.766044443118978,0.,0.642787609686539));
#3645=DIRECTION('',(-0.766044443118978,0.,0.642787609686539));
#3646=DIRECTION('',(0.642787609686539,-3.01558590667312E-84,0.766044443118978));
#3647=DIRECTION('',(0.766044443118978,0.,-0.642787609686539));
#3648=DIRECTION('',(-0.642787609686539,3.01558590667312E-84,-0.766044443118978));
#3649=DIRECTION('',(-0.64278760968654,3.0155859066731E-84,-0.766044443118978));
#3650=DIRECTION('',(-0.766044443118978,0.,0.64278760968654));
#3651=DIRECTION('',(0.64278760968654,-3.0155859066731E-84,0.766044443118978));
#3652=DIRECTION('',(0.766044443118978,0.,-0.64278760968654));
#3653=DIRECTION('',(-1.,-3.01248069353123E-83,-5.55111512312578E-17));
#3654=DIRECTION('',(-5.55111512312578E-17,0.,1.));
#3655=DIRECTION('',(1.,3.01248069353123E-83,5.55111512312578E-17));
#3656=DIRECTION('',(5.55111512312578E-17,0.,-1.));
#3657=DIRECTION('',(1.,3.01248069353123E-83,-1.11022302462516E-16));
#3658=DIRECTION('',(-1.11022302462516E-16,0.,-1.));
#3659=DIRECTION('',(-1.,-3.01248069353123E-83,1.11022302462516E-16));
#3660=DIRECTION('',(1.11022302462516E-16,0.,1.));
#3661=DIRECTION('center_axis',(-3.01248069353123E-83,1.,2.92142822128861E-83));
#3662=DIRECTION('ref_axis',(-1.,-2.05596856412066E-16,0.));
#3663=DIRECTION('',(0.707106781186549,4.19590723261242E-83,-0.707106781186546));
#3664=DIRECTION('',(-1.,0.,0.));
#3665=DIRECTION('',(-2.93561308918242E-50,0.,1.));
#3666=DIRECTION('',(-2.59024684339622E-50,0.,-1.));
#3667=DIRECTION('',(-1.,0.,0.));
#3668=DIRECTION('',(0.707106781186549,6.43838205665652E-85,0.707106781186546));
#3669=DIRECTION('center_axis',(0.,1.,0.));
#3670=DIRECTION('ref_axis',(1.,0.,0.));
#3671=DIRECTION('center_axis',(0.,1.,-6.84227765783602E-49));
#3672=DIRECTION('ref_axis',(1.,0.,0.));
#3673=DIRECTION('center_axis',(0.,1.,0.));
#3674=DIRECTION('ref_axis',(1.,0.,0.));
#3675=DIRECTION('center_axis',(0.,0.,-1.));
#3676=DIRECTION('ref_axis',(-1.,0.,0.));
#3677=DIRECTION('',(0.,-1.,0.));
#3678=DIRECTION('',(-2.77555756156289E-16,1.,0.));
#3679=DIRECTION('center_axis',(-1.,0.,0.));
#3680=DIRECTION('ref_axis',(0.,0.,1.));
#3681=DIRECTION('center_axis',(0.,0.,-1.));
#3682=DIRECTION('ref_axis',(1.,0.,0.));
#3683=DIRECTION('',(0.,-1.,0.));
#3684=DIRECTION('',(-1.,0.,0.));
#3685=DIRECTION('center_axis',(0.,0.,1.));
#3686=DIRECTION('ref_axis',(1.,0.,0.));
#3687=DIRECTION('',(1.,1.20736753927986E-15,0.));
#3688=DIRECTION('',(0.,1.,0.));
#3689=DIRECTION('',(1.,-1.57772181044202E-30,0.));
#3690=DIRECTION('',(0.,1.,0.));
#3691=DIRECTION('center_axis',(-1.,0.,2.39154510204301E-16));
#3692=DIRECTION('ref_axis',(2.39154510204301E-16,0.,1.));
#3693=DIRECTION('',(2.39154510204301E-16,-1.23330270910431E-29,1.));
#3694=DIRECTION('',(2.39154510204301E-16,-9.46633086265214E-30,1.));
#3695=DIRECTION('center_axis',(1.,0.,1.49546835444041E-59));
#3696=DIRECTION('ref_axis',(1.49546835444041E-59,9.47865678564354E-30,-1.));
#3697=DIRECTION('',(1.49546835444041E-59,1.26217744835362E-29,-1.));
#3698=DIRECTION('',(4.77190605212293E-148,-1.,-3.19091075244352E-89));
#3699=DIRECTION('',(-1.49546835444041E-59,-1.26217744835362E-29,1.));
#3700=DIRECTION('',(0.,1.,0.));
#3701=DIRECTION('',(1.49546835444041E-59,9.47865678564354E-30,-1.));
#3702=DIRECTION('center_axis',(-1.11022302462516E-15,1.,0.));
#3703=DIRECTION('ref_axis',(1.,1.11022302462516E-15,2.87411689513543E-74));
#3704=DIRECTION('center_axis',(1.20736753927986E-15,-1.,-1.26217744835362E-29));
#3705=DIRECTION('ref_axis',(1.,1.20736753927986E-15,2.87411689513543E-74));
#3706=DIRECTION('',(1.11022302462516E-15,-1.,0.));
#3707=DIRECTION('center_axis',(1.20736753927986E-15,-1.,-1.26217744835362E-29));
#3708=DIRECTION('ref_axis',(1.,1.11022302462516E-15,2.87411689513543E-74));
#3709=DIRECTION('center_axis',(1.20736753927986E-15,-1.,-1.26217744835362E-29));
#3710=DIRECTION('ref_axis',(1.,1.20736753927986E-15,2.87411689513543E-74));
#3711=DIRECTION('',(1.49352366668667E-59,1.26217744835362E-29,-1.));
#3712=DIRECTION('',(-1.,-1.20736753927986E-15,0.));
#3713=DIRECTION('',(1.,1.20736753927986E-15,2.87411689513543E-74));
#3714=DIRECTION('',(-1.52391207995324E-44,1.26217744835362E-29,-1.));
#3715=DIRECTION('center_axis',(-1.20736753927986E-15,1.,1.26217744835362E-29));
#3716=DIRECTION('ref_axis',(-1.,0.,0.));
#3717=DIRECTION('center_axis',(1.20736753927986E-15,-1.,-1.26217744835362E-29));
#3718=DIRECTION('ref_axis',(1.,1.20736753927986E-15,2.87411689513543E-74));
#3719=DIRECTION('center_axis',(1.20736753927986E-15,-1.,-1.26217744835362E-29));
#3720=DIRECTION('ref_axis',(1.,1.20736753927986E-15,2.87411689513543E-74));
#3721=DIRECTION('center_axis',(1.20736753927986E-15,-1.,-1.26217744835362E-29));
#3722=DIRECTION('ref_axis',(1.,1.20736753927986E-15,2.87411689513543E-74));
#3723=DIRECTION('center_axis',(1.20736753927986E-15,-1.,-1.26217744835362E-29));
#3724=DIRECTION('ref_axis',(1.,1.20736753927986E-15,2.87411689513543E-74));
#3725=DIRECTION('center_axis',(1.57772181044202E-30,1.,9.46633086265214E-30));
#3726=DIRECTION('ref_axis',(-1.,1.57772181044202E-30,0.));
#3727=DIRECTION('',(1.,-1.57772181044202E-30,0.));
#3728=DIRECTION('',(-1.49352366668667E-59,-9.46633086265214E-30,1.));
#3729=DIRECTION('center_axis',(-1.57772181044202E-30,-1.,-9.46633086265214E-30));
#3730=DIRECTION('ref_axis',(-1.,1.57772181044202E-30,0.));
#3731=DIRECTION('center_axis',(0.,0.,1.));
#3732=DIRECTION('ref_axis',(1.,-1.57772181044202E-30,0.));
#3733=DIRECTION('',(0.,1.,0.));
#3734=DIRECTION('center_axis',(-1.,0.,-1.49352366668667E-59));
#3735=DIRECTION('ref_axis',(-1.49352366668667E-59,-9.46633086265214E-30,
1.));
#3736=DIRECTION('center_axis',(0.,1.,0.));
#3737=DIRECTION('ref_axis',(-1.,0.,0.));
#3738=DIRECTION('',(0.,-1.,0.));
#3739=DIRECTION('center_axis',(-1.,0.,0.));
#3740=DIRECTION('ref_axis',(0.,-1.,0.));
#3741=DIRECTION('center_axis',(-1.,0.,0.));
#3742=DIRECTION('ref_axis',(0.,-1.,0.));
#3743=DIRECTION('center_axis',(-1.,-6.13577079046537E-115,-9.04218866805649E-115));
#3744=DIRECTION('ref_axis',(6.13577079046537E-115,-1.,0.));
#3745=DIRECTION('',(-2.6843997208286E-115,0.,1.));
#3746=DIRECTION('',(6.13577079046537E-115,-1.,0.));
#3747=DIRECTION('',(0.,0.,-1.));
#3748=DIRECTION('center_axis',(-1.,0.,0.));
#3749=DIRECTION('ref_axis',(0.,-1.,0.));
#3750=DIRECTION('center_axis',(-1.,0.,0.));
#3751=DIRECTION('ref_axis',(0.,-1.,0.));
#3752=DIRECTION('',(1.,0.,0.));
#3753=DIRECTION('center_axis',(0.,1.,0.));
#3754=DIRECTION('ref_axis',(2.6843997208286E-115,0.,-1.));
#3755=DIRECTION('',(2.6843997208286E-115,0.,-1.));
#3756=DIRECTION('',(-1.,0.,0.));
#3757=DIRECTION('center_axis',(0.,0.,1.));
#3758=DIRECTION('ref_axis',(-6.13577079046537E-115,1.,0.));
#3759=DIRECTION('',(-6.13577079046537E-115,1.,0.));
#3760=DIRECTION('',(-1.,0.,0.));
#3761=DIRECTION('center_axis',(-1.,-6.13577079046537E-115,-9.04218866805649E-115));
#3762=DIRECTION('ref_axis',(6.13577079046537E-115,-1.,0.));
#3763=DIRECTION('',(0.,0.,-1.));
#3764=DIRECTION('center_axis',(1.20736753927986E-15,-1.,-1.26217744835362E-29));
#3765=DIRECTION('ref_axis',(1.,1.20736753927986E-15,2.87411689513543E-74));
#3766=DIRECTION('',(1.52391207995324E-44,-1.26217744835362E-29,1.));
#3767=DIRECTION('',(-1.,-1.20736753927986E-15,-2.87411689513543E-74));
#3768=DIRECTION('center_axis',(-1.20736753927986E-15,1.,1.26217744835362E-29));
#3769=DIRECTION('ref_axis',(1.,1.20736753927986E-15,2.87411689513543E-74));
#3770=DIRECTION('center_axis',(-1.20736753927986E-15,1.,1.26217744835362E-29));
#3771=DIRECTION('ref_axis',(1.,1.20736753927986E-15,2.87411689513543E-74));
#3772=DIRECTION('center_axis',(-1.20736753927986E-15,1.,1.26217744835362E-29));
#3773=DIRECTION('ref_axis',(1.,1.20736753927986E-15,2.87411689513543E-74));
#3774=DIRECTION('center_axis',(-1.20736753927986E-15,1.,1.26217744835362E-29));
#3775=DIRECTION('ref_axis',(1.,1.20736753927986E-15,2.87411689513543E-74));
#3776=DIRECTION('center_axis',(1.,1.11022302462516E-15,-1.22613615628424E-45));
#3777=DIRECTION('ref_axis',(-1.52391207995324E-44,1.26217744835362E-29,
-1.));
#3778=DIRECTION('',(-1.11022302462516E-15,1.,0.));
#3779=DIRECTION('center_axis',(-1.11022302462516E-15,1.,0.));
#3780=DIRECTION('ref_axis',(1.,1.11022302462516E-15,2.87411689513543E-74));
#3781=DIRECTION('',(1.11022302462516E-15,-1.,0.));
#3782=DIRECTION('center_axis',(-1.11022302462516E-15,1.,0.));
#3783=DIRECTION('ref_axis',(1.,1.11022302462516E-15,2.87411689513543E-74));
#3784=DIRECTION('',(1.11022302462516E-15,-1.,0.));
#3785=DIRECTION('center_axis',(-1.11022302462516E-15,1.,0.));
#3786=DIRECTION('ref_axis',(1.,1.11022302462516E-15,2.87411689513543E-74));
#3787=DIRECTION('',(1.11022302462516E-15,-1.,0.));
#3788=DIRECTION('center_axis',(-1.11022302462516E-15,1.,0.));
#3789=DIRECTION('ref_axis',(1.,1.11022302462516E-15,2.87411689513543E-74));
#3790=DIRECTION('',(1.11022302462516E-15,-1.,0.));
#3791=DIRECTION('center_axis',(-2.87411689513543E-74,-3.19091075244352E-89,
1.));
#3792=DIRECTION('ref_axis',(1.,1.20736753927986E-15,2.87411689513543E-74));
#3793=DIRECTION('center_axis',(0.,0.,-1.));
#3794=DIRECTION('ref_axis',(1.,0.,0.));
#3795=DIRECTION('',(0.,1.,0.));
#3796=DIRECTION('',(1.,0.,0.));
#3797=DIRECTION('',(0.,-1.,0.));
#3798=DIRECTION('center_axis',(0.,0.,-1.));
#3799=DIRECTION('ref_axis',(1.,0.,0.));
#3800=DIRECTION('',(0.,-1.,0.));
#3801=DIRECTION('',(1.,0.,0.));
#3802=DIRECTION('',(0.,-1.,0.));
#3803=DIRECTION('center_axis',(-1.,0.,0.));
#3804=DIRECTION('ref_axis',(0.,0.,-1.));
#3805=DIRECTION('',(0.,0.,1.));
#3806=DIRECTION('center_axis',(1.,0.,0.));
#3807=DIRECTION('ref_axis',(0.,0.,1.));
#3808=DIRECTION('',(0.,0.,1.));
#3809=DIRECTION('center_axis',(0.,-1.,0.));
#3810=DIRECTION('ref_axis',(0.,0.,-1.));
#3811=DIRECTION('',(0.,0.,1.));
#3812=DIRECTION('center_axis',(1.,2.22044604925031E-16,-5.35317680968554E-50));
#3813=DIRECTION('ref_axis',(-8.02976521452833E-49,3.85737041365572E-33,
1.));
#3814=DIRECTION('',(2.22044604925031E-16,-1.,6.84227765783845E-48));
#3815=DIRECTION('',(2.46519032881618E-32,-1.11022302462539E-16,1.));
#3816=DIRECTION('',(-2.22044604925031E-16,1.,-6.84227765783845E-48));
#3817=DIRECTION('',(-2.46519032881618E-32,1.11022302462539E-16,-1.));
#3818=DIRECTION('',(-2.22044604925031E-16,1.,9.87446678664577E-18));
#3819=DIRECTION('',(5.35317680968554E-50,2.54608456104957E-98,1.));
#3820=DIRECTION('',(-2.22044604925031E-16,1.,0.));
#3821=DIRECTION('center_axis',(0.,-9.87446678664577E-18,1.));
#3822=DIRECTION('ref_axis',(1.,0.,0.));
#3823=DIRECTION('',(0.,-1.,-9.87446678664577E-18));
#3824=DIRECTION('',(1.,4.75621234188066E-49,4.69650608001352E-66));
#3825=DIRECTION('',(-1.,6.38378239159437E-16,6.30364471989727E-33));
#3826=DIRECTION('center_axis',(6.38378239159437E-16,1.,1.11022302462539E-16));
#3827=DIRECTION('ref_axis',(-1.,6.38378239159437E-16,-3.08148791102067E-32));
#3828=DIRECTION('',(1.,-6.38378239159437E-16,3.08148791102067E-32));
#3829=DIRECTION('',(0.,1.11022302462539E-16,-1.));
#3830=DIRECTION('center_axis',(-6.38378239159437E-16,-1.,-1.11022302462539E-16));
#3831=DIRECTION('ref_axis',(-1.,6.38378239159437E-16,-3.08148791102067E-32));
#3832=DIRECTION('center_axis',(-6.38378239159437E-16,-1.,-1.11022302462539E-16));
#3833=DIRECTION('ref_axis',(-1.,6.38378239159437E-16,-3.08148791102067E-32));
#3834=DIRECTION('',(1.,-6.38378239159437E-16,3.08148791102067E-32));
#3835=DIRECTION('',(3.70074336946273E-16,-6.47630103442551E-17,1.));
#3836=DIRECTION('',(-1.,4.96041953951083E-16,-4.66173812180028E-32));
#3837=DIRECTION('',(-8.88178408671054E-15,1.11022302462545E-16,-1.));
#3838=DIRECTION('center_axis',(-4.75621234188066E-49,1.,0.));
#3839=DIRECTION('ref_axis',(-1.,-4.75621234188066E-49,0.));
#3840=DIRECTION('',(0.,0.,-1.));
#3841=DIRECTION('',(-1.,-3.03930503927376E-17,0.));
#3842=DIRECTION('center_axis',(-1.,0.,0.));
#3843=DIRECTION('ref_axis',(0.,7.59826287480862E-18,1.));
#3844=DIRECTION('',(0.,1.,9.87446678664577E-18));
#3845=DIRECTION('center_axis',(-3.08148791102067E-32,0.,1.));
#3846=DIRECTION('ref_axis',(1.,-6.38378239159437E-16,3.08148791102067E-32));
#3847=DIRECTION('',(1.,-6.38378239159437E-16,3.08148791102067E-32));
#3848=DIRECTION('',(0.,1.,0.));
#3849=DIRECTION('center_axis',(1.,0.,-8.88178408671054E-15));
#3850=DIRECTION('ref_axis',(-8.88178408671054E-15,1.11022302462545E-16,
-1.));
#3851=DIRECTION('',(-8.88178408671054E-15,1.11022302462545E-16,-1.));
#3852=DIRECTION('',(0.,1.,0.));
#3853=DIRECTION('',(0.,1.,0.));
#3854=DIRECTION('center_axis',(4.66173812180028E-32,0.,-1.));
#3855=DIRECTION('ref_axis',(-1.,4.96041953951083E-16,-4.66173812180028E-32));
#3856=DIRECTION('',(-1.,4.96041953951083E-16,-4.66173812180028E-32));
#3857=DIRECTION('',(0.,1.,0.));
#3858=DIRECTION('center_axis',(-1.,0.,3.70074336946273E-16));
#3859=DIRECTION('ref_axis',(3.70074336946273E-16,-6.47630103442551E-17,
1.));
#3860=DIRECTION('',(3.70074336946273E-16,-6.47630103442551E-17,1.));
#3861=DIRECTION('',(0.,1.,0.));
#3862=DIRECTION('center_axis',(-3.08148791102067E-32,0.,1.));
#3863=DIRECTION('ref_axis',(1.,-6.38378239159437E-16,3.08148791102067E-32));
#3864=DIRECTION('',(1.,-6.38378239159437E-16,3.08148791102067E-32));
#3865=DIRECTION('center_axis',(0.,1.,0.));
#3866=DIRECTION('ref_axis',(-1.,0.,-3.08148791102067E-32));
#3867=DIRECTION('',(0.,-1.,0.));
#3868=DIRECTION('center_axis',(-6.38378239159437E-16,-1.,-1.11022302462539E-16));
#3869=DIRECTION('ref_axis',(-1.,6.38378239159437E-16,-3.08148791102067E-32));
#3870=DIRECTION('center_axis',(0.,1.,0.));
#3871=DIRECTION('ref_axis',(-1.,0.,-3.08148791102067E-32));
#3872=DIRECTION('',(0.,-1.,0.));
#3873=DIRECTION('center_axis',(-6.38378239159437E-16,-1.,-1.11022302462539E-16));
#3874=DIRECTION('ref_axis',(-1.,6.38378239159437E-16,-3.08148791102067E-32));
#3875=DIRECTION('center_axis',(3.08148791102067E-32,0.,-1.));
#3876=DIRECTION('ref_axis',(-1.,6.38378239159437E-16,-3.08148791102067E-32));
#3877=DIRECTION('',(0.,1.,0.));
#3878=DIRECTION('',(-1.,6.38378239159437E-16,-3.08148791102067E-32));
#3879=DIRECTION('center_axis',(1.,0.,1.01689101063669E-31));
#3880=DIRECTION('ref_axis',(1.01689101063669E-31,1.11022302462539E-16,-1.));
#3881=DIRECTION('',(1.01689101063669E-31,1.11022302462539E-16,-1.));
#3882=DIRECTION('center_axis',(6.38378239159437E-16,1.,1.11022302462539E-16));
#3883=DIRECTION('ref_axis',(-1.,6.38378239159437E-16,-3.08148791102067E-32));
#3884=DIRECTION('center_axis',(-0.766044443118978,0.,-0.64278760968654));
#3885=DIRECTION('ref_axis',(-0.64278760968654,0.,0.766044443118978));
#3886=DIRECTION('center_axis',(-0.766044443118978,0.,-0.64278760968654));
#3887=DIRECTION('ref_axis',(0.64278760968654,0.,-0.766044443118978));
#3888=DIRECTION('center_axis',(0.766044443118978,0.,0.64278760968654));
#3889=DIRECTION('ref_axis',(0.64278760968654,0.,-0.766044443118978));
#3890=DIRECTION('center_axis',(-0.766044443118978,0.,-0.64278760968654));
#3891=DIRECTION('ref_axis',(0.64278760968654,0.,-0.766044443118978));
#3892=DIRECTION('center_axis',(-0.766044443118978,0.,-0.64278760968654));
#3893=DIRECTION('ref_axis',(0.64278760968654,0.,-0.766044443118978));
#3894=DIRECTION('center_axis',(-0.766044443118978,0.,-0.642787609686539));
#3895=DIRECTION('ref_axis',(-0.642787609686539,0.,0.766044443118978));
#3896=DIRECTION('center_axis',(-0.766044443118978,0.,-0.642787609686539));
#3897=DIRECTION('ref_axis',(0.642787609686539,0.,-0.766044443118978));
#3898=DIRECTION('center_axis',(0.766044443118978,0.,0.642787609686539));
#3899=DIRECTION('ref_axis',(0.642787609686539,0.,-0.766044443118978));
#3900=DIRECTION('center_axis',(-0.766044443118978,0.,-0.642787609686539));
#3901=DIRECTION('ref_axis',(0.642787609686539,0.,-0.766044443118978));
#3902=DIRECTION('center_axis',(-0.766044443118978,0.,-0.642787609686539));
#3903=DIRECTION('ref_axis',(0.64278760968654,0.,-0.766044443118977));
#3904=DIRECTION('center_axis',(0.766044443118978,0.,-0.642787609686539));
#3905=DIRECTION('ref_axis',(-0.642787609686539,0.,-0.766044443118978));
#3906=DIRECTION('center_axis',(0.766044443118978,0.,-0.642787609686539));
#3907=DIRECTION('ref_axis',(0.642787609686539,0.,0.766044443118978));
#3908=DIRECTION('center_axis',(0.766044443118978,0.,-0.642787609686539));
#3909=DIRECTION('ref_axis',(0.642787609686544,0.,0.766044443118974));
#3910=DIRECTION('center_axis',(0.766044443118978,0.,-0.642787609686539));
#3911=DIRECTION('ref_axis',(0.642787609686539,0.,0.766044443118978));
#3912=DIRECTION('center_axis',(-0.766044443118978,0.,0.642787609686539));
#3913=DIRECTION('ref_axis',(0.642787609686539,0.,0.766044443118978));
#3914=DIRECTION('center_axis',(-0.766044443118978,0.,0.64278760968654));
#3915=DIRECTION('ref_axis',(0.64278760968654,0.,0.766044443118978));
#3916=DIRECTION('center_axis',(-0.766044443118978,0.,0.64278760968654));
#3917=DIRECTION('ref_axis',(0.64278760968654,0.,0.766044443118978));
#3918=DIRECTION('center_axis',(0.766044443118978,0.,-0.64278760968654));
#3919=DIRECTION('ref_axis',(-0.64278760968654,0.,-0.766044443118978));
#3920=DIRECTION('center_axis',(-0.766044443118978,0.,0.64278760968654));
#3921=DIRECTION('ref_axis',(0.64278760968654,0.,0.766044443118978));
#3922=DIRECTION('center_axis',(-0.766044443118978,0.,0.64278760968654));
#3923=DIRECTION('ref_axis',(-0.64278760968654,0.,-0.766044443118978));
#3924=DIRECTION('center_axis',(-5.55111512312578E-17,0.,1.));
#3925=DIRECTION('ref_axis',(1.,0.,5.55111512312578E-17));
#3926=DIRECTION('center_axis',(-5.55111512312578E-17,0.,1.));
#3927=DIRECTION('ref_axis',(1.,0.,5.55111512312578E-17));
#3928=DIRECTION('center_axis',(5.55111512312578E-17,0.,-1.));
#3929=DIRECTION('ref_axis',(-1.,0.,-5.55111512312578E-17));
#3930=DIRECTION('center_axis',(-5.55111512312578E-17,0.,1.));
#3931=DIRECTION('ref_axis',(1.,0.,5.55111512312578E-17));
#3932=DIRECTION('center_axis',(-5.55111512312578E-17,0.,1.));
#3933=DIRECTION('ref_axis',(-1.,0.,0.));
#3934=DIRECTION('center_axis',(-1.11022302462516E-16,0.,-1.));
#3935=DIRECTION('ref_axis',(-1.,0.,1.11022302462516E-16));
#3936=DIRECTION('center_axis',(-1.11022302462516E-16,0.,-1.));
#3937=DIRECTION('ref_axis',(1.,0.,-1.11022302462516E-16));
#3938=DIRECTION('center_axis',(1.11022302462516E-16,0.,1.));
#3939=DIRECTION('ref_axis',(1.,0.,-1.11022302462516E-16));
#3940=DIRECTION('center_axis',(-1.11022302462516E-16,0.,-1.));
#3941=DIRECTION('ref_axis',(1.,0.,-1.11022302462516E-16));
#3942=DIRECTION('center_axis',(-1.11022302462516E-16,0.,-1.));
#3943=DIRECTION('ref_axis',(1.,0.,0.));
#3944=DIRECTION('center_axis',(2.05596856412066E-16,-1.,0.));
#3945=DIRECTION('ref_axis',(-1.,-2.05596856412066E-16,0.));
#3946=DIRECTION('',(2.05596856412066E-16,-1.,0.));
#3947=DIRECTION('center_axis',(-0.707106781186546,0.,0.707106781186549));
#3948=DIRECTION('ref_axis',(0.707106781186549,0.,0.707106781186546));
#3949=DIRECTION('',(0.,-1.,0.));
#3950=DIRECTION('',(0.,1.,0.));
#3951=DIRECTION('',(-0.707106781186549,-6.43838205665652E-85,-0.707106781186546));
#3952=DIRECTION('center_axis',(0.707106781186546,0.,0.707106781186549));
#3953=DIRECTION('ref_axis',(0.707106781186549,0.,-0.707106781186546));
#3954=DIRECTION('',(0.,1.,0.));
#3955=DIRECTION('',(-0.707106781186549,-4.19590723261242E-83,0.707106781186546));
#3956=DIRECTION('',(0.,-1.,0.));
#3957=DIRECTION('center_axis',(1.,2.14881875733901E-16,-2.59024684339622E-50));
#3958=DIRECTION('ref_axis',(-8.02976521452833E-49,3.85737041365572E-33,
1.));
#3959=DIRECTION('',(8.02976521452833E-49,-3.85737041365572E-33,-1.));
#3960=DIRECTION('',(2.14881875733901E-16,-1.,0.));
#3961=DIRECTION('',(0.,-1.,0.));
#3962=DIRECTION('center_axis',(0.,0.,-1.));
#3963=DIRECTION('ref_axis',(1.,2.08166817117217E-16,0.));
#3964=DIRECTION('',(-1.,-2.08166817117217E-16,0.));
#3965=DIRECTION('',(2.00556417351641E-16,-1.,0.));
#3966=DIRECTION('',(-2.77555756156289E-16,1.,0.));
#3967=DIRECTION('center_axis',(3.01248069353123E-83,-1.,-2.92142822128861E-83));
#3968=DIRECTION('ref_axis',(1.,3.01248069353123E-83,0.));
#3969=DIRECTION('',(1.,2.08166817117217E-16,-4.93432455388958E-16));
#3970=DIRECTION('',(-4.93432455388958E-16,-1.06573634114308E-31,-1.));
#3971=DIRECTION('',(-1.,-2.08166817117217E-16,0.));
#3972=DIRECTION('',(3.70074341541719E-16,8.08945681891451E-32,1.));
#3973=DIRECTION('center_axis',(3.01248069353123E-83,-1.,-2.92142822128861E-83));
#3974=DIRECTION('ref_axis',(1.,3.01248069353123E-83,0.));
#3975=DIRECTION('',(-8.02976521452833E-49,3.85737041365572E-33,1.));
#3976=DIRECTION('',(1.,2.08166817117217E-16,0.));
#3977=DIRECTION('',(8.02976521452833E-49,-3.85737041365572E-33,-1.));
#3978=DIRECTION('center_axis',(3.01248069353123E-83,-1.,-2.92142822128861E-83));
#3979=DIRECTION('ref_axis',(1.,3.01248069353123E-83,0.));
#3980=DIRECTION('',(1.,2.08166817117217E-16,-4.93432455388958E-16));
#3981=DIRECTION('',(-3.70074341541719E-16,-8.08945681891452E-32,-1.));
#3982=DIRECTION('',(-1.,-2.08166817117217E-16,0.));
#3983=DIRECTION('',(4.93432455388958E-16,1.06573634114308E-31,1.));
#3984=DIRECTION('center_axis',(3.01248069353123E-83,-1.,-2.92142822128861E-83));
#3985=DIRECTION('ref_axis',(1.,3.01248069353123E-83,0.));
#3986=DIRECTION('',(-1.,-2.08166817117217E-16,0.));
#3987=DIRECTION('',(-8.02976521452833E-49,3.85737041365572E-33,1.));
#3988=DIRECTION('',(1.,2.08166817117217E-16,0.));
#3989=DIRECTION('center_axis',(0.,0.,-1.));
#3990=DIRECTION('ref_axis',(1.,2.08166817117217E-16,0.));
#3991=DIRECTION('',(-2.77555756156289E-16,1.,0.));
#3992=DIRECTION('center_axis',(-1.,-2.14881875733901E-16,2.59024684339622E-50));
#3993=DIRECTION('ref_axis',(8.02976521452833E-49,-3.85737041365572E-33,
-1.));
#3994=DIRECTION('',(2.14881875733901E-16,-1.,0.));
#3995=DIRECTION('center_axis',(0.,0.,1.));
#3996=DIRECTION('ref_axis',(-1.,-2.08166817117217E-16,0.));
#3997=DIRECTION('center_axis',(4.93432455388958E-16,1.06029691561964E-31,
1.));
#3998=DIRECTION('ref_axis',(-1.,-2.08166817117217E-16,4.93432455388958E-16));
#3999=DIRECTION('',(2.14881875733901E-16,-1.,0.));
#4000=DIRECTION('',(2.14881875733901E-16,-1.,0.));
#4001=DIRECTION('center_axis',(1.,2.14881875733901E-16,-3.70074341541719E-16));
#4002=DIRECTION('ref_axis',(3.70074341541719E-16,8.08945681891452E-32,1.));
#4003=DIRECTION('',(-2.77555756156289E-16,1.,0.));
#4004=DIRECTION('center_axis',(0.,0.,-1.));
#4005=DIRECTION('ref_axis',(1.,2.08166817117217E-16,0.));
#4006=DIRECTION('',(2.14881875733901E-16,-1.,0.));
#4007=DIRECTION('center_axis',(-1.,-2.14881875733901E-16,4.93432455388958E-16));
#4008=DIRECTION('ref_axis',(-4.93432455388958E-16,-1.06573634114308E-31,
-1.));
#4009=DIRECTION('center_axis',(1.,2.00556417351641E-16,2.93561308918242E-50));
#4010=DIRECTION('ref_axis',(-8.02976521452833E-49,3.85737041365572E-33,
1.));
#4011=DIRECTION('',(2.00556417351641E-16,-1.,0.));
#4012=DIRECTION('center_axis',(-1.,-2.00556417351641E-16,-2.93561308918242E-50));
#4013=DIRECTION('ref_axis',(8.02976521452833E-49,-3.85737041365572E-33,
-1.));
#4014=DIRECTION('',(2.00556417351641E-16,-1.,0.));
#4015=DIRECTION('center_axis',(0.,0.,1.));
#4016=DIRECTION('ref_axis',(-1.,-2.08166817117217E-16,0.));
#4017=DIRECTION('center_axis',(4.93432455388958E-16,9.8961045457833E-32,
1.));
#4018=DIRECTION('ref_axis',(-1.,-2.08166817117217E-16,4.93432455388958E-16));
#4019=DIRECTION('',(2.00556417351641E-16,-1.,0.));
#4020=DIRECTION('',(2.00556417351641E-16,-1.,0.));
#4021=DIRECTION('center_axis',(1.,2.00556417351641E-16,-4.93432455388958E-16));
#4022=DIRECTION('ref_axis',(4.93432455388958E-16,1.06573634114308E-31,1.));
#4023=DIRECTION('',(-2.77555756156289E-16,1.,0.));
#4024=DIRECTION('center_axis',(0.,0.,-1.));
#4025=DIRECTION('ref_axis',(1.,2.08166817117217E-16,0.));
#4026=DIRECTION('',(2.00556417351641E-16,-1.,0.));
#4027=DIRECTION('center_axis',(-1.,-2.00556417351641E-16,3.70074341541719E-16));
#4028=DIRECTION('ref_axis',(-3.70074341541719E-16,-8.08945681891451E-32,
-1.));
#4029=DIRECTION('center_axis',(2.22044604925031E-16,-1.,0.));
#4030=DIRECTION('ref_axis',(1.,2.22044604925031E-16,0.));
#4031=DIRECTION('',(-2.22044604925031E-16,1.,0.));
#4032=DIRECTION('center_axis',(2.22044604925031E-16,-1.,0.));
#4033=DIRECTION('ref_axis',(1.,2.22044604925031E-16,0.));
#4034=DIRECTION('',(-2.22044604925031E-16,1.,0.));
#4035=DIRECTION('center_axis',(2.22044604925031E-16,-1.,0.));
#4036=DIRECTION('ref_axis',(1.,2.22044604925031E-16,0.));
#4037=DIRECTION('',(-2.22044604925031E-16,1.,0.));
#4038=DIRECTION('center_axis',(1.,0.,0.));
#4039=DIRECTION('ref_axis',(0.,0.,-1.));
#4040=DIRECTION('',(0.,-1.,0.));
#4041=DIRECTION('',(0.,0.,1.));
#4042=DIRECTION('',(0.,1.,0.));
#4043=DIRECTION('',(0.,0.,-1.));
#4044=DIRECTION('center_axis',(0.,-1.,0.));
#4045=DIRECTION('ref_axis',(1.,0.,0.));
#4046=DIRECTION('',(1.,0.,0.));
#4047=DIRECTION('',(0.707106781186548,0.,0.707106781186547));
#4048=DIRECTION('',(0.,0.,1.));
#4049=DIRECTION('',(1.,0.,0.));
#4050=DIRECTION('',(0.,0.,-1.));
#4051=DIRECTION('',(0.707106781186547,0.,-0.707106781186548));
#4052=DIRECTION('',(1.,0.,0.));
#4053=DIRECTION('',(0.,0.,-1.));
#4054=DIRECTION('',(-1.,0.,0.));
#4055=DIRECTION('',(-0.642787609686539,0.,-0.766044443118978));
#4056=DIRECTION('',(0.766044443118978,0.,-0.642787609686539));
#4057=DIRECTION('',(0.64278760968654,0.,0.766044443118978));
#4058=DIRECTION('',(0.766044443118978,0.,-0.642787609686539));
#4059=DIRECTION('',(0.642787609686539,0.,0.766044443118978));
#4060=DIRECTION('',(-0.766044443118978,0.,0.642787609686539));
#4061=DIRECTION('',(0.64278760968654,0.,0.766044443118978));
#4062=DIRECTION('',(0.766044443118978,0.,-0.64278760968654));
#4063=DIRECTION('',(0.64278760968654,0.,0.766044443118978));
#4064=DIRECTION('',(-0.766044443118978,0.,0.64278760968654));
#4065=DIRECTION('',(0.64278760968654,0.,0.766044443118978));
#4066=DIRECTION('',(-0.766044443118978,0.,0.64278760968654));
#4067=DIRECTION('',(-0.642787609686539,0.,-0.766044443118978));
#4068=DIRECTION('',(-0.766044443118978,0.,0.64278760968654));
#4069=DIRECTION('',(-0.64278760968654,0.,-0.766044443118978));
#4070=DIRECTION('',(0.766044443118978,0.,-0.64278760968654));
#4071=DIRECTION('',(-0.642787609686539,0.,-0.766044443118978));
#4072=DIRECTION('',(-0.766044443118978,0.,0.642787609686539));
#4073=DIRECTION('',(-0.642787609686539,0.,-0.766044443118978));
#4074=DIRECTION('',(0.766044443118978,0.,-0.642787609686539));
#4075=DIRECTION('',(0.64278760968654,0.,-0.766044443118978));
#4076=DIRECTION('',(0.766044443118978,0.,0.642787609686539));
#4077=DIRECTION('',(-0.642787609686539,0.,0.766044443118978));
#4078=DIRECTION('',(0.766044443118978,0.,0.642787609686539));
#4079=DIRECTION('',(-0.642787609686539,0.,0.766044443118978));
#4080=DIRECTION('',(-0.766044443118978,0.,-0.642787609686539));
#4081=DIRECTION('',(-0.642787609686539,0.,0.766044443118978));
#4082=DIRECTION('',(0.766044443118978,0.,0.64278760968654));
#4083=DIRECTION('',(-0.64278760968654,0.,0.766044443118978));
#4084=DIRECTION('',(-0.766044443118978,0.,-0.64278760968654));
#4085=DIRECTION('',(-0.642787609686539,0.,0.766044443118978));
#4086=DIRECTION('',(-0.766044443118978,0.,-0.642787609686539));
#4087=DIRECTION('',(0.64278760968654,0.,-0.766044443118978));
#4088=DIRECTION('',(-0.766044443118978,0.,-0.64278760968654));
#4089=DIRECTION('',(0.64278760968654,0.,-0.766044443118978));
#4090=DIRECTION('',(0.766044443118978,0.,0.64278760968654));
#4091=DIRECTION('',(0.64278760968654,0.,-0.766044443118978));
#4092=DIRECTION('',(-0.766044443118978,0.,-0.642787609686539));
#4093=DIRECTION('',(0.642787609686539,0.,-0.766044443118978));
#4094=DIRECTION('',(0.766044443118978,0.,0.642787609686539));
#4095=DIRECTION('',(1.,0.,0.));
#4096=DIRECTION('',(-1.11022302462516E-16,0.,-1.));
#4097=DIRECTION('',(1.,0.,-1.11022302462516E-16));
#4098=DIRECTION('',(1.11022302462516E-16,0.,1.));
#4099=DIRECTION('',(1.,0.,0.));
#4100=DIRECTION('',(5.55111512312578E-17,0.,-1.));
#4101=DIRECTION('',(1.,0.,5.55111512312578E-17));
#4102=DIRECTION('',(-5.55111512312578E-17,0.,1.));
#4103=DIRECTION('',(1.,0.,0.));
#4104=DIRECTION('',(0.,0.,1.));
#4105=DIRECTION('',(-1.,0.,0.));
#4106=DIRECTION('',(-5.55111512312578E-17,0.,1.));
#4107=DIRECTION('',(-1.,0.,-5.55111512312578E-17));
#4108=DIRECTION('',(5.55111512312578E-17,0.,-1.));
#4109=DIRECTION('',(-1.,0.,0.));
#4110=DIRECTION('',(1.11022302462516E-16,0.,1.));
#4111=DIRECTION('',(-1.,0.,1.11022302462516E-16));
#4112=DIRECTION('',(-1.11022302462516E-16,0.,-1.));
#4113=DIRECTION('',(-1.,0.,0.));
#4114=DIRECTION('',(0.,0.,-1.));
#4115=DIRECTION('center_axis',(0.,1.,0.));
#4116=DIRECTION('ref_axis',(1.,0.,0.));
#4117=DIRECTION('center_axis',(0.,1.,0.));
#4118=DIRECTION('ref_axis',(1.,0.,0.));
#4119=DIRECTION('center_axis',(0.,1.,0.));
#4120=DIRECTION('ref_axis',(1.,0.,0.));
#4121=DIRECTION('center_axis',(0.,1.,0.));
#4122=DIRECTION('ref_axis',(1.,0.,0.));
#4123=DIRECTION('center_axis',(0.,0.,-1.));
#4124=DIRECTION('ref_axis',(-1.,0.,0.));
#4125=DIRECTION('',(-1.,0.,0.));
#4126=DIRECTION('',(0.,1.,0.));
#4127=DIRECTION('center_axis',(0.,0.,-1.));
#4128=DIRECTION('ref_axis',(-1.,0.,0.));
#4129=DIRECTION('',(0.,1.,0.));
#4130=DIRECTION('',(-1.,0.,0.));
#4131=DIRECTION('',(0.,-1.,0.));
#4132=DIRECTION('center_axis',(0.,-1.,0.));
#4133=DIRECTION('ref_axis',(1.,0.,0.));
#4134=DIRECTION('',(1.,0.,0.));
#4135=DIRECTION('',(0.,0.,1.));
#4136=DIRECTION('',(-1.,0.,0.));
#4137=DIRECTION('',(-0.707106781186547,0.,0.707106781186548));
#4138=DIRECTION('',(0.,0.,1.));
#4139=DIRECTION('',(0.,0.,-1.));
#4140=DIRECTION('',(-0.707106781186548,0.,-0.707106781186547));
#4141=DIRECTION('',(-0.766044443118978,0.,0.642787609686539));
#4142=DIRECTION('',(0.642787609686539,0.,0.766044443118978));
#4143=DIRECTION('',(0.766044443118978,0.,-0.64278760968654));
#4144=DIRECTION('',(-0.64278760968654,0.,-0.766044443118978));
#4145=DIRECTION('',(-0.64278760968654,0.,0.766044443118978));
#4146=DIRECTION('',(0.766044443118978,0.,0.642787609686539));
#4147=DIRECTION('',(0.642787609686539,0.,-0.766044443118978));
#4148=DIRECTION('',(-0.766044443118978,0.,-0.642787609686539));
#4149=DIRECTION('',(0.,0.,-1.));
#4150=DIRECTION('',(-1.,0.,0.));
#4151=DIRECTION('',(0.,0.,1.));
#4152=DIRECTION('',(1.,0.,0.));
#4153=DIRECTION('center_axis',(0.,1.,0.));
#4154=DIRECTION('ref_axis',(1.,0.,0.));
#4155=DIRECTION('center_axis',(0.,1.,0.));
#4156=DIRECTION('ref_axis',(1.,0.,0.));
#4157=DIRECTION('center_axis',(0.,1.,0.));
#4158=DIRECTION('ref_axis',(1.,0.,0.));
#4159=DIRECTION('center_axis',(0.,1.,0.));
#4160=DIRECTION('ref_axis',(1.,0.,0.));
#4161=DIRECTION('center_axis',(1.,0.,0.));
#4162=DIRECTION('ref_axis',(0.,0.,-1.));
#4163=DIRECTION('',(0.,1.,0.));
#4164=DIRECTION('center_axis',(0.707106781186547,0.,-0.707106781186548));
#4165=DIRECTION('ref_axis',(-0.707106781186548,0.,-0.707106781186547));
#4166=DIRECTION('center_axis',(-0.707106781186548,0.,-0.707106781186547));
#4167=DIRECTION('ref_axis',(-0.707106781186547,0.,0.707106781186548));
#4168=DIRECTION('',(0.,1.,0.));
#4169=DIRECTION('',(0.,1.,0.));
#4170=DIRECTION('center_axis',(0.,0.,-1.));
#4171=DIRECTION('ref_axis',(-1.,0.,0.));
#4172=DIRECTION('',(0.,-1.,0.));
#4173=DIRECTION('center_axis',(-1.,0.,0.));
#4174=DIRECTION('ref_axis',(0.,0.,1.));
#4175=DIRECTION('center_axis',(1.,0.,0.));
#4176=DIRECTION('ref_axis',(0.,0.,1.));
#4177=DIRECTION('',(0.,-1.,0.));
#4178=DIRECTION('center_axis',(0.,0.,-1.));
#4179=DIRECTION('ref_axis',(1.,0.,0.));
#4180=DIRECTION('',(0.,-1.,0.));
#4181=DIRECTION('center_axis',(0.,0.,1.));
#4182=DIRECTION('ref_axis',(-1.,0.,0.));
#4183=DIRECTION('center_axis',(0.,0.,1.));
#4184=DIRECTION('ref_axis',(1.,0.,0.));
#4185=DIRECTION('',(0.,-1.,0.));
#4186=DIRECTION('center_axis',(1.,0.,0.));
#4187=DIRECTION('ref_axis',(0.,0.,1.));
#4188=DIRECTION('',(0.,-1.,0.));
#4189=DIRECTION('center_axis',(-0.642787609686539,0.,0.766044443118978));
#4190=DIRECTION('ref_axis',(-0.766044443118978,0.,-0.642787609686539));
#4191=DIRECTION('',(0.,-1.,0.));
#4192=DIRECTION('',(0.,-1.,0.));
#4193=DIRECTION('center_axis',(-0.766044443118978,0.,-0.64278760968654));
#4194=DIRECTION('ref_axis',(0.64278760968654,0.,-0.766044443118978));
#4195=DIRECTION('',(0.,-1.,0.));
#4196=DIRECTION('center_axis',(0.766044443118978,0.,0.64278760968654));
#4197=DIRECTION('ref_axis',(0.64278760968654,0.,-0.766044443118977));
#4198=DIRECTION('center_axis',(0.766044443118978,0.,0.64278760968654));
#4199=DIRECTION('ref_axis',(-0.64278760968654,0.,0.766044443118978));
#4200=DIRECTION('center_axis',(-0.766044443118978,0.,0.642787609686539));
#4201=DIRECTION('ref_axis',(-0.642787609686539,0.,-0.766044443118978));
#4202=DIRECTION('',(0.,-1.,0.));
#4203=DIRECTION('center_axis',(0.766044443118978,0.,-0.642787609686539));
#4204=DIRECTION('ref_axis',(-0.642787609686539,0.,-0.766044443118979));
#4205=DIRECTION('center_axis',(0.766044443118978,0.,-0.642787609686539));
#4206=DIRECTION('ref_axis',(0.642787609686541,0.,0.766044443118977));
#4207=DIRECTION('',(0.,-1.,0.));
#4208=DIRECTION('center_axis',(-0.642787609686539,0.,-0.766044443118978));
#4209=DIRECTION('ref_axis',(0.766044443118978,0.,-0.642787609686539));
#4210=DIRECTION('',(0.,-1.,0.));
#4211=DIRECTION('center_axis',(0.64278760968654,0.,0.766044443118978));
#4212=DIRECTION('ref_axis',(-0.766044443118978,0.,0.64278760968654));
#4213=DIRECTION('',(0.,-1.,0.));
#4214=DIRECTION('center_axis',(0.766044443118978,0.,-0.64278760968654));
#4215=DIRECTION('ref_axis',(0.64278760968654,0.,0.766044443118978));
#4216=DIRECTION('center_axis',(-0.766044443118978,0.,0.64278760968654));
#4217=DIRECTION('ref_axis',(0.642787609686541,0.,0.766044443118977));
#4218=DIRECTION('center_axis',(-0.766044443118978,0.,0.64278760968654));
#4219=DIRECTION('ref_axis',(-0.642787609686539,0.,-0.766044443118979));
#4220=DIRECTION('center_axis',(0.642787609686539,0.,-0.766044443118978));
#4221=DIRECTION('ref_axis',(0.766044443118978,0.,0.642787609686539));
#4222=DIRECTION('',(0.,-1.,0.));
#4223=DIRECTION('center_axis',(0.766044443118978,0.,0.642787609686539));
#4224=DIRECTION('ref_axis',(-0.642787609686539,0.,0.766044443118978));
#4225=DIRECTION('center_axis',(-0.766044443118978,0.,-0.642787609686539));
#4226=DIRECTION('ref_axis',(-0.64278760968654,0.,0.766044443118978));
#4227=DIRECTION('center_axis',(-0.766044443118978,0.,-0.642787609686539));
#4228=DIRECTION('ref_axis',(0.64278760968654,0.,-0.766044443118977));
#4229=DIRECTION('center_axis',(-1.,0.,0.));
#4230=DIRECTION('ref_axis',(0.,0.,-1.));
#4231=DIRECTION('',(0.,-1.,0.));
#4232=DIRECTION('center_axis',(0.,0.,1.));
#4233=DIRECTION('ref_axis',(-1.,0.,0.));
#4234=DIRECTION('center_axis',(0.,0.,-1.));
#4235=DIRECTION('ref_axis',(1.,0.,0.));
#4236=DIRECTION('center_axis',(0.,0.,-1.));
#4237=DIRECTION('ref_axis',(-1.,0.,0.));
#4238=DIRECTION('center_axis',(-0.766044443118978,0.,0.642787609686539));
#4239=DIRECTION('ref_axis',(-0.642787609686539,0.,-0.766044443118979));
#4240=DIRECTION('center_axis',(-0.766044443118978,0.,0.642787609686539));
#4241=DIRECTION('ref_axis',(0.642787609686539,0.,0.766044443118978));
#4242=DIRECTION('center_axis',(0.766044443118978,0.,-0.64278760968654));
#4243=DIRECTION('ref_axis',(0.642787609686541,0.,0.766044443118977));
#4244=DIRECTION('center_axis',(0.766044443118978,0.,-0.64278760968654));
#4245=DIRECTION('ref_axis',(0.64278760968654,0.,0.766044443118978));
#4246=DIRECTION('center_axis',(-0.766044443118978,0.,-0.642787609686539));
#4247=DIRECTION('ref_axis',(0.64278760968654,0.,-0.766044443118977));
#4248=DIRECTION('center_axis',(-0.766044443118978,0.,-0.642787609686539));
#4249=DIRECTION('ref_axis',(0.642787609686539,0.,-0.766044443118978));
#4250=DIRECTION('center_axis',(0.766044443118978,0.,0.64278760968654));
#4251=DIRECTION('ref_axis',(-0.64278760968654,0.,0.766044443118978));
#4252=DIRECTION('center_axis',(0.766044443118978,0.,0.64278760968654));
#4253=DIRECTION('ref_axis',(0.64278760968654,0.,-0.766044443118978));
#4254=DIRECTION('center_axis',(-1.11022302462516E-16,0.,-1.));
#4255=DIRECTION('ref_axis',(1.,0.,0.));
#4256=DIRECTION('center_axis',(-1.11022302462516E-16,0.,-1.));
#4257=DIRECTION('ref_axis',(1.,0.,-1.11022302462516E-16));
#4258=DIRECTION('center_axis',(-1.11022302462516E-16,0.,-1.));
#4259=DIRECTION('ref_axis',(1.,0.,0.));
#4260=DIRECTION('center_axis',(-1.11022302462516E-16,0.,-1.));
#4261=DIRECTION('ref_axis',(1.,0.,-1.11022302462516E-16));
#4262=DIRECTION('center_axis',(-5.55111512312578E-17,0.,1.));
#4263=DIRECTION('ref_axis',(-1.,0.,0.));
#4264=DIRECTION('center_axis',(-5.55111512312578E-17,0.,1.));
#4265=DIRECTION('ref_axis',(1.,0.,5.55111512312578E-17));
#4266=DIRECTION('center_axis',(-0.766044443118978,0.,0.642787609686539));
#4267=DIRECTION('ref_axis',(0.642787609686539,0.,0.766044443118978));
#4268=DIRECTION('center_axis',(-0.766044443118978,0.,0.642787609686539));
#4269=DIRECTION('ref_axis',(0.642787609686539,0.,0.766044443118978));
#4270=DIRECTION('center_axis',(0.766044443118978,0.,-0.642787609686539));
#4271=DIRECTION('ref_axis',(-0.642787609686539,0.,-0.766044443118978));
#4272=DIRECTION('center_axis',(-0.766044443118978,0.,0.642787609686539));
#4273=DIRECTION('ref_axis',(-0.642787609686539,0.,-0.766044443118979));
#4274=DIRECTION('center_axis',(-0.766044443118978,0.,0.64278760968654));
#4275=DIRECTION('ref_axis',(0.64278760968654,0.,0.766044443118978));
#4276=DIRECTION('center_axis',(0.766044443118978,0.,-0.64278760968654));
#4277=DIRECTION('ref_axis',(0.64278760968654,0.,0.766044443118978));
#4278=DIRECTION('center_axis',(0.766044443118978,0.,-0.64278760968654));
#4279=DIRECTION('ref_axis',(0.642787609686541,0.,0.766044443118977));
#4280=DIRECTION('center_axis',(0.766044443118978,0.,-0.64278760968654));
#4281=DIRECTION('ref_axis',(-0.64278760968654,0.,-0.766044443118978));
#4282=DIRECTION('center_axis',(-0.766044443118978,0.,-0.642787609686539));
#4283=DIRECTION('ref_axis',(-0.642787609686539,0.,0.766044443118978));
#4284=DIRECTION('center_axis',(-0.766044443118978,0.,-0.642787609686539));
#4285=DIRECTION('ref_axis',(0.642787609686539,0.,-0.766044443118978));
#4286=DIRECTION('center_axis',(0.766044443118978,0.,0.642787609686539));
#4287=DIRECTION('ref_axis',(0.642787609686539,0.,-0.766044443118978));
#4288=DIRECTION('center_axis',(-0.766044443118978,0.,-0.642787609686539));
#4289=DIRECTION('ref_axis',(0.64278760968654,0.,-0.766044443118977));
#4290=DIRECTION('center_axis',(0.766044443118978,0.,0.64278760968654));
#4291=DIRECTION('ref_axis',(0.64278760968654,0.,-0.766044443118978));
#4292=DIRECTION('center_axis',(-0.766044443118978,0.,-0.64278760968654));
#4293=DIRECTION('ref_axis',(-0.64278760968654,0.,0.766044443118978));
#4294=DIRECTION('center_axis',(0.766044443118978,0.,0.64278760968654));
#4295=DIRECTION('ref_axis',(0.64278760968654,0.,-0.766044443118978));
#4296=DIRECTION('center_axis',(0.766044443118978,0.,0.64278760968654));
#4297=DIRECTION('ref_axis',(-0.64278760968654,0.,0.766044443118978));
#4298=DIRECTION('center_axis',(-1.11022302462516E-16,0.,-1.));
#4299=DIRECTION('ref_axis',(-1.,0.,1.11022302462516E-16));
#4300=DIRECTION('center_axis',(1.11022302462516E-16,0.,1.));
#4301=DIRECTION('ref_axis',(1.,0.,-1.11022302462516E-16));
#4302=DIRECTION('center_axis',(-5.55111512312578E-17,0.,1.));
#4303=DIRECTION('ref_axis',(1.,0.,5.55111512312578E-17));
#4304=DIRECTION('center_axis',(5.55111512312578E-17,0.,-1.));
#4305=DIRECTION('ref_axis',(-1.,0.,-5.55111512312578E-17));
#4306=DIRECTION('center_axis',(-5.55111512312578E-17,0.,1.));
#4307=DIRECTION('ref_axis',(1.,0.,5.55111512312578E-17));
#4308=DIRECTION('center_axis',(-5.55111512312578E-17,0.,1.));
#4309=DIRECTION('ref_axis',(-1.,0.,0.));
#4310=DIRECTION('center_axis',(0.,-1.,0.));
#4311=DIRECTION('ref_axis',(1.,0.,0.));
#4312=DIRECTION('',(0.,1.,0.));
#4313=DIRECTION('center_axis',(0.,-1.,0.));
#4314=DIRECTION('ref_axis',(1.,0.,0.));
#4315=DIRECTION('',(0.,1.,0.));
#4316=DIRECTION('center_axis',(0.,-1.,0.));
#4317=DIRECTION('ref_axis',(1.,0.,0.));
#4318=DIRECTION('',(0.,1.,0.));
#4319=DIRECTION('center_axis',(0.,-1.,0.));
#4320=DIRECTION('ref_axis',(1.,0.,0.));
#4321=DIRECTION('',(0.,1.,0.));
#4322=DIRECTION('center_axis',(0.,0.,-1.));
#4323=DIRECTION('ref_axis',(1.,0.,0.));
#4324=CARTESIAN_POINT('',(0.,0.,0.));
#4325=CARTESIAN_POINT('Origin',(-33.6999990319758,8.00000000000004,78.7499999999999));
#4326=CARTESIAN_POINT('',(-48.6999989114702,28.,78.7499999999999));
#4327=CARTESIAN_POINT('',(-33.6999990319758,28.,78.7499999999999));
#4328=CARTESIAN_POINT('',(-44.17748973145,28.,78.7499999999999));
#4329=CARTESIAN_POINT('',(-33.6999990319758,8.00000000000004,78.7499999999999));
#4330=CARTESIAN_POINT('',(-33.6999990319758,8.00000000000004,78.7499999999999));
#4331=CARTESIAN_POINT('',(-48.6999989114702,8.00000000000004,78.7499999999999));
#4332=CARTESIAN_POINT('',(-16.8499995159879,7.99999999999999,78.7499999999999));
#4333=CARTESIAN_POINT('',(-48.6999989114702,8.00000000000004,78.7499999999999));
#4334=CARTESIAN_POINT('Origin',(-33.6999990319758,8.00000000000004,86.7499999999999));
#4335=CARTESIAN_POINT('',(-48.6999989114702,-12.,86.7499999999999));
#4336=CARTESIAN_POINT('',(-48.6999989114702,34.,86.7499999999999));
#4337=CARTESIAN_POINT('',(-48.6999989114702,8.00000000000004,86.7499999999999));
#4338=CARTESIAN_POINT('',(-33.6999990319758,-12.,86.7499999999999));
#4339=CARTESIAN_POINT('',(-48.6999989114702,-12.,86.7499999999999));
#4340=CARTESIAN_POINT('',(-33.6999990319758,34.,86.7499999999999));
#4341=CARTESIAN_POINT('',(-33.6999990319758,8.00000000000004,86.7499999999999));
#4342=CARTESIAN_POINT('',(-44.9499989415966,34.,86.7499999999999));
#4343=CARTESIAN_POINT('Origin',(-38.6999989114702,-2.0000001788139,78.75));
#4344=CARTESIAN_POINT('',(-33.6999990319758,-12.,78.7499999999999));
#4345=CARTESIAN_POINT('',(-33.6999990319758,2.99999991059307,78.75));
#4346=CARTESIAN_POINT('',(-28.6999989114702,-12.0000001788139,78.75));
#4347=CARTESIAN_POINT('',(-28.6999989114702,-12.0000001788139,78.75));
#4348=CARTESIAN_POINT('',(-28.6999989114702,7.9999998211861,78.75));
#4349=CARTESIAN_POINT('',(-28.6999989114702,7.9999998211861,78.75));
#4350=CARTESIAN_POINT('',(-48.6999989114702,7.9999998211861,78.75));
#4351=CARTESIAN_POINT('Origin',(-41.199998971723,34.,75.45));
#4352=CARTESIAN_POINT('',(-33.6999990319758,34.,64.15));
#4353=CARTESIAN_POINT('',(-33.6999990319758,34.,84.7499999999999));
#4354=CARTESIAN_POINT('',(-48.6999990319758,34.,64.15));
#4355=CARTESIAN_POINT('',(-37.4499990319758,34.,64.15));
#4356=CARTESIAN_POINT('',(-48.6999990319758,34.,66.15));
#4357=CARTESIAN_POINT('Origin',(-41.199998971723,28.,75.45));
#4358=CARTESIAN_POINT('',(-48.6999989114702,28.,72.15));
#4359=CARTESIAN_POINT('',(-48.6999989114702,28.,72.15));
#4360=CARTESIAN_POINT('',(-33.6999990319758,28.,72.15));
#4361=CARTESIAN_POINT('',(-44.9499989415966,28.,72.15));
#4362=CARTESIAN_POINT('',(-33.6999990319758,28.,78.7499999999999));
#4363=CARTESIAN_POINT('Origin',(-48.6999989114702,8.00000000000004,72.15));
#4364=CARTESIAN_POINT('',(-48.6999989114702,8.00000000000004,72.15));
#4365=CARTESIAN_POINT('',(-48.6999989114702,8.00000000000004,72.15));
#4366=CARTESIAN_POINT('',(-33.6999990319758,8.00000000000004,72.15));
#4367=CARTESIAN_POINT('',(-24.3499994557351,7.99999999999999,72.15));
#4368=CARTESIAN_POINT('',(-33.6999990319758,8.00000000000004,72.15));
#4369=CARTESIAN_POINT('Origin',(-33.6999990319758,8.00000000000004,64.15));
#4370=CARTESIAN_POINT('',(-48.6999990319758,8.00000000000004,64.15));
#4371=CARTESIAN_POINT('',(-33.6999990319758,8.00000000000004,64.15));
#4372=CARTESIAN_POINT('',(-16.8499995159879,7.99999999999999,64.15));
#4373=CARTESIAN_POINT('',(-48.6999990319758,8.00000000000004,64.15));
#4374=CARTESIAN_POINT('',(-33.6999990319758,8.00000000000004,64.15));
#4375=CARTESIAN_POINT('Origin',(-33.6999990319758,8.00000000000004,72.15));
#4376=CARTESIAN_POINT('',(-33.6999990319758,7.99999999999999,54.5124999925494));
#4377=CARTESIAN_POINT('',(-33.6999990319758,-12.,86.7499999999999));
#4378=CARTESIAN_POINT('Origin',(1.11716191852906E-14,8.,36.8749999850989));
#4379=CARTESIAN_POINT('',(-28.6999989114702,7.9999998211861,68.75));
#4380=CARTESIAN_POINT('',(-28.6999989114702,7.9999998211861,68.75));
#4381=CARTESIAN_POINT('',(37.7,8.00000000000001,68.7500000000001));
#4382=CARTESIAN_POINT('',(18.85,8.,68.7500000000001));
#4383=CARTESIAN_POINT('',(37.7,8.00000000000001,42.9999990388751));
#4384=CARTESIAN_POINT('',(37.7,8.00000000000001,-2.00000002980232));
#4385=CARTESIAN_POINT('',(50.0000007450581,8.00000000000001,42.9999990388751));
#4386=CARTESIAN_POINT('',(48.5000007227063,8.00000000000001,42.9999990388751));
#4387=CARTESIAN_POINT('',(50.0000007450581,8.00000000000001,-1.00000001490116));
#4388=CARTESIAN_POINT('',(50.0000007450581,8.00000000000001,31.999999275431));
#4389=CARTESIAN_POINT('',(37.7,8.00000000000001,-1.00000001490116));
#4390=CARTESIAN_POINT('',(45.4250005364418,8.00000000000001,-1.00000001490116));
#4391=CARTESIAN_POINT('',(37.7,8.00000000000001,-17.0000000298023));
#4392=CARTESIAN_POINT('',(37.7,8.00000000000001,-2.00000002980232));
#4393=CARTESIAN_POINT('',(-48.7,8.,-17.0000002533197));
#4394=CARTESIAN_POINT('',(37.7,8.00000000000001,-17.0000000298023));
#4395=CARTESIAN_POINT('',(-48.6999989114702,7.9999998211861,68.75));
#4396=CARTESIAN_POINT('',(-48.6999989114702,7.9999998211861,68.75));
#4397=CARTESIAN_POINT('',(3.60000000000002,8.,52.85));
#4398=CARTESIAN_POINT('Origin',(1.52793672775826E-14,8.,52.85));
#4399=CARTESIAN_POINT('',(-29.,7.99999999999999,61.85));
#4400=CARTESIAN_POINT('',(-29.,7.99999999999999,43.85));
#4401=CARTESIAN_POINT('',(-29.,7.99999999999999,49.3624999925495));
#4402=CARTESIAN_POINT('',(-11.,8.,43.85));
#4403=CARTESIAN_POINT('',(-14.5,7.99999999999999,43.85));
#4404=CARTESIAN_POINT('',(-11.,8.,61.85));
#4405=CARTESIAN_POINT('',(-11.,8.,40.3624999925495));
#4406=CARTESIAN_POINT('',(-5.49999999999999,8.,61.85));
#4407=CARTESIAN_POINT('',(-29.,7.99999999999999,4.14999999999997));
#4408=CARTESIAN_POINT('',(-11.,8.,4.14999999999997));
#4409=CARTESIAN_POINT('',(-14.5,7.99999999999999,4.14999999999997));
#4410=CARTESIAN_POINT('',(-11.,8.,22.15));
#4411=CARTESIAN_POINT('',(-11.,8.,20.5124999925494));
#4412=CARTESIAN_POINT('',(-29.,7.99999999999999,22.15));
#4413=CARTESIAN_POINT('',(-5.5,8.,22.15));
#4414=CARTESIAN_POINT('',(-29.,7.99999999999999,29.5124999925494));
#4415=CARTESIAN_POINT('',(11.,8.,61.85));
#4416=CARTESIAN_POINT('',(11.,8.,43.85));
#4417=CARTESIAN_POINT('',(11.,8.,49.3624999925494));
#4418=CARTESIAN_POINT('',(29.,8.,43.85));
#4419=CARTESIAN_POINT('',(5.50000000000002,8.,43.85));
#4420=CARTESIAN_POINT('',(29.,8.,61.85));
#4421=CARTESIAN_POINT('',(29.,8.,40.3624999925494));
#4422=CARTESIAN_POINT('',(14.5,8.,61.85));
#4423=CARTESIAN_POINT('',(11.,8.,4.14999999999997));
#4424=CARTESIAN_POINT('',(29.,8.,4.14999999999997));
#4425=CARTESIAN_POINT('',(5.50000000000002,8.,4.14999999999997));
#4426=CARTESIAN_POINT('',(29.,8.,22.15));
#4427=CARTESIAN_POINT('',(29.,8.,20.5124999925494));
#4428=CARTESIAN_POINT('',(11.,8.,22.15));
#4429=CARTESIAN_POINT('',(14.5,8.,22.15));
#4430=CARTESIAN_POINT('',(11.,8.,29.5124999925494));
#4431=CARTESIAN_POINT('',(26.45,8.,33.0000004917383));
#4432=CARTESIAN_POINT('Origin',(27.7,8.,33.0000004917383));
#4433=CARTESIAN_POINT('',(-2.55,8.,13.15));
#4434=CARTESIAN_POINT('Origin',(2.61526911238263E-15,8.,13.15));
#4435=CARTESIAN_POINT('',(-28.95,7.99999999999999,33.));
#4436=CARTESIAN_POINT('Origin',(-27.7,7.99999999999999,33.));
#4437=CARTESIAN_POINT('Origin',(-28.6999989114702,-12.0000001788139,68.75));
#4438=CARTESIAN_POINT('',(-28.6999989114702,-12.0000001788139,68.75));
#4439=CARTESIAN_POINT('',(-28.6999989114702,-7.50000008940695,68.7500000000001));
#4440=CARTESIAN_POINT('',(-28.6999989114702,-12.0000001788139,68.75));
#4441=CARTESIAN_POINT('Origin',(-48.6999989114702,-12.0000001788139,68.75));
#4442=CARTESIAN_POINT('',(-48.6999989114702,-12.0000001788139,68.75));
#4443=CARTESIAN_POINT('',(-5.49999945573507,-12.0000001788139,68.7500000000001));
#4444=CARTESIAN_POINT('',(-48.6999989114702,-12.0000001788139,68.75));
#4445=CARTESIAN_POINT('Origin',(37.7,-2.99999999999999,68.7500000000001));
#4446=CARTESIAN_POINT('',(-48.7,-74.0000007450581,68.7500000000001));
#4447=CARTESIAN_POINT('',(-48.7,-50.0000007450581,68.7500000000001));
#4448=CARTESIAN_POINT('',(-38.0592970908206,-74.0000007450581,68.7500000000001));
#4449=CARTESIAN_POINT('',(-37.7,-74.0000007450581,68.7500000000001));
#4450=CARTESIAN_POINT('',(-38.0592970908206,-46.0000021848828,68.7500000000001));
#4451=CARTESIAN_POINT('',(-38.0592970908206,-50.0000007450581,68.7500000000001));
#4452=CARTESIAN_POINT('',(-42.7,-46.0000021848828,68.7500000000001));
#4453=CARTESIAN_POINT('',(-35.7,-46.,68.7500000000001));
#4454=CARTESIAN_POINT('',(-42.7,-32.0000004768372,68.7500000000001));
#4455=CARTESIAN_POINT('',(-42.7,-44.5000006631017,68.7500000000001));
#4456=CARTESIAN_POINT('',(-35.7,-32.0000004768372,68.7500000000001));
#4457=CARTESIAN_POINT('',(1.55431223447522E-14,-32.0000004768372,68.7500000000001));
#4458=CARTESIAN_POINT('',(-35.7,-46.0000006854534,68.7500000000001));
#4459=CARTESIAN_POINT('',(-35.7,-21.0000002905726,68.7500000000001));
#4460=CARTESIAN_POINT('',(37.7,-46.,68.7500000000001));
#4461=CARTESIAN_POINT('',(-37.7,-46.,68.7500000000001));
#4462=CARTESIAN_POINT('',(37.7,-19.,68.7500000000001));
#4463=CARTESIAN_POINT('',(-27.2500007897615,-21.3,68.7500000000001));
#4464=CARTESIAN_POINT('',(25.7499999999999,-21.3,68.7500000000001));
#4465=CARTESIAN_POINT('',(9.22499960511927,-21.3,68.7500000000001));
#4466=CARTESIAN_POINT('',(25.7499999999999,-31.3,68.7500000000001));
#4467=CARTESIAN_POINT('',(25.7499999999999,-17.15,68.7500000000001));
#4468=CARTESIAN_POINT('',(-15.0000002235174,-31.3,68.7500000000001));
#4469=CARTESIAN_POINT('',(21.225,-31.3,68.7500000000001));
#4470=CARTESIAN_POINT('',(-15.0000002235174,-32.,68.7500000000001));
#4471=CARTESIAN_POINT('',(-15.0000002235174,-32.,68.7500000000001));
#4472=CARTESIAN_POINT('',(-27.2500007897615,-32.,68.7500000000001));
#4473=CARTESIAN_POINT('',(9.22499960511926,-32.,68.7500000000001));
#4474=CARTESIAN_POINT('',(-27.2500007897615,-17.5,68.7500000000001));
#4475=CARTESIAN_POINT('Origin',(-38.0592970908206,-68.,0.478984435688607));
#4476=CARTESIAN_POINT('',(-38.0592970908206,-66.5,0.478984435688607));
#4477=CARTESIAN_POINT('Origin',(-38.0592970908206,-68.,0.478984435688607));
#4478=CARTESIAN_POINT('',(-48.7,-66.5,0.478984435688611));
#4479=CARTESIAN_POINT('',(-38.0592970908206,-66.5,0.478984435688607));
#4480=CARTESIAN_POINT('Origin',(-48.7,-68.,0.478984435688611));
#4481=CARTESIAN_POINT('Origin',(-38.0592970908206,-68.,32.4789844356887));
#4482=CARTESIAN_POINT('',(-38.0592970908206,-66.5,32.4789844356887));
#4483=CARTESIAN_POINT('Origin',(-38.0592970908206,-68.,32.4789844356887));
#4484=CARTESIAN_POINT('',(-48.7,-66.5,32.4789844356887));
#4485=CARTESIAN_POINT('',(-38.0592970908206,-66.5,32.4789844356887));
#4486=CARTESIAN_POINT('Origin',(-48.7,-68.,32.4789844356887));
#4487=CARTESIAN_POINT('Origin',(-38.0592970908206,-36.,0.47898443568861));
#4488=CARTESIAN_POINT('',(-38.0592970908206,-34.5,0.478984435688609));
#4489=CARTESIAN_POINT('Origin',(-38.0592970908206,-36.,0.47898443568861));
#4490=CARTESIAN_POINT('',(-48.7,-34.5,0.478984435688613));
#4491=CARTESIAN_POINT('',(-38.0592970908206,-34.5,0.478984435688609));
#4492=CARTESIAN_POINT('Origin',(-48.7,-36.,0.478984435688613));
#4493=CARTESIAN_POINT('Origin',(-38.0592970908206,-52.,16.4789844356886));
#4494=CARTESIAN_POINT('',(-38.0592970908206,-37.,16.4789844356886));
#4495=CARTESIAN_POINT('Origin',(-38.0592970908206,-52.,16.4789844356886));
#4496=CARTESIAN_POINT('',(-48.7,-37.,16.4789844356887));
#4497=CARTESIAN_POINT('',(-38.0592970908206,-37.,16.4789844356886));
#4498=CARTESIAN_POINT('Origin',(-48.7,-52.,16.4789844356887));
#4499=CARTESIAN_POINT('Origin',(-38.0592970908206,-36.,32.4789844356887));
#4500=CARTESIAN_POINT('',(-38.0592970908206,-34.5,32.4789844356887));
#4501=CARTESIAN_POINT('Origin',(-38.0592970908206,-36.,32.4789844356887));
#4502=CARTESIAN_POINT('',(-48.7,-34.5,32.4789844356887));
#4503=CARTESIAN_POINT('',(-38.0592970908206,-34.5,32.4789844356887));
#4504=CARTESIAN_POINT('Origin',(-48.7,-36.,32.4789844356887));
#4505=CARTESIAN_POINT('Origin',(-37.7,-74.0000007450581,-17.0000002533197));
#4506=CARTESIAN_POINT('',(-48.7,-74.0000007450581,-17.0000002533197));
#4507=CARTESIAN_POINT('',(-48.7,-74.0000007450581,68.7500000000001));
#4508=CARTESIAN_POINT('',(-38.0592970908206,-74.0000007450581,-17.0000002533197));
#4509=CARTESIAN_POINT('',(-37.7,-74.0000007450581,-17.0000002533197));
#4510=CARTESIAN_POINT('',(-38.0592970908206,-74.0000007450581,47.3124999366701));
#4511=CARTESIAN_POINT('Origin',(-38.0592970908206,-34.500000372529,25.8749998733402));
#4512=CARTESIAN_POINT('',(-38.0592970908206,-46.,49.75));
#4513=CARTESIAN_POINT('',(-38.0592970908206,-19.,49.75));
#4514=CARTESIAN_POINT('',(-38.0592970908206,-26.7500001862645,49.75));
#4515=CARTESIAN_POINT('',(-38.0592970908206,-46.,41.5624999366701));
#4516=CARTESIAN_POINT('',(-38.0592970908206,-19.,-17.0000000298023));
#4517=CARTESIAN_POINT('',(-38.0592970908206,-42.2500005587935,-17.0000000298023));
#4518=CARTESIAN_POINT('',(-38.0592970908206,-19.,31.3749999292195));
#4519=CARTESIAN_POINT('Origin',(1.33226762955019E-14,-19.,36.8749999850989));
#4520=CARTESIAN_POINT('',(37.7,-19.,-17.0000000298023));
#4521=CARTESIAN_POINT('',(-37.7,-19.,-17.0000000298023));
#4522=CARTESIAN_POINT('',(37.7,-19.,49.75));
#4523=CARTESIAN_POINT('',(37.7,-19.,-2.00000002980232));
#4524=CARTESIAN_POINT('',(19.7,-19.,49.75));
#4525=CARTESIAN_POINT('',(9.85000000000003,-19.,49.75));
#4526=CARTESIAN_POINT('',(19.7,-19.,64.75));
#4527=CARTESIAN_POINT('',(19.7,-19.,64.7500000000001));
#4528=CARTESIAN_POINT('',(-19.7,-19.,64.75));
#4529=CARTESIAN_POINT('',(-9.85,-19.,64.75));
#4530=CARTESIAN_POINT('',(-19.7,-19.,49.75));
#4531=CARTESIAN_POINT('',(-19.7,-19.,43.3124999925494));
#4532=CARTESIAN_POINT('',(-18.85,-19.,49.75));
#4533=CARTESIAN_POINT('',(-17.1889228169577,-19.,18.8488805292481));
#4534=CARTESIAN_POINT('',(-13.2679183978698,-19.,14.1760094262224));
#4535=CARTESIAN_POINT('',(-16.1154617331914,-19.,17.5695794261595));
#4536=CARTESIAN_POINT('',(-28.5888072602494,-19.,1.32025723249157));
#4537=CARTESIAN_POINT('',(-20.9283628290596,-19.,7.74813332935697));
#4538=CARTESIAN_POINT('',(-32.5098116793373,-19.,5.99312833551735));
#4539=CARTESIAN_POINT('',(-32.4166017003429,-19.,5.88204500818519));
#4540=CARTESIAN_POINT('',(-24.8493672481475,-19.,12.4210044323827));
#4541=CARTESIAN_POINT('',(-9.41119273975059,-19.,9.5797427675085));
#4542=CARTESIAN_POINT('',(-5.49018832066271,-19.,4.90687166448274));
#4543=CARTESIAN_POINT('',(-12.2265966945878,-19.,12.9350105452897));
#4544=CARTESIAN_POINT('',(-20.8110771830423,-19.,-7.94888052924804));
#4545=CARTESIAN_POINT('',(-13.1506327518525,-19.,-1.52100443238266));
#4546=CARTESIAN_POINT('',(-24.7320816021302,-19.,-3.27600942622228));
#4547=CARTESIAN_POINT('',(-28.5277366617394,-19.,1.24747612731539));
#4548=CARTESIAN_POINT('',(-17.0716371709404,-19.,3.15186667064311));
#4549=CARTESIAN_POINT('',(20.8110771830423,-19.,-7.94888052924806));
#4550=CARTESIAN_POINT('',(5.49018832066273,-19.,4.90687166448274));
#4551=CARTESIAN_POINT('',(13.1506327518525,-19.,-1.52100443238266));
#4552=CARTESIAN_POINT('',(9.41119273975062,-19.,9.57974276750851));
#4553=CARTESIAN_POINT('',(14.1870989041318,-19.,15.2714460968026));
#4554=CARTESIAN_POINT('',(24.7320816021302,-19.,-3.27600942622228));
#4555=CARTESIAN_POINT('',(17.0716371709404,-19.,3.1518666706431));
#4556=CARTESIAN_POINT('',(28.5277366617394,-19.,1.24747612731538));
#4557=CARTESIAN_POINT('',(32.5098116793373,-19.,5.99312833551734));
#4558=CARTESIAN_POINT('',(28.5888072602494,-19.,1.32025723249158));
#4559=CARTESIAN_POINT('',(31.436350595571,-19.,4.71382723242874));
#4560=CARTESIAN_POINT('',(13.2679183978699,-19.,14.1760094262224));
#4561=CARTESIAN_POINT('',(20.9283628290596,-19.,7.74813332935697));
#4562=CARTESIAN_POINT('',(17.1889228169578,-19.,18.8488805292481));
#4563=CARTESIAN_POINT('',(17.0957128379634,-19.,18.737797201916));
#4564=CARTESIAN_POINT('',(24.8493672481475,-19.,12.4210044323827));
#4565=CARTESIAN_POINT('',(9.10000000000001,-19.,25.75));
#4566=CARTESIAN_POINT('',(3.00000000000001,-19.,25.75));
#4567=CARTESIAN_POINT('',(1.50000000000001,-19.,25.75));
#4568=CARTESIAN_POINT('',(3.00000000000001,-19.,45.75));
#4569=CARTESIAN_POINT('',(3.00000000000001,-19.,35.75));
#4570=CARTESIAN_POINT('',(9.10000000000001,-19.,45.75));
#4571=CARTESIAN_POINT('',(3.02500000000001,-19.,45.75));
#4572=CARTESIAN_POINT('',(9.10000000000001,-19.,35.75));
#4573=CARTESIAN_POINT('',(-9.09999999999999,-19.,45.75));
#4574=CARTESIAN_POINT('',(-2.99999999999999,-19.,45.75));
#4575=CARTESIAN_POINT('',(-1.49999999999999,-19.,45.75));
#4576=CARTESIAN_POINT('',(-2.99999999999999,-19.,25.75));
#4577=CARTESIAN_POINT('',(-2.99999999999999,-19.,35.75));
#4578=CARTESIAN_POINT('',(-9.09999999999999,-19.,25.75));
#4579=CARTESIAN_POINT('',(-3.02499999999999,-19.,25.75));
#4580=CARTESIAN_POINT('',(-9.09999999999999,-19.,35.75));
#4581=CARTESIAN_POINT('',(3.60000000000002,-19.,52.85));
#4582=CARTESIAN_POINT('Origin',(2.13444745417385E-14,-19.,52.85));
#4583=CARTESIAN_POINT('',(11.,-19.,43.8999999999999));
#4584=CARTESIAN_POINT('',(11.05,-19.,43.85));
#4585=CARTESIAN_POINT('',(7.45625000372526,-19.,47.4437499962747));
#4586=CARTESIAN_POINT('',(11.,-19.,43.85));
#4587=CARTESIAN_POINT('',(5.50000000000002,-19.,43.85));
#4588=CARTESIAN_POINT('',(11.,-19.,49.925));
#4589=CARTESIAN_POINT('',(-11.,-19.,43.9));
#4590=CARTESIAN_POINT('',(-11.,-19.,43.85));
#4591=CARTESIAN_POINT('',(-11.,-19.,40.925));
#4592=CARTESIAN_POINT('',(-11.0499999999999,-19.,43.85));
#4593=CARTESIAN_POINT('',(-14.5,-19.,43.85));
#4594=CARTESIAN_POINT('',(-12.5062500037253,-19.,42.3937499962747));
#4595=CARTESIAN_POINT('',(26.45,-19.,33.0000004917383));
#4596=CARTESIAN_POINT('Origin',(27.7,-19.,33.0000004917383));
#4597=CARTESIAN_POINT('',(-2.55,-19.,13.15));
#4598=CARTESIAN_POINT('Origin',(4.90510410067202E-15,-19.,13.15));
#4599=CARTESIAN_POINT('',(-28.95,-19.,33.));
#4600=CARTESIAN_POINT('Origin',(-27.7,-19.,33.));
#4601=CARTESIAN_POINT('Origin',(-37.7,-3.00000000000001,-17.0000000298023));
#4602=CARTESIAN_POINT('',(-48.7,-50.0000007450581,-17.0000002533197));
#4603=CARTESIAN_POINT('',(37.7,-2.99999999999999,-17.0000000298023));
#4604=CARTESIAN_POINT('Origin',(-48.7,-21.000000372529,25.8749998733402));
#4605=CARTESIAN_POINT('Origin',(-37.7,-19.,49.75));
#4606=CARTESIAN_POINT('',(-19.7,-46.,49.75));
#4607=CARTESIAN_POINT('',(-19.7,-19.,49.75));
#4608=CARTESIAN_POINT('',(-37.7,-46.,49.75));
#4609=CARTESIAN_POINT('Origin',(-15.0000002235174,-32.,109.888267656623));
#4610=CARTESIAN_POINT('',(-15.0000002235174,-31.3,109.888267656623));
#4611=CARTESIAN_POINT('',(-11.2500007897615,-31.3,109.888267656623));
#4612=CARTESIAN_POINT('',(-14.0625003650784,-31.3,109.888267656623));
#4613=CARTESIAN_POINT('',(-11.2500007897615,-32.,109.888267656623));
#4614=CARTESIAN_POINT('',(-11.2500007897615,-32.,109.888267656623));
#4615=CARTESIAN_POINT('',(-15.0000002235174,-32.,109.888267656623));
#4616=CARTESIAN_POINT('',(-17.1250005066395,-32.,109.888267656623));
#4617=CARTESIAN_POINT('',(-15.0000002235174,-32.,109.888267656623));
#4618=CARTESIAN_POINT('Origin',(-15.0000002235174,-32.,68.7500000000001));
#4619=CARTESIAN_POINT('',(-15.0000002235174,-31.3,79.0345669141559));
#4620=CARTESIAN_POINT('',(-15.0000002235174,-32.,81.3750003166497));
#4621=CARTESIAN_POINT('Origin',(-11.2500007897615,-32.,121.000000268221));
#4622=CARTESIAN_POINT('',(-11.2500007897615,-31.3,111.));
#4623=CARTESIAN_POINT('',(-11.2500007897615,-31.3,104.568212842301));
#4624=CARTESIAN_POINT('',(-11.2500007897615,-21.3,111.));
#4625=CARTESIAN_POINT('',(-11.2500007897615,-31.65,111.));
#4626=CARTESIAN_POINT('',(-11.2500007897615,-21.3,121.000000268221));
#4627=CARTESIAN_POINT('',(-11.2500007897615,-21.3,107.50000045076));
#4628=CARTESIAN_POINT('',(-11.2500007897615,-32.,121.000000268221));
#4629=CARTESIAN_POINT('',(-11.2500007897615,-32.,121.000000268221));
#4630=CARTESIAN_POINT('',(-11.2500007897615,-32.,121.000000268221));
#4631=CARTESIAN_POINT('Origin',(-10.75,-31.3,105.5));
#4632=CARTESIAN_POINT('',(-12.5,-21.3,105.5));
#4633=CARTESIAN_POINT('Origin',(-10.75,-21.3,105.5));
#4634=CARTESIAN_POINT('',(-12.5,-31.3,105.5));
#4635=CARTESIAN_POINT('',(-12.5,-31.3,105.5));
#4636=CARTESIAN_POINT('Origin',(-10.75,-31.3,105.5));
#4637=CARTESIAN_POINT('Origin',(4.74999999999996,-21.3,88.1364254163817));
#4638=CARTESIAN_POINT('',(-27.2500007897615,-21.3,121.000000268221));
#4639=CARTESIAN_POINT('',(-27.2500007897615,-21.3,80.5000008158386));
#4640=CARTESIAN_POINT('',(-23.2500007897615,-21.3,121.000000268221));
#4641=CARTESIAN_POINT('',(25.7499999999999,-21.3,111.));
#4642=CARTESIAN_POINT('',(25.7499999999999,-21.3,111.));
#4643=CARTESIAN_POINT('',(25.7499999999999,-21.3,65.2728508327631));
#4644=CARTESIAN_POINT('',(-16.6000007897615,-21.3,113.000000268221));
#4645=CARTESIAN_POINT('Origin',(-19.2500007897615,-21.3,113.000000268221));
#4646=CARTESIAN_POINT('',(-12.5,-21.3,74.5000000000003));
#4647=CARTESIAN_POINT('Origin',(-10.75,-21.3,74.5000000000003));
#4648=CARTESIAN_POINT('',(-6.25000000000002,-21.3,90.0000003129246));
#4649=CARTESIAN_POINT('Origin',(4.74999999999997,-21.3,90.0000003129246));
#4650=CARTESIAN_POINT('',(18.4999999999999,-21.3,105.5));
#4651=CARTESIAN_POINT('Origin',(20.2499999999999,-21.3,105.5));
#4652=CARTESIAN_POINT('',(18.4999999999999,-21.3,74.5000000000003));
#4653=CARTESIAN_POINT('Origin',(20.2499999999999,-21.3,74.5000000000003));
#4654=CARTESIAN_POINT('Origin',(-19.2500007897615,-32.,94.0000006332994));
#4655=CARTESIAN_POINT('',(-27.2500007897615,-32.,121.000000268221));
#4656=CARTESIAN_POINT('',(-27.2500007897615,-32.,121.000000268221));
#4657=CARTESIAN_POINT('',(-27.2500007897615,-32.,105.000000268221));
#4658=CARTESIAN_POINT('',(-16.6000007897615,-32.,113.000000268221));
#4659=CARTESIAN_POINT('Origin',(-19.2500007897615,-32.,113.000000268221));
#4660=CARTESIAN_POINT('Origin',(-27.2500007897615,-32.,121.000000268221));
#4661=CARTESIAN_POINT('',(-27.2500007897615,-32.,121.000000268221));
#4662=CARTESIAN_POINT('Origin',(-27.2500007897615,-32.,67.0000009983778));
#4663=CARTESIAN_POINT('Origin',(-19.2500007897615,-32.,113.000000268221));
#4664=CARTESIAN_POINT('',(-16.6000007897615,-32.,113.000000268221));
#4665=CARTESIAN_POINT('Origin',(-40.7,-39.0000005811453,85.0000012665987));
#4666=CARTESIAN_POINT('',(-40.7,-34.5000005811453,85.0000012665987));
#4667=CARTESIAN_POINT('Origin',(-40.7,-39.0000005811453,85.0000012665987));
#4668=CARTESIAN_POINT('Origin',(-35.7,-39.0000005811453,77.0000011473894));
#4669=CARTESIAN_POINT('',(-35.7,-32.0000004768372,93.000001385808));
#4670=CARTESIAN_POINT('',(-35.7,-32.0000004768372,61.0000009089708));
#4671=CARTESIAN_POINT('',(-35.7,-46.0000006854534,93.000001385808));
#4672=CARTESIAN_POINT('',(-35.7,-32.0000004768372,93.000001385808));
#4673=CARTESIAN_POINT('',(-35.7,-46.0000006854534,93.000001385808));
#4674=CARTESIAN_POINT('',(-35.7,-34.5000005811453,85.0000012665987));
#4675=CARTESIAN_POINT('Origin',(-35.7,-39.0000005811453,85.0000012665987));
#4676=CARTESIAN_POINT('Origin',(-37.7,-39.0000005811453,85.0000012665987));
#4677=CARTESIAN_POINT('',(-37.7,-34.5000005811453,85.0000012665987));
#4678=CARTESIAN_POINT('Origin',(-37.7,-32.0000004768372,93.000001385808));
#4679=CARTESIAN_POINT('',(-42.7,-32.0000004768372,93.000001385808));
#4680=CARTESIAN_POINT('',(-42.7,-32.0000004768372,61.0000009089708));
#4681=CARTESIAN_POINT('',(-37.7,-32.0000004768372,93.000001385808));
#4682=CARTESIAN_POINT('Origin',(-37.7,-46.0000006854534,93.000001385808));
#4683=CARTESIAN_POINT('',(-42.7,-46.0000006854534,93.000001385808));
#4684=CARTESIAN_POINT('',(-42.7,-32.0000004768372,93.000001385808));
#4685=CARTESIAN_POINT('',(-37.7,-46.0000006854534,93.000001385808));
#4686=CARTESIAN_POINT('Origin',(-42.7,-39.0000005811453,77.0000011473894));
#4687=CARTESIAN_POINT('',(-42.7,-46.0000021848828,61.0000009089708));
#4688=CARTESIAN_POINT('Origin',(4.74999999999997,-31.3,88.1364254163817));
#4689=CARTESIAN_POINT('',(25.7499999999999,-31.3,111.));
#4690=CARTESIAN_POINT('',(25.7499999999999,-31.3,65.2728508327631));
#4691=CARTESIAN_POINT('',(25.7499999999999,-31.3,111.));
#4692=CARTESIAN_POINT('',(-12.5,-31.3,74.5000000000003));
#4693=CARTESIAN_POINT('Origin',(-10.75,-31.3,74.5000000000003));
#4694=CARTESIAN_POINT('',(-6.25,-31.3,90.0000003129246));
#4695=CARTESIAN_POINT('Origin',(4.74999999999998,-31.3,90.0000003129246));
#4696=CARTESIAN_POINT('',(18.5,-31.3,105.5));
#4697=CARTESIAN_POINT('Origin',(20.25,-31.3,105.5));
#4698=CARTESIAN_POINT('',(18.5,-31.3,74.5000000000003));
#4699=CARTESIAN_POINT('Origin',(20.25,-31.3,74.5000000000003));
#4700=CARTESIAN_POINT('Origin',(25.7499999999999,-31.3,111.));
#4701=CARTESIAN_POINT('',(25.7499999999999,-31.3,111.));
#4702=CARTESIAN_POINT('Origin',(4.74999999999998,-31.3,90.0000003129246));
#4703=CARTESIAN_POINT('',(-6.25,-31.3,90.0000003129246));
#4704=CARTESIAN_POINT('Origin',(20.25,-31.3,105.5));
#4705=CARTESIAN_POINT('',(18.5,-31.3,105.5));
#4706=CARTESIAN_POINT('Origin',(20.25,-31.3,74.5000000000003));
#4707=CARTESIAN_POINT('',(18.5,-31.3,74.5000000000003));
#4708=CARTESIAN_POINT('Origin',(-10.75,-31.3,74.5000000000003));
#4709=CARTESIAN_POINT('',(-12.5,-31.3,74.5000000000003));
#4710=CARTESIAN_POINT('Origin',(-16.25,-31.3,111.));
#4711=CARTESIAN_POINT('Origin',(-19.7,-19.,64.75));
#4712=CARTESIAN_POINT('',(19.7,-46.,64.75));
#4713=CARTESIAN_POINT('',(19.7,-19.,64.7500000000001));
#4714=CARTESIAN_POINT('',(-19.7,-46.,64.75));
#4715=CARTESIAN_POINT('',(19.7,-46.,64.75));
#4716=CARTESIAN_POINT('',(-19.7,-19.,64.75));
#4717=CARTESIAN_POINT('Origin',(19.7,-19.,49.75));
#4718=CARTESIAN_POINT('',(37.7,-46.,49.75));
#4719=CARTESIAN_POINT('',(37.7,-19.,49.75));
#4720=CARTESIAN_POINT('',(19.7,-46.,49.75));
#4721=CARTESIAN_POINT('',(19.7,-46.,49.75));
#4722=CARTESIAN_POINT('',(19.7,-19.,49.75));
#4723=CARTESIAN_POINT('Origin',(19.7,-19.,64.7500000000001));
#4724=CARTESIAN_POINT('',(19.7,-46.,64.7500000000001));
#4725=CARTESIAN_POINT('Origin',(-19.7,-19.,49.75));
#4726=CARTESIAN_POINT('',(-19.7,-46.,64.7500000000001));
#4727=CARTESIAN_POINT('Origin',(-28.7,-46.,57.25));
#4728=CARTESIAN_POINT('',(37.7,-46.,49.75));
#4729=CARTESIAN_POINT('Origin',(37.7,-2.99999999999999,-2.00000002980231));
#4730=CARTESIAN_POINT('',(37.7,-10.7765589848749,-1.00000001490116));
#4731=CARTESIAN_POINT('',(37.7,-6.88827949243744,-1.00000001490116));
#4732=CARTESIAN_POINT('',(37.7,-10.7765589848749,42.9999990388751));
#4733=CARTESIAN_POINT('',(37.7,-10.7765589848749,9.49999974109233));
#4734=CARTESIAN_POINT('',(37.7,-4.77655898487489,42.9999990388751));
#4735=CARTESIAN_POINT('',(37.7,-6.88827949243744,42.9999990388751));
#4736=CARTESIAN_POINT('',(37.7,-4.77655898487489,2.00000002980232));
#4737=CARTESIAN_POINT('',(37.7,-4.77655898487489,9.49999974109233));
#4738=CARTESIAN_POINT('',(37.7,5.22344101512511,2.00000002980232));
#4739=CARTESIAN_POINT('',(37.7,-3.88827949243744,2.00000002980232));
#4740=CARTESIAN_POINT('',(37.7,5.22344101512511,42.9999990388751));
#4741=CARTESIAN_POINT('',(37.7,5.22344101512511,9.49999974109233));
#4742=CARTESIAN_POINT('',(37.7,1.11172050756256,42.9999990388751));
#4743=CARTESIAN_POINT('Origin',(37.000000551343,-4.77655898487489,2.00000002980232));
#4744=CARTESIAN_POINT('',(48.0000007152557,5.22344101512511,2.00000002980232));
#4745=CARTESIAN_POINT('',(48.0000007152557,-4.77655898487489,2.00000002980232));
#4746=CARTESIAN_POINT('',(48.0000007152557,-4.77655898487489,2.00000002980232));
#4747=CARTESIAN_POINT('',(39.9250004544854,5.22344101512511,2.00000002980232));
#4748=CARTESIAN_POINT('',(40.2500005997717,-4.77655898487489,2.00000002980232));
#4749=CARTESIAN_POINT('Origin',(43.5000006482005,-4.77655898487489,20.999999511987));
#4750=CARTESIAN_POINT('',(48.0000007152557,-4.77655898487489,42.9999990388751));
#4751=CARTESIAN_POINT('',(37.000000551343,-4.77655898487489,42.9999990388751));
#4752=CARTESIAN_POINT('',(48.0000007152557,-4.77655898487489,9.9999997485429));
#4753=CARTESIAN_POINT('',(44.8213545243727,-4.77655898487489,35.615204609514));
#4754=CARTESIAN_POINT('Origin',(43.9213545243727,-4.77655898487489,35.615204609514));
#4755=CARTESIAN_POINT('',(44.8213545243724,-4.77655898487489,5.61520431149088));
#4756=CARTESIAN_POINT('Origin',(43.9213545243724,-4.77655898487489,5.61520431149088));
#4757=CARTESIAN_POINT('',(40.0213545243724,-4.77655898487489,8.61520431149088));
#4758=CARTESIAN_POINT('',(47.8213545243726,-4.77655898487489,8.61520431149088));
#4759=CARTESIAN_POINT('',(40.0213545243724,-4.77655898487489,8.61520431149088));
#4760=CARTESIAN_POINT('',(47.8213545243726,-4.77655898487489,32.615204609514));
#4761=CARTESIAN_POINT('',(47.8213545243726,-4.77655898487489,8.61520431149088));
#4762=CARTESIAN_POINT('',(40.0213545243726,-4.77655898487489,32.615204609514));
#4763=CARTESIAN_POINT('',(47.8213545243726,-4.77655898487489,32.615204609514));
#4764=CARTESIAN_POINT('',(40.0213545243726,-4.77655898487489,32.615204609514));
#4765=CARTESIAN_POINT('Origin',(42.8500003576279,5.22344101512511,20.999999511987));
#4766=CARTESIAN_POINT('',(48.0000007152557,5.22344101512511,42.9999990388751));
#4767=CARTESIAN_POINT('',(48.0000007152557,5.22344101512511,9.9999997485429));
#4768=CARTESIAN_POINT('',(48.0000007152557,5.22344101512511,42.9999990388751));
#4769=CARTESIAN_POINT('Origin',(48.0000007152557,-4.77655898487489,-1.00000001490116));
#4770=CARTESIAN_POINT('',(48.0000007152557,-4.77655898487489,42.9999990388751));
#4771=CARTESIAN_POINT('Origin',(37.000000551343,-10.7765589848749,42.9999990388751));
#4772=CARTESIAN_POINT('',(50.0000007450581,-10.7765589848749,42.9999990388751));
#4773=CARTESIAN_POINT('',(37.000000551343,-10.7765589848749,42.9999990388751));
#4774=CARTESIAN_POINT('',(50.0000007450581,-10.7765589848749,42.9999990388751));
#4775=CARTESIAN_POINT('Origin',(40.0213545243726,-10.7765589848749,32.615204609514));
#4776=CARTESIAN_POINT('',(40.0213545243726,-10.7765589848749,32.615204609514));
#4777=CARTESIAN_POINT('',(40.0213545243724,-10.7765589848749,8.61520431149088));
#4778=CARTESIAN_POINT('',(40.0213545243726,-10.7765589848749,32.615204609514));
#4779=CARTESIAN_POINT('',(40.0213545243724,-10.7765589848749,8.61520431149088));
#4780=CARTESIAN_POINT('',(40.0213545243726,-10.7765589848749,32.615204609514));
#4781=CARTESIAN_POINT('Origin',(47.8213545243726,-10.7765589848749,32.615204609514));
#4782=CARTESIAN_POINT('',(47.8213545243726,-10.7765589848749,32.615204609514));
#4783=CARTESIAN_POINT('',(47.8213545243726,-10.7765589848749,32.615204609514));
#4784=CARTESIAN_POINT('',(47.8213545243726,-10.7765589848749,32.615204609514));
#4785=CARTESIAN_POINT('Origin',(47.8213545243726,-10.7765589848749,8.61520431149088));
#4786=CARTESIAN_POINT('',(47.8213545243726,-10.7765589848749,8.61520431149088));
#4787=CARTESIAN_POINT('',(47.8213545243726,-10.7765589848749,8.61520431149088));
#4788=CARTESIAN_POINT('',(47.8213545243726,-10.7765589848749,8.61520431149088));
#4789=CARTESIAN_POINT('Origin',(40.0213545243724,-10.7765589848749,8.61520431149088));
#4790=CARTESIAN_POINT('',(40.0213545243724,-10.7765589848749,8.61520431149088));
#4791=CARTESIAN_POINT('Origin',(43.9213545243724,-10.7765589848749,5.61520431149088));
#4792=CARTESIAN_POINT('',(44.8213545243724,-10.7765589848749,5.61520431149088));
#4793=CARTESIAN_POINT('',(44.8213545243724,-10.7765589848749,5.61520431149088));
#4794=CARTESIAN_POINT('Origin',(43.9213545243724,-10.7765589848749,5.61520431149088));
#4795=CARTESIAN_POINT('Origin',(43.9213545243727,-10.7765589848749,35.615204609514));
#4796=CARTESIAN_POINT('',(44.8213545243727,-10.7765589848749,35.615204609514));
#4797=CARTESIAN_POINT('',(44.8213545243727,-10.7765589848749,35.615204609514));
#4798=CARTESIAN_POINT('Origin',(43.9213545243727,-10.7765589848749,35.615204609514));
#4799=CARTESIAN_POINT('Origin',(50.0000007450581,-10.7765589848749,-1.00000001490116));
#4800=CARTESIAN_POINT('',(50.0000007450581,-10.7765589848749,-1.00000001490116));
#4801=CARTESIAN_POINT('',(50.0000007450581,-10.7765589848749,-1.00000001490116));
#4802=CARTESIAN_POINT('',(50.0000007450581,-10.7765589848749,-1.00000001490116));
#4803=CARTESIAN_POINT('Origin',(50.0000007450581,-10.7765589848749,42.9999990388751));
#4804=CARTESIAN_POINT('',(50.0000007450581,-10.7765589848749,42.9999990388751));
#4805=CARTESIAN_POINT('Origin',(43.5000006482005,-10.7765589848749,20.999999511987));
#4806=CARTESIAN_POINT('Origin',(-30.5493094697933,-19.,3.65669278400446));
#4807=CARTESIAN_POINT('Origin',(-30.5493094697933,-19.,3.65669278400446));
#4808=CARTESIAN_POINT('Origin',(-13.2679183978698,-19.,14.1760094262224));
#4809=CARTESIAN_POINT('Origin',(-15.2284206074138,-19.,16.5124449777353));
#4810=CARTESIAN_POINT('Origin',(-22.8888650386036,-19.,10.0845688808699));
#4811=CARTESIAN_POINT('Origin',(-22.7715793925862,-19.,-5.61244497773516));
#4812=CARTESIAN_POINT('Origin',(-22.7715793925862,-19.,-5.61244497773516));
#4813=CARTESIAN_POINT('Origin',(-5.49018832066271,-19.,4.90687166448274));
#4814=CARTESIAN_POINT('Origin',(-7.45069053020665,-19.,7.24330721599562));
#4815=CARTESIAN_POINT('Origin',(-15.1111349613964,-19.,0.815431119130232));
#4816=CARTESIAN_POINT('Origin',(22.7715793925862,-19.,-5.61244497773516));
#4817=CARTESIAN_POINT('Origin',(22.7715793925862,-19.,-5.61244497773517));
#4818=CARTESIAN_POINT('Origin',(15.1111349613965,-19.,0.815431119130229));
#4819=CARTESIAN_POINT('Origin',(7.45069053020667,-19.,7.24330721599562));
#4820=CARTESIAN_POINT('Origin',(9.41119273975062,-19.,9.57974276750851));
#4821=CARTESIAN_POINT('Origin',(15.2284206074138,-19.,16.5124449777353));
#4822=CARTESIAN_POINT('Origin',(15.2284206074138,-19.,16.5124449777353));
#4823=CARTESIAN_POINT('Origin',(28.5888072602494,-19.,1.32025723249158));
#4824=CARTESIAN_POINT('Origin',(30.5493094697934,-19.,3.65669278400446));
#4825=CARTESIAN_POINT('Origin',(22.8888650386036,-19.,10.0845688808699));
#4826=CARTESIAN_POINT('Origin',(6.05000000000001,-19.,45.75));
#4827=CARTESIAN_POINT('Origin',(6.05000000000001,-19.,45.75));
#4828=CARTESIAN_POINT('Origin',(3.00000000000001,-19.,25.75));
#4829=CARTESIAN_POINT('Origin',(6.05000000000001,-19.,25.75));
#4830=CARTESIAN_POINT('Origin',(6.05000000000001,-19.,35.75));
#4831=CARTESIAN_POINT('Origin',(-6.04999999999999,-19.,25.75));
#4832=CARTESIAN_POINT('Origin',(-6.04999999999999,-19.,25.75));
#4833=CARTESIAN_POINT('Origin',(-2.99999999999999,-19.,45.75));
#4834=CARTESIAN_POINT('Origin',(-6.04999999999999,-19.,45.75));
#4835=CARTESIAN_POINT('Origin',(-6.04999999999999,-19.,35.75));
#4836=CARTESIAN_POINT('Origin',(1.74381342699093E-14,2.84379309505526E-30,
52.85));
#4837=CARTESIAN_POINT('',(3.60000000000002,7.40148683083441E-16,52.85));
#4838=CARTESIAN_POINT('Origin',(-16.,-19.,38.9));
#4839=CARTESIAN_POINT('',(-11.,-13.,43.9));
#4840=CARTESIAN_POINT('',(-11.,-15.,43.9));
#4841=CARTESIAN_POINT('',(-11.0499999999999,-13.,43.85));
#4842=CARTESIAN_POINT('',(-11.0499999999999,-15.,43.85));
#4843=CARTESIAN_POINT('',(-12.5062500037253,-13.,42.3937499962747));
#4844=CARTESIAN_POINT('Origin',(5.89999999999996,-19.,49.));
#4845=CARTESIAN_POINT('',(11.,-13.,43.8999999999999));
#4846=CARTESIAN_POINT('',(11.,-15.,43.8999999999999));
#4847=CARTESIAN_POINT('',(11.05,-13.,43.85));
#4848=CARTESIAN_POINT('',(7.45625000372526,-13.,47.4437499962747));
#4849=CARTESIAN_POINT('',(11.05,-15.,43.85));
#4850=CARTESIAN_POINT('Origin',(-11.,-3.,43.85));
#4851=CARTESIAN_POINT('',(-11.,-13.,61.85));
#4852=CARTESIAN_POINT('',(-11.,-13.,40.3624999925495));
#4853=CARTESIAN_POINT('',(-11.,-3.,61.85));
#4854=CARTESIAN_POINT('',(-11.,-11.,43.85));
#4855=CARTESIAN_POINT('Origin',(11.,-3.,43.85));
#4856=CARTESIAN_POINT('',(29.,-13.,43.85));
#4857=CARTESIAN_POINT('',(5.50000000000003,-13.,43.85));
#4858=CARTESIAN_POINT('',(29.,-3.,43.85));
#4859=CARTESIAN_POINT('',(11.,-3.,43.85));
#4860=CARTESIAN_POINT('Origin',(1.33226762955019E-14,-13.,36.8749999850989));
#4861=CARTESIAN_POINT('',(11.,-13.,22.15));
#4862=CARTESIAN_POINT('',(29.,-13.,22.15));
#4863=CARTESIAN_POINT('',(14.5,-13.,22.15));
#4864=CARTESIAN_POINT('',(29.,-13.,4.14999999999997));
#4865=CARTESIAN_POINT('',(29.,-13.,20.5124999925494));
#4866=CARTESIAN_POINT('',(11.,-13.,4.14999999999997));
#4867=CARTESIAN_POINT('',(5.50000000000002,-13.,4.14999999999997));
#4868=CARTESIAN_POINT('',(11.,-13.,29.5124999925494));
#4869=CARTESIAN_POINT('Origin',(1.33226762955019E-14,-13.,36.8749999850989));
#4870=CARTESIAN_POINT('',(11.,-13.,61.85));
#4871=CARTESIAN_POINT('',(11.,-13.,49.3624999925494));
#4872=CARTESIAN_POINT('',(29.,-13.,61.85));
#4873=CARTESIAN_POINT('',(14.5,-13.,61.85));
#4874=CARTESIAN_POINT('',(29.,-13.,40.3624999925494));
#4875=CARTESIAN_POINT('Origin',(1.33226762955019E-14,-13.,36.8749999850989));
#4876=CARTESIAN_POINT('',(-29.,-13.,22.15));
#4877=CARTESIAN_POINT('',(-11.,-13.,22.15));
#4878=CARTESIAN_POINT('',(-5.49999999999999,-13.,22.15));
#4879=CARTESIAN_POINT('',(-11.,-13.,4.14999999999997));
#4880=CARTESIAN_POINT('',(-11.,-13.,20.5124999925494));
#4881=CARTESIAN_POINT('',(-29.,-13.,4.14999999999997));
#4882=CARTESIAN_POINT('',(-14.5,-13.,4.14999999999997));
#4883=CARTESIAN_POINT('',(-29.,-13.,29.5124999925494));
#4884=CARTESIAN_POINT('Origin',(1.33226762955019E-14,-13.,36.8749999850989));
#4885=CARTESIAN_POINT('',(-29.,-13.,43.85));
#4886=CARTESIAN_POINT('',(-14.5,-13.,43.85));
#4887=CARTESIAN_POINT('',(-29.,-13.,61.85));
#4888=CARTESIAN_POINT('',(-29.,-13.,49.3624999925495));
#4889=CARTESIAN_POINT('',(-5.49999999999999,-13.,61.85));
#4890=CARTESIAN_POINT('Origin',(-29.,-3.00000000000001,43.85));
#4891=CARTESIAN_POINT('',(-29.,-3.00000000000001,43.85));
#4892=CARTESIAN_POINT('Origin',(-29.,-3.00000000000001,61.85));
#4893=CARTESIAN_POINT('',(-29.,-3.00000000000001,61.85));
#4894=CARTESIAN_POINT('Origin',(-11.,-3.,61.85));
#4895=CARTESIAN_POINT('Origin',(-11.,-3.,22.15));
#4896=CARTESIAN_POINT('',(-29.,-3.00000000000001,22.15));
#4897=CARTESIAN_POINT('',(-11.,-3.,22.15));
#4898=CARTESIAN_POINT('Origin',(-11.,-3.,4.14999999999997));
#4899=CARTESIAN_POINT('',(-11.,-3.,4.14999999999997));
#4900=CARTESIAN_POINT('Origin',(-29.,-3.00000000000001,4.14999999999997));
#4901=CARTESIAN_POINT('',(-29.,-3.00000000000001,4.14999999999997));
#4902=CARTESIAN_POINT('Origin',(-29.,-3.00000000000001,22.15));
#4903=CARTESIAN_POINT('Origin',(29.,-3.,43.85));
#4904=CARTESIAN_POINT('',(29.,-3.,61.85));
#4905=CARTESIAN_POINT('Origin',(11.,-3.,61.85));
#4906=CARTESIAN_POINT('',(11.,-3.,61.85));
#4907=CARTESIAN_POINT('Origin',(29.,-3.,61.85));
#4908=CARTESIAN_POINT('Origin',(29.,-3.,22.15));
#4909=CARTESIAN_POINT('',(11.,-3.,22.15));
#4910=CARTESIAN_POINT('',(29.,-3.,22.15));
#4911=CARTESIAN_POINT('Origin',(29.,-3.,4.14999999999997));
#4912=CARTESIAN_POINT('',(29.,-3.,4.14999999999997));
#4913=CARTESIAN_POINT('Origin',(11.,-3.,4.14999999999997));
#4914=CARTESIAN_POINT('',(11.,-3.,4.14999999999997));
#4915=CARTESIAN_POINT('Origin',(11.,-3.,22.15));
#4916=CARTESIAN_POINT('Origin',(-27.7,-3.00000000000001,33.));
#4917=CARTESIAN_POINT('',(-28.95,-3.00000000000001,33.));
#4918=CARTESIAN_POINT('Origin',(5.39082667394552E-15,-3.,13.15));
#4919=CARTESIAN_POINT('',(-2.55,-3.,13.15));
#4920=CARTESIAN_POINT('Origin',(27.7,-3.,33.0000004917383));
#4921=CARTESIAN_POINT('',(26.45,-3.,33.0000004917383));
#4922=CARTESIAN_POINT('Origin',(-36.6999991573393,-119.,70.75));
#4923=CARTESIAN_POINT('',(-36.6999991573393,-119.,44.75));
#4924=CARTESIAN_POINT('',(-36.6999991573393,-124.,44.75));
#4925=CARTESIAN_POINT('',(-36.6999991573393,-121.5,44.75));
#4926=CARTESIAN_POINT('',(-36.7,-119.,-17.0000000298023));
#4927=CARTESIAN_POINT('',(-36.6999991573393,-119.,48.8124999925495));
#4928=CARTESIAN_POINT('',(-36.7,-124.,-17.0000000298023));
#4929=CARTESIAN_POINT('',(-36.6999991573393,-119.,-17.0000000298023));
#4930=CARTESIAN_POINT('',(-36.6999991573393,-124.,48.8124999925495));
#4931=CARTESIAN_POINT('Origin',(8.88178419700125E-15,-119.,26.8749999850989));
#4932=CARTESIAN_POINT('',(-21.,-119.,44.75));
#4933=CARTESIAN_POINT('',(-10.5,-119.,44.75));
#4934=CARTESIAN_POINT('',(-13.,-119.,52.75));
#4935=CARTESIAN_POINT('',(-16.2187500037253,-119.,49.5312499962748));
#4936=CARTESIAN_POINT('',(-13.,-119.,63.7500000000001));
#4937=CARTESIAN_POINT('',(-13.,-119.,45.8124999925494));
#4938=CARTESIAN_POINT('',(13.,-119.,63.75));
#4939=CARTESIAN_POINT('',(18.8499995786697,-119.,63.7500000000001));
#4940=CARTESIAN_POINT('',(13.,-119.,52.75));
#4941=CARTESIAN_POINT('',(13.,-119.,39.8124999925495));
#4942=CARTESIAN_POINT('',(21.,-119.,44.75));
#4943=CARTESIAN_POINT('',(20.2187500037253,-119.,45.5312499962747));
#4944=CARTESIAN_POINT('',(37.6999991573393,-119.,44.75));
#4945=CARTESIAN_POINT('',(18.8499995786697,-119.,44.75));
#4946=CARTESIAN_POINT('',(37.7,-119.,-17.0000000298023));
#4947=CARTESIAN_POINT('',(37.6999991573393,-119.,70.7500000000001));
#4948=CARTESIAN_POINT('',(37.7,-119.,-17.0000000298023));
#4949=CARTESIAN_POINT('',(8.17134387157915,-119.,2.65711503057985));
#4950=CARTESIAN_POINT('',(7.59283502286127,-119.,1.96767503177278));
#4951=CARTESIAN_POINT('',(18.5843545354802,-119.,15.0668578990058));
#4952=CARTESIAN_POINT('',(17.551412783408,-119.,-6.38856389415224));
#4953=CARTESIAN_POINT('',(-0.767225904322911,-119.,8.98259907239262));
#4954=CARTESIAN_POINT('',(18.1299216321259,-119.,-5.69912389534516));
#4955=CARTESIAN_POINT('',(22.1150561991615,-119.,-0.949825458109039));
#4956=CARTESIAN_POINT('',(20.8110771830423,-119.,-7.94888052924805));
#4957=CARTESIAN_POINT('',(13.1506327518525,-119.,-1.52100443238266));
#4958=CARTESIAN_POINT('',(24.7320816021302,-119.,-3.27600942622228));
#4959=CARTESIAN_POINT('',(25.0854661744369,-119.,-2.85486209260838));
#4960=CARTESIAN_POINT('',(22.0509260512138,-119.,-1.02625279231939));
#4961=CARTESIAN_POINT('',(17.0716371709404,-119.,3.15186667064311));
#4962=CARTESIAN_POINT('',(25.907651709333,-119.,3.57001386639446));
#4963=CARTESIAN_POINT('',(22.1150561991615,-119.,-0.949825458109039));
#4964=CARTESIAN_POINT('',(28.5888072602494,-119.,1.32025723249157));
#4965=CARTESIAN_POINT('',(20.9283628290596,-119.,7.74813332935696));
#4966=CARTESIAN_POINT('',(32.5098116793373,-119.,5.99312833551735));
#4967=CARTESIAN_POINT('',(29.9545823178124,-119.,2.94792456401787));
#4968=CARTESIAN_POINT('',(29.8286561284209,-119.,8.24288496942024));
#4969=CARTESIAN_POINT('',(24.8493672481475,-119.,12.4210044323827));
#4970=CARTESIAN_POINT('',(30.4071649771388,-119.,8.93232496822732));
#4971=CARTESIAN_POINT('',(22.1150561991615,-119.,-0.949825458109039));
#4972=CARTESIAN_POINT('',(20.4485872165921,-119.,17.2885638941523));
#4973=CARTESIAN_POINT('',(17.0678151696812,-119.,20.1253684718097));
#4974=CARTESIAN_POINT('',(19.8700783678742,-119.,16.5991238953453));
#4975=CARTESIAN_POINT('',(18.5843545354802,-119.,15.0668578990058));
#4976=CARTESIAN_POINT('',(17.1889228169578,-119.,18.8488805292481));
#4977=CARTESIAN_POINT('',(24.8493672481475,-119.,12.4210044323827));
#4978=CARTESIAN_POINT('',(13.2679183978699,-119.,14.1760094262224));
#4979=CARTESIAN_POINT('',(15.6139445602049,-119.,16.9718945335051));
#4980=CARTESIAN_POINT('',(15.9490739487863,-119.,11.9262527923195));
#4981=CARTESIAN_POINT('',(20.9283628290596,-119.,7.74813332935696));
#4982=CARTESIAN_POINT('',(12.092348290667,-119.,7.32998613360562));
#4983=CARTESIAN_POINT('',(18.5843545354802,-119.,15.0668578990058));
#4984=CARTESIAN_POINT('',(9.41119273975062,-119.,9.57974276750851));
#4985=CARTESIAN_POINT('',(17.0716371709404,-119.,3.15186667064311));
#4986=CARTESIAN_POINT('',(5.49018832066273,-119.,4.90687166448274));
#4987=CARTESIAN_POINT('',(10.7448284168293,-119.,11.1691078768789));
#4988=CARTESIAN_POINT('',(13.1506327518525,-119.,-1.52100443238266));
#4989=CARTESIAN_POINT('',(-18.1299216321259,-119.,-5.69912389534517));
#4990=CARTESIAN_POINT('',(-17.551412783408,-119.,-6.38856389415223));
#4991=CARTESIAN_POINT('',(-28.5429322960269,-119.,6.71061897308074));
#4992=CARTESIAN_POINT('',(-7.59283502286127,-119.,1.96767503177278));
#4993=CARTESIAN_POINT('',(-4.21206297595044,-119.,4.80447960943011));
#4994=CARTESIAN_POINT('',(-8.17134387157914,-119.,2.65711503057984));
#4995=CARTESIAN_POINT('',(-12.1564784386148,-119.,7.40641346781598));
#4996=CARTESIAN_POINT('',(-5.49018832066271,-119.,4.90687166448274));
#4997=CARTESIAN_POINT('',(-13.1506327518525,-119.,-1.52100443238265));
#4998=CARTESIAN_POINT('',(-9.41119273975059,-119.,9.57974276750851));
#4999=CARTESIAN_POINT('',(-9.76457731205732,-119.,10.0008901011224));
#5000=CARTESIAN_POINT('',(-12.092348290667,-119.,7.32998613360561));
#5001=CARTESIAN_POINT('',(-17.0716371709404,-119.,3.15186667064311));
#5002=CARTESIAN_POINT('',(-15.9490739487863,-119.,11.9262527923195));
#5003=CARTESIAN_POINT('',(-12.1564784386148,-119.,7.40641346781598));
#5004=CARTESIAN_POINT('',(-13.2679183978698,-119.,14.1760094262224));
#5005=CARTESIAN_POINT('',(-20.9283628290596,-119.,7.74813332935697));
#5006=CARTESIAN_POINT('',(-17.1889228169577,-119.,18.8488805292481));
#5007=CARTESIAN_POINT('',(-14.6336934554329,-119.,15.8036767577487));
#5008=CARTESIAN_POINT('',(-19.8700783678742,-119.,16.5991238953453));
#5009=CARTESIAN_POINT('',(-24.8493672481475,-119.,12.4210044323827));
#5010=CARTESIAN_POINT('',(-20.4485872165921,-119.,17.2885638941523));
#5011=CARTESIAN_POINT('',(-12.1564784386148,-119.,7.40641346781598));
#5012=CARTESIAN_POINT('',(-30.4071649771388,-119.,8.93232496822733));
#5013=CARTESIAN_POINT('',(-12.0885262894079,-119.,24.3034879347722));
#5014=CARTESIAN_POINT('',(-29.8286561284209,-119.,8.24288496942023));
#5015=CARTESIAN_POINT('',(-28.5429322960269,-119.,6.71061897308074));
#5016=CARTESIAN_POINT('',(-32.5098116793373,-119.,5.99312833551735));
#5017=CARTESIAN_POINT('',(-24.8493672481475,-119.,12.4210044323827));
#5018=CARTESIAN_POINT('',(-28.5888072602494,-119.,1.32025723249157));
#5019=CARTESIAN_POINT('',(-30.9348334225844,-119.,4.11614233977432));
#5020=CARTESIAN_POINT('',(-25.907651709333,-119.,3.57001386639445));
#5021=CARTESIAN_POINT('',(-20.9283628290596,-119.,7.74813332935697));
#5022=CARTESIAN_POINT('',(-22.0509260512138,-119.,-1.0262527923194));
#5023=CARTESIAN_POINT('',(-28.5429322960269,-119.,6.71061897308074));
#5024=CARTESIAN_POINT('',(-24.7320816021302,-119.,-3.27600942622228));
#5025=CARTESIAN_POINT('',(-17.0716371709404,-119.,3.15186667064311));
#5026=CARTESIAN_POINT('',(-20.8110771830423,-119.,-7.94888052924804));
#5027=CARTESIAN_POINT('',(-26.0657172792089,-119.,-1.68664431685194));
#5028=CARTESIAN_POINT('',(-13.1506327518525,-119.,-1.52100443238265));
#5029=CARTESIAN_POINT('',(-10.,-119.,29.25));
#5030=CARTESIAN_POINT('',(-9.09999999999999,-119.,29.25));
#5031=CARTESIAN_POINT('',(-5.,-119.,29.25));
#5032=CARTESIAN_POINT('',(-9.09999999999999,-119.,25.75));
#5033=CARTESIAN_POINT('',(-9.09999999999999,-119.,35.75));
#5034=CARTESIAN_POINT('',(-2.99999999999999,-119.,25.75));
#5035=CARTESIAN_POINT('',(-3.02499999999999,-119.,25.75));
#5036=CARTESIAN_POINT('',(-2.99999999999999,-119.,29.25));
#5037=CARTESIAN_POINT('',(-2.99999999999999,-119.,35.75));
#5038=CARTESIAN_POINT('',(3.00000000000001,-119.,29.25));
#5039=CARTESIAN_POINT('',(-5.,-119.,29.25));
#5040=CARTESIAN_POINT('',(3.00000000000001,-119.,25.75));
#5041=CARTESIAN_POINT('',(3.00000000000001,-119.,35.75));
#5042=CARTESIAN_POINT('',(9.10000000000001,-119.,25.75));
#5043=CARTESIAN_POINT('',(1.50000000000001,-119.,25.75));
#5044=CARTESIAN_POINT('',(9.10000000000001,-119.,29.25));
#5045=CARTESIAN_POINT('',(9.10000000000001,-119.,35.75));
#5046=CARTESIAN_POINT('',(10.,-119.,29.25));
#5047=CARTESIAN_POINT('',(-5.,-119.,29.25));
#5048=CARTESIAN_POINT('',(10.,-119.,42.25));
#5049=CARTESIAN_POINT('',(10.,-119.,28.0624999925495));
#5050=CARTESIAN_POINT('',(9.10000000000001,-119.,42.25));
#5051=CARTESIAN_POINT('',(5.,-119.,42.25));
#5052=CARTESIAN_POINT('',(9.10000000000001,-119.,45.75));
#5053=CARTESIAN_POINT('',(9.10000000000001,-119.,35.75));
#5054=CARTESIAN_POINT('',(3.00000000000001,-119.,45.75));
#5055=CARTESIAN_POINT('',(3.02500000000001,-119.,45.75));
#5056=CARTESIAN_POINT('',(3.00000000000001,-119.,42.25));
#5057=CARTESIAN_POINT('',(3.00000000000001,-119.,35.75));
#5058=CARTESIAN_POINT('',(-2.99999999999999,-119.,42.25));
#5059=CARTESIAN_POINT('',(5.,-119.,42.25));
#5060=CARTESIAN_POINT('',(-2.99999999999999,-119.,45.75));
#5061=CARTESIAN_POINT('',(-2.99999999999999,-119.,35.75));
#5062=CARTESIAN_POINT('',(-9.09999999999999,-119.,45.75));
#5063=CARTESIAN_POINT('',(-1.49999999999999,-119.,45.75));
#5064=CARTESIAN_POINT('',(-9.09999999999999,-119.,42.25));
#5065=CARTESIAN_POINT('',(-9.09999999999999,-119.,35.75));
#5066=CARTESIAN_POINT('',(-10.,-119.,42.25));
#5067=CARTESIAN_POINT('',(5.,-119.,42.25));
#5068=CARTESIAN_POINT('',(-10.,-119.,34.5624999925495));
#5069=CARTESIAN_POINT('',(-2.55,-119.,13.1499997060746));
#5070=CARTESIAN_POINT('Origin',(0.,-119.,13.1499997060746));
#5071=CARTESIAN_POINT('',(-3.6,-119.,52.8499988187104));
#5072=CARTESIAN_POINT('Origin',(0.,-119.,52.8499988187104));
#5073=CARTESIAN_POINT('',(26.4499993808568,-119.,32.9999992623925));
#5074=CARTESIAN_POINT('Origin',(27.6999993808568,-119.,32.9999992623925));
#5075=CARTESIAN_POINT('',(-28.9499993808568,-119.,32.9999992623925));
#5076=CARTESIAN_POINT('Origin',(-27.6999993808568,-119.,32.9999992623925));
#5077=CARTESIAN_POINT('Origin',(-21.,-124.,44.75));
#5078=CARTESIAN_POINT('',(-21.,-124.,44.75));
#5079=CARTESIAN_POINT('',(-10.5,-124.,44.75));
#5080=CARTESIAN_POINT('',(-21.,-124.,44.75));
#5081=CARTESIAN_POINT('Origin',(37.6999991573393,-119.,63.7500000000001));
#5082=CARTESIAN_POINT('',(-13.,-124.,63.75));
#5083=CARTESIAN_POINT('',(-13.,-121.5,63.7500000000001));
#5084=CARTESIAN_POINT('',(13.,-124.,63.75));
#5085=CARTESIAN_POINT('',(18.8499995786697,-124.,63.7500000000001));
#5086=CARTESIAN_POINT('',(13.,-121.5,63.7500000000001));
#5087=CARTESIAN_POINT('Origin',(8.88178419700125E-15,-124.,26.8749999850989));
#5088=CARTESIAN_POINT('',(37.7,-124.,-17.0000000298023));
#5089=CARTESIAN_POINT('',(-18.85,-124.,-17.0000000298023));
#5090=CARTESIAN_POINT('',(37.6999991573393,-124.,44.75));
#5091=CARTESIAN_POINT('',(37.6999991573393,-124.,4.93749997764827));
#5092=CARTESIAN_POINT('',(21.,-124.,44.75));
#5093=CARTESIAN_POINT('',(18.8499995786697,-124.,44.75));
#5094=CARTESIAN_POINT('',(13.,-124.,52.75));
#5095=CARTESIAN_POINT('',(20.2187500037253,-124.,45.5312499962747));
#5096=CARTESIAN_POINT('',(13.,-124.,39.8124999925495));
#5097=CARTESIAN_POINT('',(-13.,-124.,52.75));
#5098=CARTESIAN_POINT('',(-13.,-124.,45.8124999925494));
#5099=CARTESIAN_POINT('',(-16.2187500037253,-124.,49.5312499962748));
#5100=CARTESIAN_POINT('',(17.551412783408,-124.,-6.38856389415224));
#5101=CARTESIAN_POINT('',(7.59283502286127,-124.,1.96767503177278));
#5102=CARTESIAN_POINT('',(-0.767225904322911,-124.,8.98259907239262));
#5103=CARTESIAN_POINT('',(20.4485872165921,-124.,17.2885638941523));
#5104=CARTESIAN_POINT('',(18.5843545354802,-124.,15.0668578990058));
#5105=CARTESIAN_POINT('',(30.4071649771388,-124.,8.93232496822732));
#5106=CARTESIAN_POINT('',(17.0678151696812,-124.,20.1253684718097));
#5107=CARTESIAN_POINT('',(22.1150561991615,-124.,-0.949825458109037));
#5108=CARTESIAN_POINT('',(-17.551412783408,-124.,-6.38856389415223));
#5109=CARTESIAN_POINT('',(-30.4071649771388,-124.,8.93232496822733));
#5110=CARTESIAN_POINT('',(-28.5429322960269,-124.,6.71061897308074));
#5111=CARTESIAN_POINT('',(-20.4485872165921,-124.,17.2885638941523));
#5112=CARTESIAN_POINT('',(-12.0885262894079,-124.,24.3034879347722));
#5113=CARTESIAN_POINT('',(-7.59283502286127,-124.,1.96767503177278));
#5114=CARTESIAN_POINT('',(-12.1564784386148,-124.,7.40641346781598));
#5115=CARTESIAN_POINT('',(-4.21206297595044,-124.,4.80447960943011));
#5116=CARTESIAN_POINT('',(10.,-124.,42.25));
#5117=CARTESIAN_POINT('',(10.,-124.,29.25));
#5118=CARTESIAN_POINT('',(10.,-124.,28.0624999925495));
#5119=CARTESIAN_POINT('',(-10.,-124.,29.25));
#5120=CARTESIAN_POINT('',(-5.,-124.,29.25));
#5121=CARTESIAN_POINT('',(-10.,-124.,42.25));
#5122=CARTESIAN_POINT('',(-10.,-124.,34.5624999925495));
#5123=CARTESIAN_POINT('',(5.,-124.,42.25));
#5124=CARTESIAN_POINT('',(-2.55,-124.,13.1499997060746));
#5125=CARTESIAN_POINT('Origin',(0.,-124.,13.1499997060746));
#5126=CARTESIAN_POINT('',(-3.6,-124.,52.8499988187104));
#5127=CARTESIAN_POINT('Origin',(0.,-124.,52.8499988187104));
#5128=CARTESIAN_POINT('',(26.4499993808568,-124.,32.9999992623925));
#5129=CARTESIAN_POINT('Origin',(27.6999993808568,-124.,32.9999992623925));
#5130=CARTESIAN_POINT('',(-28.9499993808568,-124.,32.9999992623925));
#5131=CARTESIAN_POINT('Origin',(-27.6999993808568,-124.,32.9999992623925));
#5132=CARTESIAN_POINT('Origin',(-13.,-124.,64.75));
#5133=CARTESIAN_POINT('',(-13.,-124.,52.75));
#5134=CARTESIAN_POINT('Origin',(-13.,-124.,52.75));
#5135=CARTESIAN_POINT('Origin',(21.,-124.,44.75));
#5136=CARTESIAN_POINT('',(13.,-124.,52.75));
#5137=CARTESIAN_POINT('',(21.,-124.,44.75));
#5138=CARTESIAN_POINT('Origin',(37.6999991573393,-124.,44.75));
#5139=CARTESIAN_POINT('',(37.6999991573393,-121.5,44.75));
#5140=CARTESIAN_POINT('Origin',(13.,-124.,52.75));
#5141=CARTESIAN_POINT('Origin',(37.6999991573393,-119.,-17.0000000298023));
#5142=CARTESIAN_POINT('',(37.7,-119.,-17.0000000298023));
#5143=CARTESIAN_POINT('Origin',(-10.,-119.,29.25));
#5144=CARTESIAN_POINT('',(10.,-123.,29.25));
#5145=CARTESIAN_POINT('Origin',(6.05000000000001,-119.,29.25));
#5146=CARTESIAN_POINT('Origin',(-6.04999999999999,-119.,29.25));
#5147=CARTESIAN_POINT('',(-10.,-119.,29.25));
#5148=CARTESIAN_POINT('Origin',(10.,-119.,29.25));
#5149=CARTESIAN_POINT('',(10.,-123.,42.25));
#5150=CARTESIAN_POINT('Origin',(-20.4485872165921,-119.,17.2885638941523));
#5151=CARTESIAN_POINT('',(-30.4071649771388,-123.,8.93232496822733));
#5152=CARTESIAN_POINT('',(-20.4485872165921,-119.,17.2885638941523));
#5153=CARTESIAN_POINT('Origin',(-30.4071649771388,-119.,8.93232496822733));
#5154=CARTESIAN_POINT('',(-17.551412783408,-123.,-6.38856389415223));
#5155=CARTESIAN_POINT('Origin',(-20.0904238416698,-119.,-3.36268834383229));
#5156=CARTESIAN_POINT('Origin',(-27.8681539188769,-119.,5.90644941790734));
#5157=CARTESIAN_POINT('Origin',(20.4485872165921,-119.,17.2885638941523));
#5158=CARTESIAN_POINT('',(7.59283502286127,-123.,1.96767503177278));
#5159=CARTESIAN_POINT('Origin',(10.1318460811231,-119.,4.99355058209274));
#5160=CARTESIAN_POINT('Origin',(17.9095761583302,-119.,14.2626883438324));
#5161=CARTESIAN_POINT('',(20.4485872165921,-119.,17.2885638941523));
#5162=CARTESIAN_POINT('Origin',(7.59283502286127,-119.,1.96767503177278));
#5163=CARTESIAN_POINT('',(17.551412783408,-123.,-6.38856389415224));
#5164=CARTESIAN_POINT('Origin',(30.4071649771388,-119.,8.93232496822732));
#5165=CARTESIAN_POINT('',(30.4071649771388,-119.,8.93232496822732));
#5166=CARTESIAN_POINT('Origin',(17.551412783408,-119.,-6.38856389415224));
#5167=CARTESIAN_POINT('Origin',(27.8681539188769,-119.,5.90644941790735));
#5168=CARTESIAN_POINT('Origin',(20.0904238416698,-119.,-3.36268834383228));
#5169=CARTESIAN_POINT('Origin',(-17.551412783408,-119.,-6.38856389415223));
#5170=CARTESIAN_POINT('',(-7.59283502286127,-119.,1.96767503177278));
#5171=CARTESIAN_POINT('Origin',(-7.59283502286127,-119.,1.96767503177278));
#5172=CARTESIAN_POINT('Origin',(-17.9095761583302,-119.,14.2626883438324));
#5173=CARTESIAN_POINT('Origin',(-10.1318460811231,-119.,4.99355058209273));
#5174=CARTESIAN_POINT('Origin',(-10.,-119.,42.25));
#5175=CARTESIAN_POINT('',(-10.,-119.,42.25));
#5176=CARTESIAN_POINT('Origin',(10.,-119.,42.25));
#5177=CARTESIAN_POINT('Origin',(-6.04999999999999,-119.,42.25));
#5178=CARTESIAN_POINT('Origin',(6.05000000000001,-119.,42.25));
#5179=CARTESIAN_POINT('Origin',(15.1111349613965,-119.,0.815431119130229));
#5180=CARTESIAN_POINT('Origin',(22.7715793925862,-119.,-5.61244497773516));
#5181=CARTESIAN_POINT('Origin',(22.8888650386036,-119.,10.0845688808699));
#5182=CARTESIAN_POINT('Origin',(30.5493094697934,-119.,3.65669278400446));
#5183=CARTESIAN_POINT('Origin',(-15.1111349613964,-119.,0.815431119130232));
#5184=CARTESIAN_POINT('Origin',(-7.45069053020665,-119.,7.24330721599562));
#5185=CARTESIAN_POINT('Origin',(-22.8888650386036,-119.,10.0845688808699));
#5186=CARTESIAN_POINT('Origin',(-15.2284206074138,-119.,16.5124449777353));
#5187=CARTESIAN_POINT('Origin',(-6.04999999999999,-119.,35.75));
#5188=CARTESIAN_POINT('Origin',(-6.04999999999999,-119.,45.75));
#5189=CARTESIAN_POINT('Origin',(-6.04999999999999,-119.,35.75));
#5190=CARTESIAN_POINT('Origin',(-6.04999999999999,-119.,25.75));
#5191=CARTESIAN_POINT('Origin',(6.05000000000001,-119.,35.75));
#5192=CARTESIAN_POINT('Origin',(6.05000000000001,-119.,45.75));
#5193=CARTESIAN_POINT('Origin',(7.45069053020667,-119.,7.24330721599562));
#5194=CARTESIAN_POINT('Origin',(7.45069053020668,-119.,7.24330721599563));
#5195=CARTESIAN_POINT('Origin',(20.8110771830423,-119.,-7.94888052924805));
#5196=CARTESIAN_POINT('Origin',(15.1111349613965,-119.,0.815431119130229));
#5197=CARTESIAN_POINT('Origin',(17.1889228169578,-119.,18.8488805292481));
#5198=CARTESIAN_POINT('Origin',(15.2284206074138,-119.,16.5124449777353));
#5199=CARTESIAN_POINT('Origin',(22.8888650386036,-119.,10.0845688808699));
#5200=CARTESIAN_POINT('Origin',(30.5493094697934,-119.,3.65669278400446));
#5201=CARTESIAN_POINT('Origin',(-22.7715793925862,-119.,-5.61244497773516));
#5202=CARTESIAN_POINT('Origin',(-22.7715793925862,-119.,-5.61244497773516));
#5203=CARTESIAN_POINT('Origin',(-5.49018832066271,-119.,4.90687166448274));
#5204=CARTESIAN_POINT('Origin',(-15.1111349613964,-119.,0.815431119130232));
#5205=CARTESIAN_POINT('Origin',(-15.2284206074138,-119.,16.5124449777353));
#5206=CARTESIAN_POINT('Origin',(-32.5098116793373,-119.,5.99312833551735));
#5207=CARTESIAN_POINT('Origin',(-30.5493094697933,-119.,3.65669278400446));
#5208=CARTESIAN_POINT('Origin',(-22.8888650386036,-119.,10.0845688808699));
#5209=CARTESIAN_POINT('Origin',(-6.04999999999999,-119.,25.75));
#5210=CARTESIAN_POINT('Origin',(-2.99999999999999,-119.,45.75));
#5211=CARTESIAN_POINT('Origin',(6.05000000000001,-119.,45.75));
#5212=CARTESIAN_POINT('Origin',(3.00000000000001,-119.,25.75));
#5213=CARTESIAN_POINT('Origin',(6.05000000000001,-119.,25.75));
#5214=CARTESIAN_POINT('Origin',(6.05000000000001,-119.,35.75));
#5215=CARTESIAN_POINT('Origin',(-27.6999993808568,-119.,32.9999992623925));
#5216=CARTESIAN_POINT('',(-28.9499993808568,-119.,32.9999992623925));
#5217=CARTESIAN_POINT('Origin',(27.6999993808568,-119.,32.9999992623925));
#5218=CARTESIAN_POINT('',(26.4499993808568,-119.,32.9999992623925));
#5219=CARTESIAN_POINT('Origin',(0.,-119.,52.8499988187104));
#5220=CARTESIAN_POINT('',(-3.6,-119.,52.8499988187104));
#5221=CARTESIAN_POINT('Origin',(0.,-119.,13.1499997060746));
#5222=CARTESIAN_POINT('',(-2.55,-119.,13.1499997060746));
#5223=CARTESIAN_POINT('Origin',(-37.7,-119.,-17.0000000298023));
#5224=UNCERTAINTY_MEASURE_WITH_UNIT(LENGTH_MEASURE(0.01),#5228,
'DISTANCE_ACCURACY_VALUE',
'Maximum model space distance between geometric entities at asserted c
onnectivities');
#5225=UNCERTAINTY_MEASURE_WITH_UNIT(LENGTH_MEASURE(0.01),#5228,
'DISTANCE_ACCURACY_VALUE',
'Maximum model space distance between geometric entities at asserted c
onnectivities');
#5226=(
GEOMETRIC_REPRESENTATION_CONTEXT(3)
GLOBAL_UNCERTAINTY_ASSIGNED_CONTEXT((#5224))
GLOBAL_UNIT_ASSIGNED_CONTEXT((#5228,#5230,#5231))
REPRESENTATION_CONTEXT('','3D')
);
#5227=(
GEOMETRIC_REPRESENTATION_CONTEXT(3)
GLOBAL_UNCERTAINTY_ASSIGNED_CONTEXT((#5225))
GLOBAL_UNIT_ASSIGNED_CONTEXT((#5228,#5230,#5231))
REPRESENTATION_CONTEXT('','3D')
);
#5228=(
LENGTH_UNIT()
NAMED_UNIT(*)
SI_UNIT(.MILLI.,.METRE.)
);
#5229=(
LENGTH_UNIT()
NAMED_UNIT(*)
SI_UNIT($,.METRE.)
);
#5230=(
NAMED_UNIT(*)
PLANE_ANGLE_UNIT()
SI_UNIT($,.RADIAN.)
);
#5231=(
NAMED_UNIT(*)
SI_UNIT($,.STERADIAN.)
SOLID_ANGLE_UNIT()
);
#5232=SHAPE_DEFINITION_REPRESENTATION(#5233,#5234);
#5233=PRODUCT_DEFINITION_SHAPE('',$,#5236);
#5234=SHAPE_REPRESENTATION('',(#3235),#5226);
#5235=PRODUCT_DEFINITION_CONTEXT('part definition',#5240,'design');
#5236=PRODUCT_DEFINITION('2026-02-08-15-31-36-974',
'New x carriage print v2',#5237,#5235);
#5237=PRODUCT_DEFINITION_FORMATION('',$,#5242);
#5238=PRODUCT_RELATED_PRODUCT_CATEGORY('New x carriage print v2',
'New x carriage print v2',(#5242));
#5239=APPLICATION_PROTOCOL_DEFINITION('international standard',
'automotive_design',2009,#5240);
#5240=APPLICATION_CONTEXT(
'Core Data for Automotive Mechanical Design Process');
#5241=PRODUCT_CONTEXT('part definition',#5240,'mechanical');
#5242=PRODUCT('2026-02-08-15-31-36-974','New x carriage print v2',$,(#5241));
#5243=PRESENTATION_STYLE_ASSIGNMENT((#5245));
#5244=PRESENTATION_STYLE_ASSIGNMENT((#5246));
#5245=SURFACE_STYLE_USAGE(.BOTH.,#5247);
#5246=SURFACE_STYLE_USAGE(.BOTH.,#5248);
#5247=SURFACE_SIDE_STYLE('',(#5249));
#5248=SURFACE_SIDE_STYLE('',(#5250));
#5249=SURFACE_STYLE_FILL_AREA(#5251);
#5250=SURFACE_STYLE_FILL_AREA(#5252);
#5251=FILL_AREA_STYLE('Steel - Satin',(#5253));
#5252=FILL_AREA_STYLE('Opaque(96,96,96)',(#5254));
#5253=FILL_AREA_STYLE_COLOUR('Steel - Satin',#5255);
#5254=FILL_AREA_STYLE_COLOUR('Opaque(96,96,96)',#5256);
#5255=COLOUR_RGB('Steel - Satin',0.627450980392157,0.627450980392157,0.627450980392157);
#5256=COLOUR_RGB('Opaque(96,96,96)',0.376470588235294,0.376470588235294,
0.376470588235294);
ENDSEC;
END-ISO-10303-21;
