ISO-10303-21;
HEADER;
/* Generated by software containing ST-Developer
 * from STEP Tools, Inc. (www.steptools.com) 
 */

FILE_DESCRIPTION(
/* description */ (''),
/* implementation_level */ '2;1');

FILE_NAME(
/* name */ 'plain Limit switch bracket.step',
/* time_stamp */ '2026-02-18T14:44:25+11:00',
/* author */ (''),
/* organization */ (''),
/* preprocessor_version */ 'ST-DEVELOPER v20.1',
/* originating_system */ 'Autodesk Translation Framework v14.24.0.0',
/* authorisation */ '');

FILE_SCHEMA (('AUTOMOTIVE_DESIGN { 1 0 10303 214 3 1 1 }'));
ENDSEC;

DATA;
#10=MECHANICAL_DESIGN_GEOMETRIC_PRESENTATION_REPRESENTATION('',(#5364,#5365,
#5366,#5367,#5368,#5369,#5370,#5371,#5372,#5373,#5374,#5375,#5376,#5377,
#5378,#5379,#5380,#5381,#5382,#5383,#5384,#5385,#5386,#5387,#5388,#5389,
#5390,#5391,#5392,#5393,#5394,#5395,#5396,#5397,#5398,#5399,#5400,#5401,
#5402,#5403,#5404,#5405,#5406,#5407,#5408,#5409,#5410,#5411,#5412,#5413,
#5414,#5415,#5416,#5417,#5418,#5419,#5420,#5421,#5422,#5423,#5424,#5425,
#5426,#5427,#5428,#5429,#5430,#5431,#5432,#5433,#5434,#5435,#5436,#5437,
#5438,#5439,#5440,#5441,#5442,#5443,#5444,#5445,#5446,#5447,#5448,#5449,
#5450,#5451,#5452,#5453,#5454,#5455,#5456,#5457,#5458,#5459,#5460,#5461,
#5462,#5463,#5464,#5465,#5466,#5467,#5468,#5469,#5470,#5471,#5472,#5473,
#5474,#5475,#5476,#5477,#5478,#5479,#5480,#5481,#5482,#5483,#5484,#5485,
#5486,#5487,#5488,#5489,#5490,#5491,#5492,#5493),#12880);
#11=ITEM_DEFINED_TRANSFORMATION($,$,#5812,#6120);
#12=(
REPRESENTATION_RELATIONSHIP($,$,#12891,#12890)
REPRESENTATION_RELATIONSHIP_WITH_TRANSFORMATION(#11)
SHAPE_REPRESENTATION_RELATIONSHIP()
);
#13=CONTEXT_DEPENDENT_SHAPE_REPRESENTATION(#12,#12889);
#14=NEXT_ASSEMBLY_USAGE_OCCURRENCE('Limit Switch:1','Limit Switch:1',
'Limit Switch:1',#12893,#12894,'Limit Switch:1');
#15=SHAPE_REPRESENTATION_RELATIONSHIP('SRR','None',#12891,#17);
#16=SHAPE_REPRESENTATION_RELATIONSHIP('SRR','None',#12890,#18);
#17=ADVANCED_BREP_SHAPE_REPRESENTATION('',(#226,#227),#12879);
#18=ADVANCED_BREP_SHAPE_REPRESENTATION('',(#228),#12878);
#19=B_SPLINE_SURFACE_WITH_KNOTS('',3,1,((#9122,#9123),(#9124,#9125),(#9126,
#9127),(#9128,#9129),(#9130,#9131),(#9132,#9133),(#9134,#9135),(#9136,#9137),
(#9138,#9139),(#9140,#9141),(#9142,#9143),(#9144,#9145),(#9146,#9147),(#9148,
#9149),(#9150,#9151),(#9152,#9153),(#9154,#9155),(#9156,#9157),(#9158,#9159)),
 .UNSPECIFIED.,.F.,.F.,.F.,(4,1,1,1,1,1,1,1,1,1,1,1,1,1,1,1,4),(2,2),(0.,
0.0685475367089023,0.135682945623048,0.201214989526328,0.265682234754696,
0.329266834817259,0.392395427844329,0.455069761652144,0.517126850064506,
0.578790035286653,0.639739863343542,0.700191503666309,0.759806242596671,
0.819628319275008,0.879354791046276,0.939511607764663,1.),(0.,0.00120000000000027),
 .UNSPECIFIED.);
#20=B_SPLINE_SURFACE_WITH_KNOTS('',3,1,((#9183,#9184),(#9185,#9186),(#9187,
#9188),(#9189,#9190),(#9191,#9192),(#9193,#9194),(#9195,#9196),(#9197,#9198),
(#9199,#9200),(#9201,#9202),(#9203,#9204),(#9205,#9206),(#9207,#9208),(#9209,
#9210),(#9211,#9212),(#9213,#9214),(#9215,#9216),(#9217,#9218),(#9219,#9220)),
 .UNSPECIFIED.,.F.,.F.,.F.,(4,1,1,1,1,1,1,1,1,1,1,1,1,1,1,1,4),(2,2),(0.,
0.0645578459297189,0.127013531549759,0.18795481020209,0.248013912789634,
0.307747681848837,0.368234514697485,0.429469843942669,0.492743436746585,
0.556257768706083,0.618216785543143,0.679655475587555,0.74124554562063,
0.803415264705697,0.866815461543992,0.932328311949265,1.),(0.,0.00120000000000013),
 .UNSPECIFIED.);
#21=B_SPLINE_SURFACE_WITH_KNOTS('',3,1,((#9242,#9243),(#9244,#9245),(#9246,
#9247),(#9248,#9249),(#9250,#9251),(#9252,#9253),(#9254,#9255),(#9256,#9257),
(#9258,#9259),(#9260,#9261),(#9262,#9263)),.UNSPECIFIED.,.F.,.F.,.F.,(4,
1,1,1,1,1,1,1,4),(2,2),(0.,0.124328509593851,0.247156016361187,0.368779749291339,
0.490733862401648,0.613613771847844,0.738957575722215,0.867310575191262,
1.),(0.,0.00120000000000027),.UNSPECIFIED.);
#22=B_SPLINE_SURFACE_WITH_KNOTS('',3,1,((#9277,#9278),(#9279,#9280),(#9281,
#9282),(#9283,#9284),(#9285,#9286),(#9287,#9288),(#9289,#9290),(#9291,#9292),
(#9293,#9294),(#9295,#9296),(#9297,#9298),(#9299,#9300),(#9301,#9302),(#9303,
#9304),(#9305,#9306),(#9307,#9308),(#9309,#9310),(#9311,#9312),(#9313,#9314)),
 .UNSPECIFIED.,.F.,.F.,.F.,(4,1,1,1,1,1,1,1,1,1,1,1,1,1,1,1,4),(2,2),(0.,
0.0696628008990763,0.137749562258272,0.203916743517782,0.268779862329337,
0.332413706477224,0.394753540447139,0.456180031659169,0.516995649196719,
0.577395937965952,0.637198343509275,0.696999184261454,0.75675619422556,
0.816553905272608,0.87694799659787,0.938131787920595,1.),(0.,0.0012000000000004),
 .UNSPECIFIED.);
#23=B_SPLINE_SURFACE_WITH_KNOTS('',3,1,((#9336,#9337),(#9338,#9339),(#9340,
#9341),(#9342,#9343),(#9344,#9345),(#9346,#9347),(#9348,#9349),(#9350,#9351),
(#9352,#9353),(#9354,#9355),(#9356,#9357),(#9358,#9359),(#9360,#9361),(#9362,
#9363),(#9364,#9365),(#9366,#9367),(#9368,#9369),(#9370,#9371),(#9372,#9373)),
 .UNSPECIFIED.,.F.,.F.,.F.,(4,1,1,1,1,1,1,1,1,1,1,1,1,1,1,1,4),(2,2),(0.,
0.0616742388774256,0.123053061634805,0.183475000731702,0.243726500510612,
0.304278916512253,0.364862920960682,0.425946203968619,0.487391229965407,
0.549220384075476,0.611143588692602,0.673528530310151,0.736961456657303,
0.80078528287284,0.866012595641614,0.932100747790577,1.),(0.,0.00120000000000027),
 .UNSPECIFIED.);
#24=B_SPLINE_SURFACE_WITH_KNOTS('',3,1,((#9399,#9400),(#9401,#9402),(#9403,
#9404),(#9405,#9406),(#9407,#9408),(#9409,#9410),(#9411,#9412),(#9413,#9414),
(#9415,#9416),(#9417,#9418),(#9419,#9420)),.UNSPECIFIED.,.F.,.F.,.F.,(4,
1,1,1,1,1,1,1,4),(2,2),(0.,0.128515189511661,0.252948636352658,0.374754734006005,
0.495939753867049,0.617180641429892,0.740909469278137,0.867811148186202,
1.),(0.,0.00120000000000013),.UNSPECIFIED.);
#25=B_SPLINE_SURFACE_WITH_KNOTS('',3,1,((#9434,#9435),(#9436,#9437),(#9438,
#9439),(#9440,#9441),(#9442,#9443),(#9444,#9445),(#9446,#9447),(#9448,#9449),
(#9450,#9451),(#9452,#9453),(#9454,#9455),(#9456,#9457),(#9458,#9459),(#9460,
#9461),(#9462,#9463),(#9464,#9465),(#9466,#9467),(#9468,#9469),(#9470,#9471)),
 .UNSPECIFIED.,.F.,.F.,.F.,(4,1,1,1,1,1,1,1,1,1,1,1,1,1,1,1,4),(2,2),(0.,
0.064323216579842,0.126290103703556,0.186726469216133,0.246146432335345,
0.305575642646139,0.365429385618052,0.42632630894826,0.488839906400641,
0.551724971814048,0.613918596466159,0.675483765768397,0.737333897099286,
0.800229044394526,0.864502298123323,0.931040739155697,1.),(0.,0.0012),
 .UNSPECIFIED.);
#26=B_SPLINE_SURFACE_WITH_KNOTS('',3,1,((#9493,#9494),(#9495,#9496),(#9497,
#9498),(#9499,#9500),(#9501,#9502),(#9503,#9504),(#9505,#9506),(#9507,#9508),
(#9509,#9510),(#9511,#9512),(#9513,#9514),(#9515,#9516),(#9517,#9518),(#9519,
#9520),(#9521,#9522),(#9523,#9524),(#9525,#9526),(#9527,#9528),(#9529,#9530),
(#9531,#9532),(#9533,#9534),(#9535,#9536),(#9537,#9538),(#9539,#9540),(#9541,
#9542),(#9543,#9544),(#9545,#9546)),.UNSPECIFIED.,.F.,.F.,.F.,(4,1,1,1,
1,1,1,1,1,1,1,1,1,1,1,1,1,1,1,1,1,1,1,1,4),(2,2),(0.,0.0439549089061944,
0.0875018747976044,0.13046262673149,0.172752020566518,0.215403067379603,
0.257649829743239,0.300152748957294,0.343121489502087,0.385925163206433,
0.427685727402802,0.46881795048659,0.509491800154996,0.549883031073349,
0.589980022966886,0.63040523000684,0.670868626082638,0.711383943838175,
0.751627258063584,0.791775576865192,0.832458918803742,0.873319045017288,
0.914542955626349,0.956923558209885,1.),(0.,0.00120000000000027),
 .UNSPECIFIED.);
#27=B_SPLINE_SURFACE_WITH_KNOTS('',3,1,((#9576,#9577),(#9578,#9579),(#9580,
#9581),(#9582,#9583),(#9584,#9585),(#9586,#9587),(#9588,#9589),(#9590,#9591),
(#9592,#9593),(#9594,#9595),(#9596,#9597),(#9598,#9599),(#9600,#9601),(#9602,
#9603),(#9604,#9605)),.UNSPECIFIED.,.F.,.F.,.F.,(4,1,1,1,1,1,1,1,1,1,1,
1,4),(2,2),(0.,0.0631632593634708,0.125474941030641,0.187121219816034,0.248294346114299,
0.309294856255121,0.369850066067094,0.430973375547381,0.492455989672817,
0.616147966291855,0.740843698467363,0.868182648670044,1.),(0.,0.00120000000000013),
 .UNSPECIFIED.);
#28=B_SPLINE_SURFACE_WITH_KNOTS('',3,1,((#9860,#9861),(#9862,#9863),(#9864,
#9865),(#9866,#9867),(#9868,#9869),(#9870,#9871),(#9872,#9873),(#9874,#9875),
(#9876,#9877),(#9878,#9879),(#9880,#9881),(#9882,#9883),(#9884,#9885),(#9886,
#9887),(#9888,#9889),(#9890,#9891),(#9892,#9893),(#9894,#9895),(#9896,#9897),
(#9898,#9899),(#9900,#9901),(#9902,#9903),(#9904,#9905),(#9906,#9907),(#9908,
#9909),(#9910,#9911),(#9912,#9913)),.UNSPECIFIED.,.F.,.F.,.F.,(4,1,1,1,
1,1,1,1,1,1,1,1,1,1,1,1,1,1,1,1,1,1,1,1,4),(2,2),(0.,0.0432089861713366,
0.0858728716306189,0.128120006696703,0.170151964454199,0.211917620987861,
0.253753002619124,0.296006408855951,0.338443357144784,0.381015368162034,
0.422820479440761,0.464089055794313,0.505125848683687,0.545974970685241,
0.58698521113386,0.628338591634663,0.670083801591206,0.711991602363722,
0.753039154863019,0.794049395311638,0.834885542701582,0.875498312929514,
0.91654729983038,0.958003778644961,1.),(0.,0.0012000000000004),
 .UNSPECIFIED.);
#29=B_SPLINE_SURFACE_WITH_KNOTS('',3,1,((#9916,#9917),(#9918,#9919),(#9920,
#9921),(#9922,#9923),(#9924,#9925),(#9926,#9927),(#9928,#9929),(#9930,#9931),
(#9932,#9933),(#9934,#9935),(#9936,#9937),(#9938,#9939),(#9940,#9941),(#9942,
#9943),(#9944,#9945),(#9946,#9947),(#9948,#9949),(#9950,#9951),(#9952,#9953)),
 .UNSPECIFIED.,.F.,.F.,.F.,(4,1,1,1,1,1,1,1,1,1,1,1,1,1,1,1,4),(2,2),(0.,
0.0658188768433068,0.129746526906831,0.192071954488006,0.253459424298202,
0.31456958779642,0.376279881188026,0.43902565366856,0.503267028829086,0.567492822879295,
0.629704795605245,0.690999649215755,0.751451650917447,0.812004364264694,
0.873149681068043,0.935635483731785,1.),(0.,0.0012000000000004),
 .UNSPECIFIED.);
#30=B_SPLINE_SURFACE_WITH_KNOTS('',3,1,((#9955,#9956),(#9957,#9958),(#9959,
#9960),(#9961,#9962),(#9963,#9964),(#9965,#9966),(#9967,#9968),(#9969,#9970),
(#9971,#9972),(#9973,#9974),(#9975,#9976),(#9977,#9978),(#9979,#9980),(#9981,
#9982),(#9983,#9984),(#9985,#9986),(#9987,#9988),(#9989,#9990),(#9991,#9992)),
 .UNSPECIFIED.,.F.,.F.,.F.,(4,1,1,1,1,1,1,1,1,1,1,1,1,1,1,1,4),(2,2),(0.,
0.0652265038922757,0.128568995706729,0.190320378104467,0.251377988624063,
0.312387528333694,0.373788704276723,0.43643115978045,0.500566755309854,
0.564686795384744,0.627135517883513,0.68845540889498,0.749245746463747,
0.810155177364678,0.871670925652923,0.934773496107724,1.),(0.,0.0012),
 .UNSPECIFIED.);
#31=B_SPLINE_SURFACE_WITH_KNOTS('',3,1,((#9994,#9995),(#9996,#9997),(#9998,
#9999),(#10000,#10001),(#10002,#10003),(#10004,#10005),(#10006,#10007),
(#10008,#10009),(#10010,#10011),(#10012,#10013),(#10014,#10015),(#10016,
#10017),(#10018,#10019),(#10020,#10021),(#10022,#10023),(#10024,#10025),
(#10026,#10027),(#10028,#10029),(#10030,#10031)),.UNSPECIFIED.,.F.,.F.,
 .F.,(4,1,1,1,1,1,1,1,1,1,1,1,1,1,1,1,4),(2,2),(0.,0.0665700352151803,0.130749041482178,
0.193412800029504,0.254989398889709,0.3161135558759,0.377261757908984,0.439400784155553,
0.502970589371976,0.566524976360731,0.628231102513309,0.689090610599863,
0.749344668995804,0.810169593372206,0.871609824317043,0.934869184072764,
1.),(0.,0.0012000000000004),.UNSPECIFIED.);
#32=B_SPLINE_SURFACE_WITH_KNOTS('',3,1,((#10032,#10033),(#10034,#10035),
(#10036,#10037),(#10038,#10039),(#10040,#10041),(#10042,#10043),(#10044,
#10045),(#10046,#10047),(#10048,#10049),(#10050,#10051),(#10052,#10053),
(#10054,#10055),(#10056,#10057),(#10058,#10059),(#10060,#10061),(#10062,
#10063),(#10064,#10065),(#10066,#10067),(#10068,#10069),(#10070,#10071),
(#10072,#10073),(#10074,#10075),(#10076,#10077),(#10078,#10079),(#10080,
#10081),(#10082,#10083),(#10084,#10085)),.UNSPECIFIED.,.F.,.F.,.F.,(4,1,
1,1,1,1,1,1,1,1,1,1,1,1,1,1,1,1,1,1,1,1,1,1,4),(2,2),(0.,0.0429150821010496,
0.0851299705846991,0.126473318554998,0.167453037885389,0.207976332894988,
0.24824937806376,0.288749986983443,0.329669856910873,0.370537286711975,
0.411128563917117,0.451818912673637,0.492405876934264,0.533485861742023,
0.575263062441551,0.61744061280219,0.660671688292364,0.703940204243489,
0.74686752215987,0.789079300394723,0.831104042457404,0.873237989854775,
0.915165769659333,0.957380658142982,1.),(0.,0.0012000000000004),
 .UNSPECIFIED.);
#33=B_SPLINE_SURFACE_WITH_KNOTS('',3,1,((#10117,#10118),(#10119,#10120),
(#10121,#10122),(#10123,#10124),(#10125,#10126),(#10127,#10128),(#10129,
#10130),(#10131,#10132),(#10133,#10134),(#10135,#10136),(#10137,#10138),
(#10139,#10140),(#10141,#10142),(#10143,#10144),(#10145,#10146),(#10147,
#10148),(#10149,#10150),(#10151,#10152),(#10153,#10154),(#10155,#10156),
(#10157,#10158),(#10159,#10160),(#10161,#10162),(#10163,#10164),(#10165,
#10166),(#10167,#10168),(#10169,#10170)),.UNSPECIFIED.,.F.,.F.,.F.,(4,1,
1,1,1,1,1,1,1,1,1,1,1,1,1,1,1,1,1,1,1,1,1,1,4),(2,2),(0.,0.0420233285259235,
0.0836449111687117,0.124983795417394,0.166247461172895,0.207701556096988,
0.249631070799649,0.291741770332131,0.334742875353198,0.377460168550865,
0.41955631884194,0.461044176333034,0.502096283944397,0.5428907140756,0.583800818626505,
0.624863583310193,0.666224689069171,0.707399186477936,0.748556677536694,
0.78965459095218,0.830739726489833,0.872070142258605,0.913993395242133,
0.956498130067588,1.),(0.,0.00120000000000027),.UNSPECIFIED.);
#34=B_SPLINE_SURFACE_WITH_KNOTS('',3,1,((#10200,#10201),(#10202,#10203),
(#10204,#10205),(#10206,#10207),(#10208,#10209),(#10210,#10211),(#10212,
#10213),(#10214,#10215),(#10216,#10217),(#10218,#10219),(#10220,#10221),
(#10222,#10223),(#10224,#10225),(#10226,#10227),(#10228,#10229),(#10230,
#10231),(#10232,#10233),(#10234,#10235),(#10236,#10237)),.UNSPECIFIED.,
 .F.,.F.,.F.,(4,1,1,1,1,1,1,1,1,1,1,1,1,1,1,1,4),(2,2),(0.,0.0645039992970558,
0.12689932159004,0.187746540100012,0.248149732929827,0.308586064762742,
0.369583005086994,0.431826965381049,0.496179722524157,0.56066785461188,
0.623504455117665,0.685260411330428,0.746536821751167,0.808327351736708,
0.870486187887767,0.934316883359246,1.),(0.,0.00120000000000027),
 .UNSPECIFIED.);
#35=B_SPLINE_SURFACE_WITH_KNOTS('',3,1,((#10259,#10260),(#10261,#10262),
(#10263,#10264),(#10265,#10266),(#10267,#10268),(#10269,#10270),(#10271,
#10272),(#10273,#10274),(#10275,#10276),(#10277,#10278),(#10279,#10280),
(#10281,#10282),(#10283,#10284),(#10285,#10286),(#10287,#10288),(#10289,
#10290),(#10291,#10292),(#10293,#10294),(#10295,#10296),(#10297,#10298),
(#10299,#10300),(#10301,#10302),(#10303,#10304),(#10305,#10306),(#10307,
#10308),(#10309,#10310),(#10311,#10312)),.UNSPECIFIED.,.F.,.F.,.F.,(4,1,
1,1,1,1,1,1,1,1,1,1,1,1,1,1,1,1,1,1,1,1,1,1,4),(2,2),(0.,0.0436332182657582,
0.0865377766972013,0.129177336089892,0.171436323663829,0.213415894570908,
0.25526595455385,0.297369481156624,0.339940747898556,0.382347458751812,
0.423952946815271,0.464871163261017,0.505572294118273,0.546002577108316,
0.586567974806913,0.627064799148168,0.668270684033174,0.709549224850333,
0.750428153513189,0.791096194448593,0.832027144779434,0.873135955335967,
0.914610764365449,0.956955986480437,1.),(0.,0.0012000000000004),
 .UNSPECIFIED.);
#36=B_SPLINE_SURFACE_WITH_KNOTS('',3,1,((#10382,#10383),(#10384,#10385),
(#10386,#10387),(#10388,#10389),(#10390,#10391),(#10392,#10393),(#10394,
#10395),(#10396,#10397),(#10398,#10399),(#10400,#10401),(#10402,#10403),
(#10404,#10405),(#10406,#10407),(#10408,#10409),(#10410,#10411),(#10412,
#10413),(#10414,#10415),(#10416,#10417),(#10418,#10419)),.UNSPECIFIED.,
 .F.,.F.,.F.,(4,1,1,1,1,1,1,1,1,1,1,1,1,1,1,1,4),(2,2),(0.,0.0685475367089023,
0.135682945623048,0.201214989526328,0.265682234754696,0.329266834817259,
0.392395427844329,0.455069761652143,0.517126850064506,0.578790035286652,
0.639739863343542,0.700191503666309,0.759806242596671,0.819628319275008,
0.879354791046277,0.939511607764662,1.),(0.,0.00120000000000013),
 .UNSPECIFIED.);
#37=B_SPLINE_SURFACE_WITH_KNOTS('',3,1,((#10443,#10444),(#10445,#10446),
(#10447,#10448),(#10449,#10450),(#10451,#10452),(#10453,#10454),(#10455,
#10456),(#10457,#10458),(#10459,#10460),(#10461,#10462),(#10463,#10464),
(#10465,#10466),(#10467,#10468),(#10469,#10470),(#10471,#10472),(#10473,
#10474),(#10475,#10476),(#10477,#10478),(#10479,#10480)),.UNSPECIFIED.,
 .F.,.F.,.F.,(4,1,1,1,1,1,1,1,1,1,1,1,1,1,1,1,4),(2,2),(0.,0.0645578459297189,
0.127013531549759,0.18795481020209,0.248013912789634,0.307747681848837,
0.368234514697485,0.429469843942669,0.492743436746585,0.556257768706083,
0.618216785543143,0.679655475587555,0.74124554562063,0.803415264705697,
0.866815461543992,0.932328311949265,1.),(0.,0.00120000000000013),
 .UNSPECIFIED.);
#38=B_SPLINE_SURFACE_WITH_KNOTS('',3,1,((#10502,#10503),(#10504,#10505),
(#10506,#10507),(#10508,#10509),(#10510,#10511),(#10512,#10513),(#10514,
#10515),(#10516,#10517),(#10518,#10519),(#10520,#10521),(#10522,#10523)),
 .UNSPECIFIED.,.F.,.F.,.F.,(4,1,1,1,1,1,1,1,4),(2,2),(0.,0.12432850959385,
0.247156016361187,0.368779749291339,0.490733862401648,0.613613771847844,
0.738957575722215,0.867310575191262,1.),(0.,0.00120000000000013),
 .UNSPECIFIED.);
#39=B_SPLINE_SURFACE_WITH_KNOTS('',3,1,((#10537,#10538),(#10539,#10540),
(#10541,#10542),(#10543,#10544),(#10545,#10546),(#10547,#10548),(#10549,
#10550),(#10551,#10552),(#10553,#10554),(#10555,#10556),(#10557,#10558),
(#10559,#10560),(#10561,#10562),(#10563,#10564),(#10565,#10566),(#10567,
#10568),(#10569,#10570),(#10571,#10572),(#10573,#10574)),.UNSPECIFIED.,
 .F.,.F.,.F.,(4,1,1,1,1,1,1,1,1,1,1,1,1,1,1,1,4),(2,2),(0.,0.0696628008990776,
0.137749562258274,0.203916743517783,0.268779862329338,0.332413706477225,
0.39475354044714,0.45618003165917,0.51699564919672,0.577395937965953,0.637198343509276,
0.696999184261455,0.75675619422556,0.816553905272608,0.87694799659787,0.938131787920595,
1.),(0.,0.00120000000000013),.UNSPECIFIED.);
#40=B_SPLINE_SURFACE_WITH_KNOTS('',3,1,((#10596,#10597),(#10598,#10599),
(#10600,#10601),(#10602,#10603),(#10604,#10605),(#10606,#10607),(#10608,
#10609),(#10610,#10611),(#10612,#10613),(#10614,#10615),(#10616,#10617),
(#10618,#10619),(#10620,#10621),(#10622,#10623),(#10624,#10625),(#10626,
#10627),(#10628,#10629),(#10630,#10631),(#10632,#10633)),.UNSPECIFIED.,
 .F.,.F.,.F.,(4,1,1,1,1,1,1,1,1,1,1,1,1,1,1,1,4),(2,2),(0.,0.0616742388774257,
0.123053061634805,0.183475000731701,0.243726500510611,0.304278916512254,
0.364862920960683,0.42594620396862,0.487391229965409,0.549220384075477,
0.611143588692603,0.673528530310152,0.736961456657304,0.800785282872841,
0.866012595641615,0.932100747790579,1.),(0.,0.0012000000000004),
 .UNSPECIFIED.);
#41=B_SPLINE_SURFACE_WITH_KNOTS('',3,1,((#10659,#10660),(#10661,#10662),
(#10663,#10664),(#10665,#10666),(#10667,#10668),(#10669,#10670),(#10671,
#10672),(#10673,#10674),(#10675,#10676),(#10677,#10678),(#10679,#10680)),
 .UNSPECIFIED.,.F.,.F.,.F.,(4,1,1,1,1,1,1,1,4),(2,2),(0.,0.128515189511662,
0.252948636352658,0.374754734006005,0.49593975386705,0.617180641429893,
0.740909469278138,0.867811148186203,1.),(0.,0.0012),.UNSPECIFIED.);
#42=B_SPLINE_SURFACE_WITH_KNOTS('',3,1,((#10694,#10695),(#10696,#10697),
(#10698,#10699),(#10700,#10701),(#10702,#10703),(#10704,#10705),(#10706,
#10707),(#10708,#10709),(#10710,#10711),(#10712,#10713),(#10714,#10715),
(#10716,#10717),(#10718,#10719),(#10720,#10721),(#10722,#10723),(#10724,
#10725),(#10726,#10727),(#10728,#10729),(#10730,#10731)),.UNSPECIFIED.,
 .F.,.F.,.F.,(4,1,1,1,1,1,1,1,1,1,1,1,1,1,1,1,4),(2,2),(0.,0.064323216579842,
0.126290103703556,0.186726469216133,0.246146432335345,0.305575642646139,
0.365429385618052,0.42632630894826,0.488839906400641,0.551724971814048,
0.613918596466159,0.675483765768397,0.737333897099286,0.800229044394526,
0.864502298123323,0.931040739155697,1.),(0.,0.0012),.UNSPECIFIED.);
#43=B_SPLINE_SURFACE_WITH_KNOTS('',3,1,((#10753,#10754),(#10755,#10756),
(#10757,#10758),(#10759,#10760),(#10761,#10762),(#10763,#10764),(#10765,
#10766),(#10767,#10768),(#10769,#10770),(#10771,#10772),(#10773,#10774),
(#10775,#10776),(#10777,#10778),(#10779,#10780),(#10781,#10782),(#10783,
#10784),(#10785,#10786),(#10787,#10788),(#10789,#10790),(#10791,#10792),
(#10793,#10794),(#10795,#10796),(#10797,#10798),(#10799,#10800),(#10801,
#10802),(#10803,#10804),(#10805,#10806)),.UNSPECIFIED.,.F.,.F.,.F.,(4,1,
1,1,1,1,1,1,1,1,1,1,1,1,1,1,1,1,1,1,1,1,1,1,4),(2,2),(0.,0.0439549089061944,
0.0875018747976044,0.13046262673149,0.172752020566518,0.215403067379604,
0.257649829743239,0.300152748957294,0.343121489502087,0.385925163206434,
0.427685727402802,0.46881795048659,0.509491800154996,0.549883031073349,
0.589980022966886,0.63040523000684,0.670868626082638,0.711383943838175,
0.751627258063584,0.791775576865192,0.832458918803742,0.873319045017288,
0.914542955626349,0.956923558209885,1.),(0.,0.00120000000000013),
 .UNSPECIFIED.);
#44=B_SPLINE_SURFACE_WITH_KNOTS('',3,1,((#10836,#10837),(#10838,#10839),
(#10840,#10841),(#10842,#10843),(#10844,#10845),(#10846,#10847),(#10848,
#10849),(#10850,#10851),(#10852,#10853),(#10854,#10855),(#10856,#10857),
(#10858,#10859),(#10860,#10861),(#10862,#10863),(#10864,#10865)),
 .UNSPECIFIED.,.F.,.F.,.F.,(4,1,1,1,1,1,1,1,1,1,1,1,4),(2,2),(0.,0.0631632593634698,
0.12547494103064,0.187121219816033,0.248294346114299,0.30929485625512,0.369850066067093,
0.430973375547382,0.492455989672817,0.616147966291854,0.740843698467362,
0.868182648670043,1.),(0.,0.00120000000000027),.UNSPECIFIED.);
#45=B_SPLINE_SURFACE_WITH_KNOTS('',3,1,((#10979,#10980),(#10981,#10982),
(#10983,#10984),(#10985,#10986),(#10987,#10988),(#10989,#10990),(#10991,
#10992),(#10993,#10994),(#10995,#10996),(#10997,#10998),(#10999,#11000),
(#11001,#11002),(#11003,#11004),(#11005,#11006),(#11007,#11008),(#11009,
#11010),(#11011,#11012),(#11013,#11014),(#11015,#11016)),.UNSPECIFIED.,
 .F.,.F.,.F.,(4,1,1,1,1,1,1,1,1,1,1,1,1,1,1,1,4),(2,2),(0.,0.0644386715952436,
0.126546911271677,0.18688715343657,0.245877535589455,0.304040884691266,
0.362191218072661,0.420975932791645,0.480660283279666,0.540600274953757,
0.600689098349453,0.661935789757196,0.724442505913983,0.789038393881744,
0.856313757050994,0.926352028205863,1.),(0.,0.006),.UNSPECIFIED.);
#46=B_SPLINE_SURFACE_WITH_KNOTS('',3,1,((#11040,#11041),(#11042,#11043),
(#11044,#11045),(#11046,#11047),(#11048,#11049),(#11050,#11051),(#11052,
#11053),(#11054,#11055),(#11056,#11057),(#11058,#11059),(#11060,#11061),
(#11062,#11063),(#11064,#11065),(#11066,#11067),(#11068,#11069),(#11070,
#11071),(#11072,#11073),(#11074,#11075),(#11076,#11077)),.UNSPECIFIED.,
 .F.,.F.,.F.,(4,1,1,1,1,1,1,1,1,1,1,1,1,1,1,1,4),(2,2),(0.,0.0619654006870621,
0.122121905638296,0.180988496849841,0.239933216451903,0.299905831106524,
0.359988847476987,0.421775741741646,0.486575826421127,0.551534804619742,
0.615017542759979,0.677258616661657,0.739729962362713,0.80305010266295,
0.866495132015697,0.93197347417715,1.),(0.,0.006),.UNSPECIFIED.);
#47=B_SPLINE_SURFACE_WITH_KNOTS('',3,1,((#11099,#11100),(#11101,#11102),
(#11103,#11104),(#11105,#11106),(#11107,#11108),(#11109,#11110),(#11111,
#11112),(#11113,#11114),(#11115,#11116),(#11117,#11118),(#11119,#11120),
(#11121,#11122),(#11123,#11124),(#11125,#11126),(#11127,#11128)),
 .UNSPECIFIED.,.F.,.F.,.F.,(4,1,1,1,1,1,1,1,1,1,1,1,4),(2,2),(0.,0.110802643801319,
0.21282920234777,0.306101309823111,0.39064732111601,0.466924469360852,0.534481039284031,
0.593586940965673,0.644557004508718,0.736200452629373,0.825024025618864,
0.911985584829758,1.),(0.,0.006),.UNSPECIFIED.);
#48=B_SPLINE_SURFACE_WITH_KNOTS('',3,1,((#11166,#11167),(#11168,#11169),
(#11170,#11171),(#11172,#11173),(#11174,#11175),(#11176,#11177),(#11178,
#11179),(#11180,#11181),(#11182,#11183),(#11184,#11185),(#11186,#11187),
(#11188,#11189),(#11190,#11191),(#11192,#11193),(#11194,#11195)),
 .UNSPECIFIED.,.F.,.F.,.F.,(4,1,1,1,1,1,1,1,1,1,1,1,4),(2,2),(0.,0.0987021963061524,
0.195672308810664,0.292422426507954,0.391342543799825,0.444462440671892,
0.504228775449316,0.570352337994678,0.642545753097748,0.722287505344019,
0.807921122682712,0.900469537985015,1.),(0.,0.006),.UNSPECIFIED.);
#49=B_SPLINE_SURFACE_WITH_KNOTS('',3,1,((#11213,#11214),(#11215,#11216),
(#11217,#11218),(#11219,#11220),(#11221,#11222),(#11223,#11224),(#11225,
#11226),(#11227,#11228),(#11229,#11230),(#11231,#11232),(#11233,#11234),
(#11235,#11236),(#11237,#11238),(#11239,#11240),(#11241,#11242),(#11243,
#11244),(#11245,#11246),(#11247,#11248),(#11249,#11250)),.UNSPECIFIED.,
 .F.,.F.,.F.,(4,1,1,1,1,1,1,1,1,1,1,1,1,1,1,1,4),(2,2),(0.,0.0694754602496702,
0.136516797617798,0.20078882360926,0.263829672855826,0.325735022965419,
0.38729069221529,0.449509218762602,0.512967819545441,0.576275215493061,
0.637580100263924,0.697902605917102,0.757172088426985,0.816598528488656,
0.87665317089282,0.93728964241024,1.),(0.,0.006),.UNSPECIFIED.);
#50=B_SPLINE_SURFACE_WITH_KNOTS('',3,1,((#11272,#11273),(#11274,#11275),
(#11276,#11277),(#11278,#11279),(#11280,#11281),(#11282,#11283),(#11284,
#11285),(#11286,#11287),(#11288,#11289),(#11290,#11291),(#11292,#11293),
(#11294,#11295),(#11296,#11297),(#11298,#11299),(#11300,#11301),(#11302,
#11303),(#11304,#11305),(#11306,#11307),(#11308,#11309)),.UNSPECIFIED.,
 .F.,.F.,.F.,(4,1,1,1,1,1,1,1,1,1,1,1,1,1,1,1,4),(2,2),(0.,0.068790794390618,
0.135103289431128,0.198978674310651,0.261904299780856,0.32349496936797,
0.385195377966051,0.446969238740774,0.509764776703132,0.572250568847368,
0.633405175661153,0.693251162921752,0.75258316278567,0.812579266153421,
0.873275084920192,0.935549942895029,1.),(0.,0.006),.UNSPECIFIED.);
#51=B_SPLINE_SURFACE_WITH_KNOTS('',3,1,((#11411,#11412),(#11413,#11414),
(#11415,#11416),(#11417,#11418),(#11419,#11420),(#11421,#11422),(#11423,
#11424),(#11425,#11426),(#11427,#11428),(#11429,#11430),(#11431,#11432),
(#11433,#11434),(#11435,#11436),(#11437,#11438),(#11439,#11440),(#11441,
#11442),(#11443,#11444),(#11445,#11446),(#11447,#11448)),.UNSPECIFIED.,
 .F.,.F.,.F.,(4,1,1,1,1,1,1,1,1,1,1,1,1,1,1,1,4),(2,2),(0.,0.0644386715952431,
0.126546911271677,0.18688715343657,0.245877535589455,0.304040884691267,
0.36219121807266,0.420975932791644,0.480660283279666,0.540600274953758,
0.600689098349453,0.661935789757196,0.724442505913982,0.789038393881744,
0.856313757050994,0.926352028205863,1.),(0.,0.006),.UNSPECIFIED.);
#52=B_SPLINE_SURFACE_WITH_KNOTS('',3,1,((#11472,#11473),(#11474,#11475),
(#11476,#11477),(#11478,#11479),(#11480,#11481),(#11482,#11483),(#11484,
#11485),(#11486,#11487),(#11488,#11489),(#11490,#11491),(#11492,#11493),
(#11494,#11495),(#11496,#11497),(#11498,#11499),(#11500,#11501),(#11502,
#11503),(#11504,#11505),(#11506,#11507),(#11508,#11509)),.UNSPECIFIED.,
 .F.,.F.,.F.,(4,1,1,1,1,1,1,1,1,1,1,1,1,1,1,1,4),(2,2),(0.,0.0619654006870621,
0.122121905638295,0.180988496849841,0.239933216451903,0.299905831106524,
0.359988847476987,0.421775741741646,0.486575826421126,0.551534804619741,
0.615017542759979,0.677258616661657,0.739729962362714,0.803050102662951,
0.866495132015698,0.931973474177149,1.),(0.,0.006),.UNSPECIFIED.);
#53=B_SPLINE_SURFACE_WITH_KNOTS('',3,1,((#11531,#11532),(#11533,#11534),
(#11535,#11536),(#11537,#11538),(#11539,#11540),(#11541,#11542),(#11543,
#11544),(#11545,#11546),(#11547,#11548),(#11549,#11550),(#11551,#11552),
(#11553,#11554),(#11555,#11556),(#11557,#11558),(#11559,#11560)),
 .UNSPECIFIED.,.F.,.F.,.F.,(4,1,1,1,1,1,1,1,1,1,1,1,4),(2,2),(0.,0.110802643801319,
0.21282920234777,0.306101309823111,0.39064732111601,0.466924469360852,0.534481039284031,
0.593586940965673,0.644557004508718,0.736200452629373,0.825024025618864,
0.911985584829758,1.),(0.,0.006),.UNSPECIFIED.);
#54=B_SPLINE_SURFACE_WITH_KNOTS('',3,1,((#11598,#11599),(#11600,#11601),
(#11602,#11603),(#11604,#11605),(#11606,#11607),(#11608,#11609),(#11610,
#11611),(#11612,#11613),(#11614,#11615),(#11616,#11617),(#11618,#11619),
(#11620,#11621),(#11622,#11623),(#11624,#11625),(#11626,#11627)),
 .UNSPECIFIED.,.F.,.F.,.F.,(4,1,1,1,1,1,1,1,1,1,1,1,4),(2,2),(0.,0.0987021963061523,
0.195672308810664,0.292422426507954,0.391342543799825,0.444462440671892,
0.504228775449316,0.570352337994678,0.642545753097748,0.722287505344018,
0.807921122682712,0.900469537985015,1.),(0.,0.006),.UNSPECIFIED.);
#55=B_SPLINE_SURFACE_WITH_KNOTS('',3,1,((#11645,#11646),(#11647,#11648),
(#11649,#11650),(#11651,#11652),(#11653,#11654),(#11655,#11656),(#11657,
#11658),(#11659,#11660),(#11661,#11662),(#11663,#11664),(#11665,#11666),
(#11667,#11668),(#11669,#11670),(#11671,#11672),(#11673,#11674),(#11675,
#11676),(#11677,#11678),(#11679,#11680),(#11681,#11682)),.UNSPECIFIED.,
 .F.,.F.,.F.,(4,1,1,1,1,1,1,1,1,1,1,1,1,1,1,1,4),(2,2),(0.,0.0694754602496701,
0.136516797617799,0.200788823609261,0.263829672855826,0.32573502296542,
0.387290692215291,0.449509218762603,0.512967819545441,0.576275215493061,
0.637580100263924,0.697902605917102,0.757172088426985,0.816598528488655,
0.876653170892819,0.93728964241024,1.),(0.,0.006),.UNSPECIFIED.);
#56=B_SPLINE_SURFACE_WITH_KNOTS('',3,1,((#11704,#11705),(#11706,#11707),
(#11708,#11709),(#11710,#11711),(#11712,#11713),(#11714,#11715),(#11716,
#11717),(#11718,#11719),(#11720,#11721),(#11722,#11723),(#11724,#11725),
(#11726,#11727),(#11728,#11729),(#11730,#11731),(#11732,#11733),(#11734,
#11735),(#11736,#11737),(#11738,#11739),(#11740,#11741)),.UNSPECIFIED.,
 .F.,.F.,.F.,(4,1,1,1,1,1,1,1,1,1,1,1,1,1,1,1,4),(2,2),(0.,0.068790794390618,
0.135103289431128,0.198978674310651,0.261904299780856,0.323494969367969,
0.385195377966051,0.446969238740774,0.509764776703132,0.572250568847368,
0.633405175661153,0.693251162921752,0.75258316278567,0.812579266153421,
0.873275084920191,0.935549942895029,1.),(0.,0.006),.UNSPECIFIED.);
#57=B_SPLINE_SURFACE_WITH_KNOTS('',3,1,((#11776,#11777),(#11778,#11779),
(#11780,#11781),(#11782,#11783),(#11784,#11785),(#11786,#11787),(#11788,
#11789),(#11790,#11791),(#11792,#11793),(#11794,#11795),(#11796,#11797)),
 .UNSPECIFIED.,.F.,.F.,.F.,(4,1,1,1,1,1,1,1,4),(2,2),(0.,0.10220303703522,
0.211023342373876,0.325099661565208,0.446502097134889,0.573787717648855,
0.708900709766066,0.8503578712934,1.),(0.,0.006),.UNSPECIFIED.);
#58=B_SPLINE_SURFACE_WITH_KNOTS('',3,1,((#11811,#11812),(#11813,#11814),
(#11815,#11816),(#11817,#11818),(#11819,#11820),(#11821,#11822),(#11823,
#11824),(#11825,#11826),(#11827,#11828),(#11829,#11830),(#11831,#11832),
(#11833,#11834),(#11835,#11836),(#11837,#11838),(#11839,#11840),(#11841,
#11842),(#11843,#11844),(#11845,#11846),(#11847,#11848)),.UNSPECIFIED.,
 .F.,.F.,.F.,(4,1,1,1,1,1,1,1,1,1,1,1,1,1,1,1,4),(2,2),(0.,0.0653513820265936,
0.127916031830613,0.1883602055717,0.247216077265452,0.305630129197411,0.363769839831819,
0.42266091391278,0.482687294090392,0.543300221239559,0.604117955323104,
0.664964891265285,0.727413494112565,0.791467625149424,0.8580554427291,0.927036814614947,
1.),(0.,0.006),.UNSPECIFIED.);
#59=B_SPLINE_SURFACE_WITH_KNOTS('',3,1,((#11870,#11871),(#11872,#11873),
(#11874,#11875),(#11876,#11877),(#11878,#11879),(#11880,#11881),(#11882,
#11883),(#11884,#11885),(#11886,#11887),(#11888,#11889),(#11890,#11891),
(#11892,#11893),(#11894,#11895),(#11896,#11897),(#11898,#11899),(#11900,
#11901),(#11902,#11903),(#11904,#11905),(#11906,#11907)),.UNSPECIFIED.,
 .F.,.F.,.F.,(4,1,1,1,1,1,1,1,1,1,1,1,1,1,1,1,4),(2,2),(0.,0.0642072952829855,
0.126424689779742,0.187680284264922,0.248216424455213,0.308305060008613,
0.369660991325143,0.431698551786781,0.495946892208764,0.55975802397212,
0.622295407826159,0.683910635284174,0.745092408056624,0.806740225389293,
0.869086618121202,0.933290002974799,1.),(0.,0.006),.UNSPECIFIED.);
#60=B_SPLINE_SURFACE_WITH_KNOTS('',3,1,((#11929,#11930),(#11931,#11932),
(#11933,#11934),(#11935,#11936),(#11937,#11938),(#11939,#11940),(#11941,
#11942),(#11943,#11944),(#11945,#11946),(#11947,#11948),(#11949,#11950),
(#11951,#11952),(#11953,#11954),(#11955,#11956),(#11957,#11958)),
 .UNSPECIFIED.,.F.,.F.,.F.,(4,1,1,1,1,1,1,1,1,1,1,1,4),(2,2),(0.,0.0946872518675539,
0.181994155707275,0.264376948610512,0.342179861947772,0.418617610862146,
0.496509075371909,0.577369091611732,0.661510592454198,0.746732550829197,
0.831257984327742,0.915205616213654,1.),(0.,0.006),.UNSPECIFIED.);
#61=B_SPLINE_SURFACE_WITH_KNOTS('',3,1,((#11980,#11981),(#11982,#11983),
(#11984,#11985),(#11986,#11987),(#11988,#11989),(#11990,#11991),(#11992,
#11993),(#11994,#11995),(#11996,#11997),(#11998,#11999),(#12000,#12001),
(#12002,#12003),(#12004,#12005),(#12006,#12007),(#12008,#12009),(#12010,
#12011),(#12012,#12013),(#12014,#12015),(#12016,#12017)),.UNSPECIFIED.,
 .F.,.F.,.F.,(4,1,1,1,1,1,1,1,1,1,1,1,1,1,1,1,4),(2,2),(0.,0.0654211437588925,
0.128708371881883,0.190236141863538,0.250724402033538,0.310637179413444,
0.370766408289726,0.431614744412353,0.493522973566354,0.555883455377533,
0.61734236731851,0.678668039097275,0.740711359545148,0.802985362512745,
0.866802580265518,0.932347171345888,1.),(0.,0.006),.UNSPECIFIED.);
#62=B_SPLINE_SURFACE_WITH_KNOTS('',3,1,((#12039,#12040),(#12041,#12042),
(#12043,#12044),(#12045,#12046),(#12047,#12048),(#12049,#12050),(#12051,
#12052),(#12053,#12054),(#12055,#12056),(#12057,#12058),(#12059,#12060),
(#12061,#12062),(#12063,#12064),(#12065,#12066),(#12067,#12068),(#12069,
#12070),(#12071,#12072),(#12073,#12074),(#12075,#12076),(#12077,#12078),
(#12079,#12080),(#12081,#12082),(#12083,#12084),(#12085,#12086),(#12087,
#12088),(#12089,#12090),(#12091,#12092)),.UNSPECIFIED.,.F.,.F.,.F.,(4,1,
1,1,1,1,1,1,1,1,1,1,1,1,1,1,1,1,1,1,1,1,1,1,4),(2,2),(0.,0.04401447057614,
0.0874341236677056,0.130118398657898,0.172553694558182,0.214554755968139,
0.256298092097131,0.29843822513325,0.340849002588096,0.382715188967027,
0.423924045407532,0.464246243250417,0.504073671461796,0.543861905868491,
0.583566724979654,0.623094318852333,0.663229060768584,0.70355125861147,
0.743937894686185,0.784541254800092,0.825750111240597,0.867757363388506,
0.91074516403231,0.954914446891478,1.),(0.,0.006),.UNSPECIFIED.);
#63=B_SPLINE_SURFACE_WITH_KNOTS('',3,1,((#12122,#12123),(#12124,#12125),
(#12126,#12127),(#12128,#12129),(#12130,#12131),(#12132,#12133),(#12134,
#12135),(#12136,#12137),(#12138,#12139),(#12140,#12141),(#12142,#12143),
(#12144,#12145),(#12146,#12147),(#12148,#12149),(#12150,#12151),(#12152,
#12153),(#12154,#12155),(#12156,#12157),(#12158,#12159)),.UNSPECIFIED.,
 .F.,.F.,.F.,(4,1,1,1,1,1,1,1,1,1,1,1,1,1,1,1,4),(2,2),(0.,0.0658076458106947,
0.129394273668056,0.19089406063219,0.251281068929836,0.310814964465273,
0.370370987448245,0.430768262589727,0.492881250617503,0.55510394815525,
0.616067050993843,0.677256033174654,0.738259805199117,0.800762134376296,
0.864777581574485,0.931045294999404,1.),(0.,0.006),.UNSPECIFIED.);
#64=B_SPLINE_SURFACE_WITH_KNOTS('',3,1,((#12181,#12182),(#12183,#12184),
(#12185,#12186),(#12187,#12188),(#12189,#12190),(#12191,#12192),(#12193,
#12194)),.UNSPECIFIED.,.F.,.F.,.F.,(4,1,1,1,4),(2,2),(0.,0.275068369018744,
0.532901460089936,0.773973459592445,1.),(0.,0.006),.UNSPECIFIED.);
#65=B_SPLINE_SURFACE_WITH_KNOTS('',3,1,((#12296,#12297),(#12298,#12299),
(#12300,#12301),(#12302,#12303),(#12304,#12305),(#12306,#12307),(#12308,
#12309),(#12310,#12311),(#12312,#12313),(#12314,#12315),(#12316,#12317),
(#12318,#12319),(#12320,#12321),(#12322,#12323),(#12324,#12325),(#12326,
#12327),(#12328,#12329),(#12330,#12331),(#12332,#12333)),.UNSPECIFIED.,
 .F.,.F.,.F.,(4,1,1,1,1,1,1,1,1,1,1,1,1,1,1,1,4),(2,2),(0.,0.0685475367089029,
0.135682945623049,0.201214989526329,0.265682234754696,0.329266834817259,
0.392395427844329,0.455069761652144,0.517126850064507,0.578790035286653,
0.639739863343542,0.700191503666308,0.75980624259667,0.819628319275008,
0.879354791046277,0.939511607764662,1.),(0.,0.006),.UNSPECIFIED.);
#66=B_SPLINE_SURFACE_WITH_KNOTS('',3,1,((#12357,#12358),(#12359,#12360),
(#12361,#12362),(#12363,#12364),(#12365,#12366),(#12367,#12368),(#12369,
#12370),(#12371,#12372),(#12373,#12374),(#12375,#12376),(#12377,#12378),
(#12379,#12380),(#12381,#12382),(#12383,#12384),(#12385,#12386),(#12387,
#12388),(#12389,#12390),(#12391,#12392),(#12393,#12394)),.UNSPECIFIED.,
 .F.,.F.,.F.,(4,1,1,1,1,1,1,1,1,1,1,1,1,1,1,1,4),(2,2),(0.,0.064557845929719,
0.127013531549759,0.18795481020209,0.248013912789634,0.307747681848837,
0.368234514697485,0.429469843942669,0.492743436746585,0.556257768706083,
0.618216785543144,0.679655475587555,0.74124554562063,0.803415264705697,
0.866815461543992,0.932328311949265,1.),(0.,0.006),.UNSPECIFIED.);
#67=B_SPLINE_SURFACE_WITH_KNOTS('',3,1,((#12416,#12417),(#12418,#12419),
(#12420,#12421),(#12422,#12423),(#12424,#12425),(#12426,#12427),(#12428,
#12429),(#12430,#12431),(#12432,#12433),(#12434,#12435),(#12436,#12437)),
 .UNSPECIFIED.,.F.,.F.,.F.,(4,1,1,1,1,1,1,1,4),(2,2),(0.,0.12432850959385,
0.247156016361187,0.368779749291339,0.490733862401648,0.613613771847844,
0.738957575722215,0.867310575191262,1.),(0.,0.006),.UNSPECIFIED.);
#68=B_SPLINE_SURFACE_WITH_KNOTS('',3,1,((#12451,#12452),(#12453,#12454),
(#12455,#12456),(#12457,#12458),(#12459,#12460),(#12461,#12462),(#12463,
#12464),(#12465,#12466),(#12467,#12468),(#12469,#12470),(#12471,#12472),
(#12473,#12474),(#12475,#12476),(#12477,#12478),(#12479,#12480),(#12481,
#12482),(#12483,#12484),(#12485,#12486),(#12487,#12488)),.UNSPECIFIED.,
 .F.,.F.,.F.,(4,1,1,1,1,1,1,1,1,1,1,1,1,1,1,1,4),(2,2),(0.,0.0696628008990775,
0.137749562258272,0.203916743517783,0.268779862329336,0.332413706477224,
0.394753540447139,0.456180031659168,0.516995649196719,0.577395937965951,
0.637198343509275,0.696999184261455,0.75675619422556,0.816553905272608,
0.87694799659787,0.938131787920595,1.),(0.,0.006),.UNSPECIFIED.);
#69=B_SPLINE_SURFACE_WITH_KNOTS('',3,1,((#12510,#12511),(#12512,#12513),
(#12514,#12515),(#12516,#12517),(#12518,#12519),(#12520,#12521),(#12522,
#12523),(#12524,#12525),(#12526,#12527),(#12528,#12529),(#12530,#12531),
(#12532,#12533),(#12534,#12535),(#12536,#12537),(#12538,#12539),(#12540,
#12541),(#12542,#12543),(#12544,#12545),(#12546,#12547)),.UNSPECIFIED.,
 .F.,.F.,.F.,(4,1,1,1,1,1,1,1,1,1,1,1,1,1,1,1,4),(2,2),(0.,0.0616742388774259,
0.123053061634806,0.183475000731702,0.243726500510612,0.304278916512254,
0.364862920960683,0.42594620396862,0.487391229965408,0.549220384075476,
0.611143588692603,0.673528530310152,0.736961456657304,0.80078528287284,
0.866012595641615,0.932100747790579,1.),(0.,0.006),.UNSPECIFIED.);
#70=B_SPLINE_SURFACE_WITH_KNOTS('',3,1,((#12573,#12574),(#12575,#12576),
(#12577,#12578),(#12579,#12580),(#12581,#12582),(#12583,#12584),(#12585,
#12586),(#12587,#12588),(#12589,#12590),(#12591,#12592),(#12593,#12594)),
 .UNSPECIFIED.,.F.,.F.,.F.,(4,1,1,1,1,1,1,1,4),(2,2),(0.,0.128515189511662,
0.252948636352658,0.374754734006004,0.49593975386705,0.617180641429893,
0.740909469278137,0.867811148186203,1.),(0.,0.006),.UNSPECIFIED.);
#71=B_SPLINE_SURFACE_WITH_KNOTS('',3,1,((#12608,#12609),(#12610,#12611),
(#12612,#12613),(#12614,#12615),(#12616,#12617),(#12618,#12619),(#12620,
#12621),(#12622,#12623),(#12624,#12625),(#12626,#12627),(#12628,#12629),
(#12630,#12631),(#12632,#12633),(#12634,#12635),(#12636,#12637),(#12638,
#12639),(#12640,#12641),(#12642,#12643),(#12644,#12645)),.UNSPECIFIED.,
 .F.,.F.,.F.,(4,1,1,1,1,1,1,1,1,1,1,1,1,1,1,1,4),(2,2),(0.,0.0643232165798421,
0.126290103703556,0.186726469216133,0.246146432335345,0.305575642646139,
0.365429385618052,0.42632630894826,0.488839906400641,0.551724971814047,
0.613918596466159,0.675483765768396,0.737333897099286,0.800229044394526,
0.864502298123322,0.931040739155697,1.),(0.,0.006),.UNSPECIFIED.);
#72=B_SPLINE_SURFACE_WITH_KNOTS('',3,1,((#12667,#12668),(#12669,#12670),
(#12671,#12672),(#12673,#12674),(#12675,#12676),(#12677,#12678),(#12679,
#12680),(#12681,#12682),(#12683,#12684),(#12685,#12686),(#12687,#12688),
(#12689,#12690),(#12691,#12692),(#12693,#12694),(#12695,#12696),(#12697,
#12698),(#12699,#12700),(#12701,#12702),(#12703,#12704),(#12705,#12706),
(#12707,#12708),(#12709,#12710),(#12711,#12712),(#12713,#12714),(#12715,
#12716),(#12717,#12718),(#12719,#12720)),.UNSPECIFIED.,.F.,.F.,.F.,(4,1,
1,1,1,1,1,1,1,1,1,1,1,1,1,1,1,1,1,1,1,1,1,1,4),(2,2),(0.,0.0439549089061941,
0.0875018747976041,0.13046262673149,0.172752020566517,0.215403067379603,
0.257649829743239,0.300152748957294,0.343121489502086,0.385925163206434,
0.427685727402801,0.46881795048659,0.509491800154995,0.549883031073349,
0.589980022966886,0.63040523000684,0.670868626082638,0.711383943838175,
0.751627258063584,0.791775576865191,0.832458918803742,0.873319045017288,
0.914542955626349,0.956923558209885,1.),(0.,0.006),.UNSPECIFIED.);
#73=B_SPLINE_SURFACE_WITH_KNOTS('',3,1,((#12750,#12751),(#12752,#12753),
(#12754,#12755),(#12756,#12757),(#12758,#12759),(#12760,#12761),(#12762,
#12763),(#12764,#12765),(#12766,#12767),(#12768,#12769),(#12770,#12771),
(#12772,#12773),(#12774,#12775),(#12776,#12777),(#12778,#12779)),
 .UNSPECIFIED.,.F.,.F.,.F.,(4,1,1,1,1,1,1,1,1,1,1,1,4),(2,2),(0.,0.0631632593634699,
0.12547494103064,0.187121219816033,0.248294346114299,0.309294856255121,
0.369850066067093,0.430973375547381,0.492455989672816,0.616147966291855,
0.740843698467363,0.868182648670042,1.),(0.,0.006),.UNSPECIFIED.);
#74=B_SPLINE_CURVE_WITH_KNOTS('',3,(#7677,#7678,#7679,#7680,#7681,#7682,
#7683,#7684,#7685,#7686,#7687,#7688,#7689,#7690,#7691,#7692,#7693,#7694,
#7695),.UNSPECIFIED.,.F.,.F.,(4,1,1,1,1,1,1,1,1,1,1,1,1,1,1,1,4),(0.,0.0619654006870621,
0.122121905638295,0.180988496849841,0.239933216451903,0.299905831106524,
0.359988847476987,0.421775741741646,0.486575826421126,0.551534804619741,
0.615017542759979,0.677258616661657,0.739729962362714,0.803050102662951,
0.866495132015698,0.931973474177149,1.),.UNSPECIFIED.);
#75=B_SPLINE_CURVE_WITH_KNOTS('',3,(#7697,#7698,#7699,#7700,#7701,#7702,
#7703,#7704,#7705,#7706,#7707,#7708,#7709,#7710,#7711,#7712,#7713,#7714,
#7715),.UNSPECIFIED.,.F.,.F.,(4,1,1,1,1,1,1,1,1,1,1,1,1,1,1,1,4),(0.,0.0644386715952431,
0.126546911271677,0.18688715343657,0.245877535589455,0.304040884691267,
0.36219121807266,0.420975932791644,0.480660283279666,0.540600274953758,
0.600689098349453,0.661935789757196,0.724442505913982,0.789038393881744,
0.856313757050994,0.926352028205863,1.),.UNSPECIFIED.);
#76=B_SPLINE_CURVE_WITH_KNOTS('',3,(#7719,#7720,#7721,#7722,#7723,#7724,
#7725,#7726,#7727,#7728,#7729,#7730,#7731,#7732,#7733,#7734,#7735,#7736,
#7737),.UNSPECIFIED.,.F.,.F.,(4,1,1,1,1,1,1,1,1,1,1,1,1,1,1,1,4),(0.,0.068790794390618,
0.135103289431128,0.198978674310651,0.261904299780856,0.323494969367969,
0.385195377966051,0.446969238740774,0.509764776703132,0.572250568847368,
0.633405175661153,0.693251162921752,0.75258316278567,0.812579266153421,
0.873275084920191,0.935549942895029,1.),.UNSPECIFIED.);
#77=B_SPLINE_CURVE_WITH_KNOTS('',3,(#7739,#7740,#7741,#7742,#7743,#7744,
#7745,#7746,#7747,#7748,#7749,#7750,#7751,#7752,#7753,#7754,#7755,#7756,
#7757),.UNSPECIFIED.,.F.,.F.,(4,1,1,1,1,1,1,1,1,1,1,1,1,1,1,1,4),(0.,0.0694754602496701,
0.136516797617799,0.200788823609261,0.263829672855826,0.32573502296542,
0.387290692215291,0.449509218762603,0.512967819545441,0.576275215493061,
0.637580100263924,0.697902605917102,0.757172088426985,0.816598528488655,
0.876653170892819,0.93728964241024,1.),.UNSPECIFIED.);
#78=B_SPLINE_CURVE_WITH_KNOTS('',3,(#7759,#7760,#7761,#7762,#7763,#7764,
#7765,#7766,#7767,#7768,#7769,#7770,#7771,#7772,#7773),.UNSPECIFIED.,.F.,
 .F.,(4,1,1,1,1,1,1,1,1,1,1,1,4),(0.,0.0987021963061523,0.195672308810664,
0.292422426507954,0.391342543799825,0.444462440671892,0.504228775449316,
0.570352337994678,0.642545753097748,0.722287505344018,0.807921122682712,
0.900469537985015,1.),.UNSPECIFIED.);
#79=B_SPLINE_CURVE_WITH_KNOTS('',3,(#7784,#7785,#7786,#7787,#7788,#7789,
#7790,#7791,#7792,#7793,#7794,#7795,#7796,#7797,#7798),.UNSPECIFIED.,.F.,
 .F.,(4,1,1,1,1,1,1,1,1,1,1,1,4),(0.,0.110802643801319,0.21282920234777,
0.306101309823111,0.39064732111601,0.466924469360852,0.534481039284031,
0.593586940965673,0.644557004508718,0.736200452629373,0.825024025618864,
0.911985584829758,1.),.UNSPECIFIED.);
#80=B_SPLINE_CURVE_WITH_KNOTS('',3,(#7811,#7812,#7813,#7814,#7815,#7816,
#7817),.UNSPECIFIED.,.F.,.F.,(4,1,1,1,4),(0.,0.275068369018744,0.532901460089936,
0.773973459592445,1.),.UNSPECIFIED.);
#81=B_SPLINE_CURVE_WITH_KNOTS('',3,(#7819,#7820,#7821,#7822,#7823,#7824,
#7825,#7826,#7827,#7828,#7829,#7830,#7831,#7832,#7833,#7834,#7835,#7836,
#7837),.UNSPECIFIED.,.F.,.F.,(4,1,1,1,1,1,1,1,1,1,1,1,1,1,1,1,4),(0.,0.0658076458106947,
0.129394273668056,0.19089406063219,0.251281068929836,0.310814964465273,
0.370370987448245,0.430768262589727,0.492881250617503,0.55510394815525,
0.616067050993843,0.677256033174654,0.738259805199117,0.800762134376296,
0.864777581574485,0.931045294999404,1.),.UNSPECIFIED.);
#82=B_SPLINE_CURVE_WITH_KNOTS('',3,(#7839,#7840,#7841,#7842,#7843,#7844,
#7845,#7846,#7847,#7848,#7849,#7850,#7851,#7852,#7853,#7854,#7855,#7856,
#7857,#7858,#7859,#7860,#7861,#7862,#7863,#7864,#7865),.UNSPECIFIED.,.F.,
 .F.,(4,1,1,1,1,1,1,1,1,1,1,1,1,1,1,1,1,1,1,1,1,1,1,1,4),(0.,0.04401447057614,
0.0874341236677056,0.130118398657898,0.172553694558182,0.214554755968139,
0.256298092097131,0.29843822513325,0.340849002588096,0.382715188967027,
0.423924045407532,0.464246243250417,0.504073671461796,0.543861905868491,
0.583566724979654,0.623094318852333,0.663229060768584,0.70355125861147,
0.743937894686185,0.784541254800092,0.825750111240597,0.867757363388506,
0.91074516403231,0.954914446891478,1.),.UNSPECIFIED.);
#83=B_SPLINE_CURVE_WITH_KNOTS('',3,(#7867,#7868,#7869,#7870,#7871,#7872,
#7873,#7874,#7875,#7876,#7877,#7878,#7879,#7880,#7881,#7882,#7883,#7884,
#7885),.UNSPECIFIED.,.F.,.F.,(4,1,1,1,1,1,1,1,1,1,1,1,1,1,1,1,4),(0.,0.0654211437588925,
0.128708371881883,0.190236141863538,0.250724402033538,0.310637179413444,
0.370766408289726,0.431614744412353,0.493522973566354,0.555883455377533,
0.61734236731851,0.678668039097275,0.740711359545148,0.802985362512745,
0.866802580265518,0.932347171345888,1.),.UNSPECIFIED.);
#84=B_SPLINE_CURVE_WITH_KNOTS('',3,(#7889,#7890,#7891,#7892,#7893,#7894,
#7895,#7896,#7897,#7898,#7899,#7900,#7901,#7902,#7903),.UNSPECIFIED.,.F.,
 .F.,(4,1,1,1,1,1,1,1,1,1,1,1,4),(0.,0.0946872518675539,0.181994155707275,
0.264376948610512,0.342179861947772,0.418617610862146,0.496509075371909,
0.577369091611732,0.661510592454198,0.746732550829197,0.831257984327742,
0.915205616213654,1.),.UNSPECIFIED.);
#85=B_SPLINE_CURVE_WITH_KNOTS('',3,(#7905,#7906,#7907,#7908,#7909,#7910,
#7911,#7912,#7913,#7914,#7915,#7916,#7917,#7918,#7919,#7920,#7921,#7922,
#7923),.UNSPECIFIED.,.F.,.F.,(4,1,1,1,1,1,1,1,1,1,1,1,1,1,1,1,4),(0.,0.0642072952829855,
0.126424689779742,0.187680284264922,0.248216424455213,0.308305060008613,
0.369660991325143,0.431698551786781,0.495946892208764,0.55975802397212,
0.622295407826159,0.683910635284174,0.745092408056624,0.806740225389293,
0.869086618121202,0.933290002974799,1.),.UNSPECIFIED.);
#86=B_SPLINE_CURVE_WITH_KNOTS('',3,(#7925,#7926,#7927,#7928,#7929,#7930,
#7931,#7932,#7933,#7934,#7935,#7936,#7937,#7938,#7939,#7940,#7941,#7942,
#7943),.UNSPECIFIED.,.F.,.F.,(4,1,1,1,1,1,1,1,1,1,1,1,1,1,1,1,4),(0.,0.0653513820265936,
0.127916031830613,0.1883602055717,0.247216077265452,0.305630129197411,0.363769839831819,
0.42266091391278,0.482687294090392,0.543300221239559,0.604117955323104,
0.664964891265285,0.727413494112565,0.791467625149424,0.8580554427291,0.927036814614947,
1.),.UNSPECIFIED.);
#87=B_SPLINE_CURVE_WITH_KNOTS('',3,(#7944,#7945,#7946,#7947,#7948,#7949,
#7950,#7951,#7952,#7953,#7954),.UNSPECIFIED.,.F.,.F.,(4,1,1,1,1,1,1,1,4),
(0.,0.10220303703522,0.211023342373876,0.325099661565208,0.446502097134889,
0.573787717648855,0.708900709766066,0.8503578712934,1.),.UNSPECIFIED.);
#88=B_SPLINE_CURVE_WITH_KNOTS('',3,(#7971,#7972,#7973,#7974,#7975,#7976,
#7977,#7978,#7979,#7980,#7981,#7982,#7983,#7984,#7985,#7986,#7987,#7988,
#7989),.UNSPECIFIED.,.F.,.F.,(4,1,1,1,1,1,1,1,1,1,1,1,1,1,1,1,4),(0.,0.064557845929719,
0.127013531549759,0.18795481020209,0.248013912789634,0.307747681848837,
0.368234514697485,0.429469843942669,0.492743436746585,0.556257768706083,
0.618216785543144,0.679655475587555,0.74124554562063,0.803415264705697,
0.866815461543992,0.932328311949265,1.),.UNSPECIFIED.);
#89=B_SPLINE_CURVE_WITH_KNOTS('',3,(#7991,#7992,#7993,#7994,#7995,#7996,
#7997,#7998,#7999,#8000,#8001,#8002,#8003,#8004,#8005,#8006,#8007,#8008,
#8009),.UNSPECIFIED.,.F.,.F.,(4,1,1,1,1,1,1,1,1,1,1,1,1,1,1,1,4),(0.,0.0685475367089029,
0.135682945623049,0.201214989526329,0.265682234754696,0.329266834817259,
0.392395427844329,0.455069761652144,0.517126850064507,0.578790035286653,
0.639739863343542,0.700191503666308,0.75980624259667,0.819628319275008,
0.879354791046277,0.939511607764662,1.),.UNSPECIFIED.);
#90=B_SPLINE_CURVE_WITH_KNOTS('',3,(#8013,#8014,#8015,#8016,#8017,#8018,
#8019,#8020,#8021,#8022,#8023,#8024,#8025,#8026,#8027),.UNSPECIFIED.,.F.,
 .F.,(4,1,1,1,1,1,1,1,1,1,1,1,4),(0.,0.0631632593634699,0.12547494103064,
0.187121219816033,0.248294346114299,0.309294856255121,0.369850066067093,
0.430973375547381,0.492455989672816,0.616147966291855,0.740843698467363,
0.868182648670042,1.),.UNSPECIFIED.);
#91=B_SPLINE_CURVE_WITH_KNOTS('',3,(#8029,#8030,#8031,#8032,#8033,#8034,
#8035,#8036,#8037,#8038,#8039,#8040,#8041,#8042,#8043,#8044,#8045,#8046,
#8047,#8048,#8049,#8050,#8051,#8052,#8053,#8054,#8055),.UNSPECIFIED.,.F.,
 .F.,(4,1,1,1,1,1,1,1,1,1,1,1,1,1,1,1,1,1,1,1,1,1,1,1,4),(0.,0.0439549089061941,
0.0875018747976041,0.13046262673149,0.172752020566517,0.215403067379603,
0.257649829743239,0.300152748957294,0.343121489502086,0.385925163206434,
0.427685727402801,0.46881795048659,0.509491800154995,0.549883031073349,
0.589980022966886,0.63040523000684,0.670868626082638,0.711383943838175,
0.751627258063584,0.791775576865191,0.832458918803742,0.873319045017288,
0.914542955626349,0.956923558209885,1.),.UNSPECIFIED.);
#92=B_SPLINE_CURVE_WITH_KNOTS('',3,(#8057,#8058,#8059,#8060,#8061,#8062,
#8063,#8064,#8065,#8066,#8067,#8068,#8069,#8070,#8071,#8072,#8073,#8074,
#8075),.UNSPECIFIED.,.F.,.F.,(4,1,1,1,1,1,1,1,1,1,1,1,1,1,1,1,4),(0.,0.0643232165798421,
0.126290103703556,0.186726469216133,0.246146432335345,0.305575642646139,
0.365429385618052,0.42632630894826,0.488839906400641,0.551724971814047,
0.613918596466159,0.675483765768396,0.737333897099286,0.800229044394526,
0.864502298123322,0.931040739155697,1.),.UNSPECIFIED.);
#93=B_SPLINE_CURVE_WITH_KNOTS('',3,(#8077,#8078,#8079,#8080,#8081,#8082,
#8083,#8084,#8085,#8086,#8087),.UNSPECIFIED.,.F.,.F.,(4,1,1,1,1,1,1,1,4),
(0.,0.128515189511662,0.252948636352658,0.374754734006004,0.49593975386705,
0.617180641429893,0.740909469278137,0.867811148186203,1.),.UNSPECIFIED.);
#94=B_SPLINE_CURVE_WITH_KNOTS('',3,(#8091,#8092,#8093,#8094,#8095,#8096,
#8097,#8098,#8099,#8100,#8101,#8102,#8103,#8104,#8105,#8106,#8107,#8108,
#8109),.UNSPECIFIED.,.F.,.F.,(4,1,1,1,1,1,1,1,1,1,1,1,1,1,1,1,4),(0.,0.0616742388774259,
0.123053061634806,0.183475000731702,0.243726500510612,0.304278916512254,
0.364862920960683,0.42594620396862,0.487391229965408,0.549220384075476,
0.611143588692603,0.673528530310152,0.736961456657304,0.80078528287284,
0.866012595641615,0.932100747790579,1.),.UNSPECIFIED.);
#95=B_SPLINE_CURVE_WITH_KNOTS('',3,(#8111,#8112,#8113,#8114,#8115,#8116,
#8117,#8118,#8119,#8120,#8121,#8122,#8123,#8124,#8125,#8126,#8127,#8128,
#8129),.UNSPECIFIED.,.F.,.F.,(4,1,1,1,1,1,1,1,1,1,1,1,1,1,1,1,4),(0.,0.0696628008990775,
0.137749562258272,0.203916743517783,0.268779862329336,0.332413706477224,
0.394753540447139,0.456180031659168,0.516995649196719,0.577395937965951,
0.637198343509275,0.696999184261455,0.75675619422556,0.816553905272608,
0.87694799659787,0.938131787920595,1.),.UNSPECIFIED.);
#96=B_SPLINE_CURVE_WITH_KNOTS('',3,(#8130,#8131,#8132,#8133,#8134,#8135,
#8136,#8137,#8138,#8139,#8140),.UNSPECIFIED.,.F.,.F.,(4,1,1,1,1,1,1,1,4),
(0.,0.12432850959385,0.247156016361187,0.368779749291339,0.490733862401648,
0.613613771847844,0.738957575722215,0.867310575191262,1.),.UNSPECIFIED.);
#97=B_SPLINE_CURVE_WITH_KNOTS('',3,(#8159,#8160,#8161,#8162,#8163,#8164,
#8165,#8166,#8167,#8168,#8169,#8170,#8171,#8172,#8173,#8174,#8175,#8176,
#8177),.UNSPECIFIED.,.F.,.F.,(4,1,1,1,1,1,1,1,1,1,1,1,1,1,1,1,4),(0.,0.0619654006870621,
0.122121905638296,0.180988496849841,0.239933216451903,0.299905831106524,
0.359988847476987,0.421775741741646,0.486575826421127,0.551534804619742,
0.615017542759979,0.677258616661657,0.739729962362713,0.80305010266295,
0.866495132015697,0.93197347417715,1.),.UNSPECIFIED.);
#98=B_SPLINE_CURVE_WITH_KNOTS('',3,(#8179,#8180,#8181,#8182,#8183,#8184,
#8185,#8186,#8187,#8188,#8189,#8190,#8191,#8192,#8193,#8194,#8195,#8196,
#8197),.UNSPECIFIED.,.F.,.F.,(4,1,1,1,1,1,1,1,1,1,1,1,1,1,1,1,4),(0.,0.0644386715952436,
0.126546911271677,0.18688715343657,0.245877535589455,0.304040884691266,
0.362191218072661,0.420975932791645,0.480660283279666,0.540600274953757,
0.600689098349453,0.661935789757196,0.724442505913983,0.789038393881744,
0.856313757050994,0.926352028205863,1.),.UNSPECIFIED.);
#99=B_SPLINE_CURVE_WITH_KNOTS('',3,(#8201,#8202,#8203,#8204,#8205,#8206,
#8207,#8208,#8209,#8210,#8211,#8212,#8213,#8214,#8215,#8216,#8217,#8218,
#8219),.UNSPECIFIED.,.F.,.F.,(4,1,1,1,1,1,1,1,1,1,1,1,1,1,1,1,4),(0.,0.068790794390618,
0.135103289431128,0.198978674310651,0.261904299780856,0.32349496936797,
0.385195377966051,0.446969238740774,0.509764776703132,0.572250568847368,
0.633405175661153,0.693251162921752,0.75258316278567,0.812579266153421,
0.873275084920192,0.935549942895029,1.),.UNSPECIFIED.);
#100=B_SPLINE_CURVE_WITH_KNOTS('',3,(#8221,#8222,#8223,#8224,#8225,#8226,
#8227,#8228,#8229,#8230,#8231,#8232,#8233,#8234,#8235,#8236,#8237,#8238,
#8239),.UNSPECIFIED.,.F.,.F.,(4,1,1,1,1,1,1,1,1,1,1,1,1,1,1,1,4),(0.,0.0694754602496702,
0.136516797617798,0.20078882360926,0.263829672855826,0.325735022965419,
0.38729069221529,0.449509218762602,0.512967819545441,0.576275215493061,
0.637580100263924,0.697902605917102,0.757172088426985,0.816598528488656,
0.87665317089282,0.93728964241024,1.),.UNSPECIFIED.);
#101=B_SPLINE_CURVE_WITH_KNOTS('',3,(#8241,#8242,#8243,#8244,#8245,#8246,
#8247,#8248,#8249,#8250,#8251,#8252,#8253,#8254,#8255),.UNSPECIFIED.,.F.,
 .F.,(4,1,1,1,1,1,1,1,1,1,1,1,4),(0.,0.0987021963061524,0.195672308810664,
0.292422426507954,0.391342543799825,0.444462440671892,0.504228775449316,
0.570352337994678,0.642545753097748,0.722287505344019,0.807921122682712,
0.900469537985015,1.),.UNSPECIFIED.);
#102=B_SPLINE_CURVE_WITH_KNOTS('',3,(#8266,#8267,#8268,#8269,#8270,#8271,
#8272,#8273,#8274,#8275,#8276,#8277,#8278,#8279,#8280),.UNSPECIFIED.,.F.,
 .F.,(4,1,1,1,1,1,1,1,1,1,1,1,4),(0.,0.110802643801319,0.21282920234777,
0.306101309823111,0.39064732111601,0.466924469360852,0.534481039284031,
0.593586940965673,0.644557004508718,0.736200452629373,0.825024025618864,
0.911985584829758,1.),.UNSPECIFIED.);
#103=B_SPLINE_CURVE_WITH_KNOTS('',3,(#8300,#8301,#8302,#8303,#8304,#8305,
#8306,#8307,#8308,#8309,#8310,#8311,#8312,#8313,#8314,#8315,#8316,#8317,
#8318),.UNSPECIFIED.,.F.,.F.,(4,1,1,1,1,1,1,1,1,1,1,1,1,1,1,1,4),(0.,0.0685475367089023,
0.135682945623048,0.201214989526328,0.265682234754696,0.329266834817259,
0.392395427844329,0.455069761652143,0.517126850064506,0.578790035286652,
0.639739863343542,0.700191503666309,0.759806242596671,0.819628319275008,
0.879354791046277,0.939511607764662,1.),.UNSPECIFIED.);
#104=B_SPLINE_CURVE_WITH_KNOTS('',3,(#8322,#8323,#8324,#8325,#8326,#8327,
#8328,#8329,#8330,#8331,#8332,#8333,#8334,#8335,#8336),.UNSPECIFIED.,.F.,
 .F.,(4,1,1,1,1,1,1,1,1,1,1,1,4),(0.,0.0631632593634698,0.12547494103064,
0.187121219816033,0.248294346114299,0.30929485625512,0.369850066067093,
0.430973375547382,0.492455989672817,0.616147966291854,0.740843698467362,
0.868182648670043,1.),.UNSPECIFIED.);
#105=B_SPLINE_CURVE_WITH_KNOTS('',3,(#8338,#8339,#8340,#8341,#8342,#8343,
#8344,#8345,#8346,#8347,#8348,#8349,#8350,#8351,#8352,#8353,#8354,#8355,
#8356,#8357,#8358,#8359,#8360,#8361,#8362,#8363,#8364),.UNSPECIFIED.,.F.,
 .F.,(4,1,1,1,1,1,1,1,1,1,1,1,1,1,1,1,1,1,1,1,1,1,1,1,4),(0.,0.0439549089061944,
0.0875018747976044,0.13046262673149,0.172752020566518,0.215403067379604,
0.257649829743239,0.300152748957294,0.343121489502087,0.385925163206434,
0.427685727402802,0.46881795048659,0.509491800154996,0.549883031073349,
0.589980022966886,0.63040523000684,0.670868626082638,0.711383943838175,
0.751627258063584,0.791775576865192,0.832458918803742,0.873319045017288,
0.914542955626349,0.956923558209885,1.),.UNSPECIFIED.);
#106=B_SPLINE_CURVE_WITH_KNOTS('',3,(#8366,#8367,#8368,#8369,#8370,#8371,
#8372,#8373,#8374,#8375,#8376,#8377,#8378,#8379,#8380,#8381,#8382,#8383,
#8384),.UNSPECIFIED.,.F.,.F.,(4,1,1,1,1,1,1,1,1,1,1,1,1,1,1,1,4),(0.,0.064323216579842,
0.126290103703556,0.186726469216133,0.246146432335345,0.305575642646139,
0.365429385618052,0.42632630894826,0.488839906400641,0.551724971814048,
0.613918596466159,0.675483765768397,0.737333897099286,0.800229044394526,
0.864502298123323,0.931040739155697,1.),.UNSPECIFIED.);
#107=B_SPLINE_CURVE_WITH_KNOTS('',3,(#8386,#8387,#8388,#8389,#8390,#8391,
#8392,#8393,#8394,#8395,#8396),.UNSPECIFIED.,.F.,.F.,(4,1,1,1,1,1,1,1,4),
(0.,0.128515189511662,0.252948636352658,0.374754734006005,0.49593975386705,
0.617180641429893,0.740909469278138,0.867811148186203,1.),.UNSPECIFIED.);
#108=B_SPLINE_CURVE_WITH_KNOTS('',3,(#8400,#8401,#8402,#8403,#8404,#8405,
#8406,#8407,#8408,#8409,#8410,#8411,#8412,#8413,#8414,#8415,#8416,#8417,
#8418),.UNSPECIFIED.,.F.,.F.,(4,1,1,1,1,1,1,1,1,1,1,1,1,1,1,1,4),(0.,0.0616742388774257,
0.123053061634805,0.183475000731701,0.243726500510611,0.304278916512254,
0.364862920960683,0.42594620396862,0.487391229965409,0.549220384075477,
0.611143588692603,0.673528530310152,0.736961456657304,0.800785282872841,
0.866012595641615,0.932100747790579,1.),.UNSPECIFIED.);
#109=B_SPLINE_CURVE_WITH_KNOTS('',3,(#8420,#8421,#8422,#8423,#8424,#8425,
#8426,#8427,#8428,#8429,#8430,#8431,#8432,#8433,#8434,#8435,#8436,#8437,
#8438),.UNSPECIFIED.,.F.,.F.,(4,1,1,1,1,1,1,1,1,1,1,1,1,1,1,1,4),(0.,0.0696628008990776,
0.137749562258274,0.203916743517783,0.268779862329338,0.332413706477225,
0.39475354044714,0.45618003165917,0.51699564919672,0.577395937965953,0.637198343509276,
0.696999184261455,0.75675619422556,0.816553905272608,0.87694799659787,0.938131787920595,
1.),.UNSPECIFIED.);
#110=B_SPLINE_CURVE_WITH_KNOTS('',3,(#8440,#8441,#8442,#8443,#8444,#8445,
#8446,#8447,#8448,#8449,#8450),.UNSPECIFIED.,.F.,.F.,(4,1,1,1,1,1,1,1,4),
(0.,0.12432850959385,0.247156016361187,0.368779749291339,0.490733862401648,
0.613613771847844,0.738957575722215,0.867310575191262,1.),.UNSPECIFIED.);
#111=B_SPLINE_CURVE_WITH_KNOTS('',3,(#8451,#8452,#8453,#8454,#8455,#8456,
#8457,#8458,#8459,#8460,#8461,#8462,#8463,#8464,#8465,#8466,#8467,#8468,
#8469),.UNSPECIFIED.,.F.,.F.,(4,1,1,1,1,1,1,1,1,1,1,1,1,1,1,1,4),(0.,0.0645578459297189,
0.127013531549759,0.18795481020209,0.248013912789634,0.307747681848837,
0.368234514697485,0.429469843942669,0.492743436746585,0.556257768706083,
0.618216785543143,0.679655475587555,0.74124554562063,0.803415264705697,
0.866815461543992,0.932328311949265,1.),.UNSPECIFIED.);
#112=B_SPLINE_CURVE_WITH_KNOTS('',3,(#8492,#8493,#8494,#8495,#8496,#8497,
#8498,#8499,#8500,#8501,#8502,#8503,#8504,#8505,#8506,#8507,#8508,#8509,
#8510,#8511,#8512,#8513,#8514,#8515,#8516,#8517,#8518),.UNSPECIFIED.,.F.,
 .F.,(4,1,1,1,1,1,1,1,1,1,1,1,1,1,1,1,1,1,1,1,1,1,1,1,4),(0.,0.0432089861713366,
0.0858728716306189,0.128120006696703,0.170151964454199,0.211917620987861,
0.253753002619124,0.296006408855951,0.338443357144784,0.381015368162034,
0.422820479440761,0.464089055794313,0.505125848683687,0.545974970685241,
0.58698521113386,0.628338591634663,0.670083801591206,0.711991602363722,
0.753039154863019,0.794049395311638,0.834885542701582,0.875498312929514,
0.91654729983038,0.958003778644961,1.),.UNSPECIFIED.);
#113=B_SPLINE_CURVE_WITH_KNOTS('',3,(#8520,#8521,#8522,#8523,#8524,#8525,
#8526,#8527,#8528,#8529,#8530,#8531,#8532,#8533,#8534,#8535,#8536,#8537,
#8538),.UNSPECIFIED.,.F.,.F.,(4,1,1,1,1,1,1,1,1,1,1,1,1,1,1,1,4),(0.,0.0665700352151803,
0.130749041482178,0.193412800029504,0.254989398889709,0.3161135558759,0.377261757908984,
0.439400784155553,0.502970589371976,0.566524976360731,0.628231102513309,
0.689090610599863,0.749344668995804,0.810169593372206,0.871609824317043,
0.934869184072764,1.),.UNSPECIFIED.);
#114=B_SPLINE_CURVE_WITH_KNOTS('',3,(#8540,#8541,#8542,#8543,#8544,#8545,
#8546,#8547,#8548,#8549,#8550,#8551,#8552,#8553,#8554,#8555,#8556,#8557,
#8558),.UNSPECIFIED.,.F.,.F.,(4,1,1,1,1,1,1,1,1,1,1,1,1,1,1,1,4),(0.,0.0652265038922757,
0.128568995706729,0.190320378104467,0.251377988624063,0.312387528333694,
0.373788704276723,0.43643115978045,0.500566755309854,0.564686795384744,
0.627135517883513,0.68845540889498,0.749245746463747,0.810155177364678,
0.871670925652923,0.934773496107724,1.),.UNSPECIFIED.);
#115=B_SPLINE_CURVE_WITH_KNOTS('',3,(#8559,#8560,#8561,#8562,#8563,#8564,
#8565,#8566,#8567,#8568,#8569,#8570,#8571,#8572,#8573,#8574,#8575,#8576,
#8577),.UNSPECIFIED.,.F.,.F.,(4,1,1,1,1,1,1,1,1,1,1,1,1,1,1,1,4),(0.,0.0658188768433068,
0.129746526906831,0.192071954488006,0.253459424298202,0.31456958779642,
0.376279881188026,0.43902565366856,0.503267028829086,0.567492822879295,
0.629704795605245,0.690999649215755,0.751451650917447,0.812004364264694,
0.873149681068043,0.935635483731785,1.),.UNSPECIFIED.);
#116=B_SPLINE_CURVE_WITH_KNOTS('',3,(#8600,#8601,#8602,#8603,#8604,#8605,
#8606,#8607,#8608,#8609,#8610,#8611,#8612,#8613,#8614,#8615,#8616,#8617,
#8618),.UNSPECIFIED.,.F.,.F.,(4,1,1,1,1,1,1,1,1,1,1,1,1,1,1,1,4),(0.,0.0685475367089023,
0.135682945623048,0.201214989526328,0.265682234754696,0.329266834817259,
0.392395427844329,0.455069761652144,0.517126850064506,0.578790035286653,
0.639739863343542,0.700191503666309,0.759806242596671,0.819628319275008,
0.879354791046276,0.939511607764663,1.),.UNSPECIFIED.);
#117=B_SPLINE_CURVE_WITH_KNOTS('',3,(#8622,#8623,#8624,#8625,#8626,#8627,
#8628,#8629,#8630,#8631,#8632,#8633,#8634,#8635,#8636),.UNSPECIFIED.,.F.,
 .F.,(4,1,1,1,1,1,1,1,1,1,1,1,4),(0.,0.0631632593634708,0.125474941030641,
0.187121219816034,0.248294346114299,0.309294856255121,0.369850066067094,
0.430973375547381,0.492455989672817,0.616147966291855,0.740843698467363,
0.868182648670044,1.),.UNSPECIFIED.);
#118=B_SPLINE_CURVE_WITH_KNOTS('',3,(#8638,#8639,#8640,#8641,#8642,#8643,
#8644,#8645,#8646,#8647,#8648,#8649,#8650,#8651,#8652,#8653,#8654,#8655,
#8656,#8657,#8658,#8659,#8660,#8661,#8662,#8663,#8664),.UNSPECIFIED.,.F.,
 .F.,(4,1,1,1,1,1,1,1,1,1,1,1,1,1,1,1,1,1,1,1,1,1,1,1,4),(0.,0.0439549089061944,
0.0875018747976044,0.13046262673149,0.172752020566518,0.215403067379603,
0.257649829743239,0.300152748957294,0.343121489502087,0.385925163206433,
0.427685727402802,0.46881795048659,0.509491800154996,0.549883031073349,
0.589980022966886,0.63040523000684,0.670868626082638,0.711383943838175,
0.751627258063584,0.791775576865192,0.832458918803742,0.873319045017288,
0.914542955626349,0.956923558209885,1.),.UNSPECIFIED.);
#119=B_SPLINE_CURVE_WITH_KNOTS('',3,(#8666,#8667,#8668,#8669,#8670,#8671,
#8672,#8673,#8674,#8675,#8676,#8677,#8678,#8679,#8680,#8681,#8682,#8683,
#8684),.UNSPECIFIED.,.F.,.F.,(4,1,1,1,1,1,1,1,1,1,1,1,1,1,1,1,4),(0.,0.064323216579842,
0.126290103703556,0.186726469216133,0.246146432335345,0.305575642646139,
0.365429385618052,0.42632630894826,0.488839906400641,0.551724971814048,
0.613918596466159,0.675483765768397,0.737333897099286,0.800229044394526,
0.864502298123323,0.931040739155697,1.),.UNSPECIFIED.);
#120=B_SPLINE_CURVE_WITH_KNOTS('',3,(#8686,#8687,#8688,#8689,#8690,#8691,
#8692,#8693,#8694,#8695,#8696),.UNSPECIFIED.,.F.,.F.,(4,1,1,1,1,1,1,1,4),
(0.,0.128515189511661,0.252948636352658,0.374754734006005,0.495939753867049,
0.617180641429892,0.740909469278137,0.867811148186202,1.),.UNSPECIFIED.);
#121=B_SPLINE_CURVE_WITH_KNOTS('',3,(#8700,#8701,#8702,#8703,#8704,#8705,
#8706,#8707,#8708,#8709,#8710,#8711,#8712,#8713,#8714,#8715,#8716,#8717,
#8718),.UNSPECIFIED.,.F.,.F.,(4,1,1,1,1,1,1,1,1,1,1,1,1,1,1,1,4),(0.,0.0616742388774256,
0.123053061634805,0.183475000731702,0.243726500510612,0.304278916512253,
0.364862920960682,0.425946203968619,0.487391229965407,0.549220384075476,
0.611143588692602,0.673528530310151,0.736961456657303,0.80078528287284,
0.866012595641614,0.932100747790577,1.),.UNSPECIFIED.);
#122=B_SPLINE_CURVE_WITH_KNOTS('',3,(#8720,#8721,#8722,#8723,#8724,#8725,
#8726,#8727,#8728,#8729,#8730,#8731,#8732,#8733,#8734,#8735,#8736,#8737,
#8738),.UNSPECIFIED.,.F.,.F.,(4,1,1,1,1,1,1,1,1,1,1,1,1,1,1,1,4),(0.,0.0696628008990763,
0.137749562258272,0.203916743517782,0.268779862329337,0.332413706477224,
0.394753540447139,0.456180031659169,0.516995649196719,0.577395937965952,
0.637198343509275,0.696999184261454,0.75675619422556,0.816553905272608,
0.87694799659787,0.938131787920595,1.),.UNSPECIFIED.);
#123=B_SPLINE_CURVE_WITH_KNOTS('',3,(#8740,#8741,#8742,#8743,#8744,#8745,
#8746,#8747,#8748,#8749,#8750),.UNSPECIFIED.,.F.,.F.,(4,1,1,1,1,1,1,1,4),
(0.,0.124328509593851,0.247156016361187,0.368779749291339,0.490733862401648,
0.613613771847844,0.738957575722215,0.867310575191262,1.),.UNSPECIFIED.);
#124=B_SPLINE_CURVE_WITH_KNOTS('',3,(#8751,#8752,#8753,#8754,#8755,#8756,
#8757,#8758,#8759,#8760,#8761,#8762,#8763,#8764,#8765,#8766,#8767,#8768,
#8769),.UNSPECIFIED.,.F.,.F.,(4,1,1,1,1,1,1,1,1,1,1,1,1,1,1,1,4),(0.,0.0645578459297189,
0.127013531549759,0.18795481020209,0.248013912789634,0.307747681848837,
0.368234514697485,0.429469843942669,0.492743436746585,0.556257768706083,
0.618216785543143,0.679655475587555,0.74124554562063,0.803415264705697,
0.866815461543992,0.932328311949265,1.),.UNSPECIFIED.);
#125=B_SPLINE_CURVE_WITH_KNOTS('',3,(#9163,#9164,#9165,#9166,#9167,#9168,
#9169,#9170,#9171,#9172,#9173,#9174,#9175,#9176,#9177,#9178,#9179,#9180,
#9181),.UNSPECIFIED.,.F.,.F.,(4,1,1,1,1,1,1,1,1,1,1,1,1,1,1,1,4),(0.,0.0685475367089023,
0.135682945623048,0.201214989526328,0.265682234754696,0.329266834817259,
0.392395427844329,0.455069761652144,0.517126850064506,0.578790035286653,
0.639739863343542,0.700191503666309,0.759806242596671,0.819628319275008,
0.879354791046276,0.939511607764663,1.),.UNSPECIFIED.);
#126=B_SPLINE_CURVE_WITH_KNOTS('',3,(#9223,#9224,#9225,#9226,#9227,#9228,
#9229,#9230,#9231,#9232,#9233,#9234,#9235,#9236,#9237,#9238,#9239,#9240,
#9241),.UNSPECIFIED.,.F.,.F.,(4,1,1,1,1,1,1,1,1,1,1,1,1,1,1,1,4),(0.,0.0645578459297189,
0.127013531549759,0.18795481020209,0.248013912789634,0.307747681848837,
0.368234514697485,0.429469843942669,0.492743436746585,0.556257768706083,
0.618216785543143,0.679655475587555,0.74124554562063,0.803415264705697,
0.866815461543992,0.932328311949265,1.),.UNSPECIFIED.);
#127=B_SPLINE_CURVE_WITH_KNOTS('',3,(#9266,#9267,#9268,#9269,#9270,#9271,
#9272,#9273,#9274,#9275,#9276),.UNSPECIFIED.,.F.,.F.,(4,1,1,1,1,1,1,1,4),
(0.,0.124328509593851,0.247156016361187,0.368779749291339,0.490733862401648,
0.613613771847844,0.738957575722215,0.867310575191262,1.),.UNSPECIFIED.);
#128=B_SPLINE_CURVE_WITH_KNOTS('',3,(#9317,#9318,#9319,#9320,#9321,#9322,
#9323,#9324,#9325,#9326,#9327,#9328,#9329,#9330,#9331,#9332,#9333,#9334,
#9335),.UNSPECIFIED.,.F.,.F.,(4,1,1,1,1,1,1,1,1,1,1,1,1,1,1,1,4),(0.,0.0696628008990763,
0.137749562258272,0.203916743517782,0.268779862329337,0.332413706477224,
0.394753540447139,0.456180031659169,0.516995649196719,0.577395937965952,
0.637198343509275,0.696999184261454,0.75675619422556,0.816553905272608,
0.87694799659787,0.938131787920595,1.),.UNSPECIFIED.);
#129=B_SPLINE_CURVE_WITH_KNOTS('',3,(#9376,#9377,#9378,#9379,#9380,#9381,
#9382,#9383,#9384,#9385,#9386,#9387,#9388,#9389,#9390,#9391,#9392,#9393,
#9394),.UNSPECIFIED.,.F.,.F.,(4,1,1,1,1,1,1,1,1,1,1,1,1,1,1,1,4),(0.,0.0616742388774256,
0.123053061634805,0.183475000731702,0.243726500510612,0.304278916512253,
0.364862920960682,0.425946203968619,0.487391229965407,0.549220384075476,
0.611143588692602,0.673528530310151,0.736961456657303,0.80078528287284,
0.866012595641614,0.932100747790577,1.),.UNSPECIFIED.);
#130=B_SPLINE_CURVE_WITH_KNOTS('',3,(#9423,#9424,#9425,#9426,#9427,#9428,
#9429,#9430,#9431,#9432,#9433),.UNSPECIFIED.,.F.,.F.,(4,1,1,1,1,1,1,1,4),
(0.,0.128515189511661,0.252948636352658,0.374754734006005,0.495939753867049,
0.617180641429892,0.740909469278137,0.867811148186202,1.),.UNSPECIFIED.);
#131=B_SPLINE_CURVE_WITH_KNOTS('',3,(#9474,#9475,#9476,#9477,#9478,#9479,
#9480,#9481,#9482,#9483,#9484,#9485,#9486,#9487,#9488,#9489,#9490,#9491,
#9492),.UNSPECIFIED.,.F.,.F.,(4,1,1,1,1,1,1,1,1,1,1,1,1,1,1,1,4),(0.,0.064323216579842,
0.126290103703556,0.186726469216133,0.246146432335345,0.305575642646139,
0.365429385618052,0.42632630894826,0.488839906400641,0.551724971814048,
0.613918596466159,0.675483765768397,0.737333897099286,0.800229044394526,
0.864502298123323,0.931040739155697,1.),.UNSPECIFIED.);
#132=B_SPLINE_CURVE_WITH_KNOTS('',3,(#9549,#9550,#9551,#9552,#9553,#9554,
#9555,#9556,#9557,#9558,#9559,#9560,#9561,#9562,#9563,#9564,#9565,#9566,
#9567,#9568,#9569,#9570,#9571,#9572,#9573,#9574,#9575),.UNSPECIFIED.,.F.,
 .F.,(4,1,1,1,1,1,1,1,1,1,1,1,1,1,1,1,1,1,1,1,1,1,1,1,4),(0.,0.0439549089061944,
0.0875018747976044,0.13046262673149,0.172752020566518,0.215403067379603,
0.257649829743239,0.300152748957294,0.343121489502087,0.385925163206433,
0.427685727402802,0.46881795048659,0.509491800154996,0.549883031073349,
0.589980022966886,0.63040523000684,0.670868626082638,0.711383943838175,
0.751627258063584,0.791775576865192,0.832458918803742,0.873319045017288,
0.914542955626349,0.956923558209885,1.),.UNSPECIFIED.);
#133=B_SPLINE_CURVE_WITH_KNOTS('',3,(#9608,#9609,#9610,#9611,#9612,#9613,
#9614,#9615,#9616,#9617,#9618,#9619,#9620,#9621,#9622),.UNSPECIFIED.,.F.,
 .F.,(4,1,1,1,1,1,1,1,1,1,1,1,4),(0.,0.0631632593634708,0.125474941030641,
0.187121219816034,0.248294346114299,0.309294856255121,0.369850066067094,
0.430973375547381,0.492455989672817,0.616147966291855,0.740843698467363,
0.868182648670044,1.),.UNSPECIFIED.);
#134=B_SPLINE_CURVE_WITH_KNOTS('',3,(#9670,#9671,#9672,#9673,#9674,#9675,
#9676,#9677,#9678,#9679,#9680,#9681,#9682,#9683,#9684,#9685,#9686,#9687,
#9688,#9689,#9690,#9691,#9692,#9693,#9694,#9695,#9696),.UNSPECIFIED.,.F.,
 .F.,(4,1,1,1,1,1,1,1,1,1,1,1,1,1,1,1,1,1,1,1,1,1,1,1,4),(0.,0.0432089861713366,
0.0858728716306189,0.128120006696703,0.170151964454199,0.211917620987861,
0.253753002619124,0.296006408855951,0.338443357144784,0.381015368162034,
0.422820479440761,0.464089055794313,0.505125848683687,0.545974970685241,
0.58698521113386,0.628338591634663,0.670083801591206,0.711991602363722,
0.753039154863019,0.794049395311638,0.834885542701582,0.875498312929514,
0.91654729983038,0.958003778644961,1.),.UNSPECIFIED.);
#135=B_SPLINE_CURVE_WITH_KNOTS('',3,(#9698,#9699,#9700,#9701,#9702,#9703,
#9704,#9705,#9706,#9707,#9708,#9709,#9710,#9711,#9712,#9713,#9714,#9715,
#9716),.UNSPECIFIED.,.F.,.F.,(4,1,1,1,1,1,1,1,1,1,1,1,1,1,1,1,4),(0.,0.0658188768433068,
0.129746526906831,0.192071954488006,0.253459424298202,0.31456958779642,
0.376279881188026,0.43902565366856,0.503267028829086,0.567492822879295,
0.629704795605245,0.690999649215755,0.751451650917447,0.812004364264694,
0.873149681068043,0.935635483731785,1.),.UNSPECIFIED.);
#136=B_SPLINE_CURVE_WITH_KNOTS('',3,(#9718,#9719,#9720,#9721,#9722,#9723,
#9724,#9725,#9726,#9727,#9728,#9729,#9730,#9731,#9732,#9733,#9734,#9735,
#9736),.UNSPECIFIED.,.F.,.F.,(4,1,1,1,1,1,1,1,1,1,1,1,1,1,1,1,4),(0.,0.0652265038922757,
0.128568995706729,0.190320378104467,0.251377988624063,0.312387528333694,
0.373788704276723,0.43643115978045,0.500566755309854,0.564686795384744,
0.627135517883513,0.68845540889498,0.749245746463747,0.810155177364678,
0.871670925652923,0.934773496107724,1.),.UNSPECIFIED.);
#137=B_SPLINE_CURVE_WITH_KNOTS('',3,(#9737,#9738,#9739,#9740,#9741,#9742,
#9743,#9744,#9745,#9746,#9747,#9748,#9749,#9750,#9751,#9752,#9753,#9754,
#9755),.UNSPECIFIED.,.F.,.F.,(4,1,1,1,1,1,1,1,1,1,1,1,1,1,1,1,4),(0.,0.0665700352151803,
0.130749041482178,0.193412800029504,0.254989398889709,0.3161135558759,0.377261757908984,
0.439400784155553,0.502970589371976,0.566524976360731,0.628231102513309,
0.689090610599863,0.749344668995804,0.810169593372206,0.871609824317043,
0.934869184072764,1.),.UNSPECIFIED.);
#138=B_SPLINE_CURVE_WITH_KNOTS('',3,(#9758,#9759,#9760,#9761,#9762,#9763,
#9764,#9765,#9766,#9767,#9768,#9769,#9770,#9771,#9772,#9773,#9774,#9775,
#9776,#9777,#9778,#9779,#9780,#9781,#9782,#9783,#9784),.UNSPECIFIED.,.F.,
 .F.,(4,1,1,1,1,1,1,1,1,1,1,1,1,1,1,1,1,1,1,1,1,1,1,1,4),(0.,0.0420233285259235,
0.0836449111687117,0.124983795417394,0.166247461172895,0.207701556096988,
0.249631070799649,0.291741770332131,0.334742875353198,0.377460168550865,
0.41955631884194,0.461044176333034,0.502096283944397,0.5428907140756,0.583800818626505,
0.624863583310193,0.666224689069171,0.707399186477936,0.748556677536694,
0.78965459095218,0.830739726489833,0.872070142258605,0.913993395242133,
0.956498130067588,1.),.UNSPECIFIED.);
#139=B_SPLINE_CURVE_WITH_KNOTS('',3,(#9786,#9787,#9788,#9789,#9790,#9791,
#9792,#9793,#9794,#9795,#9796,#9797,#9798,#9799,#9800,#9801,#9802,#9803,
#9804,#9805,#9806,#9807,#9808,#9809,#9810,#9811,#9812),.UNSPECIFIED.,.F.,
 .F.,(4,1,1,1,1,1,1,1,1,1,1,1,1,1,1,1,1,1,1,1,1,1,1,1,4),(0.,0.0429150821010496,
0.0851299705846991,0.126473318554998,0.167453037885389,0.207976332894988,
0.24824937806376,0.288749986983443,0.329669856910873,0.370537286711975,
0.411128563917117,0.451818912673637,0.492405876934264,0.533485861742023,
0.575263062441551,0.61744061280219,0.660671688292364,0.703940204243489,
0.74686752215987,0.789079300394723,0.831104042457404,0.873237989854775,
0.915165769659333,0.957380658142982,1.),.UNSPECIFIED.);
#140=B_SPLINE_CURVE_WITH_KNOTS('',3,(#9814,#9815,#9816,#9817,#9818,#9819,
#9820,#9821,#9822,#9823,#9824,#9825,#9826,#9827,#9828,#9829,#9830,#9831,
#9832,#9833,#9834,#9835,#9836,#9837,#9838,#9839,#9840),.UNSPECIFIED.,.F.,
 .F.,(4,1,1,1,1,1,1,1,1,1,1,1,1,1,1,1,1,1,1,1,1,1,1,1,4),(0.,0.0436332182657582,
0.0865377766972013,0.129177336089892,0.171436323663829,0.213415894570908,
0.25526595455385,0.297369481156624,0.339940747898556,0.382347458751812,
0.423952946815271,0.464871163261017,0.505572294118273,0.546002577108316,
0.586567974806913,0.627064799148168,0.668270684033174,0.709549224850333,
0.750428153513189,0.791096194448593,0.832027144779434,0.873135955335967,
0.914610764365449,0.956955986480437,1.),.UNSPECIFIED.);
#141=B_SPLINE_CURVE_WITH_KNOTS('',3,(#9841,#9842,#9843,#9844,#9845,#9846,
#9847,#9848,#9849,#9850,#9851,#9852,#9853,#9854,#9855,#9856,#9857,#9858,
#9859),.UNSPECIFIED.,.F.,.F.,(4,1,1,1,1,1,1,1,1,1,1,1,1,1,1,1,4),(0.,0.0645039992970558,
0.12689932159004,0.187746540100012,0.248149732929827,0.308586064762742,
0.369583005086994,0.431826965381049,0.496179722524157,0.56066785461188,
0.623504455117665,0.685260411330428,0.746536821751167,0.808327351736708,
0.870486187887767,0.934316883359246,1.),.UNSPECIFIED.);
#142=B_SPLINE_CURVE_WITH_KNOTS('',3,(#10088,#10089,#10090,#10091,#10092,
#10093,#10094,#10095,#10096,#10097,#10098,#10099,#10100,#10101,#10102,#10103,
#10104,#10105,#10106,#10107,#10108,#10109,#10110,#10111,#10112,#10113,#10114),
 .UNSPECIFIED.,.F.,.F.,(4,1,1,1,1,1,1,1,1,1,1,1,1,1,1,1,1,1,1,1,1,1,1,1,
4),(0.,0.0429150821010496,0.0851299705846991,0.126473318554998,0.167453037885389,
0.207976332894988,0.24824937806376,0.288749986983443,0.329669856910873,
0.370537286711975,0.411128563917117,0.451818912673637,0.492405876934264,
0.533485861742023,0.575263062441551,0.61744061280219,0.660671688292364,
0.703940204243489,0.74686752215987,0.789079300394723,0.831104042457404,
0.873237989854775,0.915165769659333,0.957380658142982,1.),.UNSPECIFIED.);
#143=B_SPLINE_CURVE_WITH_KNOTS('',3,(#10172,#10173,#10174,#10175,#10176,
#10177,#10178,#10179,#10180,#10181,#10182,#10183,#10184,#10185,#10186,#10187,
#10188,#10189,#10190,#10191,#10192,#10193,#10194,#10195,#10196,#10197,#10198),
 .UNSPECIFIED.,.F.,.F.,(4,1,1,1,1,1,1,1,1,1,1,1,1,1,1,1,1,1,1,1,1,1,1,1,
4),(0.,0.0420233285259235,0.0836449111687117,0.124983795417394,0.166247461172895,
0.207701556096988,0.249631070799649,0.291741770332131,0.334742875353198,
0.377460168550865,0.41955631884194,0.461044176333034,0.502096283944397,
0.5428907140756,0.583800818626505,0.624863583310193,0.666224689069171,0.707399186477936,
0.748556677536694,0.78965459095218,0.830739726489833,0.872070142258605,
0.913993395242133,0.956498130067588,1.),.UNSPECIFIED.);
#144=B_SPLINE_CURVE_WITH_KNOTS('',3,(#10239,#10240,#10241,#10242,#10243,
#10244,#10245,#10246,#10247,#10248,#10249,#10250,#10251,#10252,#10253,#10254,
#10255,#10256,#10257),.UNSPECIFIED.,.F.,.F.,(4,1,1,1,1,1,1,1,1,1,1,1,1,
1,1,1,4),(0.,0.0645039992970558,0.12689932159004,0.187746540100012,0.248149732929827,
0.308586064762742,0.369583005086994,0.431826965381049,0.496179722524157,
0.56066785461188,0.623504455117665,0.685260411330428,0.746536821751167,
0.808327351736708,0.870486187887767,0.934316883359246,1.),.UNSPECIFIED.);
#145=B_SPLINE_CURVE_WITH_KNOTS('',3,(#10313,#10314,#10315,#10316,#10317,
#10318,#10319,#10320,#10321,#10322,#10323,#10324,#10325,#10326,#10327,#10328,
#10329,#10330,#10331,#10332,#10333,#10334,#10335,#10336,#10337,#10338,#10339),
 .UNSPECIFIED.,.F.,.F.,(4,1,1,1,1,1,1,1,1,1,1,1,1,1,1,1,1,1,1,1,1,1,1,1,
4),(0.,0.0436332182657582,0.0865377766972013,0.129177336089892,0.171436323663829,
0.213415894570908,0.25526595455385,0.297369481156624,0.339940747898556,
0.382347458751812,0.423952946815271,0.464871163261017,0.505572294118273,
0.546002577108316,0.586567974806913,0.627064799148168,0.668270684033174,
0.709549224850333,0.750428153513189,0.791096194448593,0.832027144779434,
0.873135955335967,0.914610764365449,0.956955986480437,1.),.UNSPECIFIED.);
#146=B_SPLINE_CURVE_WITH_KNOTS('',3,(#10423,#10424,#10425,#10426,#10427,
#10428,#10429,#10430,#10431,#10432,#10433,#10434,#10435,#10436,#10437,#10438,
#10439,#10440,#10441),.UNSPECIFIED.,.F.,.F.,(4,1,1,1,1,1,1,1,1,1,1,1,1,
1,1,1,4),(0.,0.0685475367089023,0.135682945623048,0.201214989526328,0.265682234754696,
0.329266834817259,0.392395427844329,0.455069761652143,0.517126850064506,
0.578790035286652,0.639739863343542,0.700191503666309,0.759806242596671,
0.819628319275008,0.879354791046277,0.939511607764662,1.),.UNSPECIFIED.);
#147=B_SPLINE_CURVE_WITH_KNOTS('',3,(#10483,#10484,#10485,#10486,#10487,
#10488,#10489,#10490,#10491,#10492,#10493,#10494,#10495,#10496,#10497,#10498,
#10499,#10500,#10501),.UNSPECIFIED.,.F.,.F.,(4,1,1,1,1,1,1,1,1,1,1,1,1,
1,1,1,4),(0.,0.0645578459297189,0.127013531549759,0.18795481020209,0.248013912789634,
0.307747681848837,0.368234514697485,0.429469843942669,0.492743436746585,
0.556257768706083,0.618216785543143,0.679655475587555,0.74124554562063,
0.803415264705697,0.866815461543992,0.932328311949265,1.),.UNSPECIFIED.);
#148=B_SPLINE_CURVE_WITH_KNOTS('',3,(#10526,#10527,#10528,#10529,#10530,
#10531,#10532,#10533,#10534,#10535,#10536),.UNSPECIFIED.,.F.,.F.,(4,1,1,
1,1,1,1,1,4),(0.,0.12432850959385,0.247156016361187,0.368779749291339,0.490733862401648,
0.613613771847844,0.738957575722215,0.867310575191262,1.),.UNSPECIFIED.);
#149=B_SPLINE_CURVE_WITH_KNOTS('',3,(#10577,#10578,#10579,#10580,#10581,
#10582,#10583,#10584,#10585,#10586,#10587,#10588,#10589,#10590,#10591,#10592,
#10593,#10594,#10595),.UNSPECIFIED.,.F.,.F.,(4,1,1,1,1,1,1,1,1,1,1,1,1,
1,1,1,4),(0.,0.0696628008990776,0.137749562258274,0.203916743517783,0.268779862329338,
0.332413706477225,0.39475354044714,0.45618003165917,0.51699564919672,0.577395937965953,
0.637198343509276,0.696999184261455,0.75675619422556,0.816553905272608,
0.87694799659787,0.938131787920595,1.),.UNSPECIFIED.);
#150=B_SPLINE_CURVE_WITH_KNOTS('',3,(#10636,#10637,#10638,#10639,#10640,
#10641,#10642,#10643,#10644,#10645,#10646,#10647,#10648,#10649,#10650,#10651,
#10652,#10653,#10654),.UNSPECIFIED.,.F.,.F.,(4,1,1,1,1,1,1,1,1,1,1,1,1,
1,1,1,4),(0.,0.0616742388774257,0.123053061634805,0.183475000731701,0.243726500510611,
0.304278916512254,0.364862920960683,0.42594620396862,0.487391229965409,
0.549220384075477,0.611143588692603,0.673528530310152,0.736961456657304,
0.800785282872841,0.866012595641615,0.932100747790579,1.),.UNSPECIFIED.);
#151=B_SPLINE_CURVE_WITH_KNOTS('',3,(#10683,#10684,#10685,#10686,#10687,
#10688,#10689,#10690,#10691,#10692,#10693),.UNSPECIFIED.,.F.,.F.,(4,1,1,
1,1,1,1,1,4),(0.,0.128515189511662,0.252948636352658,0.374754734006005,
0.49593975386705,0.617180641429893,0.740909469278138,0.867811148186203,
1.),.UNSPECIFIED.);
#152=B_SPLINE_CURVE_WITH_KNOTS('',3,(#10734,#10735,#10736,#10737,#10738,
#10739,#10740,#10741,#10742,#10743,#10744,#10745,#10746,#10747,#10748,#10749,
#10750,#10751,#10752),.UNSPECIFIED.,.F.,.F.,(4,1,1,1,1,1,1,1,1,1,1,1,1,
1,1,1,4),(0.,0.064323216579842,0.126290103703556,0.186726469216133,0.246146432335345,
0.305575642646139,0.365429385618052,0.42632630894826,0.488839906400641,
0.551724971814048,0.613918596466159,0.675483765768397,0.737333897099286,
0.800229044394526,0.864502298123323,0.931040739155697,1.),.UNSPECIFIED.);
#153=B_SPLINE_CURVE_WITH_KNOTS('',3,(#10809,#10810,#10811,#10812,#10813,
#10814,#10815,#10816,#10817,#10818,#10819,#10820,#10821,#10822,#10823,#10824,
#10825,#10826,#10827,#10828,#10829,#10830,#10831,#10832,#10833,#10834,#10835),
 .UNSPECIFIED.,.F.,.F.,(4,1,1,1,1,1,1,1,1,1,1,1,1,1,1,1,1,1,1,1,1,1,1,1,
4),(0.,0.0439549089061944,0.0875018747976044,0.13046262673149,0.172752020566518,
0.215403067379604,0.257649829743239,0.300152748957294,0.343121489502087,
0.385925163206434,0.427685727402802,0.46881795048659,0.509491800154996,
0.549883031073349,0.589980022966886,0.63040523000684,0.670868626082638,
0.711383943838175,0.751627258063584,0.791775576865192,0.832458918803742,
0.873319045017288,0.914542955626349,0.956923558209885,1.),.UNSPECIFIED.);
#154=B_SPLINE_CURVE_WITH_KNOTS('',3,(#10868,#10869,#10870,#10871,#10872,
#10873,#10874,#10875,#10876,#10877,#10878,#10879,#10880,#10881,#10882),
 .UNSPECIFIED.,.F.,.F.,(4,1,1,1,1,1,1,1,1,1,1,1,4),(0.,0.0631632593634698,
0.12547494103064,0.187121219816033,0.248294346114299,0.30929485625512,0.369850066067093,
0.430973375547382,0.492455989672817,0.616147966291854,0.740843698467362,
0.868182648670043,1.),.UNSPECIFIED.);
#155=B_SPLINE_CURVE_WITH_KNOTS('',3,(#11020,#11021,#11022,#11023,#11024,
#11025,#11026,#11027,#11028,#11029,#11030,#11031,#11032,#11033,#11034,#11035,
#11036,#11037,#11038),.UNSPECIFIED.,.F.,.F.,(4,1,1,1,1,1,1,1,1,1,1,1,1,
1,1,1,4),(0.,0.0644386715952436,0.126546911271677,0.18688715343657,0.245877535589455,
0.304040884691266,0.362191218072661,0.420975932791645,0.480660283279666,
0.540600274953757,0.600689098349453,0.661935789757196,0.724442505913983,
0.789038393881744,0.856313757050994,0.926352028205863,1.),.UNSPECIFIED.);
#156=B_SPLINE_CURVE_WITH_KNOTS('',3,(#11080,#11081,#11082,#11083,#11084,
#11085,#11086,#11087,#11088,#11089,#11090,#11091,#11092,#11093,#11094,#11095,
#11096,#11097,#11098),.UNSPECIFIED.,.F.,.F.,(4,1,1,1,1,1,1,1,1,1,1,1,1,
1,1,1,4),(0.,0.0619654006870621,0.122121905638296,0.180988496849841,0.239933216451903,
0.299905831106524,0.359988847476987,0.421775741741646,0.486575826421127,
0.551534804619742,0.615017542759979,0.677258616661657,0.739729962362713,
0.80305010266295,0.866495132015697,0.93197347417715,1.),.UNSPECIFIED.);
#157=B_SPLINE_CURVE_WITH_KNOTS('',3,(#11131,#11132,#11133,#11134,#11135,
#11136,#11137,#11138,#11139,#11140,#11141,#11142,#11143,#11144,#11145),
 .UNSPECIFIED.,.F.,.F.,(4,1,1,1,1,1,1,1,1,1,1,1,4),(0.,0.110802643801319,
0.21282920234777,0.306101309823111,0.39064732111601,0.466924469360852,0.534481039284031,
0.593586940965673,0.644557004508718,0.736200452629373,0.825024025618864,
0.911985584829758,1.),.UNSPECIFIED.);
#158=B_SPLINE_CURVE_WITH_KNOTS('',3,(#11198,#11199,#11200,#11201,#11202,
#11203,#11204,#11205,#11206,#11207,#11208,#11209,#11210,#11211,#11212),
 .UNSPECIFIED.,.F.,.F.,(4,1,1,1,1,1,1,1,1,1,1,1,4),(0.,0.0987021963061524,
0.195672308810664,0.292422426507954,0.391342543799825,0.444462440671892,
0.504228775449316,0.570352337994678,0.642545753097748,0.722287505344019,
0.807921122682712,0.900469537985015,1.),.UNSPECIFIED.);
#159=B_SPLINE_CURVE_WITH_KNOTS('',3,(#11253,#11254,#11255,#11256,#11257,
#11258,#11259,#11260,#11261,#11262,#11263,#11264,#11265,#11266,#11267,#11268,
#11269,#11270,#11271),.UNSPECIFIED.,.F.,.F.,(4,1,1,1,1,1,1,1,1,1,1,1,1,
1,1,1,4),(0.,0.0694754602496702,0.136516797617798,0.20078882360926,0.263829672855826,
0.325735022965419,0.38729069221529,0.449509218762602,0.512967819545441,
0.576275215493061,0.637580100263924,0.697902605917102,0.757172088426985,
0.816598528488656,0.87665317089282,0.93728964241024,1.),.UNSPECIFIED.);
#160=B_SPLINE_CURVE_WITH_KNOTS('',3,(#11312,#11313,#11314,#11315,#11316,
#11317,#11318,#11319,#11320,#11321,#11322,#11323,#11324,#11325,#11326,#11327,
#11328,#11329,#11330),.UNSPECIFIED.,.F.,.F.,(4,1,1,1,1,1,1,1,1,1,1,1,1,
1,1,1,4),(0.,0.068790794390618,0.135103289431128,0.198978674310651,0.261904299780856,
0.32349496936797,0.385195377966051,0.446969238740774,0.509764776703132,
0.572250568847368,0.633405175661153,0.693251162921752,0.75258316278567,
0.812579266153421,0.873275084920192,0.935549942895029,1.),.UNSPECIFIED.);
#161=B_SPLINE_CURVE_WITH_KNOTS('',3,(#11452,#11453,#11454,#11455,#11456,
#11457,#11458,#11459,#11460,#11461,#11462,#11463,#11464,#11465,#11466,#11467,
#11468,#11469,#11470),.UNSPECIFIED.,.F.,.F.,(4,1,1,1,1,1,1,1,1,1,1,1,1,
1,1,1,4),(0.,0.0644386715952431,0.126546911271677,0.18688715343657,0.245877535589455,
0.304040884691267,0.36219121807266,0.420975932791644,0.480660283279666,
0.540600274953758,0.600689098349453,0.661935789757196,0.724442505913982,
0.789038393881744,0.856313757050994,0.926352028205863,1.),.UNSPECIFIED.);
#162=B_SPLINE_CURVE_WITH_KNOTS('',3,(#11512,#11513,#11514,#11515,#11516,
#11517,#11518,#11519,#11520,#11521,#11522,#11523,#11524,#11525,#11526,#11527,
#11528,#11529,#11530),.UNSPECIFIED.,.F.,.F.,(4,1,1,1,1,1,1,1,1,1,1,1,1,
1,1,1,4),(0.,0.0619654006870621,0.122121905638295,0.180988496849841,0.239933216451903,
0.299905831106524,0.359988847476987,0.421775741741646,0.486575826421126,
0.551534804619741,0.615017542759979,0.677258616661657,0.739729962362714,
0.803050102662951,0.866495132015698,0.931973474177149,1.),.UNSPECIFIED.);
#163=B_SPLINE_CURVE_WITH_KNOTS('',3,(#11563,#11564,#11565,#11566,#11567,
#11568,#11569,#11570,#11571,#11572,#11573,#11574,#11575,#11576,#11577),
 .UNSPECIFIED.,.F.,.F.,(4,1,1,1,1,1,1,1,1,1,1,1,4),(0.,0.110802643801319,
0.21282920234777,0.306101309823111,0.39064732111601,0.466924469360852,0.534481039284031,
0.593586940965673,0.644557004508718,0.736200452629373,0.825024025618864,
0.911985584829758,1.),.UNSPECIFIED.);
#164=B_SPLINE_CURVE_WITH_KNOTS('',3,(#11630,#11631,#11632,#11633,#11634,
#11635,#11636,#11637,#11638,#11639,#11640,#11641,#11642,#11643,#11644),
 .UNSPECIFIED.,.F.,.F.,(4,1,1,1,1,1,1,1,1,1,1,1,4),(0.,0.0987021963061523,
0.195672308810664,0.292422426507954,0.391342543799825,0.444462440671892,
0.504228775449316,0.570352337994678,0.642545753097748,0.722287505344018,
0.807921122682712,0.900469537985015,1.),.UNSPECIFIED.);
#165=B_SPLINE_CURVE_WITH_KNOTS('',3,(#11685,#11686,#11687,#11688,#11689,
#11690,#11691,#11692,#11693,#11694,#11695,#11696,#11697,#11698,#11699,#11700,
#11701,#11702,#11703),.UNSPECIFIED.,.F.,.F.,(4,1,1,1,1,1,1,1,1,1,1,1,1,
1,1,1,4),(0.,0.0694754602496701,0.136516797617799,0.200788823609261,0.263829672855826,
0.32573502296542,0.387290692215291,0.449509218762603,0.512967819545441,
0.576275215493061,0.637580100263924,0.697902605917102,0.757172088426985,
0.816598528488655,0.876653170892819,0.93728964241024,1.),.UNSPECIFIED.);
#166=B_SPLINE_CURVE_WITH_KNOTS('',3,(#11744,#11745,#11746,#11747,#11748,
#11749,#11750,#11751,#11752,#11753,#11754,#11755,#11756,#11757,#11758,#11759,
#11760,#11761,#11762),.UNSPECIFIED.,.F.,.F.,(4,1,1,1,1,1,1,1,1,1,1,1,1,
1,1,1,4),(0.,0.068790794390618,0.135103289431128,0.198978674310651,0.261904299780856,
0.323494969367969,0.385195377966051,0.446969238740774,0.509764776703132,
0.572250568847368,0.633405175661153,0.693251162921752,0.75258316278567,
0.812579266153421,0.873275084920191,0.935549942895029,1.),.UNSPECIFIED.);
#167=B_SPLINE_CURVE_WITH_KNOTS('',3,(#11800,#11801,#11802,#11803,#11804,
#11805,#11806,#11807,#11808,#11809,#11810),.UNSPECIFIED.,.F.,.F.,(4,1,1,
1,1,1,1,1,4),(0.,0.10220303703522,0.211023342373876,0.325099661565208,0.446502097134889,
0.573787717648855,0.708900709766066,0.8503578712934,1.),.UNSPECIFIED.);
#168=B_SPLINE_CURVE_WITH_KNOTS('',3,(#11851,#11852,#11853,#11854,#11855,
#11856,#11857,#11858,#11859,#11860,#11861,#11862,#11863,#11864,#11865,#11866,
#11867,#11868,#11869),.UNSPECIFIED.,.F.,.F.,(4,1,1,1,1,1,1,1,1,1,1,1,1,
1,1,1,4),(0.,0.0653513820265936,0.127916031830613,0.1883602055717,0.247216077265452,
0.305630129197411,0.363769839831819,0.42266091391278,0.482687294090392,
0.543300221239559,0.604117955323104,0.664964891265285,0.727413494112565,
0.791467625149424,0.8580554427291,0.927036814614947,1.),.UNSPECIFIED.);
#169=B_SPLINE_CURVE_WITH_KNOTS('',3,(#11910,#11911,#11912,#11913,#11914,
#11915,#11916,#11917,#11918,#11919,#11920,#11921,#11922,#11923,#11924,#11925,
#11926,#11927,#11928),.UNSPECIFIED.,.F.,.F.,(4,1,1,1,1,1,1,1,1,1,1,1,1,
1,1,1,4),(0.,0.0642072952829855,0.126424689779742,0.187680284264922,0.248216424455213,
0.308305060008613,0.369660991325143,0.431698551786781,0.495946892208764,
0.55975802397212,0.622295407826159,0.683910635284174,0.745092408056624,
0.806740225389293,0.869086618121202,0.933290002974799,1.),.UNSPECIFIED.);
#170=B_SPLINE_CURVE_WITH_KNOTS('',3,(#11961,#11962,#11963,#11964,#11965,
#11966,#11967,#11968,#11969,#11970,#11971,#11972,#11973,#11974,#11975),
 .UNSPECIFIED.,.F.,.F.,(4,1,1,1,1,1,1,1,1,1,1,1,4),(0.,0.0946872518675539,
0.181994155707275,0.264376948610512,0.342179861947772,0.418617610862146,
0.496509075371909,0.577369091611732,0.661510592454198,0.746732550829197,
0.831257984327742,0.915205616213654,1.),.UNSPECIFIED.);
#171=B_SPLINE_CURVE_WITH_KNOTS('',3,(#12020,#12021,#12022,#12023,#12024,
#12025,#12026,#12027,#12028,#12029,#12030,#12031,#12032,#12033,#12034,#12035,
#12036,#12037,#12038),.UNSPECIFIED.,.F.,.F.,(4,1,1,1,1,1,1,1,1,1,1,1,1,
1,1,1,4),(0.,0.0654211437588925,0.128708371881883,0.190236141863538,0.250724402033538,
0.310637179413444,0.370766408289726,0.431614744412353,0.493522973566354,
0.555883455377533,0.61734236731851,0.678668039097275,0.740711359545148,
0.802985362512745,0.866802580265518,0.932347171345888,1.),.UNSPECIFIED.);
#172=B_SPLINE_CURVE_WITH_KNOTS('',3,(#12095,#12096,#12097,#12098,#12099,
#12100,#12101,#12102,#12103,#12104,#12105,#12106,#12107,#12108,#12109,#12110,
#12111,#12112,#12113,#12114,#12115,#12116,#12117,#12118,#12119,#12120,#12121),
 .UNSPECIFIED.,.F.,.F.,(4,1,1,1,1,1,1,1,1,1,1,1,1,1,1,1,1,1,1,1,1,1,1,1,
4),(0.,0.04401447057614,0.0874341236677056,0.130118398657898,0.172553694558182,
0.214554755968139,0.256298092097131,0.29843822513325,0.340849002588096,
0.382715188967027,0.423924045407532,0.464246243250417,0.504073671461796,
0.543861905868491,0.583566724979654,0.623094318852333,0.663229060768584,
0.70355125861147,0.743937894686185,0.784541254800092,0.825750111240597,
0.867757363388506,0.91074516403231,0.954914446891478,1.),.UNSPECIFIED.);
#173=B_SPLINE_CURVE_WITH_KNOTS('',3,(#12162,#12163,#12164,#12165,#12166,
#12167,#12168,#12169,#12170,#12171,#12172,#12173,#12174,#12175,#12176,#12177,
#12178,#12179,#12180),.UNSPECIFIED.,.F.,.F.,(4,1,1,1,1,1,1,1,1,1,1,1,1,
1,1,1,4),(0.,0.0658076458106947,0.129394273668056,0.19089406063219,0.251281068929836,
0.310814964465273,0.370370987448245,0.430768262589727,0.492881250617503,
0.55510394815525,0.616067050993843,0.677256033174654,0.738259805199117,
0.800762134376296,0.864777581574485,0.931045294999404,1.),.UNSPECIFIED.);
#174=B_SPLINE_CURVE_WITH_KNOTS('',3,(#12197,#12198,#12199,#12200,#12201,
#12202,#12203),.UNSPECIFIED.,.F.,.F.,(4,1,1,1,4),(0.,0.275068369018744,
0.532901460089936,0.773973459592445,1.),.UNSPECIFIED.);
#175=B_SPLINE_CURVE_WITH_KNOTS('',3,(#12337,#12338,#12339,#12340,#12341,
#12342,#12343,#12344,#12345,#12346,#12347,#12348,#12349,#12350,#12351,#12352,
#12353,#12354,#12355),.UNSPECIFIED.,.F.,.F.,(4,1,1,1,1,1,1,1,1,1,1,1,1,
1,1,1,4),(0.,0.0685475367089029,0.135682945623049,0.201214989526329,0.265682234754696,
0.329266834817259,0.392395427844329,0.455069761652144,0.517126850064507,
0.578790035286653,0.639739863343542,0.700191503666308,0.75980624259667,
0.819628319275008,0.879354791046277,0.939511607764662,1.),.UNSPECIFIED.);
#176=B_SPLINE_CURVE_WITH_KNOTS('',3,(#12397,#12398,#12399,#12400,#12401,
#12402,#12403,#12404,#12405,#12406,#12407,#12408,#12409,#12410,#12411,#12412,
#12413,#12414,#12415),.UNSPECIFIED.,.F.,.F.,(4,1,1,1,1,1,1,1,1,1,1,1,1,
1,1,1,4),(0.,0.064557845929719,0.127013531549759,0.18795481020209,0.248013912789634,
0.307747681848837,0.368234514697485,0.429469843942669,0.492743436746585,
0.556257768706083,0.618216785543144,0.679655475587555,0.74124554562063,
0.803415264705697,0.866815461543992,0.932328311949265,1.),.UNSPECIFIED.);
#177=B_SPLINE_CURVE_WITH_KNOTS('',3,(#12440,#12441,#12442,#12443,#12444,
#12445,#12446,#12447,#12448,#12449,#12450),.UNSPECIFIED.,.F.,.F.,(4,1,1,
1,1,1,1,1,4),(0.,0.12432850959385,0.247156016361187,0.368779749291339,0.490733862401648,
0.613613771847844,0.738957575722215,0.867310575191262,1.),.UNSPECIFIED.);
#178=B_SPLINE_CURVE_WITH_KNOTS('',3,(#12491,#12492,#12493,#12494,#12495,
#12496,#12497,#12498,#12499,#12500,#12501,#12502,#12503,#12504,#12505,#12506,
#12507,#12508,#12509),.UNSPECIFIED.,.F.,.F.,(4,1,1,1,1,1,1,1,1,1,1,1,1,
1,1,1,4),(0.,0.0696628008990775,0.137749562258272,0.203916743517783,0.268779862329336,
0.332413706477224,0.394753540447139,0.456180031659168,0.516995649196719,
0.577395937965951,0.637198343509275,0.696999184261455,0.75675619422556,
0.816553905272608,0.87694799659787,0.938131787920595,1.),.UNSPECIFIED.);
#179=B_SPLINE_CURVE_WITH_KNOTS('',3,(#12550,#12551,#12552,#12553,#12554,
#12555,#12556,#12557,#12558,#12559,#12560,#12561,#12562,#12563,#12564,#12565,
#12566,#12567,#12568),.UNSPECIFIED.,.F.,.F.,(4,1,1,1,1,1,1,1,1,1,1,1,1,
1,1,1,4),(0.,0.0616742388774259,0.123053061634806,0.183475000731702,0.243726500510612,
0.304278916512254,0.364862920960683,0.42594620396862,0.487391229965408,
0.549220384075476,0.611143588692603,0.673528530310152,0.736961456657304,
0.80078528287284,0.866012595641615,0.932100747790579,1.),.UNSPECIFIED.);
#180=B_SPLINE_CURVE_WITH_KNOTS('',3,(#12597,#12598,#12599,#12600,#12601,
#12602,#12603,#12604,#12605,#12606,#12607),.UNSPECIFIED.,.F.,.F.,(4,1,1,
1,1,1,1,1,4),(0.,0.128515189511662,0.252948636352658,0.374754734006004,
0.49593975386705,0.617180641429893,0.740909469278137,0.867811148186203,
1.),.UNSPECIFIED.);
#181=B_SPLINE_CURVE_WITH_KNOTS('',3,(#12648,#12649,#12650,#12651,#12652,
#12653,#12654,#12655,#12656,#12657,#12658,#12659,#12660,#12661,#12662,#12663,
#12664,#12665,#12666),.UNSPECIFIED.,.F.,.F.,(4,1,1,1,1,1,1,1,1,1,1,1,1,
1,1,1,4),(0.,0.0643232165798421,0.126290103703556,0.186726469216133,0.246146432335345,
0.305575642646139,0.365429385618052,0.42632630894826,0.488839906400641,
0.551724971814047,0.613918596466159,0.675483765768396,0.737333897099286,
0.800229044394526,0.864502298123322,0.931040739155697,1.),.UNSPECIFIED.);
#182=B_SPLINE_CURVE_WITH_KNOTS('',3,(#12723,#12724,#12725,#12726,#12727,
#12728,#12729,#12730,#12731,#12732,#12733,#12734,#12735,#12736,#12737,#12738,
#12739,#12740,#12741,#12742,#12743,#12744,#12745,#12746,#12747,#12748,#12749),
 .UNSPECIFIED.,.F.,.F.,(4,1,1,1,1,1,1,1,1,1,1,1,1,1,1,1,1,1,1,1,1,1,1,1,
4),(0.,0.0439549089061941,0.0875018747976041,0.13046262673149,0.172752020566517,
0.215403067379603,0.257649829743239,0.300152748957294,0.343121489502086,
0.385925163206434,0.427685727402801,0.46881795048659,0.509491800154995,
0.549883031073349,0.589980022966886,0.63040523000684,0.670868626082638,
0.711383943838175,0.751627258063584,0.791775576865191,0.832458918803742,
0.873319045017288,0.914542955626349,0.956923558209885,1.),.UNSPECIFIED.);
#183=B_SPLINE_CURVE_WITH_KNOTS('',3,(#12782,#12783,#12784,#12785,#12786,
#12787,#12788,#12789,#12790,#12791,#12792,#12793,#12794,#12795,#12796),
 .UNSPECIFIED.,.F.,.F.,(4,1,1,1,1,1,1,1,1,1,1,1,4),(0.,0.0631632593634699,
0.12547494103064,0.187121219816033,0.248294346114299,0.309294856255121,
0.369850066067093,0.430973375547381,0.492455989672816,0.616147966291855,
0.740843698467363,0.868182648670042,1.),.UNSPECIFIED.);
#184=FACE_BOUND('',#605,.T.);
#185=FACE_BOUND('',#606,.T.);
#186=FACE_BOUND('',#607,.T.);
#187=FACE_BOUND('',#608,.T.);
#188=FACE_BOUND('',#609,.T.);
#189=FACE_BOUND('',#610,.T.);
#190=FACE_BOUND('',#611,.T.);
#191=FACE_BOUND('',#612,.T.);
#192=FACE_BOUND('',#613,.T.);
#193=FACE_BOUND('',#615,.T.);
#194=FACE_BOUND('',#616,.T.);
#195=FACE_BOUND('',#617,.T.);
#196=FACE_BOUND('',#618,.T.);
#197=FACE_BOUND('',#619,.T.);
#198=FACE_BOUND('',#620,.T.);
#199=FACE_BOUND('',#624,.T.);
#200=FACE_BOUND('',#626,.T.);
#201=FACE_BOUND('',#628,.T.);
#202=FACE_BOUND('',#631,.T.);
#203=FACE_BOUND('',#632,.T.);
#204=FACE_BOUND('',#633,.T.);
#205=FACE_BOUND('',#634,.T.);
#206=FACE_BOUND('',#671,.T.);
#207=FACE_BOUND('',#672,.T.);
#208=FACE_BOUND('',#673,.T.);
#209=FACE_BOUND('',#674,.T.);
#210=FACE_BOUND('',#688,.T.);
#211=FACE_BOUND('',#689,.T.);
#212=FACE_BOUND('',#690,.T.);
#213=FACE_BOUND('',#691,.T.);
#214=FACE_BOUND('',#728,.T.);
#215=FACE_BOUND('',#776,.T.);
#216=FACE_BOUND('',#801,.T.);
#217=FACE_BOUND('',#858,.T.);
#218=FACE_BOUND('',#886,.T.);
#219=FACE_BOUND('',#887,.T.);
#220=FACE_BOUND('',#888,.T.);
#221=FACE_BOUND('',#889,.T.);
#222=FACE_BOUND('',#891,.T.);
#223=FACE_BOUND('',#892,.T.);
#224=FACE_BOUND('',#893,.T.);
#225=FACE_BOUND('',#894,.T.);
#226=MANIFOLD_SOLID_BREP('Body1',#5796);
#227=MANIFOLD_SOLID_BREP('Body2',#5797);
#228=MANIFOLD_SOLID_BREP('Body1',#5798);
#229=CYLINDRICAL_SURFACE('',#5821,0.764696194504489);
#230=CYLINDRICAL_SURFACE('',#5823,0.290497119067363);
#231=CYLINDRICAL_SURFACE('',#5836,0.764696194504489);
#232=CYLINDRICAL_SURFACE('',#5847,0.359342105263159);
#233=CYLINDRICAL_SURFACE('',#5849,1.2);
#234=CYLINDRICAL_SURFACE('',#5857,0.72);
#235=CYLINDRICAL_SURFACE('',#5859,0.839342105263158);
#236=CYLINDRICAL_SURFACE('',#5869,0.290497119067363);
#237=CYLINDRICAL_SURFACE('',#5876,0.5);
#238=CYLINDRICAL_SURFACE('',#5877,0.5);
#239=CYLINDRICAL_SURFACE('',#5878,0.75);
#240=CYLINDRICAL_SURFACE('',#5879,0.75);
#241=CYLINDRICAL_SURFACE('',#5880,0.25);
#242=CYLINDRICAL_SURFACE('',#5881,0.25);
#243=CYLINDRICAL_SURFACE('',#5882,0.25);
#244=CYLINDRICAL_SURFACE('',#5883,0.25);
#245=CYLINDRICAL_SURFACE('',#5884,0.5);
#246=CYLINDRICAL_SURFACE('',#5885,0.5);
#247=CYLINDRICAL_SURFACE('',#5886,0.625);
#248=CYLINDRICAL_SURFACE('',#5889,0.625);
#249=CYLINDRICAL_SURFACE('',#5892,0.625);
#250=CYLINDRICAL_SURFACE('',#5895,0.625);
#251=CYLINDRICAL_SURFACE('',#5898,1.1);
#252=CYLINDRICAL_SURFACE('',#5901,1.1);
#253=CYLINDRICAL_SURFACE('',#5945,1.1);
#254=CYLINDRICAL_SURFACE('',#6026,0.375);
#255=CYLINDRICAL_SURFACE('',#6113,2.75);
#256=CYLINDRICAL_SURFACE('',#6115,2.75);
#257=CYLINDRICAL_SURFACE('',#6118,1.1);
#258=CYLINDRICAL_SURFACE('',#6119,1.1);
#259=FACE_OUTER_BOUND('',#561,.T.);
#260=FACE_OUTER_BOUND('',#562,.T.);
#261=FACE_OUTER_BOUND('',#563,.T.);
#262=FACE_OUTER_BOUND('',#564,.T.);
#263=FACE_OUTER_BOUND('',#565,.T.);
#264=FACE_OUTER_BOUND('',#566,.T.);
#265=FACE_OUTER_BOUND('',#567,.T.);
#266=FACE_OUTER_BOUND('',#568,.T.);
#267=FACE_OUTER_BOUND('',#569,.T.);
#268=FACE_OUTER_BOUND('',#570,.T.);
#269=FACE_OUTER_BOUND('',#571,.T.);
#270=FACE_OUTER_BOUND('',#572,.T.);
#271=FACE_OUTER_BOUND('',#573,.T.);
#272=FACE_OUTER_BOUND('',#574,.T.);
#273=FACE_OUTER_BOUND('',#575,.T.);
#274=FACE_OUTER_BOUND('',#576,.T.);
#275=FACE_OUTER_BOUND('',#577,.T.);
#276=FACE_OUTER_BOUND('',#578,.T.);
#277=FACE_OUTER_BOUND('',#579,.T.);
#278=FACE_OUTER_BOUND('',#580,.T.);
#279=FACE_OUTER_BOUND('',#581,.T.);
#280=FACE_OUTER_BOUND('',#582,.T.);
#281=FACE_OUTER_BOUND('',#583,.T.);
#282=FACE_OUTER_BOUND('',#584,.T.);
#283=FACE_OUTER_BOUND('',#585,.T.);
#284=FACE_OUTER_BOUND('',#586,.T.);
#285=FACE_OUTER_BOUND('',#587,.T.);
#286=FACE_OUTER_BOUND('',#588,.T.);
#287=FACE_OUTER_BOUND('',#589,.T.);
#288=FACE_OUTER_BOUND('',#590,.T.);
#289=FACE_OUTER_BOUND('',#591,.T.);
#290=FACE_OUTER_BOUND('',#592,.T.);
#291=FACE_OUTER_BOUND('',#593,.T.);
#292=FACE_OUTER_BOUND('',#594,.T.);
#293=FACE_OUTER_BOUND('',#595,.T.);
#294=FACE_OUTER_BOUND('',#596,.T.);
#295=FACE_OUTER_BOUND('',#597,.T.);
#296=FACE_OUTER_BOUND('',#598,.T.);
#297=FACE_OUTER_BOUND('',#599,.T.);
#298=FACE_OUTER_BOUND('',#600,.T.);
#299=FACE_OUTER_BOUND('',#601,.T.);
#300=FACE_OUTER_BOUND('',#602,.T.);
#301=FACE_OUTER_BOUND('',#603,.T.);
#302=FACE_OUTER_BOUND('',#604,.T.);
#303=FACE_OUTER_BOUND('',#614,.T.);
#304=FACE_OUTER_BOUND('',#621,.T.);
#305=FACE_OUTER_BOUND('',#622,.T.);
#306=FACE_OUTER_BOUND('',#623,.T.);
#307=FACE_OUTER_BOUND('',#625,.T.);
#308=FACE_OUTER_BOUND('',#627,.T.);
#309=FACE_OUTER_BOUND('',#629,.T.);
#310=FACE_OUTER_BOUND('',#630,.T.);
#311=FACE_OUTER_BOUND('',#635,.T.);
#312=FACE_OUTER_BOUND('',#636,.T.);
#313=FACE_OUTER_BOUND('',#637,.T.);
#314=FACE_OUTER_BOUND('',#638,.T.);
#315=FACE_OUTER_BOUND('',#639,.T.);
#316=FACE_OUTER_BOUND('',#640,.T.);
#317=FACE_OUTER_BOUND('',#641,.T.);
#318=FACE_OUTER_BOUND('',#642,.T.);
#319=FACE_OUTER_BOUND('',#643,.T.);
#320=FACE_OUTER_BOUND('',#644,.T.);
#321=FACE_OUTER_BOUND('',#645,.T.);
#322=FACE_OUTER_BOUND('',#646,.T.);
#323=FACE_OUTER_BOUND('',#647,.T.);
#324=FACE_OUTER_BOUND('',#648,.T.);
#325=FACE_OUTER_BOUND('',#649,.T.);
#326=FACE_OUTER_BOUND('',#650,.T.);
#327=FACE_OUTER_BOUND('',#651,.T.);
#328=FACE_OUTER_BOUND('',#652,.T.);
#329=FACE_OUTER_BOUND('',#653,.T.);
#330=FACE_OUTER_BOUND('',#654,.T.);
#331=FACE_OUTER_BOUND('',#655,.T.);
#332=FACE_OUTER_BOUND('',#656,.T.);
#333=FACE_OUTER_BOUND('',#657,.T.);
#334=FACE_OUTER_BOUND('',#658,.T.);
#335=FACE_OUTER_BOUND('',#659,.T.);
#336=FACE_OUTER_BOUND('',#660,.T.);
#337=FACE_OUTER_BOUND('',#661,.T.);
#338=FACE_OUTER_BOUND('',#662,.T.);
#339=FACE_OUTER_BOUND('',#663,.T.);
#340=FACE_OUTER_BOUND('',#664,.T.);
#341=FACE_OUTER_BOUND('',#665,.T.);
#342=FACE_OUTER_BOUND('',#666,.T.);
#343=FACE_OUTER_BOUND('',#667,.T.);
#344=FACE_OUTER_BOUND('',#668,.T.);
#345=FACE_OUTER_BOUND('',#669,.T.);
#346=FACE_OUTER_BOUND('',#670,.T.);
#347=FACE_OUTER_BOUND('',#675,.T.);
#348=FACE_OUTER_BOUND('',#676,.T.);
#349=FACE_OUTER_BOUND('',#677,.T.);
#350=FACE_OUTER_BOUND('',#678,.T.);
#351=FACE_OUTER_BOUND('',#679,.T.);
#352=FACE_OUTER_BOUND('',#680,.T.);
#353=FACE_OUTER_BOUND('',#681,.T.);
#354=FACE_OUTER_BOUND('',#682,.T.);
#355=FACE_OUTER_BOUND('',#683,.T.);
#356=FACE_OUTER_BOUND('',#684,.T.);
#357=FACE_OUTER_BOUND('',#685,.T.);
#358=FACE_OUTER_BOUND('',#686,.T.);
#359=FACE_OUTER_BOUND('',#687,.T.);
#360=FACE_OUTER_BOUND('',#692,.T.);
#361=FACE_OUTER_BOUND('',#693,.T.);
#362=FACE_OUTER_BOUND('',#694,.T.);
#363=FACE_OUTER_BOUND('',#695,.T.);
#364=FACE_OUTER_BOUND('',#696,.T.);
#365=FACE_OUTER_BOUND('',#697,.T.);
#366=FACE_OUTER_BOUND('',#698,.T.);
#367=FACE_OUTER_BOUND('',#699,.T.);
#368=FACE_OUTER_BOUND('',#700,.T.);
#369=FACE_OUTER_BOUND('',#701,.T.);
#370=FACE_OUTER_BOUND('',#702,.T.);
#371=FACE_OUTER_BOUND('',#703,.T.);
#372=FACE_OUTER_BOUND('',#704,.T.);
#373=FACE_OUTER_BOUND('',#705,.T.);
#374=FACE_OUTER_BOUND('',#706,.T.);
#375=FACE_OUTER_BOUND('',#707,.T.);
#376=FACE_OUTER_BOUND('',#708,.T.);
#377=FACE_OUTER_BOUND('',#709,.T.);
#378=FACE_OUTER_BOUND('',#710,.T.);
#379=FACE_OUTER_BOUND('',#711,.T.);
#380=FACE_OUTER_BOUND('',#712,.T.);
#381=FACE_OUTER_BOUND('',#713,.T.);
#382=FACE_OUTER_BOUND('',#714,.T.);
#383=FACE_OUTER_BOUND('',#715,.T.);
#384=FACE_OUTER_BOUND('',#716,.T.);
#385=FACE_OUTER_BOUND('',#717,.T.);
#386=FACE_OUTER_BOUND('',#718,.T.);
#387=FACE_OUTER_BOUND('',#719,.T.);
#388=FACE_OUTER_BOUND('',#720,.T.);
#389=FACE_OUTER_BOUND('',#721,.T.);
#390=FACE_OUTER_BOUND('',#722,.T.);
#391=FACE_OUTER_BOUND('',#723,.T.);
#392=FACE_OUTER_BOUND('',#724,.T.);
#393=FACE_OUTER_BOUND('',#725,.T.);
#394=FACE_OUTER_BOUND('',#726,.T.);
#395=FACE_OUTER_BOUND('',#727,.T.);
#396=FACE_OUTER_BOUND('',#729,.T.);
#397=FACE_OUTER_BOUND('',#730,.T.);
#398=FACE_OUTER_BOUND('',#731,.T.);
#399=FACE_OUTER_BOUND('',#732,.T.);
#400=FACE_OUTER_BOUND('',#733,.T.);
#401=FACE_OUTER_BOUND('',#734,.T.);
#402=FACE_OUTER_BOUND('',#735,.T.);
#403=FACE_OUTER_BOUND('',#736,.T.);
#404=FACE_OUTER_BOUND('',#737,.T.);
#405=FACE_OUTER_BOUND('',#738,.T.);
#406=FACE_OUTER_BOUND('',#739,.T.);
#407=FACE_OUTER_BOUND('',#740,.T.);
#408=FACE_OUTER_BOUND('',#741,.T.);
#409=FACE_OUTER_BOUND('',#742,.T.);
#410=FACE_OUTER_BOUND('',#743,.T.);
#411=FACE_OUTER_BOUND('',#744,.T.);
#412=FACE_OUTER_BOUND('',#745,.T.);
#413=FACE_OUTER_BOUND('',#746,.T.);
#414=FACE_OUTER_BOUND('',#747,.T.);
#415=FACE_OUTER_BOUND('',#748,.T.);
#416=FACE_OUTER_BOUND('',#749,.T.);
#417=FACE_OUTER_BOUND('',#750,.T.);
#418=FACE_OUTER_BOUND('',#751,.T.);
#419=FACE_OUTER_BOUND('',#752,.T.);
#420=FACE_OUTER_BOUND('',#753,.T.);
#421=FACE_OUTER_BOUND('',#754,.T.);
#422=FACE_OUTER_BOUND('',#755,.T.);
#423=FACE_OUTER_BOUND('',#756,.T.);
#424=FACE_OUTER_BOUND('',#757,.T.);
#425=FACE_OUTER_BOUND('',#758,.T.);
#426=FACE_OUTER_BOUND('',#759,.T.);
#427=FACE_OUTER_BOUND('',#760,.T.);
#428=FACE_OUTER_BOUND('',#761,.T.);
#429=FACE_OUTER_BOUND('',#762,.T.);
#430=FACE_OUTER_BOUND('',#763,.T.);
#431=FACE_OUTER_BOUND('',#764,.T.);
#432=FACE_OUTER_BOUND('',#765,.T.);
#433=FACE_OUTER_BOUND('',#766,.T.);
#434=FACE_OUTER_BOUND('',#767,.T.);
#435=FACE_OUTER_BOUND('',#768,.T.);
#436=FACE_OUTER_BOUND('',#769,.T.);
#437=FACE_OUTER_BOUND('',#770,.T.);
#438=FACE_OUTER_BOUND('',#771,.T.);
#439=FACE_OUTER_BOUND('',#772,.T.);
#440=FACE_OUTER_BOUND('',#773,.T.);
#441=FACE_OUTER_BOUND('',#774,.T.);
#442=FACE_OUTER_BOUND('',#775,.T.);
#443=FACE_OUTER_BOUND('',#777,.T.);
#444=FACE_OUTER_BOUND('',#778,.T.);
#445=FACE_OUTER_BOUND('',#779,.T.);
#446=FACE_OUTER_BOUND('',#780,.T.);
#447=FACE_OUTER_BOUND('',#781,.T.);
#448=FACE_OUTER_BOUND('',#782,.T.);
#449=FACE_OUTER_BOUND('',#783,.T.);
#450=FACE_OUTER_BOUND('',#784,.T.);
#451=FACE_OUTER_BOUND('',#785,.T.);
#452=FACE_OUTER_BOUND('',#786,.T.);
#453=FACE_OUTER_BOUND('',#787,.T.);
#454=FACE_OUTER_BOUND('',#788,.T.);
#455=FACE_OUTER_BOUND('',#789,.T.);
#456=FACE_OUTER_BOUND('',#790,.T.);
#457=FACE_OUTER_BOUND('',#791,.T.);
#458=FACE_OUTER_BOUND('',#792,.T.);
#459=FACE_OUTER_BOUND('',#793,.T.);
#460=FACE_OUTER_BOUND('',#794,.T.);
#461=FACE_OUTER_BOUND('',#795,.T.);
#462=FACE_OUTER_BOUND('',#796,.T.);
#463=FACE_OUTER_BOUND('',#797,.T.);
#464=FACE_OUTER_BOUND('',#798,.T.);
#465=FACE_OUTER_BOUND('',#799,.T.);
#466=FACE_OUTER_BOUND('',#800,.T.);
#467=FACE_OUTER_BOUND('',#802,.T.);
#468=FACE_OUTER_BOUND('',#803,.T.);
#469=FACE_OUTER_BOUND('',#804,.T.);
#470=FACE_OUTER_BOUND('',#805,.T.);
#471=FACE_OUTER_BOUND('',#806,.T.);
#472=FACE_OUTER_BOUND('',#807,.T.);
#473=FACE_OUTER_BOUND('',#808,.T.);
#474=FACE_OUTER_BOUND('',#809,.T.);
#475=FACE_OUTER_BOUND('',#810,.T.);
#476=FACE_OUTER_BOUND('',#811,.T.);
#477=FACE_OUTER_BOUND('',#812,.T.);
#478=FACE_OUTER_BOUND('',#813,.T.);
#479=FACE_OUTER_BOUND('',#814,.T.);
#480=FACE_OUTER_BOUND('',#815,.T.);
#481=FACE_OUTER_BOUND('',#816,.T.);
#482=FACE_OUTER_BOUND('',#817,.T.);
#483=FACE_OUTER_BOUND('',#818,.T.);
#484=FACE_OUTER_BOUND('',#819,.T.);
#485=FACE_OUTER_BOUND('',#820,.T.);
#486=FACE_OUTER_BOUND('',#821,.T.);
#487=FACE_OUTER_BOUND('',#822,.T.);
#488=FACE_OUTER_BOUND('',#823,.T.);
#489=FACE_OUTER_BOUND('',#824,.T.);
#490=FACE_OUTER_BOUND('',#825,.T.);
#491=FACE_OUTER_BOUND('',#826,.T.);
#492=FACE_OUTER_BOUND('',#827,.T.);
#493=FACE_OUTER_BOUND('',#828,.T.);
#494=FACE_OUTER_BOUND('',#829,.T.);
#495=FACE_OUTER_BOUND('',#830,.T.);
#496=FACE_OUTER_BOUND('',#831,.T.);
#497=FACE_OUTER_BOUND('',#832,.T.);
#498=FACE_OUTER_BOUND('',#833,.T.);
#499=FACE_OUTER_BOUND('',#834,.T.);
#500=FACE_OUTER_BOUND('',#835,.T.);
#501=FACE_OUTER_BOUND('',#836,.T.);
#502=FACE_OUTER_BOUND('',#837,.T.);
#503=FACE_OUTER_BOUND('',#838,.T.);
#504=FACE_OUTER_BOUND('',#839,.T.);
#505=FACE_OUTER_BOUND('',#840,.T.);
#506=FACE_OUTER_BOUND('',#841,.T.);
#507=FACE_OUTER_BOUND('',#842,.T.);
#508=FACE_OUTER_BOUND('',#843,.T.);
#509=FACE_OUTER_BOUND('',#844,.T.);
#510=FACE_OUTER_BOUND('',#845,.T.);
#511=FACE_OUTER_BOUND('',#846,.T.);
#512=FACE_OUTER_BOUND('',#847,.T.);
#513=FACE_OUTER_BOUND('',#848,.T.);
#514=FACE_OUTER_BOUND('',#849,.T.);
#515=FACE_OUTER_BOUND('',#850,.T.);
#516=FACE_OUTER_BOUND('',#851,.T.);
#517=FACE_OUTER_BOUND('',#852,.T.);
#518=FACE_OUTER_BOUND('',#853,.T.);
#519=FACE_OUTER_BOUND('',#854,.T.);
#520=FACE_OUTER_BOUND('',#855,.T.);
#521=FACE_OUTER_BOUND('',#856,.T.);
#522=FACE_OUTER_BOUND('',#857,.T.);
#523=FACE_OUTER_BOUND('',#859,.T.);
#524=FACE_OUTER_BOUND('',#860,.T.);
#525=FACE_OUTER_BOUND('',#861,.T.);
#526=FACE_OUTER_BOUND('',#862,.T.);
#527=FACE_OUTER_BOUND('',#863,.T.);
#528=FACE_OUTER_BOUND('',#864,.T.);
#529=FACE_OUTER_BOUND('',#865,.T.);
#530=FACE_OUTER_BOUND('',#866,.T.);
#531=FACE_OUTER_BOUND('',#867,.T.);
#532=FACE_OUTER_BOUND('',#868,.T.);
#533=FACE_OUTER_BOUND('',#869,.T.);
#534=FACE_OUTER_BOUND('',#870,.T.);
#535=FACE_OUTER_BOUND('',#871,.T.);
#536=FACE_OUTER_BOUND('',#872,.T.);
#537=FACE_OUTER_BOUND('',#873,.T.);
#538=FACE_OUTER_BOUND('',#874,.T.);
#539=FACE_OUTER_BOUND('',#875,.T.);
#540=FACE_OUTER_BOUND('',#876,.T.);
#541=FACE_OUTER_BOUND('',#877,.T.);
#542=FACE_OUTER_BOUND('',#878,.T.);
#543=FACE_OUTER_BOUND('',#879,.T.);
#544=FACE_OUTER_BOUND('',#880,.T.);
#545=FACE_OUTER_BOUND('',#881,.T.);
#546=FACE_OUTER_BOUND('',#882,.T.);
#547=FACE_OUTER_BOUND('',#883,.T.);
#548=FACE_OUTER_BOUND('',#884,.T.);
#549=FACE_OUTER_BOUND('',#885,.T.);
#550=FACE_OUTER_BOUND('',#890,.T.);
#551=FACE_OUTER_BOUND('',#895,.T.);
#552=FACE_OUTER_BOUND('',#896,.T.);
#553=FACE_OUTER_BOUND('',#897,.T.);
#554=FACE_OUTER_BOUND('',#898,.T.);
#555=FACE_OUTER_BOUND('',#899,.T.);
#556=FACE_OUTER_BOUND('',#900,.T.);
#557=FACE_OUTER_BOUND('',#901,.T.);
#558=FACE_OUTER_BOUND('',#902,.T.);
#559=FACE_OUTER_BOUND('',#903,.T.);
#560=FACE_OUTER_BOUND('',#904,.T.);
#561=EDGE_LOOP('',(#3551,#3552,#3553,#3554,#3555,#3556,#3557,#3558,#3559,
#3560,#3561,#3562));
#562=EDGE_LOOP('',(#3563,#3564,#3565,#3566,#3567,#3568,#3569,#3570));
#563=EDGE_LOOP('',(#3571,#3572,#3573,#3574));
#564=EDGE_LOOP('',(#3575,#3576,#3577,#3578));
#565=EDGE_LOOP('',(#3579,#3580,#3581,#3582));
#566=EDGE_LOOP('',(#3583,#3584,#3585,#3586));
#567=EDGE_LOOP('',(#3587,#3588,#3589,#3590));
#568=EDGE_LOOP('',(#3591,#3592,#3593,#3594,#3595,#3596,#3597,#3598));
#569=EDGE_LOOP('',(#3599,#3600,#3601,#3602,#3603,#3604,#3605,#3606,#3607,
#3608,#3609,#3610));
#570=EDGE_LOOP('',(#3611,#3612,#3613,#3614));
#571=EDGE_LOOP('',(#3615,#3616,#3617,#3618,#3619,#3620,#3621,#3622,#3623,
#3624,#3625,#3626,#3627,#3628,#3629,#3630,#3631));
#572=EDGE_LOOP('',(#3632,#3633,#3634,#3635));
#573=EDGE_LOOP('',(#3636,#3637,#3638,#3639));
#574=EDGE_LOOP('',(#3640,#3641,#3642,#3643));
#575=EDGE_LOOP('',(#3644,#3645,#3646,#3647,#3648,#3649));
#576=EDGE_LOOP('',(#3650,#3651,#3652,#3653));
#577=EDGE_LOOP('',(#3654,#3655,#3656,#3657,#3658,#3659));
#578=EDGE_LOOP('',(#3660,#3661,#3662,#3663));
#579=EDGE_LOOP('',(#3664,#3665,#3666,#3667));
#580=EDGE_LOOP('',(#3668,#3669,#3670,#3671));
#581=EDGE_LOOP('',(#3672,#3673,#3674,#3675,#3676,#3677,#3678,#3679,#3680,
#3681,#3682,#3683,#3684,#3685,#3686,#3687,#3688));
#582=EDGE_LOOP('',(#3689,#3690,#3691,#3692));
#583=EDGE_LOOP('',(#3693,#3694,#3695,#3696));
#584=EDGE_LOOP('',(#3697,#3698,#3699,#3700));
#585=EDGE_LOOP('',(#3701,#3702,#3703,#3704));
#586=EDGE_LOOP('',(#3705,#3706,#3707,#3708,#3709,#3710,#3711,#3712));
#587=EDGE_LOOP('',(#3713,#3714,#3715,#3716,#3717,#3718,#3719,#3720));
#588=EDGE_LOOP('',(#3721,#3722,#3723,#3724));
#589=EDGE_LOOP('',(#3725,#3726,#3727,#3728));
#590=EDGE_LOOP('',(#3729,#3730,#3731,#3732));
#591=EDGE_LOOP('',(#3733,#3734,#3735,#3736));
#592=EDGE_LOOP('',(#3737,#3738,#3739,#3740));
#593=EDGE_LOOP('',(#3741,#3742,#3743,#3744));
#594=EDGE_LOOP('',(#3745,#3746,#3747,#3748));
#595=EDGE_LOOP('',(#3749,#3750,#3751,#3752));
#596=EDGE_LOOP('',(#3753,#3754,#3755,#3756));
#597=EDGE_LOOP('',(#3757,#3758,#3759,#3760));
#598=EDGE_LOOP('',(#3761,#3762,#3763,#3764));
#599=EDGE_LOOP('',(#3765,#3766,#3767,#3768));
#600=EDGE_LOOP('',(#3769,#3770,#3771,#3772));
#601=EDGE_LOOP('',(#3773,#3774,#3775,#3776));
#602=EDGE_LOOP('',(#3777,#3778,#3779,#3780));
#603=EDGE_LOOP('',(#3781,#3782,#3783,#3784));
#604=EDGE_LOOP('',(#3785,#3786,#3787,#3788,#3789,#3790,#3791,#3792));
#605=EDGE_LOOP('',(#3793,#3794,#3795,#3796));
#606=EDGE_LOOP('',(#3797,#3798,#3799,#3800,#3801,#3802,#3803,#3804));
#607=EDGE_LOOP('',(#3805,#3806,#3807,#3808,#3809,#3810));
#608=EDGE_LOOP('',(#3811,#3812,#3813,#3814,#3815,#3816,#3817,#3818,#3819,
#3820,#3821,#3822));
#609=EDGE_LOOP('',(#3823,#3824,#3825,#3826,#3827,#3828,#3829,#3830,#3831,
#3832,#3833,#3834,#3835,#3836));
#610=EDGE_LOOP('',(#3837,#3838,#3839,#3840,#3841,#3842,#3843));
#611=EDGE_LOOP('',(#3844,#3845,#3846,#3847,#3848,#3849,#3850,#3851,#3852,
#3853,#3854));
#612=EDGE_LOOP('',(#3855,#3856,#3857,#3858,#3859,#3860,#3861,#3862));
#613=EDGE_LOOP('',(#3863,#3864,#3865,#3866,#3867,#3868,#3869,#3870,#3871,
#3872,#3873,#3874));
#614=EDGE_LOOP('',(#3875,#3876,#3877,#3878,#3879,#3880,#3881,#3882));
#615=EDGE_LOOP('',(#3883,#3884,#3885,#3886,#3887,#3888,#3889,#3890,#3891,
#3892,#3893));
#616=EDGE_LOOP('',(#3894,#3895,#3896,#3897,#3898,#3899,#3900,#3901,#3902,
#3903));
#617=EDGE_LOOP('',(#3904,#3905,#3906,#3907));
#618=EDGE_LOOP('',(#3908,#3909,#3910,#3911,#3912,#3913,#3914,#3915,#3916,
#3917));
#619=EDGE_LOOP('',(#3918,#3919,#3920,#3921,#3922,#3923,#3924,#3925,#3926,
#3927,#3928));
#620=EDGE_LOOP('',(#3929,#3930,#3931,#3932));
#621=EDGE_LOOP('',(#3933,#3934,#3935,#3936));
#622=EDGE_LOOP('',(#3937,#3938,#3939,#3940));
#623=EDGE_LOOP('',(#3941,#3942,#3943,#3944));
#624=EDGE_LOOP('',(#3945,#3946,#3947,#3948));
#625=EDGE_LOOP('',(#3949,#3950,#3951,#3952));
#626=EDGE_LOOP('',(#3953,#3954,#3955,#3956));
#627=EDGE_LOOP('',(#3957,#3958,#3959,#3960));
#628=EDGE_LOOP('',(#3961,#3962,#3963,#3964));
#629=EDGE_LOOP('',(#3965,#3966,#3967,#3968));
#630=EDGE_LOOP('',(#3969,#3970,#3971,#3972));
#631=EDGE_LOOP('',(#3973,#3974,#3975,#3976));
#632=EDGE_LOOP('',(#3977,#3978,#3979,#3980));
#633=EDGE_LOOP('',(#3981,#3982,#3983,#3984));
#634=EDGE_LOOP('',(#3985,#3986,#3987,#3988));
#635=EDGE_LOOP('',(#3989,#3990,#3991,#3992));
#636=EDGE_LOOP('',(#3993,#3994,#3995,#3996));
#637=EDGE_LOOP('',(#3997,#3998,#3999,#4000));
#638=EDGE_LOOP('',(#4001,#4002,#4003,#4004));
#639=EDGE_LOOP('',(#4005,#4006,#4007,#4008));
#640=EDGE_LOOP('',(#4009,#4010,#4011,#4012,#4013,#4014));
#641=EDGE_LOOP('',(#4015,#4016,#4017,#4018));
#642=EDGE_LOOP('',(#4019,#4020,#4021,#4022,#4023,#4024));
#643=EDGE_LOOP('',(#4025,#4026,#4027,#4028));
#644=EDGE_LOOP('',(#4029,#4030,#4031,#4032));
#645=EDGE_LOOP('',(#4033,#4034,#4035,#4036));
#646=EDGE_LOOP('',(#4037,#4038,#4039,#4040));
#647=EDGE_LOOP('',(#4041,#4042,#4043,#4044,#4045,#4046));
#648=EDGE_LOOP('',(#4047,#4048,#4049,#4050,#4051,#4052));
#649=EDGE_LOOP('',(#4053,#4054,#4055,#4056,#4057,#4058));
#650=EDGE_LOOP('',(#4059,#4060,#4061,#4062));
#651=EDGE_LOOP('',(#4063,#4064,#4065,#4066,#4067,#4068));
#652=EDGE_LOOP('',(#4069,#4070,#4071,#4072));
#653=EDGE_LOOP('',(#4073,#4074,#4075,#4076));
#654=EDGE_LOOP('',(#4077,#4078,#4079,#4080,#4081,#4082));
#655=EDGE_LOOP('',(#4083,#4084,#4085,#4086));
#656=EDGE_LOOP('',(#4087,#4088,#4089,#4090,#4091,#4092));
#657=EDGE_LOOP('',(#4093,#4094,#4095,#4096));
#658=EDGE_LOOP('',(#4097,#4098,#4099,#4100));
#659=EDGE_LOOP('',(#4101,#4102,#4103,#4104));
#660=EDGE_LOOP('',(#4105,#4106,#4107,#4108));
#661=EDGE_LOOP('',(#4109,#4110,#4111,#4112));
#662=EDGE_LOOP('',(#4113,#4114,#4115,#4116));
#663=EDGE_LOOP('',(#4117,#4118,#4119,#4120,#4121,#4122));
#664=EDGE_LOOP('',(#4123,#4124,#4125,#4126,#4127,#4128));
#665=EDGE_LOOP('',(#4129,#4130,#4131,#4132,#4133,#4134));
#666=EDGE_LOOP('',(#4135,#4136,#4137,#4138,#4139,#4140));
#667=EDGE_LOOP('',(#4141,#4142,#4143,#4144));
#668=EDGE_LOOP('',(#4145,#4146,#4147,#4148));
#669=EDGE_LOOP('',(#4149,#4150,#4151,#4152));
#670=EDGE_LOOP('',(#4153,#4154,#4155,#4156,#4157,#4158,#4159,#4160,#4161,
#4162,#4163,#4164,#4165,#4166,#4167,#4168));
#671=EDGE_LOOP('',(#4169));
#672=EDGE_LOOP('',(#4170));
#673=EDGE_LOOP('',(#4171,#4172,#4173,#4174));
#674=EDGE_LOOP('',(#4175));
#675=EDGE_LOOP('',(#4176,#4177,#4178,#4179,#4180,#4181,#4182,#4183));
#676=EDGE_LOOP('',(#4184,#4185,#4186,#4187));
#677=EDGE_LOOP('',(#4188,#4189,#4190,#4191));
#678=EDGE_LOOP('',(#4192,#4193,#4194,#4195));
#679=EDGE_LOOP('',(#4196,#4197,#4198,#4199,#4200,#4201,#4202,#4203));
#680=EDGE_LOOP('',(#4204,#4205,#4206,#4207));
#681=EDGE_LOOP('',(#4208,#4209,#4210,#4211));
#682=EDGE_LOOP('',(#4212,#4213,#4214,#4215));
#683=EDGE_LOOP('',(#4216,#4217,#4218,#4219));
#684=EDGE_LOOP('',(#4220,#4221,#4222,#4223));
#685=EDGE_LOOP('',(#4224));
#686=EDGE_LOOP('',(#4225));
#687=EDGE_LOOP('',(#4226,#4227,#4228,#4229,#4230,#4231,#4232,#4233,#4234,
#4235,#4236,#4237,#4238,#4239,#4240,#4241));
#688=EDGE_LOOP('',(#4242));
#689=EDGE_LOOP('',(#4243));
#690=EDGE_LOOP('',(#4244,#4245,#4246,#4247));
#691=EDGE_LOOP('',(#4248));
#692=EDGE_LOOP('',(#4249,#4250,#4251,#4252));
#693=EDGE_LOOP('',(#4253,#4254,#4255,#4256));
#694=EDGE_LOOP('',(#4257,#4258,#4259,#4260));
#695=EDGE_LOOP('',(#4261,#4262,#4263,#4264));
#696=EDGE_LOOP('',(#4265,#4266,#4267,#4268));
#697=EDGE_LOOP('',(#4269,#4270,#4271,#4272));
#698=EDGE_LOOP('',(#4273,#4274,#4275,#4276));
#699=EDGE_LOOP('',(#4277,#4278,#4279,#4280));
#700=EDGE_LOOP('',(#4281));
#701=EDGE_LOOP('',(#4282));
#702=EDGE_LOOP('',(#4283,#4284,#4285,#4286));
#703=EDGE_LOOP('',(#4287,#4288,#4289,#4290));
#704=EDGE_LOOP('',(#4291,#4292,#4293,#4294));
#705=EDGE_LOOP('',(#4295,#4296,#4297,#4298));
#706=EDGE_LOOP('',(#4299,#4300,#4301,#4302));
#707=EDGE_LOOP('',(#4303,#4304,#4305,#4306));
#708=EDGE_LOOP('',(#4307,#4308,#4309,#4310));
#709=EDGE_LOOP('',(#4311,#4312,#4313,#4314));
#710=EDGE_LOOP('',(#4315,#4316,#4317,#4318));
#711=EDGE_LOOP('',(#4319,#4320,#4321,#4322));
#712=EDGE_LOOP('',(#4323,#4324,#4325,#4326));
#713=EDGE_LOOP('',(#4327,#4328,#4329,#4330));
#714=EDGE_LOOP('',(#4331,#4332,#4333,#4334));
#715=EDGE_LOOP('',(#4335,#4336,#4337,#4338,#4339,#4340,#4341,#4342,#4343,
#4344,#4345));
#716=EDGE_LOOP('',(#4346,#4347,#4348,#4349));
#717=EDGE_LOOP('',(#4350,#4351,#4352,#4353));
#718=EDGE_LOOP('',(#4354,#4355,#4356,#4357));
#719=EDGE_LOOP('',(#4358,#4359,#4360,#4361));
#720=EDGE_LOOP('',(#4362,#4363,#4364,#4365));
#721=EDGE_LOOP('',(#4366,#4367,#4368,#4369));
#722=EDGE_LOOP('',(#4370,#4371,#4372,#4373));
#723=EDGE_LOOP('',(#4374,#4375,#4376,#4377));
#724=EDGE_LOOP('',(#4378,#4379,#4380,#4381));
#725=EDGE_LOOP('',(#4382,#4383,#4384,#4385));
#726=EDGE_LOOP('',(#4386,#4387,#4388,#4389,#4390,#4391,#4392,#4393,#4394,
#4395));
#727=EDGE_LOOP('',(#4396,#4397,#4398,#4399));
#728=EDGE_LOOP('',(#4400,#4401,#4402,#4403));
#729=EDGE_LOOP('',(#4404,#4405,#4406,#4407));
#730=EDGE_LOOP('',(#4408,#4409,#4410,#4411));
#731=EDGE_LOOP('',(#4412,#4413,#4414,#4415));
#732=EDGE_LOOP('',(#4416,#4417,#4418,#4419));
#733=EDGE_LOOP('',(#4420,#4421,#4422,#4423));
#734=EDGE_LOOP('',(#4424,#4425,#4426,#4427));
#735=EDGE_LOOP('',(#4428,#4429,#4430,#4431));
#736=EDGE_LOOP('',(#4432,#4433,#4434,#4435));
#737=EDGE_LOOP('',(#4436,#4437,#4438,#4439));
#738=EDGE_LOOP('',(#4440,#4441,#4442,#4443));
#739=EDGE_LOOP('',(#4444,#4445,#4446,#4447));
#740=EDGE_LOOP('',(#4448,#4449,#4450,#4451));
#741=EDGE_LOOP('',(#4452,#4453,#4454,#4455));
#742=EDGE_LOOP('',(#4456,#4457,#4458,#4459));
#743=EDGE_LOOP('',(#4460,#4461,#4462,#4463));
#744=EDGE_LOOP('',(#4464,#4465,#4466,#4467));
#745=EDGE_LOOP('',(#4468,#4469,#4470,#4471));
#746=EDGE_LOOP('',(#4472,#4473,#4474,#4475));
#747=EDGE_LOOP('',(#4476,#4477,#4478,#4479));
#748=EDGE_LOOP('',(#4480,#4481,#4482,#4483,#4484,#4485,#4486,#4487,#4488,
#4489));
#749=EDGE_LOOP('',(#4490,#4491,#4492,#4493));
#750=EDGE_LOOP('',(#4494,#4495,#4496,#4497));
#751=EDGE_LOOP('',(#4498,#4499,#4500,#4501));
#752=EDGE_LOOP('',(#4502,#4503,#4504,#4505));
#753=EDGE_LOOP('',(#4506,#4507,#4508,#4509));
#754=EDGE_LOOP('',(#4510,#4511,#4512,#4513));
#755=EDGE_LOOP('',(#4514,#4515,#4516,#4517));
#756=EDGE_LOOP('',(#4518,#4519,#4520,#4521));
#757=EDGE_LOOP('',(#4522,#4523,#4524,#4525));
#758=EDGE_LOOP('',(#4526,#4527,#4528,#4529));
#759=EDGE_LOOP('',(#4530,#4531,#4532,#4533));
#760=EDGE_LOOP('',(#4534,#4535,#4536,#4537,#4538,#4539,#4540,#4541,#4542,
#4543,#4544));
#761=EDGE_LOOP('',(#4545,#4546,#4547,#4548));
#762=EDGE_LOOP('',(#4549,#4550,#4551,#4552));
#763=EDGE_LOOP('',(#4553,#4554,#4555,#4556));
#764=EDGE_LOOP('',(#4557,#4558,#4559,#4560));
#765=EDGE_LOOP('',(#4561,#4562,#4563,#4564));
#766=EDGE_LOOP('',(#4565,#4566,#4567,#4568));
#767=EDGE_LOOP('',(#4569,#4570,#4571,#4572));
#768=EDGE_LOOP('',(#4573,#4574,#4575,#4576));
#769=EDGE_LOOP('',(#4577,#4578,#4579,#4580));
#770=EDGE_LOOP('',(#4581,#4582,#4583,#4584));
#771=EDGE_LOOP('',(#4585,#4586,#4587,#4588));
#772=EDGE_LOOP('',(#4589,#4590,#4591,#4592));
#773=EDGE_LOOP('',(#4593,#4594,#4595,#4596));
#774=EDGE_LOOP('',(#4597,#4598,#4599,#4600));
#775=EDGE_LOOP('',(#4601,#4602,#4603,#4604));
#776=EDGE_LOOP('',(#4605,#4606,#4607,#4608));
#777=EDGE_LOOP('',(#4609,#4610,#4611,#4612));
#778=EDGE_LOOP('',(#4613,#4614,#4615,#4616));
#779=EDGE_LOOP('',(#4617,#4618,#4619,#4620));
#780=EDGE_LOOP('',(#4621,#4622,#4623,#4624));
#781=EDGE_LOOP('',(#4625,#4626,#4627,#4628));
#782=EDGE_LOOP('',(#4629,#4630,#4631,#4632));
#783=EDGE_LOOP('',(#4633,#4634,#4635,#4636));
#784=EDGE_LOOP('',(#4637,#4638,#4639,#4640));
#785=EDGE_LOOP('',(#4641,#4642,#4643,#4644));
#786=EDGE_LOOP('',(#4645,#4646,#4647,#4648));
#787=EDGE_LOOP('',(#4649,#4650,#4651,#4652));
#788=EDGE_LOOP('',(#4653,#4654,#4655,#4656));
#789=EDGE_LOOP('',(#4657,#4658,#4659,#4660));
#790=EDGE_LOOP('',(#4661,#4662,#4663,#4664));
#791=EDGE_LOOP('',(#4665,#4666,#4667,#4668));
#792=EDGE_LOOP('',(#4669,#4670,#4671,#4672));
#793=EDGE_LOOP('',(#4673,#4674,#4675,#4676));
#794=EDGE_LOOP('',(#4677,#4678,#4679,#4680));
#795=EDGE_LOOP('',(#4681,#4682,#4683,#4684));
#796=EDGE_LOOP('',(#4685,#4686,#4687,#4688));
#797=EDGE_LOOP('',(#4689,#4690,#4691,#4692));
#798=EDGE_LOOP('',(#4693,#4694,#4695,#4696));
#799=EDGE_LOOP('',(#4697,#4698,#4699,#4700,#4701,#4702,#4703,#4704,#4705,
#4706,#4707,#4708));
#800=EDGE_LOOP('',(#4709,#4710,#4711,#4712,#4713,#4714,#4715,#4716));
#801=EDGE_LOOP('',(#4717,#4718,#4719));
#802=EDGE_LOOP('',(#4720,#4721,#4722,#4723));
#803=EDGE_LOOP('',(#4724,#4725,#4726,#4727));
#804=EDGE_LOOP('',(#4728,#4729,#4730,#4731));
#805=EDGE_LOOP('',(#4732,#4733,#4734,#4735));
#806=EDGE_LOOP('',(#4736,#4737,#4738,#4739));
#807=EDGE_LOOP('',(#4740,#4741,#4742,#4743));
#808=EDGE_LOOP('',(#4744,#4745,#4746,#4747));
#809=EDGE_LOOP('',(#4748,#4749,#4750,#4751));
#810=EDGE_LOOP('',(#4752,#4753,#4754,#4755));
#811=EDGE_LOOP('',(#4756,#4757,#4758,#4759));
#812=EDGE_LOOP('',(#4760,#4761,#4762,#4763));
#813=EDGE_LOOP('',(#4764,#4765,#4766));
#814=EDGE_LOOP('',(#4767,#4768,#4769,#4770));
#815=EDGE_LOOP('',(#4771,#4772,#4773,#4774));
#816=EDGE_LOOP('',(#4775,#4776,#4777,#4778));
#817=EDGE_LOOP('',(#4779,#4780,#4781,#4782));
#818=EDGE_LOOP('',(#4783,#4784,#4785,#4786));
#819=EDGE_LOOP('',(#4787,#4788,#4789,#4790));
#820=EDGE_LOOP('',(#4791,#4792,#4793,#4794,#4795,#4796));
#821=EDGE_LOOP('',(#4797,#4798,#4799,#4800));
#822=EDGE_LOOP('',(#4801,#4802,#4803,#4804));
#823=EDGE_LOOP('',(#4805,#4806,#4807,#4808));
#824=EDGE_LOOP('',(#4809,#4810,#4811,#4812));
#825=EDGE_LOOP('',(#4813,#4814,#4815,#4816));
#826=EDGE_LOOP('',(#4817,#4818,#4819,#4820));
#827=EDGE_LOOP('',(#4821,#4822,#4823,#4824));
#828=EDGE_LOOP('',(#4825,#4826,#4827,#4828));
#829=EDGE_LOOP('',(#4829,#4830,#4831,#4832));
#830=EDGE_LOOP('',(#4833,#4834,#4835,#4836));
#831=EDGE_LOOP('',(#4837,#4838,#4839,#4840));
#832=EDGE_LOOP('',(#4841,#4842,#4843,#4844));
#833=EDGE_LOOP('',(#4845,#4846,#4847,#4848,#4849,#4850,#4851,#4852,#4853,
#4854,#4855,#4856));
#834=EDGE_LOOP('',(#4857,#4858,#4859,#4860));
#835=EDGE_LOOP('',(#4861,#4862,#4863,#4864));
#836=EDGE_LOOP('',(#4865,#4866,#4867,#4868));
#837=EDGE_LOOP('',(#4869,#4870,#4871,#4872));
#838=EDGE_LOOP('',(#4873,#4874,#4875,#4876));
#839=EDGE_LOOP('',(#4877,#4878,#4879,#4880));
#840=EDGE_LOOP('',(#4881,#4882,#4883,#4884));
#841=EDGE_LOOP('',(#4885,#4886,#4887,#4888));
#842=EDGE_LOOP('',(#4889,#4890,#4891,#4892));
#843=EDGE_LOOP('',(#4893,#4894,#4895,#4896));
#844=EDGE_LOOP('',(#4897,#4898,#4899,#4900));
#845=EDGE_LOOP('',(#4901,#4902,#4903,#4904));
#846=EDGE_LOOP('',(#4905,#4906,#4907,#4908));
#847=EDGE_LOOP('',(#4909,#4910,#4911,#4912));
#848=EDGE_LOOP('',(#4913,#4914,#4915,#4916,#4917,#4918,#4919,#4920,#4921,
#4922,#4923,#4924,#4925,#4926));
#849=EDGE_LOOP('',(#4927,#4928,#4929,#4930));
#850=EDGE_LOOP('',(#4931,#4932,#4933,#4934));
#851=EDGE_LOOP('',(#4935,#4936,#4937,#4938));
#852=EDGE_LOOP('',(#4939,#4940,#4941,#4942));
#853=EDGE_LOOP('',(#4943,#4944,#4945,#4946));
#854=EDGE_LOOP('',(#4947,#4948,#4949,#4950));
#855=EDGE_LOOP('',(#4951,#4952,#4953,#4954));
#856=EDGE_LOOP('',(#4955,#4956,#4957,#4958,#4959,#4960,#4961));
#857=EDGE_LOOP('',(#4962,#4963,#4964,#4965,#4966,#4967,#4968,#4969));
#858=EDGE_LOOP('',(#4970,#4971,#4972));
#859=EDGE_LOOP('',(#4973,#4974,#4975,#4976));
#860=EDGE_LOOP('',(#4977,#4978,#4979,#4980));
#861=EDGE_LOOP('',(#4981,#4982,#4983,#4984));
#862=EDGE_LOOP('',(#4985,#4986,#4987,#4988));
#863=EDGE_LOOP('',(#4989,#4990,#4991,#4992));
#864=EDGE_LOOP('',(#4993,#4994,#4995,#4996));
#865=EDGE_LOOP('',(#4997,#4998,#4999,#5000));
#866=EDGE_LOOP('',(#5001,#5002,#5003,#5004));
#867=EDGE_LOOP('',(#5005,#5006,#5007,#5008));
#868=EDGE_LOOP('',(#5009,#5010,#5011,#5012));
#869=EDGE_LOOP('',(#5013,#5014,#5015,#5016));
#870=EDGE_LOOP('',(#5017,#5018,#5019));
#871=EDGE_LOOP('',(#5020,#5021,#5022,#5023));
#872=EDGE_LOOP('',(#5024,#5025,#5026,#5027));
#873=EDGE_LOOP('',(#5028,#5029,#5030,#5031));
#874=EDGE_LOOP('',(#5032,#5033,#5034,#5035));
#875=EDGE_LOOP('',(#5036,#5037,#5038,#5039));
#876=EDGE_LOOP('',(#5040,#5041,#5042,#5043));
#877=EDGE_LOOP('',(#5044,#5045,#5046,#5047));
#878=EDGE_LOOP('',(#5048,#5049,#5050,#5051));
#879=EDGE_LOOP('',(#5052,#5053,#5054,#5055));
#880=EDGE_LOOP('',(#5056,#5057,#5058,#5059));
#881=EDGE_LOOP('',(#5060,#5061,#5062,#5063));
#882=EDGE_LOOP('',(#5064,#5065,#5066,#5067,#5068,#5069,#5070,#5071,#5072,
#5073,#5074));
#883=EDGE_LOOP('',(#5075,#5076,#5077,#5078));
#884=EDGE_LOOP('',(#5079,#5080,#5081,#5082));
#885=EDGE_LOOP('',(#5083,#5084,#5085,#5086,#5087,#5088,#5089,#5090));
#886=EDGE_LOOP('',(#5091));
#887=EDGE_LOOP('',(#5092));
#888=EDGE_LOOP('',(#5093));
#889=EDGE_LOOP('',(#5094));
#890=EDGE_LOOP('',(#5095,#5096,#5097,#5098,#5099,#5100,#5101,#5102));
#891=EDGE_LOOP('',(#5103));
#892=EDGE_LOOP('',(#5104));
#893=EDGE_LOOP('',(#5105));
#894=EDGE_LOOP('',(#5106));
#895=EDGE_LOOP('',(#5107,#5108,#5109,#5110));
#896=EDGE_LOOP('',(#5111,#5112,#5113,#5114));
#897=EDGE_LOOP('',(#5115,#5116,#5117,#5118));
#898=EDGE_LOOP('',(#5119,#5120,#5121,#5122));
#899=EDGE_LOOP('',(#5123,#5124,#5125,#5126));
#900=EDGE_LOOP('',(#5127,#5128,#5129,#5130));
#901=EDGE_LOOP('',(#5131,#5132,#5133,#5134));
#902=EDGE_LOOP('',(#5135,#5136,#5137,#5138));
#903=EDGE_LOOP('',(#5139,#5140,#5141,#5142));
#904=EDGE_LOOP('',(#5143,#5144,#5145,#5146));
#905=CIRCLE('',#5814,1.2);
#906=CIRCLE('',#5815,0.359342105263159);
#907=CIRCLE('',#5816,0.839342105263158);
#908=CIRCLE('',#5817,0.72);
#909=CIRCLE('',#5819,0.290497119067363);
#910=CIRCLE('',#5820,0.764696194504489);
#911=CIRCLE('',#5822,0.764696194504489);
#912=CIRCLE('',#5824,0.290497119067363);
#913=CIRCLE('',#5829,0.764696194504489);
#914=CIRCLE('',#5830,0.290497119067363);
#915=CIRCLE('',#5832,0.72);
#916=CIRCLE('',#5833,0.839342105263158);
#917=CIRCLE('',#5834,0.359342105263159);
#918=CIRCLE('',#5835,1.2);
#919=CIRCLE('',#5837,0.764696194504489);
#920=CIRCLE('',#5839,0.75);
#921=CIRCLE('',#5840,0.25);
#922=CIRCLE('',#5841,0.5);
#923=CIRCLE('',#5842,0.5);
#924=CIRCLE('',#5843,0.25);
#925=CIRCLE('',#5844,0.75);
#926=CIRCLE('',#5845,0.25);
#927=CIRCLE('',#5846,0.25);
#928=CIRCLE('',#5851,0.5);
#929=CIRCLE('',#5852,0.5);
#930=CIRCLE('',#5855,0.5);
#931=CIRCLE('',#5856,0.5);
#932=CIRCLE('',#5861,0.25);
#933=CIRCLE('',#5862,0.75);
#934=CIRCLE('',#5863,0.25);
#935=CIRCLE('',#5864,0.25);
#936=CIRCLE('',#5865,0.75);
#937=CIRCLE('',#5866,0.25);
#938=CIRCLE('',#5867,0.5);
#939=CIRCLE('',#5868,0.5);
#940=CIRCLE('',#5870,0.290497119067363);
#941=CIRCLE('',#5887,0.625);
#942=CIRCLE('',#5888,0.625);
#943=CIRCLE('',#5890,0.625);
#944=CIRCLE('',#5891,0.625);
#945=CIRCLE('',#5893,0.625);
#946=CIRCLE('',#5894,0.625);
#947=CIRCLE('',#5896,0.625);
#948=CIRCLE('',#5897,0.625);
#949=CIRCLE('',#5899,1.1);
#950=CIRCLE('',#5900,1.1);
#951=CIRCLE('',#5902,1.1);
#952=CIRCLE('',#5903,1.1);
#953=CIRCLE('',#5946,1.1);
#954=CIRCLE('',#5947,1.1);
#955=CIRCLE('',#6027,0.375);
#956=CIRCLE('',#6028,0.375);
#957=CIRCLE('',#6101,2.75);
#958=CIRCLE('',#6102,2.75);
#959=CIRCLE('',#6103,1.1);
#960=CIRCLE('',#6104,1.1);
#961=CIRCLE('',#6106,2.75);
#962=CIRCLE('',#6107,2.75);
#963=CIRCLE('',#6108,1.1);
#964=CIRCLE('',#6109,1.1);
#965=LINE('',#7374,#1593);
#966=LINE('',#7376,#1594);
#967=LINE('',#7378,#1595);
#968=LINE('',#7382,#1596);
#969=LINE('',#7386,#1597);
#970=LINE('',#7388,#1598);
#971=LINE('',#7390,#1599);
#972=LINE('',#7394,#1600);
#973=LINE('',#7399,#1601);
#974=LINE('',#7401,#1602);
#975=LINE('',#7403,#1603);
#976=LINE('',#7407,#1604);
#977=LINE('',#7409,#1605);
#978=LINE('',#7411,#1606);
#979=LINE('',#7415,#1607);
#980=LINE('',#7418,#1608);
#981=LINE('',#7423,#1609);
#982=LINE('',#7424,#1610);
#983=LINE('',#7427,#1611);
#984=LINE('',#7428,#1612);
#985=LINE('',#7431,#1613);
#986=LINE('',#7432,#1614);
#987=LINE('',#7434,#1615);
#988=LINE('',#7438,#1616);
#989=LINE('',#7440,#1617);
#990=LINE('',#7442,#1618);
#991=LINE('',#7446,#1619);
#992=LINE('',#7448,#1620);
#993=LINE('',#7450,#1621);
#994=LINE('',#7455,#1622);
#995=LINE('',#7457,#1623);
#996=LINE('',#7459,#1624);
#997=LINE('',#7463,#1625);
#998=LINE('',#7467,#1626);
#999=LINE('',#7469,#1627);
#1000=LINE('',#7471,#1628);
#1001=LINE('',#7475,#1629);
#1002=LINE('',#7481,#1630);
#1003=LINE('',#7482,#1631);
#1004=LINE('',#7489,#1632);
#1005=LINE('',#7494,#1633);
#1006=LINE('',#7500,#1634);
#1007=LINE('',#7503,#1635);
#1008=LINE('',#7505,#1636);
#1009=LINE('',#7507,#1637);
#1010=LINE('',#7511,#1638);
#1011=LINE('',#7517,#1639);
#1012=LINE('',#7518,#1640);
#1013=LINE('',#7519,#1641);
#1014=LINE('',#7523,#1642);
#1015=LINE('',#7525,#1643);
#1016=LINE('',#7527,#1644);
#1017=LINE('',#7529,#1645);
#1018=LINE('',#7542,#1646);
#1019=LINE('',#7544,#1647);
#1020=LINE('',#7549,#1648);
#1021=LINE('',#7552,#1649);
#1022=LINE('',#7556,#1650);
#1023=LINE('',#7557,#1651);
#1024=LINE('',#7560,#1652);
#1025=LINE('',#7561,#1653);
#1026=LINE('',#7563,#1654);
#1027=LINE('',#7565,#1655);
#1028=LINE('',#7567,#1656);
#1029=LINE('',#7569,#1657);
#1030=LINE('',#7572,#1658);
#1031=LINE('',#7573,#1659);
#1032=LINE('',#7575,#1660);
#1033=LINE('',#7576,#1661);
#1034=LINE('',#7587,#1662);
#1035=LINE('',#7593,#1663);
#1036=LINE('',#7599,#1664);
#1037=LINE('',#7605,#1665);
#1038=LINE('',#7612,#1666);
#1039=LINE('',#7615,#1667);
#1040=LINE('',#7620,#1668);
#1041=LINE('',#7625,#1669);
#1042=LINE('',#7627,#1670);
#1043=LINE('',#7629,#1671);
#1044=LINE('',#7631,#1672);
#1045=LINE('',#7633,#1673);
#1046=LINE('',#7635,#1674);
#1047=LINE('',#7637,#1675);
#1048=LINE('',#7638,#1676);
#1049=LINE('',#7641,#1677);
#1050=LINE('',#7643,#1678);
#1051=LINE('',#7645,#1679);
#1052=LINE('',#7646,#1680);
#1053=LINE('',#7649,#1681);
#1054=LINE('',#7651,#1682);
#1055=LINE('',#7653,#1683);
#1056=LINE('',#7655,#1684);
#1057=LINE('',#7657,#1685);
#1058=LINE('',#7659,#1686);
#1059=LINE('',#7661,#1687);
#1060=LINE('',#7662,#1688);
#1061=LINE('',#7665,#1689);
#1062=LINE('',#7667,#1690);
#1063=LINE('',#7669,#1691);
#1064=LINE('',#7671,#1692);
#1065=LINE('',#7673,#1693);
#1066=LINE('',#7674,#1694);
#1067=LINE('',#7717,#1695);
#1068=LINE('',#7775,#1696);
#1069=LINE('',#7777,#1697);
#1070=LINE('',#7779,#1698);
#1071=LINE('',#7781,#1699);
#1072=LINE('',#7783,#1700);
#1073=LINE('',#7801,#1701);
#1074=LINE('',#7803,#1702);
#1075=LINE('',#7805,#1703);
#1076=LINE('',#7807,#1704);
#1077=LINE('',#7809,#1705);
#1078=LINE('',#7887,#1706);
#1079=LINE('',#7957,#1707);
#1080=LINE('',#7959,#1708);
#1081=LINE('',#7961,#1709);
#1082=LINE('',#7963,#1710);
#1083=LINE('',#7965,#1711);
#1084=LINE('',#7967,#1712);
#1085=LINE('',#7968,#1713);
#1086=LINE('',#8011,#1714);
#1087=LINE('',#8089,#1715);
#1088=LINE('',#8143,#1716);
#1089=LINE('',#8145,#1717);
#1090=LINE('',#8147,#1718);
#1091=LINE('',#8149,#1719);
#1092=LINE('',#8151,#1720);
#1093=LINE('',#8153,#1721);
#1094=LINE('',#8155,#1722);
#1095=LINE('',#8156,#1723);
#1096=LINE('',#8199,#1724);
#1097=LINE('',#8257,#1725);
#1098=LINE('',#8259,#1726);
#1099=LINE('',#8261,#1727);
#1100=LINE('',#8263,#1728);
#1101=LINE('',#8265,#1729);
#1102=LINE('',#8284,#1730);
#1103=LINE('',#8286,#1731);
#1104=LINE('',#8288,#1732);
#1105=LINE('',#8290,#1733);
#1106=LINE('',#8292,#1734);
#1107=LINE('',#8294,#1735);
#1108=LINE('',#8296,#1736);
#1109=LINE('',#8297,#1737);
#1110=LINE('',#8320,#1738);
#1111=LINE('',#8398,#1739);
#1112=LINE('',#8472,#1740);
#1113=LINE('',#8474,#1741);
#1114=LINE('',#8476,#1742);
#1115=LINE('',#8478,#1743);
#1116=LINE('',#8480,#1744);
#1117=LINE('',#8482,#1745);
#1118=LINE('',#8484,#1746);
#1119=LINE('',#8486,#1747);
#1120=LINE('',#8488,#1748);
#1121=LINE('',#8489,#1749);
#1122=LINE('',#8580,#1750);
#1123=LINE('',#8582,#1751);
#1124=LINE('',#8584,#1752);
#1125=LINE('',#8586,#1753);
#1126=LINE('',#8588,#1754);
#1127=LINE('',#8590,#1755);
#1128=LINE('',#8592,#1756);
#1129=LINE('',#8594,#1757);
#1130=LINE('',#8596,#1758);
#1131=LINE('',#8597,#1759);
#1132=LINE('',#8620,#1760);
#1133=LINE('',#8698,#1761);
#1134=LINE('',#8772,#1762);
#1135=LINE('',#8774,#1763);
#1136=LINE('',#8776,#1764);
#1137=LINE('',#8777,#1765);
#1138=LINE('',#8779,#1766);
#1139=LINE('',#8780,#1767);
#1140=LINE('',#8782,#1768);
#1141=LINE('',#8783,#1769);
#1142=LINE('',#8787,#1770);
#1143=LINE('',#8789,#1771);
#1144=LINE('',#8791,#1772);
#1145=LINE('',#8792,#1773);
#1146=LINE('',#8795,#1774);
#1147=LINE('',#8797,#1775);
#1148=LINE('',#8799,#1776);
#1149=LINE('',#8800,#1777);
#1150=LINE('',#8804,#1778);
#1151=LINE('',#8806,#1779);
#1152=LINE('',#8808,#1780);
#1153=LINE('',#8809,#1781);
#1154=LINE('',#8812,#1782);
#1155=LINE('',#8814,#1783);
#1156=LINE('',#8816,#1784);
#1157=LINE('',#8817,#1785);
#1158=LINE('',#8821,#1786);
#1159=LINE('',#8823,#1787);
#1160=LINE('',#8825,#1788);
#1161=LINE('',#8826,#1789);
#1162=LINE('',#8829,#1790);
#1163=LINE('',#8831,#1791);
#1164=LINE('',#8833,#1792);
#1165=LINE('',#8834,#1793);
#1166=LINE('',#8838,#1794);
#1167=LINE('',#8840,#1795);
#1168=LINE('',#8842,#1796);
#1169=LINE('',#8843,#1797);
#1170=LINE('',#8847,#1798);
#1171=LINE('',#8849,#1799);
#1172=LINE('',#8851,#1800);
#1173=LINE('',#8852,#1801);
#1174=LINE('',#8855,#1802);
#1175=LINE('',#8857,#1803);
#1176=LINE('',#8859,#1804);
#1177=LINE('',#8860,#1805);
#1178=LINE('',#8863,#1806);
#1179=LINE('',#8865,#1807);
#1180=LINE('',#8867,#1808);
#1181=LINE('',#8868,#1809);
#1182=LINE('',#8871,#1810);
#1183=LINE('',#8873,#1811);
#1184=LINE('',#8875,#1812);
#1185=LINE('',#8876,#1813);
#1186=LINE('',#8880,#1814);
#1187=LINE('',#8882,#1815);
#1188=LINE('',#8884,#1816);
#1189=LINE('',#8885,#1817);
#1190=LINE('',#8887,#1818);
#1191=LINE('',#8888,#1819);
#1192=LINE('',#8890,#1820);
#1193=LINE('',#8891,#1821);
#1194=LINE('',#8893,#1822);
#1195=LINE('',#8894,#1823);
#1196=LINE('',#8896,#1824);
#1197=LINE('',#8897,#1825);
#1198=LINE('',#8901,#1826);
#1199=LINE('',#8903,#1827);
#1200=LINE('',#8904,#1828);
#1201=LINE('',#8906,#1829);
#1202=LINE('',#8907,#1830);
#1203=LINE('',#8911,#1831);
#1204=LINE('',#8913,#1832);
#1205=LINE('',#8915,#1833);
#1206=LINE('',#8916,#1834);
#1207=LINE('',#8919,#1835);
#1208=LINE('',#8921,#1836);
#1209=LINE('',#8923,#1837);
#1210=LINE('',#8925,#1838);
#1211=LINE('',#8926,#1839);
#1212=LINE('',#8928,#1840);
#1213=LINE('',#8930,#1841);
#1214=LINE('',#8932,#1842);
#1215=LINE('',#8933,#1843);
#1216=LINE('',#8935,#1844);
#1217=LINE('',#8936,#1845);
#1218=LINE('',#8942,#1846);
#1219=LINE('',#8944,#1847);
#1220=LINE('',#8945,#1848);
#1221=LINE('',#8947,#1849);
#1222=LINE('',#8948,#1850);
#1223=LINE('',#8952,#1851);
#1224=LINE('',#8954,#1852);
#1225=LINE('',#8956,#1853);
#1226=LINE('',#8957,#1854);
#1227=LINE('',#8960,#1855);
#1228=LINE('',#8962,#1856);
#1229=LINE('',#8964,#1857);
#1230=LINE('',#8966,#1858);
#1231=LINE('',#8967,#1859);
#1232=LINE('',#8969,#1860);
#1233=LINE('',#8971,#1861);
#1234=LINE('',#8975,#1862);
#1235=LINE('',#8977,#1863);
#1236=LINE('',#8978,#1864);
#1237=LINE('',#8980,#1865);
#1238=LINE('',#8981,#1866);
#1239=LINE('',#8985,#1867);
#1240=LINE('',#8987,#1868);
#1241=LINE('',#8989,#1869);
#1242=LINE('',#8990,#1870);
#1243=LINE('',#8993,#1871);
#1244=LINE('',#8995,#1872);
#1245=LINE('',#8997,#1873);
#1246=LINE('',#8999,#1874);
#1247=LINE('',#9000,#1875);
#1248=LINE('',#9002,#1876);
#1249=LINE('',#9004,#1877);
#1250=LINE('',#9006,#1878);
#1251=LINE('',#9007,#1879);
#1252=LINE('',#9009,#1880);
#1253=LINE('',#9010,#1881);
#1254=LINE('',#9012,#1882);
#1255=LINE('',#9013,#1883);
#1256=LINE('',#9015,#1884);
#1257=LINE('',#9016,#1885);
#1258=LINE('',#9024,#1886);
#1259=LINE('',#9028,#1887);
#1260=LINE('',#9031,#1888);
#1261=LINE('',#9032,#1889);
#1262=LINE('',#9034,#1890);
#1263=LINE('',#9035,#1891);
#1264=LINE('',#9038,#1892);
#1265=LINE('',#9040,#1893);
#1266=LINE('',#9042,#1894);
#1267=LINE('',#9044,#1895);
#1268=LINE('',#9046,#1896);
#1269=LINE('',#9048,#1897);
#1270=LINE('',#9049,#1898);
#1271=LINE('',#9052,#1899);
#1272=LINE('',#9054,#1900);
#1273=LINE('',#9055,#1901);
#1274=LINE('',#9056,#1902);
#1275=LINE('',#9058,#1903);
#1276=LINE('',#9060,#1904);
#1277=LINE('',#9062,#1905);
#1278=LINE('',#9065,#1906);
#1279=LINE('',#9067,#1907);
#1280=LINE('',#9068,#1908);
#1281=LINE('',#9071,#1909);
#1282=LINE('',#9073,#1910);
#1283=LINE('',#9074,#1911);
#1284=LINE('',#9077,#1912);
#1285=LINE('',#9078,#1913);
#1286=LINE('',#9081,#1914);
#1287=LINE('',#9082,#1915);
#1288=LINE('',#9084,#1916);
#1289=LINE('',#9089,#1917);
#1290=LINE('',#9090,#1918);
#1291=LINE('',#9092,#1919);
#1292=LINE('',#9094,#1920);
#1293=LINE('',#9095,#1921);
#1294=LINE('',#9097,#1922);
#1295=LINE('',#9099,#1923);
#1296=LINE('',#9103,#1924);
#1297=LINE('',#9105,#1925);
#1298=LINE('',#9106,#1926);
#1299=LINE('',#9109,#1927);
#1300=LINE('',#9110,#1928);
#1301=LINE('',#9113,#1929);
#1302=LINE('',#9114,#1930);
#1303=LINE('',#9116,#1931);
#1304=LINE('',#9161,#1932);
#1305=LINE('',#9182,#1933);
#1306=LINE('',#9222,#1934);
#1307=LINE('',#9265,#1935);
#1308=LINE('',#9316,#1936);
#1309=LINE('',#9375,#1937);
#1310=LINE('',#9397,#1938);
#1311=LINE('',#9398,#1939);
#1312=LINE('',#9422,#1940);
#1313=LINE('',#9473,#1941);
#1314=LINE('',#9548,#1942);
#1315=LINE('',#9607,#1943);
#1316=LINE('',#9624,#1944);
#1317=LINE('',#9628,#1945);
#1318=LINE('',#9630,#1946);
#1319=LINE('',#9631,#1947);
#1320=LINE('',#9634,#1948);
#1321=LINE('',#9635,#1949);
#1322=LINE('',#9638,#1950);
#1323=LINE('',#9639,#1951);
#1324=LINE('',#9642,#1952);
#1325=LINE('',#9643,#1953);
#1326=LINE('',#9646,#1954);
#1327=LINE('',#9647,#1955);
#1328=LINE('',#9650,#1956);
#1329=LINE('',#9651,#1957);
#1330=LINE('',#9654,#1958);
#1331=LINE('',#9655,#1959);
#1332=LINE('',#9658,#1960);
#1333=LINE('',#9659,#1961);
#1334=LINE('',#9662,#1962);
#1335=LINE('',#9663,#1963);
#1336=LINE('',#9665,#1964);
#1337=LINE('',#9914,#1965);
#1338=LINE('',#9915,#1966);
#1339=LINE('',#9954,#1967);
#1340=LINE('',#9993,#1968);
#1341=LINE('',#10115,#1969);
#1342=LINE('',#10116,#1970);
#1343=LINE('',#10199,#1971);
#1344=LINE('',#10258,#1972);
#1345=LINE('',#10343,#1973);
#1346=LINE('',#10345,#1974);
#1347=LINE('',#10346,#1975);
#1348=LINE('',#10349,#1976);
#1349=LINE('',#10350,#1977);
#1350=LINE('',#10353,#1978);
#1351=LINE('',#10354,#1979);
#1352=LINE('',#10357,#1980);
#1353=LINE('',#10358,#1981);
#1354=LINE('',#10361,#1982);
#1355=LINE('',#10362,#1983);
#1356=LINE('',#10365,#1984);
#1357=LINE('',#10366,#1985);
#1358=LINE('',#10369,#1986);
#1359=LINE('',#10370,#1987);
#1360=LINE('',#10373,#1988);
#1361=LINE('',#10374,#1989);
#1362=LINE('',#10377,#1990);
#1363=LINE('',#10378,#1991);
#1364=LINE('',#10380,#1992);
#1365=LINE('',#10421,#1993);
#1366=LINE('',#10442,#1994);
#1367=LINE('',#10482,#1995);
#1368=LINE('',#10525,#1996);
#1369=LINE('',#10576,#1997);
#1370=LINE('',#10635,#1998);
#1371=LINE('',#10657,#1999);
#1372=LINE('',#10658,#2000);
#1373=LINE('',#10682,#2001);
#1374=LINE('',#10733,#2002);
#1375=LINE('',#10808,#2003);
#1376=LINE('',#10867,#2004);
#1377=LINE('',#10884,#2005);
#1378=LINE('',#10888,#2006);
#1379=LINE('',#10890,#2007);
#1380=LINE('',#10891,#2008);
#1381=LINE('',#10894,#2009);
#1382=LINE('',#10896,#2010);
#1383=LINE('',#10897,#2011);
#1384=LINE('',#10899,#2012);
#1385=LINE('',#10900,#2013);
#1386=LINE('',#10905,#2014);
#1387=LINE('',#10907,#2015);
#1388=LINE('',#10908,#2016);
#1389=LINE('',#10911,#2017);
#1390=LINE('',#10913,#2018);
#1391=LINE('',#10914,#2019);
#1392=LINE('',#10916,#2020);
#1393=LINE('',#10917,#2021);
#1394=LINE('',#10922,#2022);
#1395=LINE('',#10924,#2023);
#1396=LINE('',#10925,#2024);
#1397=LINE('',#10928,#2025);
#1398=LINE('',#10929,#2026);
#1399=LINE('',#10932,#2027);
#1400=LINE('',#10933,#2028);
#1401=LINE('',#10935,#2029);
#1402=LINE('',#10939,#2030);
#1403=LINE('',#10941,#2031);
#1404=LINE('',#10943,#2032);
#1405=LINE('',#10944,#2033);
#1406=LINE('',#10947,#2034);
#1407=LINE('',#10949,#2035);
#1408=LINE('',#10950,#2036);
#1409=LINE('',#10953,#2037);
#1410=LINE('',#10954,#2038);
#1411=LINE('',#10957,#2039);
#1412=LINE('',#10958,#2040);
#1413=LINE('',#10960,#2041);
#1414=LINE('',#10965,#2042);
#1415=LINE('',#10969,#2043);
#1416=LINE('',#10972,#2044);
#1417=LINE('',#10973,#2045);
#1418=LINE('',#10975,#2046);
#1419=LINE('',#10976,#2047);
#1420=LINE('',#11018,#2048);
#1421=LINE('',#11039,#2049);
#1422=LINE('',#11079,#2050);
#1423=LINE('',#11130,#2051);
#1424=LINE('',#11148,#2052);
#1425=LINE('',#11149,#2053);
#1426=LINE('',#11152,#2054);
#1427=LINE('',#11153,#2055);
#1428=LINE('',#11156,#2056);
#1429=LINE('',#11157,#2057);
#1430=LINE('',#11160,#2058);
#1431=LINE('',#11161,#2059);
#1432=LINE('',#11164,#2060);
#1433=LINE('',#11165,#2061);
#1434=LINE('',#11197,#2062);
#1435=LINE('',#11252,#2063);
#1436=LINE('',#11311,#2064);
#1437=LINE('',#11332,#2065);
#1438=LINE('',#11337,#2066);
#1439=LINE('',#11339,#2067);
#1440=LINE('',#11341,#2068);
#1441=LINE('',#11343,#2069);
#1442=LINE('',#11345,#2070);
#1443=LINE('',#11347,#2071);
#1444=LINE('',#11349,#2072);
#1445=LINE('',#11350,#2073);
#1446=LINE('',#11353,#2074);
#1447=LINE('',#11355,#2075);
#1448=LINE('',#11356,#2076);
#1449=LINE('',#11358,#2077);
#1450=LINE('',#11359,#2078);
#1451=LINE('',#11361,#2079);
#1452=LINE('',#11363,#2080);
#1453=LINE('',#11365,#2081);
#1454=LINE('',#11367,#2082);
#1455=LINE('',#11369,#2083);
#1456=LINE('',#11371,#2084);
#1457=LINE('',#11376,#2085);
#1458=LINE('',#11377,#2086);
#1459=LINE('',#11378,#2087);
#1460=LINE('',#11381,#2088);
#1461=LINE('',#11382,#2089);
#1462=LINE('',#11384,#2090);
#1463=LINE('',#11388,#2091);
#1464=LINE('',#11390,#2092);
#1465=LINE('',#11391,#2093);
#1466=LINE('',#11394,#2094);
#1467=LINE('',#11395,#2095);
#1468=LINE('',#11398,#2096);
#1469=LINE('',#11399,#2097);
#1470=LINE('',#11402,#2098);
#1471=LINE('',#11403,#2099);
#1472=LINE('',#11406,#2100);
#1473=LINE('',#11407,#2101);
#1474=LINE('',#11409,#2102);
#1475=LINE('',#11450,#2103);
#1476=LINE('',#11471,#2104);
#1477=LINE('',#11511,#2105);
#1478=LINE('',#11562,#2106);
#1479=LINE('',#11580,#2107);
#1480=LINE('',#11581,#2108);
#1481=LINE('',#11584,#2109);
#1482=LINE('',#11585,#2110);
#1483=LINE('',#11588,#2111);
#1484=LINE('',#11589,#2112);
#1485=LINE('',#11592,#2113);
#1486=LINE('',#11593,#2114);
#1487=LINE('',#11596,#2115);
#1488=LINE('',#11597,#2116);
#1489=LINE('',#11629,#2117);
#1490=LINE('',#11684,#2118);
#1491=LINE('',#11743,#2119);
#1492=LINE('',#11764,#2120);
#1493=LINE('',#11768,#2121);
#1494=LINE('',#11770,#2122);
#1495=LINE('',#11771,#2123);
#1496=LINE('',#11774,#2124);
#1497=LINE('',#11775,#2125);
#1498=LINE('',#11799,#2126);
#1499=LINE('',#11850,#2127);
#1500=LINE('',#11909,#2128);
#1501=LINE('',#11960,#2129);
#1502=LINE('',#11978,#2130);
#1503=LINE('',#11979,#2131);
#1504=LINE('',#12019,#2132);
#1505=LINE('',#12094,#2133);
#1506=LINE('',#12161,#2134);
#1507=LINE('',#12196,#2135);
#1508=LINE('',#12206,#2136);
#1509=LINE('',#12207,#2137);
#1510=LINE('',#12210,#2138);
#1511=LINE('',#12211,#2139);
#1512=LINE('',#12213,#2140);
#1513=LINE('',#12217,#2141);
#1514=LINE('',#12219,#2142);
#1515=LINE('',#12220,#2143);
#1516=LINE('',#12223,#2144);
#1517=LINE('',#12224,#2145);
#1518=LINE('',#12227,#2146);
#1519=LINE('',#12228,#2147);
#1520=LINE('',#12231,#2148);
#1521=LINE('',#12232,#2149);
#1522=LINE('',#12235,#2150);
#1523=LINE('',#12236,#2151);
#1524=LINE('',#12239,#2152);
#1525=LINE('',#12240,#2153);
#1526=LINE('',#12242,#2154);
#1527=LINE('',#12247,#2155);
#1528=LINE('',#12249,#2156);
#1529=LINE('',#12251,#2157);
#1530=LINE('',#12253,#2158);
#1531=LINE('',#12255,#2159);
#1532=LINE('',#12257,#2160);
#1533=LINE('',#12259,#2161);
#1534=LINE('',#12260,#2162);
#1535=LINE('',#12263,#2163);
#1536=LINE('',#12265,#2164);
#1537=LINE('',#12266,#2165);
#1538=LINE('',#12268,#2166);
#1539=LINE('',#12269,#2167);
#1540=LINE('',#12271,#2168);
#1541=LINE('',#12273,#2169);
#1542=LINE('',#12275,#2170);
#1543=LINE('',#12277,#2171);
#1544=LINE('',#12279,#2172);
#1545=LINE('',#12281,#2173);
#1546=LINE('',#12286,#2174);
#1547=LINE('',#12287,#2175);
#1548=LINE('',#12288,#2176);
#1549=LINE('',#12291,#2177);
#1550=LINE('',#12292,#2178);
#1551=LINE('',#12294,#2179);
#1552=LINE('',#12335,#2180);
#1553=LINE('',#12356,#2181);
#1554=LINE('',#12396,#2182);
#1555=LINE('',#12439,#2183);
#1556=LINE('',#12490,#2184);
#1557=LINE('',#12549,#2185);
#1558=LINE('',#12571,#2186);
#1559=LINE('',#12572,#2187);
#1560=LINE('',#12596,#2188);
#1561=LINE('',#12647,#2189);
#1562=LINE('',#12722,#2190);
#1563=LINE('',#12781,#2191);
#1564=LINE('',#12798,#2192);
#1565=LINE('',#12803,#2193);
#1566=LINE('',#12805,#2194);
#1567=LINE('',#12807,#2195);
#1568=LINE('',#12808,#2196);
#1569=LINE('',#12811,#2197);
#1570=LINE('',#12813,#2198);
#1571=LINE('',#12814,#2199);
#1572=LINE('',#12817,#2200);
#1573=LINE('',#12819,#2201);
#1574=LINE('',#12821,#2202);
#1575=LINE('',#12823,#2203);
#1576=LINE('',#12825,#2204);
#1577=LINE('',#12826,#2205);
#1578=LINE('',#12837,#2206);
#1579=LINE('',#12839,#2207);
#1580=LINE('',#12841,#2208);
#1581=LINE('',#12843,#2209);
#1582=LINE('',#12845,#2210);
#1583=LINE('',#12846,#2211);
#1584=LINE('',#12856,#2212);
#1585=LINE('',#12857,#2213);
#1586=LINE('',#12860,#2214);
#1587=LINE('',#12862,#2215);
#1588=LINE('',#12864,#2216);
#1589=LINE('',#12866,#2217);
#1590=LINE('',#12868,#2218);
#1591=LINE('',#12871,#2219);
#1592=LINE('',#12873,#2220);
#1593=VECTOR('',#6127,1000.);
#1594=VECTOR('',#6128,1000.);
#1595=VECTOR('',#6129,1000.);
#1596=VECTOR('',#6132,1000.);
#1597=VECTOR('',#6135,1000.);
#1598=VECTOR('',#6136,1000.);
#1599=VECTOR('',#6137,1000.);
#1600=VECTOR('',#6140,1000.);
#1601=VECTOR('',#6145,1000.);
#1602=VECTOR('',#6146,1000.);
#1603=VECTOR('',#6147,1000.);
#1604=VECTOR('',#6150,1000.);
#1605=VECTOR('',#6151,1000.);
#1606=VECTOR('',#6152,1000.);
#1607=VECTOR('',#6157,1000.);
#1608=VECTOR('',#6160,1000.);
#1609=VECTOR('',#6165,1000.);
#1610=VECTOR('',#6166,1000.);
#1611=VECTOR('',#6169,1000.);
#1612=VECTOR('',#6170,1000.);
#1613=VECTOR('',#6173,1000.);
#1614=VECTOR('',#6174,1000.);
#1615=VECTOR('',#6177,1000.);
#1616=VECTOR('',#6180,1000.);
#1617=VECTOR('',#6181,1000.);
#1618=VECTOR('',#6182,1000.);
#1619=VECTOR('',#6185,1000.);
#1620=VECTOR('',#6186,1000.);
#1621=VECTOR('',#6187,1000.);
#1622=VECTOR('',#6192,1000.);
#1623=VECTOR('',#6193,1000.);
#1624=VECTOR('',#6194,1000.);
#1625=VECTOR('',#6197,1000.);
#1626=VECTOR('',#6200,1000.);
#1627=VECTOR('',#6201,1000.);
#1628=VECTOR('',#6202,1000.);
#1629=VECTOR('',#6205,1000.);
#1630=VECTOR('',#6212,1000.);
#1631=VECTOR('',#6213,1000.);
#1632=VECTOR('',#6220,1000.);
#1633=VECTOR('',#6225,1000.);
#1634=VECTOR('',#6232,1000.);
#1635=VECTOR('',#6237,1000.);
#1636=VECTOR('',#6240,1000.);
#1637=VECTOR('',#6243,1000.);
#1638=VECTOR('',#6246,1000.);
#1639=VECTOR('',#6253,1000.);
#1640=VECTOR('',#6254,1000.);
#1641=VECTOR('',#6255,1000.);
#1642=VECTOR('',#6262,1000.);
#1643=VECTOR('',#6265,1000.);
#1644=VECTOR('',#6268,1000.);
#1645=VECTOR('',#6271,1000.);
#1646=VECTOR('',#6286,1000.);
#1647=VECTOR('',#6287,1000.);
#1648=VECTOR('',#6292,1000.);
#1649=VECTOR('',#6295,1000.);
#1650=VECTOR('',#6300,1000.);
#1651=VECTOR('',#6301,1000.);
#1652=VECTOR('',#6304,1000.);
#1653=VECTOR('',#6305,1000.);
#1654=VECTOR('',#6308,1000.);
#1655=VECTOR('',#6311,1000.);
#1656=VECTOR('',#6314,1000.);
#1657=VECTOR('',#6317,1000.);
#1658=VECTOR('',#6322,1000.);
#1659=VECTOR('',#6323,1000.);
#1660=VECTOR('',#6326,1000.);
#1661=VECTOR('',#6327,1000.);
#1662=VECTOR('',#6344,0.625);
#1663=VECTOR('',#6351,0.625);
#1664=VECTOR('',#6358,0.625);
#1665=VECTOR('',#6365,0.625);
#1666=VECTOR('',#6372,1000.);
#1667=VECTOR('',#6375,1000.);
#1668=VECTOR('',#6380,1.1);
#1669=VECTOR('',#6385,1000.);
#1670=VECTOR('',#6386,1000.);
#1671=VECTOR('',#6387,1000.);
#1672=VECTOR('',#6388,1000.);
#1673=VECTOR('',#6389,1000.);
#1674=VECTOR('',#6390,1000.);
#1675=VECTOR('',#6391,1000.);
#1676=VECTOR('',#6392,1000.);
#1677=VECTOR('',#6393,1000.);
#1678=VECTOR('',#6394,1000.);
#1679=VECTOR('',#6395,1000.);
#1680=VECTOR('',#6396,1000.);
#1681=VECTOR('',#6397,1000.);
#1682=VECTOR('',#6398,1000.);
#1683=VECTOR('',#6399,1000.);
#1684=VECTOR('',#6400,1000.);
#1685=VECTOR('',#6401,1000.);
#1686=VECTOR('',#6402,1000.);
#1687=VECTOR('',#6403,1000.);
#1688=VECTOR('',#6404,1000.);
#1689=VECTOR('',#6405,1000.);
#1690=VECTOR('',#6406,1000.);
#1691=VECTOR('',#6407,1000.);
#1692=VECTOR('',#6408,1000.);
#1693=VECTOR('',#6409,1000.);
#1694=VECTOR('',#6410,1000.);
#1695=VECTOR('',#6411,1000.);
#1696=VECTOR('',#6412,1000.);
#1697=VECTOR('',#6413,1000.);
#1698=VECTOR('',#6414,1000.);
#1699=VECTOR('',#6415,1000.);
#1700=VECTOR('',#6416,1000.);
#1701=VECTOR('',#6417,1000.);
#1702=VECTOR('',#6418,1000.);
#1703=VECTOR('',#6419,1000.);
#1704=VECTOR('',#6420,1000.);
#1705=VECTOR('',#6421,1000.);
#1706=VECTOR('',#6422,1000.);
#1707=VECTOR('',#6423,1000.);
#1708=VECTOR('',#6424,1000.);
#1709=VECTOR('',#6425,1000.);
#1710=VECTOR('',#6426,1000.);
#1711=VECTOR('',#6427,1000.);
#1712=VECTOR('',#6428,1000.);
#1713=VECTOR('',#6429,1000.);
#1714=VECTOR('',#6430,1000.);
#1715=VECTOR('',#6431,1000.);
#1716=VECTOR('',#6432,1000.);
#1717=VECTOR('',#6433,1000.);
#1718=VECTOR('',#6434,1000.);
#1719=VECTOR('',#6435,1000.);
#1720=VECTOR('',#6436,1000.);
#1721=VECTOR('',#6437,1000.);
#1722=VECTOR('',#6438,1000.);
#1723=VECTOR('',#6439,1000.);
#1724=VECTOR('',#6440,1000.);
#1725=VECTOR('',#6441,1000.);
#1726=VECTOR('',#6442,1000.);
#1727=VECTOR('',#6443,1000.);
#1728=VECTOR('',#6444,1000.);
#1729=VECTOR('',#6445,1000.);
#1730=VECTOR('',#6448,1000.);
#1731=VECTOR('',#6449,1000.);
#1732=VECTOR('',#6450,1000.);
#1733=VECTOR('',#6451,1000.);
#1734=VECTOR('',#6452,1000.);
#1735=VECTOR('',#6453,1000.);
#1736=VECTOR('',#6454,1000.);
#1737=VECTOR('',#6455,1000.);
#1738=VECTOR('',#6456,1000.);
#1739=VECTOR('',#6457,1000.);
#1740=VECTOR('',#6458,1000.);
#1741=VECTOR('',#6459,1000.);
#1742=VECTOR('',#6460,1000.);
#1743=VECTOR('',#6461,1000.);
#1744=VECTOR('',#6462,1000.);
#1745=VECTOR('',#6463,1000.);
#1746=VECTOR('',#6464,1000.);
#1747=VECTOR('',#6465,1000.);
#1748=VECTOR('',#6466,1000.);
#1749=VECTOR('',#6467,1000.);
#1750=VECTOR('',#6468,1000.);
#1751=VECTOR('',#6469,1000.);
#1752=VECTOR('',#6470,1000.);
#1753=VECTOR('',#6471,1000.);
#1754=VECTOR('',#6472,1000.);
#1755=VECTOR('',#6473,1000.);
#1756=VECTOR('',#6474,1000.);
#1757=VECTOR('',#6475,1000.);
#1758=VECTOR('',#6476,1000.);
#1759=VECTOR('',#6477,1000.);
#1760=VECTOR('',#6478,1000.);
#1761=VECTOR('',#6479,1000.);
#1762=VECTOR('',#6480,1000.);
#1763=VECTOR('',#6481,1000.);
#1764=VECTOR('',#6482,1000.);
#1765=VECTOR('',#6483,1000.);
#1766=VECTOR('',#6486,1000.);
#1767=VECTOR('',#6487,1000.);
#1768=VECTOR('',#6490,1000.);
#1769=VECTOR('',#6491,1000.);
#1770=VECTOR('',#6494,1000.);
#1771=VECTOR('',#6495,1000.);
#1772=VECTOR('',#6496,1000.);
#1773=VECTOR('',#6497,1000.);
#1774=VECTOR('',#6498,1000.);
#1775=VECTOR('',#6499,1000.);
#1776=VECTOR('',#6500,1000.);
#1777=VECTOR('',#6501,1000.);
#1778=VECTOR('',#6504,1000.);
#1779=VECTOR('',#6505,1000.);
#1780=VECTOR('',#6506,1000.);
#1781=VECTOR('',#6507,1000.);
#1782=VECTOR('',#6508,1000.);
#1783=VECTOR('',#6509,1000.);
#1784=VECTOR('',#6510,1000.);
#1785=VECTOR('',#6511,1000.);
#1786=VECTOR('',#6514,1000.);
#1787=VECTOR('',#6515,1000.);
#1788=VECTOR('',#6516,1000.);
#1789=VECTOR('',#6517,1000.);
#1790=VECTOR('',#6518,1000.);
#1791=VECTOR('',#6519,1000.);
#1792=VECTOR('',#6520,1000.);
#1793=VECTOR('',#6521,1000.);
#1794=VECTOR('',#6524,1000.);
#1795=VECTOR('',#6525,1000.);
#1796=VECTOR('',#6526,1000.);
#1797=VECTOR('',#6527,1000.);
#1798=VECTOR('',#6530,1000.);
#1799=VECTOR('',#6531,1000.);
#1800=VECTOR('',#6532,1000.);
#1801=VECTOR('',#6533,1000.);
#1802=VECTOR('',#6534,1000.);
#1803=VECTOR('',#6535,1000.);
#1804=VECTOR('',#6536,1000.);
#1805=VECTOR('',#6537,1000.);
#1806=VECTOR('',#6538,1000.);
#1807=VECTOR('',#6539,1000.);
#1808=VECTOR('',#6540,1000.);
#1809=VECTOR('',#6541,1000.);
#1810=VECTOR('',#6542,1000.);
#1811=VECTOR('',#6543,1000.);
#1812=VECTOR('',#6544,1000.);
#1813=VECTOR('',#6545,1000.);
#1814=VECTOR('',#6548,1000.);
#1815=VECTOR('',#6549,1000.);
#1816=VECTOR('',#6550,1000.);
#1817=VECTOR('',#6551,1000.);
#1818=VECTOR('',#6554,1000.);
#1819=VECTOR('',#6555,1000.);
#1820=VECTOR('',#6558,1000.);
#1821=VECTOR('',#6559,1000.);
#1822=VECTOR('',#6562,1000.);
#1823=VECTOR('',#6563,1000.);
#1824=VECTOR('',#6566,1000.);
#1825=VECTOR('',#6567,1000.);
#1826=VECTOR('',#6570,1000.);
#1827=VECTOR('',#6571,1000.);
#1828=VECTOR('',#6572,1000.);
#1829=VECTOR('',#6573,1000.);
#1830=VECTOR('',#6574,1000.);
#1831=VECTOR('',#6577,1000.);
#1832=VECTOR('',#6578,1000.);
#1833=VECTOR('',#6579,1000.);
#1834=VECTOR('',#6580,1000.);
#1835=VECTOR('',#6583,1000.);
#1836=VECTOR('',#6584,1000.);
#1837=VECTOR('',#6585,1000.);
#1838=VECTOR('',#6586,1000.);
#1839=VECTOR('',#6587,1000.);
#1840=VECTOR('',#6590,1000.);
#1841=VECTOR('',#6593,1000.);
#1842=VECTOR('',#6596,1000.);
#1843=VECTOR('',#6597,1000.);
#1844=VECTOR('',#6600,1000.);
#1845=VECTOR('',#6601,1000.);
#1846=VECTOR('',#6608,1000.);
#1847=VECTOR('',#6609,1000.);
#1848=VECTOR('',#6610,1000.);
#1849=VECTOR('',#6611,1000.);
#1850=VECTOR('',#6612,1000.);
#1851=VECTOR('',#6615,1000.);
#1852=VECTOR('',#6616,1000.);
#1853=VECTOR('',#6617,1000.);
#1854=VECTOR('',#6618,1000.);
#1855=VECTOR('',#6621,1000.);
#1856=VECTOR('',#6622,1000.);
#1857=VECTOR('',#6623,1000.);
#1858=VECTOR('',#6624,1000.);
#1859=VECTOR('',#6625,1000.);
#1860=VECTOR('',#6628,1000.);
#1861=VECTOR('',#6631,1000.);
#1862=VECTOR('',#6634,1000.);
#1863=VECTOR('',#6635,1000.);
#1864=VECTOR('',#6636,1000.);
#1865=VECTOR('',#6637,1000.);
#1866=VECTOR('',#6638,1000.);
#1867=VECTOR('',#6641,1000.);
#1868=VECTOR('',#6642,1000.);
#1869=VECTOR('',#6643,1000.);
#1870=VECTOR('',#6644,1000.);
#1871=VECTOR('',#6647,1000.);
#1872=VECTOR('',#6648,1000.);
#1873=VECTOR('',#6649,1000.);
#1874=VECTOR('',#6650,1000.);
#1875=VECTOR('',#6651,1000.);
#1876=VECTOR('',#6654,1000.);
#1877=VECTOR('',#6657,1000.);
#1878=VECTOR('',#6660,1000.);
#1879=VECTOR('',#6661,1000.);
#1880=VECTOR('',#6664,1000.);
#1881=VECTOR('',#6665,1000.);
#1882=VECTOR('',#6668,1000.);
#1883=VECTOR('',#6669,1000.);
#1884=VECTOR('',#6672,1000.);
#1885=VECTOR('',#6673,1000.);
#1886=VECTOR('',#6684,1000.);
#1887=VECTOR('',#6687,1000.);
#1888=VECTOR('',#6692,1000.);
#1889=VECTOR('',#6693,1000.);
#1890=VECTOR('',#6696,1000.);
#1891=VECTOR('',#6697,1000.);
#1892=VECTOR('',#6700,1000.);
#1893=VECTOR('',#6701,1000.);
#1894=VECTOR('',#6702,1000.);
#1895=VECTOR('',#6703,1000.);
#1896=VECTOR('',#6704,1000.);
#1897=VECTOR('',#6705,1000.);
#1898=VECTOR('',#6706,1000.);
#1899=VECTOR('',#6709,1000.);
#1900=VECTOR('',#6710,1000.);
#1901=VECTOR('',#6711,1000.);
#1902=VECTOR('',#6712,1000.);
#1903=VECTOR('',#6715,1000.);
#1904=VECTOR('',#6718,1000.);
#1905=VECTOR('',#6721,1000.);
#1906=VECTOR('',#6724,1000.);
#1907=VECTOR('',#6725,1000.);
#1908=VECTOR('',#6726,1000.);
#1909=VECTOR('',#6729,1000.);
#1910=VECTOR('',#6730,1000.);
#1911=VECTOR('',#6731,1000.);
#1912=VECTOR('',#6734,1000.);
#1913=VECTOR('',#6735,1000.);
#1914=VECTOR('',#6738,1000.);
#1915=VECTOR('',#6739,1000.);
#1916=VECTOR('',#6742,1000.);
#1917=VECTOR('',#6751,1000.);
#1918=VECTOR('',#6752,1000.);
#1919=VECTOR('',#6753,1000.);
#1920=VECTOR('',#6754,1000.);
#1921=VECTOR('',#6755,1000.);
#1922=VECTOR('',#6758,1000.);
#1923=VECTOR('',#6761,1000.);
#1924=VECTOR('',#6766,1000.);
#1925=VECTOR('',#6767,1000.);
#1926=VECTOR('',#6768,1000.);
#1927=VECTOR('',#6771,1000.);
#1928=VECTOR('',#6772,1000.);
#1929=VECTOR('',#6775,1000.);
#1930=VECTOR('',#6776,1000.);
#1931=VECTOR('',#6779,1000.);
#1932=VECTOR('',#6790,1000.);
#1933=VECTOR('',#6791,1000.);
#1934=VECTOR('',#6792,1000.);
#1935=VECTOR('',#6793,1000.);
#1936=VECTOR('',#6794,1000.);
#1937=VECTOR('',#6795,1000.);
#1938=VECTOR('',#6798,1000.);
#1939=VECTOR('',#6799,1000.);
#1940=VECTOR('',#6800,1000.);
#1941=VECTOR('',#6801,1000.);
#1942=VECTOR('',#6802,1000.);
#1943=VECTOR('',#6803,1000.);
#1944=VECTOR('',#6806,1000.);
#1945=VECTOR('',#6811,1000.);
#1946=VECTOR('',#6812,1000.);
#1947=VECTOR('',#6813,1000.);
#1948=VECTOR('',#6816,1000.);
#1949=VECTOR('',#6817,1000.);
#1950=VECTOR('',#6820,1000.);
#1951=VECTOR('',#6821,1000.);
#1952=VECTOR('',#6824,1000.);
#1953=VECTOR('',#6825,1000.);
#1954=VECTOR('',#6828,1000.);
#1955=VECTOR('',#6829,1000.);
#1956=VECTOR('',#6832,1000.);
#1957=VECTOR('',#6833,1000.);
#1958=VECTOR('',#6836,1000.);
#1959=VECTOR('',#6837,1000.);
#1960=VECTOR('',#6840,1000.);
#1961=VECTOR('',#6841,1000.);
#1962=VECTOR('',#6844,1000.);
#1963=VECTOR('',#6845,1000.);
#1964=VECTOR('',#6848,1000.);
#1965=VECTOR('',#6853,1000.);
#1966=VECTOR('',#6854,1000.);
#1967=VECTOR('',#6855,1000.);
#1968=VECTOR('',#6856,1000.);
#1969=VECTOR('',#6857,1000.);
#1970=VECTOR('',#6858,1000.);
#1971=VECTOR('',#6859,1000.);
#1972=VECTOR('',#6860,1000.);
#1973=VECTOR('',#6865,1000.);
#1974=VECTOR('',#6866,1000.);
#1975=VECTOR('',#6867,1000.);
#1976=VECTOR('',#6870,1000.);
#1977=VECTOR('',#6871,1000.);
#1978=VECTOR('',#6874,1000.);
#1979=VECTOR('',#6875,1000.);
#1980=VECTOR('',#6878,1000.);
#1981=VECTOR('',#6879,1000.);
#1982=VECTOR('',#6882,1000.);
#1983=VECTOR('',#6883,1000.);
#1984=VECTOR('',#6886,1000.);
#1985=VECTOR('',#6887,1000.);
#1986=VECTOR('',#6890,1000.);
#1987=VECTOR('',#6891,1000.);
#1988=VECTOR('',#6894,1000.);
#1989=VECTOR('',#6895,1000.);
#1990=VECTOR('',#6898,1000.);
#1991=VECTOR('',#6899,1000.);
#1992=VECTOR('',#6902,1000.);
#1993=VECTOR('',#6905,1000.);
#1994=VECTOR('',#6906,1000.);
#1995=VECTOR('',#6907,1000.);
#1996=VECTOR('',#6908,1000.);
#1997=VECTOR('',#6909,1000.);
#1998=VECTOR('',#6910,1000.);
#1999=VECTOR('',#6913,1000.);
#2000=VECTOR('',#6914,1000.);
#2001=VECTOR('',#6915,1000.);
#2002=VECTOR('',#6916,1000.);
#2003=VECTOR('',#6917,1000.);
#2004=VECTOR('',#6918,1000.);
#2005=VECTOR('',#6921,1000.);
#2006=VECTOR('',#6926,1000.);
#2007=VECTOR('',#6927,1000.);
#2008=VECTOR('',#6928,1000.);
#2009=VECTOR('',#6931,1000.);
#2010=VECTOR('',#6932,1000.);
#2011=VECTOR('',#6933,1000.);
#2012=VECTOR('',#6936,1000.);
#2013=VECTOR('',#6937,1000.);
#2014=VECTOR('',#6944,1000.);
#2015=VECTOR('',#6945,1000.);
#2016=VECTOR('',#6946,1000.);
#2017=VECTOR('',#6949,1000.);
#2018=VECTOR('',#6950,1000.);
#2019=VECTOR('',#6951,1000.);
#2020=VECTOR('',#6954,1000.);
#2021=VECTOR('',#6955,1000.);
#2022=VECTOR('',#6962,1000.);
#2023=VECTOR('',#6963,1000.);
#2024=VECTOR('',#6964,1000.);
#2025=VECTOR('',#6967,1000.);
#2026=VECTOR('',#6968,1000.);
#2027=VECTOR('',#6971,1000.);
#2028=VECTOR('',#6972,1000.);
#2029=VECTOR('',#6975,1000.);
#2030=VECTOR('',#6978,1000.);
#2031=VECTOR('',#6979,1000.);
#2032=VECTOR('',#6980,1000.);
#2033=VECTOR('',#6981,1000.);
#2034=VECTOR('',#6984,1000.);
#2035=VECTOR('',#6985,1000.);
#2036=VECTOR('',#6986,1000.);
#2037=VECTOR('',#6989,1000.);
#2038=VECTOR('',#6990,1000.);
#2039=VECTOR('',#6993,1000.);
#2040=VECTOR('',#6994,1000.);
#2041=VECTOR('',#6997,1000.);
#2042=VECTOR('',#7002,1000.);
#2043=VECTOR('',#7005,1000.);
#2044=VECTOR('',#7010,1000.);
#2045=VECTOR('',#7011,1000.);
#2046=VECTOR('',#7014,1000.);
#2047=VECTOR('',#7015,1000.);
#2048=VECTOR('',#7020,1000.);
#2049=VECTOR('',#7021,1000.);
#2050=VECTOR('',#7022,1000.);
#2051=VECTOR('',#7023,1000.);
#2052=VECTOR('',#7026,1000.);
#2053=VECTOR('',#7027,1000.);
#2054=VECTOR('',#7030,1000.);
#2055=VECTOR('',#7031,1000.);
#2056=VECTOR('',#7034,1000.);
#2057=VECTOR('',#7035,1000.);
#2058=VECTOR('',#7038,1000.);
#2059=VECTOR('',#7039,1000.);
#2060=VECTOR('',#7042,1000.);
#2061=VECTOR('',#7043,1000.);
#2062=VECTOR('',#7044,1000.);
#2063=VECTOR('',#7045,1000.);
#2064=VECTOR('',#7046,1000.);
#2065=VECTOR('',#7049,1000.);
#2066=VECTOR('',#7054,1000.);
#2067=VECTOR('',#7055,1000.);
#2068=VECTOR('',#7056,1000.);
#2069=VECTOR('',#7057,1000.);
#2070=VECTOR('',#7058,1000.);
#2071=VECTOR('',#7059,1000.);
#2072=VECTOR('',#7060,1000.);
#2073=VECTOR('',#7061,1000.);
#2074=VECTOR('',#7062,1000.);
#2075=VECTOR('',#7063,1000.);
#2076=VECTOR('',#7064,1000.);
#2077=VECTOR('',#7067,1000.);
#2078=VECTOR('',#7068,1000.);
#2079=VECTOR('',#7071,1000.);
#2080=VECTOR('',#7074,1000.);
#2081=VECTOR('',#7077,1000.);
#2082=VECTOR('',#7080,1000.);
#2083=VECTOR('',#7083,1000.);
#2084=VECTOR('',#7086,1000.);
#2085=VECTOR('',#7091,1000.);
#2086=VECTOR('',#7092,1000.);
#2087=VECTOR('',#7093,1000.);
#2088=VECTOR('',#7096,1000.);
#2089=VECTOR('',#7097,1000.);
#2090=VECTOR('',#7100,1000.);
#2091=VECTOR('',#7105,1000.);
#2092=VECTOR('',#7106,1000.);
#2093=VECTOR('',#7107,1000.);
#2094=VECTOR('',#7110,1000.);
#2095=VECTOR('',#7111,1000.);
#2096=VECTOR('',#7114,1000.);
#2097=VECTOR('',#7115,1000.);
#2098=VECTOR('',#7118,1000.);
#2099=VECTOR('',#7119,1000.);
#2100=VECTOR('',#7122,1000.);
#2101=VECTOR('',#7123,1000.);
#2102=VECTOR('',#7126,1000.);
#2103=VECTOR('',#7129,1000.);
#2104=VECTOR('',#7130,1000.);
#2105=VECTOR('',#7131,1000.);
#2106=VECTOR('',#7132,1000.);
#2107=VECTOR('',#7135,1000.);
#2108=VECTOR('',#7136,1000.);
#2109=VECTOR('',#7139,1000.);
#2110=VECTOR('',#7140,1000.);
#2111=VECTOR('',#7143,1000.);
#2112=VECTOR('',#7144,1000.);
#2113=VECTOR('',#7147,1000.);
#2114=VECTOR('',#7148,1000.);
#2115=VECTOR('',#7151,1000.);
#2116=VECTOR('',#7152,1000.);
#2117=VECTOR('',#7153,1000.);
#2118=VECTOR('',#7154,1000.);
#2119=VECTOR('',#7155,1000.);
#2120=VECTOR('',#7158,1000.);
#2121=VECTOR('',#7163,1000.);
#2122=VECTOR('',#7164,1000.);
#2123=VECTOR('',#7165,1000.);
#2124=VECTOR('',#7168,1000.);
#2125=VECTOR('',#7169,1000.);
#2126=VECTOR('',#7170,1000.);
#2127=VECTOR('',#7171,1000.);
#2128=VECTOR('',#7172,1000.);
#2129=VECTOR('',#7173,1000.);
#2130=VECTOR('',#7176,1000.);
#2131=VECTOR('',#7177,1000.);
#2132=VECTOR('',#7178,1000.);
#2133=VECTOR('',#7179,1000.);
#2134=VECTOR('',#7180,1000.);
#2135=VECTOR('',#7181,1000.);
#2136=VECTOR('',#7184,1000.);
#2137=VECTOR('',#7185,1000.);
#2138=VECTOR('',#7188,1000.);
#2139=VECTOR('',#7189,1000.);
#2140=VECTOR('',#7192,1000.);
#2141=VECTOR('',#7197,1000.);
#2142=VECTOR('',#7198,1000.);
#2143=VECTOR('',#7199,1000.);
#2144=VECTOR('',#7202,1000.);
#2145=VECTOR('',#7203,1000.);
#2146=VECTOR('',#7206,1000.);
#2147=VECTOR('',#7207,1000.);
#2148=VECTOR('',#7210,1000.);
#2149=VECTOR('',#7211,1000.);
#2150=VECTOR('',#7214,1000.);
#2151=VECTOR('',#7215,1000.);
#2152=VECTOR('',#7218,1000.);
#2153=VECTOR('',#7219,1000.);
#2154=VECTOR('',#7222,1000.);
#2155=VECTOR('',#7227,1000.);
#2156=VECTOR('',#7228,1000.);
#2157=VECTOR('',#7229,1000.);
#2158=VECTOR('',#7230,1000.);
#2159=VECTOR('',#7231,1000.);
#2160=VECTOR('',#7232,1000.);
#2161=VECTOR('',#7233,1000.);
#2162=VECTOR('',#7234,1000.);
#2163=VECTOR('',#7235,1000.);
#2164=VECTOR('',#7236,1000.);
#2165=VECTOR('',#7237,1000.);
#2166=VECTOR('',#7240,1000.);
#2167=VECTOR('',#7241,1000.);
#2168=VECTOR('',#7244,1000.);
#2169=VECTOR('',#7247,1000.);
#2170=VECTOR('',#7250,1000.);
#2171=VECTOR('',#7253,1000.);
#2172=VECTOR('',#7256,1000.);
#2173=VECTOR('',#7259,1000.);
#2174=VECTOR('',#7264,1000.);
#2175=VECTOR('',#7265,1000.);
#2176=VECTOR('',#7266,1000.);
#2177=VECTOR('',#7269,1000.);
#2178=VECTOR('',#7270,1000.);
#2179=VECTOR('',#7273,1000.);
#2180=VECTOR('',#7276,1000.);
#2181=VECTOR('',#7277,1000.);
#2182=VECTOR('',#7278,1000.);
#2183=VECTOR('',#7279,1000.);
#2184=VECTOR('',#7280,1000.);
#2185=VECTOR('',#7281,1000.);
#2186=VECTOR('',#7284,1000.);
#2187=VECTOR('',#7285,1000.);
#2188=VECTOR('',#7286,1000.);
#2189=VECTOR('',#7287,1000.);
#2190=VECTOR('',#7288,1000.);
#2191=VECTOR('',#7289,1000.);
#2192=VECTOR('',#7292,1000.);
#2193=VECTOR('',#7297,10.);
#2194=VECTOR('',#7298,10.);
#2195=VECTOR('',#7299,10.);
#2196=VECTOR('',#7300,10.);
#2197=VECTOR('',#7303,10.);
#2198=VECTOR('',#7304,10.);
#2199=VECTOR('',#7305,10.);
#2200=VECTOR('',#7308,10.);
#2201=VECTOR('',#7309,10.);
#2202=VECTOR('',#7310,10.);
#2203=VECTOR('',#7311,10.);
#2204=VECTOR('',#7312,10.);
#2205=VECTOR('',#7313,10.);
#2206=VECTOR('',#7324,10.);
#2207=VECTOR('',#7325,10.);
#2208=VECTOR('',#7326,10.);
#2209=VECTOR('',#7327,10.);
#2210=VECTOR('',#7328,10.);
#2211=VECTOR('',#7329,10.);
#2212=VECTOR('',#7340,10.);
#2213=VECTOR('',#7341,10.);
#2214=VECTOR('',#7346,10.);
#2215=VECTOR('',#7349,2.75);
#2216=VECTOR('',#7352,10.);
#2217=VECTOR('',#7355,2.75);
#2218=VECTOR('',#7358,10.);
#2219=VECTOR('',#7363,1.1);
#2220=VECTOR('',#7366,1.1);
#2221=VERTEX_POINT('',#7372);
#2222=VERTEX_POINT('',#7373);
#2223=VERTEX_POINT('',#7375);
#2224=VERTEX_POINT('',#7377);
#2225=VERTEX_POINT('',#7379);
#2226=VERTEX_POINT('',#7381);
#2227=VERTEX_POINT('',#7383);
#2228=VERTEX_POINT('',#7385);
#2229=VERTEX_POINT('',#7387);
#2230=VERTEX_POINT('',#7389);
#2231=VERTEX_POINT('',#7391);
#2232=VERTEX_POINT('',#7393);
#2233=VERTEX_POINT('',#7397);
#2234=VERTEX_POINT('',#7398);
#2235=VERTEX_POINT('',#7400);
#2236=VERTEX_POINT('',#7402);
#2237=VERTEX_POINT('',#7404);
#2238=VERTEX_POINT('',#7406);
#2239=VERTEX_POINT('',#7408);
#2240=VERTEX_POINT('',#7410);
#2241=VERTEX_POINT('',#7414);
#2242=VERTEX_POINT('',#7416);
#2243=VERTEX_POINT('',#7420);
#2244=VERTEX_POINT('',#7421);
#2245=VERTEX_POINT('',#7426);
#2246=VERTEX_POINT('',#7430);
#2247=VERTEX_POINT('',#7436);
#2248=VERTEX_POINT('',#7437);
#2249=VERTEX_POINT('',#7439);
#2250=VERTEX_POINT('',#7441);
#2251=VERTEX_POINT('',#7443);
#2252=VERTEX_POINT('',#7445);
#2253=VERTEX_POINT('',#7447);
#2254=VERTEX_POINT('',#7449);
#2255=VERTEX_POINT('',#7453);
#2256=VERTEX_POINT('',#7454);
#2257=VERTEX_POINT('',#7456);
#2258=VERTEX_POINT('',#7458);
#2259=VERTEX_POINT('',#7460);
#2260=VERTEX_POINT('',#7462);
#2261=VERTEX_POINT('',#7464);
#2262=VERTEX_POINT('',#7466);
#2263=VERTEX_POINT('',#7468);
#2264=VERTEX_POINT('',#7470);
#2265=VERTEX_POINT('',#7472);
#2266=VERTEX_POINT('',#7474);
#2267=VERTEX_POINT('',#7478);
#2268=VERTEX_POINT('',#7479);
#2269=VERTEX_POINT('',#7484);
#2270=VERTEX_POINT('',#7485);
#2271=VERTEX_POINT('',#7488);
#2272=VERTEX_POINT('',#7490);
#2273=VERTEX_POINT('',#7492);
#2274=VERTEX_POINT('',#7495);
#2275=VERTEX_POINT('',#7497);
#2276=VERTEX_POINT('',#7509);
#2277=VERTEX_POINT('',#7510);
#2278=VERTEX_POINT('',#7515);
#2279=VERTEX_POINT('',#7516);
#2280=VERTEX_POINT('',#7531);
#2281=VERTEX_POINT('',#7533);
#2282=VERTEX_POINT('',#7536);
#2283=VERTEX_POINT('',#7538);
#2284=VERTEX_POINT('',#7541);
#2285=VERTEX_POINT('',#7543);
#2286=VERTEX_POINT('',#7545);
#2287=VERTEX_POINT('',#7547);
#2288=VERTEX_POINT('',#7551);
#2289=VERTEX_POINT('',#7555);
#2290=VERTEX_POINT('',#7559);
#2291=VERTEX_POINT('',#7584);
#2292=VERTEX_POINT('',#7586);
#2293=VERTEX_POINT('',#7590);
#2294=VERTEX_POINT('',#7592);
#2295=VERTEX_POINT('',#7596);
#2296=VERTEX_POINT('',#7598);
#2297=VERTEX_POINT('',#7602);
#2298=VERTEX_POINT('',#7604);
#2299=VERTEX_POINT('',#7608);
#2300=VERTEX_POINT('',#7609);
#2301=VERTEX_POINT('',#7611);
#2302=VERTEX_POINT('',#7613);
#2303=VERTEX_POINT('',#7617);
#2304=VERTEX_POINT('',#7619);
#2305=VERTEX_POINT('',#7623);
#2306=VERTEX_POINT('',#7624);
#2307=VERTEX_POINT('',#7626);
#2308=VERTEX_POINT('',#7628);
#2309=VERTEX_POINT('',#7630);
#2310=VERTEX_POINT('',#7632);
#2311=VERTEX_POINT('',#7634);
#2312=VERTEX_POINT('',#7636);
#2313=VERTEX_POINT('',#7639);
#2314=VERTEX_POINT('',#7640);
#2315=VERTEX_POINT('',#7642);
#2316=VERTEX_POINT('',#7644);
#2317=VERTEX_POINT('',#7647);
#2318=VERTEX_POINT('',#7648);
#2319=VERTEX_POINT('',#7650);
#2320=VERTEX_POINT('',#7652);
#2321=VERTEX_POINT('',#7654);
#2322=VERTEX_POINT('',#7656);
#2323=VERTEX_POINT('',#7658);
#2324=VERTEX_POINT('',#7660);
#2325=VERTEX_POINT('',#7663);
#2326=VERTEX_POINT('',#7664);
#2327=VERTEX_POINT('',#7666);
#2328=VERTEX_POINT('',#7668);
#2329=VERTEX_POINT('',#7670);
#2330=VERTEX_POINT('',#7672);
#2331=VERTEX_POINT('',#7675);
#2332=VERTEX_POINT('',#7676);
#2333=VERTEX_POINT('',#7696);
#2334=VERTEX_POINT('',#7716);
#2335=VERTEX_POINT('',#7718);
#2336=VERTEX_POINT('',#7738);
#2337=VERTEX_POINT('',#7758);
#2338=VERTEX_POINT('',#7774);
#2339=VERTEX_POINT('',#7776);
#2340=VERTEX_POINT('',#7778);
#2341=VERTEX_POINT('',#7780);
#2342=VERTEX_POINT('',#7782);
#2343=VERTEX_POINT('',#7799);
#2344=VERTEX_POINT('',#7800);
#2345=VERTEX_POINT('',#7802);
#2346=VERTEX_POINT('',#7804);
#2347=VERTEX_POINT('',#7806);
#2348=VERTEX_POINT('',#7808);
#2349=VERTEX_POINT('',#7810);
#2350=VERTEX_POINT('',#7818);
#2351=VERTEX_POINT('',#7838);
#2352=VERTEX_POINT('',#7866);
#2353=VERTEX_POINT('',#7886);
#2354=VERTEX_POINT('',#7888);
#2355=VERTEX_POINT('',#7904);
#2356=VERTEX_POINT('',#7924);
#2357=VERTEX_POINT('',#7955);
#2358=VERTEX_POINT('',#7956);
#2359=VERTEX_POINT('',#7958);
#2360=VERTEX_POINT('',#7960);
#2361=VERTEX_POINT('',#7962);
#2362=VERTEX_POINT('',#7964);
#2363=VERTEX_POINT('',#7966);
#2364=VERTEX_POINT('',#7969);
#2365=VERTEX_POINT('',#7970);
#2366=VERTEX_POINT('',#7990);
#2367=VERTEX_POINT('',#8010);
#2368=VERTEX_POINT('',#8012);
#2369=VERTEX_POINT('',#8028);
#2370=VERTEX_POINT('',#8056);
#2371=VERTEX_POINT('',#8076);
#2372=VERTEX_POINT('',#8088);
#2373=VERTEX_POINT('',#8090);
#2374=VERTEX_POINT('',#8110);
#2375=VERTEX_POINT('',#8141);
#2376=VERTEX_POINT('',#8142);
#2377=VERTEX_POINT('',#8144);
#2378=VERTEX_POINT('',#8146);
#2379=VERTEX_POINT('',#8148);
#2380=VERTEX_POINT('',#8150);
#2381=VERTEX_POINT('',#8152);
#2382=VERTEX_POINT('',#8154);
#2383=VERTEX_POINT('',#8157);
#2384=VERTEX_POINT('',#8158);
#2385=VERTEX_POINT('',#8178);
#2386=VERTEX_POINT('',#8198);
#2387=VERTEX_POINT('',#8200);
#2388=VERTEX_POINT('',#8220);
#2389=VERTEX_POINT('',#8240);
#2390=VERTEX_POINT('',#8256);
#2391=VERTEX_POINT('',#8258);
#2392=VERTEX_POINT('',#8260);
#2393=VERTEX_POINT('',#8262);
#2394=VERTEX_POINT('',#8264);
#2395=VERTEX_POINT('',#8282);
#2396=VERTEX_POINT('',#8283);
#2397=VERTEX_POINT('',#8285);
#2398=VERTEX_POINT('',#8287);
#2399=VERTEX_POINT('',#8289);
#2400=VERTEX_POINT('',#8291);
#2401=VERTEX_POINT('',#8293);
#2402=VERTEX_POINT('',#8295);
#2403=VERTEX_POINT('',#8298);
#2404=VERTEX_POINT('',#8299);
#2405=VERTEX_POINT('',#8319);
#2406=VERTEX_POINT('',#8321);
#2407=VERTEX_POINT('',#8337);
#2408=VERTEX_POINT('',#8365);
#2409=VERTEX_POINT('',#8385);
#2410=VERTEX_POINT('',#8397);
#2411=VERTEX_POINT('',#8399);
#2412=VERTEX_POINT('',#8419);
#2413=VERTEX_POINT('',#8439);
#2414=VERTEX_POINT('',#8470);
#2415=VERTEX_POINT('',#8471);
#2416=VERTEX_POINT('',#8473);
#2417=VERTEX_POINT('',#8475);
#2418=VERTEX_POINT('',#8477);
#2419=VERTEX_POINT('',#8479);
#2420=VERTEX_POINT('',#8481);
#2421=VERTEX_POINT('',#8483);
#2422=VERTEX_POINT('',#8485);
#2423=VERTEX_POINT('',#8487);
#2424=VERTEX_POINT('',#8490);
#2425=VERTEX_POINT('',#8491);
#2426=VERTEX_POINT('',#8519);
#2427=VERTEX_POINT('',#8539);
#2428=VERTEX_POINT('',#8578);
#2429=VERTEX_POINT('',#8579);
#2430=VERTEX_POINT('',#8581);
#2431=VERTEX_POINT('',#8583);
#2432=VERTEX_POINT('',#8585);
#2433=VERTEX_POINT('',#8587);
#2434=VERTEX_POINT('',#8589);
#2435=VERTEX_POINT('',#8591);
#2436=VERTEX_POINT('',#8593);
#2437=VERTEX_POINT('',#8595);
#2438=VERTEX_POINT('',#8598);
#2439=VERTEX_POINT('',#8599);
#2440=VERTEX_POINT('',#8619);
#2441=VERTEX_POINT('',#8621);
#2442=VERTEX_POINT('',#8637);
#2443=VERTEX_POINT('',#8665);
#2444=VERTEX_POINT('',#8685);
#2445=VERTEX_POINT('',#8697);
#2446=VERTEX_POINT('',#8699);
#2447=VERTEX_POINT('',#8719);
#2448=VERTEX_POINT('',#8739);
#2449=VERTEX_POINT('',#8770);
#2450=VERTEX_POINT('',#8771);
#2451=VERTEX_POINT('',#8773);
#2452=VERTEX_POINT('',#8775);
#2453=VERTEX_POINT('',#8785);
#2454=VERTEX_POINT('',#8786);
#2455=VERTEX_POINT('',#8788);
#2456=VERTEX_POINT('',#8790);
#2457=VERTEX_POINT('',#8793);
#2458=VERTEX_POINT('',#8794);
#2459=VERTEX_POINT('',#8796);
#2460=VERTEX_POINT('',#8798);
#2461=VERTEX_POINT('',#8802);
#2462=VERTEX_POINT('',#8803);
#2463=VERTEX_POINT('',#8805);
#2464=VERTEX_POINT('',#8807);
#2465=VERTEX_POINT('',#8810);
#2466=VERTEX_POINT('',#8811);
#2467=VERTEX_POINT('',#8813);
#2468=VERTEX_POINT('',#8815);
#2469=VERTEX_POINT('',#8819);
#2470=VERTEX_POINT('',#8820);
#2471=VERTEX_POINT('',#8822);
#2472=VERTEX_POINT('',#8824);
#2473=VERTEX_POINT('',#8827);
#2474=VERTEX_POINT('',#8828);
#2475=VERTEX_POINT('',#8830);
#2476=VERTEX_POINT('',#8832);
#2477=VERTEX_POINT('',#8836);
#2478=VERTEX_POINT('',#8837);
#2479=VERTEX_POINT('',#8839);
#2480=VERTEX_POINT('',#8841);
#2481=VERTEX_POINT('',#8845);
#2482=VERTEX_POINT('',#8846);
#2483=VERTEX_POINT('',#8848);
#2484=VERTEX_POINT('',#8850);
#2485=VERTEX_POINT('',#8853);
#2486=VERTEX_POINT('',#8854);
#2487=VERTEX_POINT('',#8856);
#2488=VERTEX_POINT('',#8858);
#2489=VERTEX_POINT('',#8861);
#2490=VERTEX_POINT('',#8862);
#2491=VERTEX_POINT('',#8864);
#2492=VERTEX_POINT('',#8866);
#2493=VERTEX_POINT('',#8869);
#2494=VERTEX_POINT('',#8870);
#2495=VERTEX_POINT('',#8872);
#2496=VERTEX_POINT('',#8874);
#2497=VERTEX_POINT('',#8878);
#2498=VERTEX_POINT('',#8879);
#2499=VERTEX_POINT('',#8881);
#2500=VERTEX_POINT('',#8883);
#2501=VERTEX_POINT('',#8899);
#2502=VERTEX_POINT('',#8900);
#2503=VERTEX_POINT('',#8902);
#2504=VERTEX_POINT('',#8905);
#2505=VERTEX_POINT('',#8909);
#2506=VERTEX_POINT('',#8910);
#2507=VERTEX_POINT('',#8912);
#2508=VERTEX_POINT('',#8914);
#2509=VERTEX_POINT('',#8918);
#2510=VERTEX_POINT('',#8920);
#2511=VERTEX_POINT('',#8922);
#2512=VERTEX_POINT('',#8924);
#2513=VERTEX_POINT('',#8940);
#2514=VERTEX_POINT('',#8941);
#2515=VERTEX_POINT('',#8943);
#2516=VERTEX_POINT('',#8946);
#2517=VERTEX_POINT('',#8950);
#2518=VERTEX_POINT('',#8951);
#2519=VERTEX_POINT('',#8953);
#2520=VERTEX_POINT('',#8955);
#2521=VERTEX_POINT('',#8959);
#2522=VERTEX_POINT('',#8961);
#2523=VERTEX_POINT('',#8963);
#2524=VERTEX_POINT('',#8965);
#2525=VERTEX_POINT('',#8973);
#2526=VERTEX_POINT('',#8974);
#2527=VERTEX_POINT('',#8976);
#2528=VERTEX_POINT('',#8979);
#2529=VERTEX_POINT('',#8983);
#2530=VERTEX_POINT('',#8984);
#2531=VERTEX_POINT('',#8986);
#2532=VERTEX_POINT('',#8988);
#2533=VERTEX_POINT('',#8992);
#2534=VERTEX_POINT('',#8994);
#2535=VERTEX_POINT('',#8996);
#2536=VERTEX_POINT('',#8998);
#2537=VERTEX_POINT('',#9022);
#2538=VERTEX_POINT('',#9023);
#2539=VERTEX_POINT('',#9025);
#2540=VERTEX_POINT('',#9027);
#2541=VERTEX_POINT('',#9037);
#2542=VERTEX_POINT('',#9039);
#2543=VERTEX_POINT('',#9041);
#2544=VERTEX_POINT('',#9043);
#2545=VERTEX_POINT('',#9045);
#2546=VERTEX_POINT('',#9047);
#2547=VERTEX_POINT('',#9051);
#2548=VERTEX_POINT('',#9053);
#2549=VERTEX_POINT('',#9064);
#2550=VERTEX_POINT('',#9066);
#2551=VERTEX_POINT('',#9070);
#2552=VERTEX_POINT('',#9072);
#2553=VERTEX_POINT('',#9076);
#2554=VERTEX_POINT('',#9080);
#2555=VERTEX_POINT('',#9091);
#2556=VERTEX_POINT('',#9093);
#2557=VERTEX_POINT('',#9102);
#2558=VERTEX_POINT('',#9104);
#2559=VERTEX_POINT('',#9108);
#2560=VERTEX_POINT('',#9112);
#2561=VERTEX_POINT('',#9160);
#2562=VERTEX_POINT('',#9162);
#2563=VERTEX_POINT('',#9221);
#2564=VERTEX_POINT('',#9264);
#2565=VERTEX_POINT('',#9315);
#2566=VERTEX_POINT('',#9374);
#2567=VERTEX_POINT('',#9396);
#2568=VERTEX_POINT('',#9421);
#2569=VERTEX_POINT('',#9472);
#2570=VERTEX_POINT('',#9547);
#2571=VERTEX_POINT('',#9606);
#2572=VERTEX_POINT('',#9627);
#2573=VERTEX_POINT('',#9629);
#2574=VERTEX_POINT('',#9633);
#2575=VERTEX_POINT('',#9637);
#2576=VERTEX_POINT('',#9641);
#2577=VERTEX_POINT('',#9645);
#2578=VERTEX_POINT('',#9649);
#2579=VERTEX_POINT('',#9653);
#2580=VERTEX_POINT('',#9657);
#2581=VERTEX_POINT('',#9661);
#2582=VERTEX_POINT('',#9668);
#2583=VERTEX_POINT('',#9669);
#2584=VERTEX_POINT('',#9697);
#2585=VERTEX_POINT('',#9717);
#2586=VERTEX_POINT('',#9756);
#2587=VERTEX_POINT('',#9757);
#2588=VERTEX_POINT('',#9785);
#2589=VERTEX_POINT('',#9813);
#2590=VERTEX_POINT('',#10086);
#2591=VERTEX_POINT('',#10087);
#2592=VERTEX_POINT('',#10171);
#2593=VERTEX_POINT('',#10238);
#2594=VERTEX_POINT('',#10342);
#2595=VERTEX_POINT('',#10344);
#2596=VERTEX_POINT('',#10348);
#2597=VERTEX_POINT('',#10352);
#2598=VERTEX_POINT('',#10356);
#2599=VERTEX_POINT('',#10360);
#2600=VERTEX_POINT('',#10364);
#2601=VERTEX_POINT('',#10368);
#2602=VERTEX_POINT('',#10372);
#2603=VERTEX_POINT('',#10376);
#2604=VERTEX_POINT('',#10420);
#2605=VERTEX_POINT('',#10422);
#2606=VERTEX_POINT('',#10481);
#2607=VERTEX_POINT('',#10524);
#2608=VERTEX_POINT('',#10575);
#2609=VERTEX_POINT('',#10634);
#2610=VERTEX_POINT('',#10656);
#2611=VERTEX_POINT('',#10681);
#2612=VERTEX_POINT('',#10732);
#2613=VERTEX_POINT('',#10807);
#2614=VERTEX_POINT('',#10866);
#2615=VERTEX_POINT('',#10887);
#2616=VERTEX_POINT('',#10889);
#2617=VERTEX_POINT('',#10893);
#2618=VERTEX_POINT('',#10895);
#2619=VERTEX_POINT('',#10904);
#2620=VERTEX_POINT('',#10906);
#2621=VERTEX_POINT('',#10910);
#2622=VERTEX_POINT('',#10912);
#2623=VERTEX_POINT('',#10921);
#2624=VERTEX_POINT('',#10923);
#2625=VERTEX_POINT('',#10927);
#2626=VERTEX_POINT('',#10931);
#2627=VERTEX_POINT('',#10937);
#2628=VERTEX_POINT('',#10938);
#2629=VERTEX_POINT('',#10940);
#2630=VERTEX_POINT('',#10942);
#2631=VERTEX_POINT('',#10946);
#2632=VERTEX_POINT('',#10948);
#2633=VERTEX_POINT('',#10952);
#2634=VERTEX_POINT('',#10956);
#2635=VERTEX_POINT('',#10963);
#2636=VERTEX_POINT('',#10964);
#2637=VERTEX_POINT('',#10966);
#2638=VERTEX_POINT('',#10968);
#2639=VERTEX_POINT('',#11017);
#2640=VERTEX_POINT('',#11019);
#2641=VERTEX_POINT('',#11078);
#2642=VERTEX_POINT('',#11129);
#2643=VERTEX_POINT('',#11147);
#2644=VERTEX_POINT('',#11151);
#2645=VERTEX_POINT('',#11155);
#2646=VERTEX_POINT('',#11159);
#2647=VERTEX_POINT('',#11163);
#2648=VERTEX_POINT('',#11196);
#2649=VERTEX_POINT('',#11251);
#2650=VERTEX_POINT('',#11310);
#2651=VERTEX_POINT('',#11335);
#2652=VERTEX_POINT('',#11336);
#2653=VERTEX_POINT('',#11338);
#2654=VERTEX_POINT('',#11340);
#2655=VERTEX_POINT('',#11342);
#2656=VERTEX_POINT('',#11344);
#2657=VERTEX_POINT('',#11346);
#2658=VERTEX_POINT('',#11348);
#2659=VERTEX_POINT('',#11351);
#2660=VERTEX_POINT('',#11352);
#2661=VERTEX_POINT('',#11354);
#2662=VERTEX_POINT('',#11374);
#2663=VERTEX_POINT('',#11375);
#2664=VERTEX_POINT('',#11380);
#2665=VERTEX_POINT('',#11387);
#2666=VERTEX_POINT('',#11389);
#2667=VERTEX_POINT('',#11393);
#2668=VERTEX_POINT('',#11397);
#2669=VERTEX_POINT('',#11401);
#2670=VERTEX_POINT('',#11405);
#2671=VERTEX_POINT('',#11449);
#2672=VERTEX_POINT('',#11451);
#2673=VERTEX_POINT('',#11510);
#2674=VERTEX_POINT('',#11561);
#2675=VERTEX_POINT('',#11579);
#2676=VERTEX_POINT('',#11583);
#2677=VERTEX_POINT('',#11587);
#2678=VERTEX_POINT('',#11591);
#2679=VERTEX_POINT('',#11595);
#2680=VERTEX_POINT('',#11628);
#2681=VERTEX_POINT('',#11683);
#2682=VERTEX_POINT('',#11742);
#2683=VERTEX_POINT('',#11767);
#2684=VERTEX_POINT('',#11769);
#2685=VERTEX_POINT('',#11773);
#2686=VERTEX_POINT('',#11798);
#2687=VERTEX_POINT('',#11849);
#2688=VERTEX_POINT('',#11908);
#2689=VERTEX_POINT('',#11959);
#2690=VERTEX_POINT('',#11977);
#2691=VERTEX_POINT('',#12018);
#2692=VERTEX_POINT('',#12093);
#2693=VERTEX_POINT('',#12160);
#2694=VERTEX_POINT('',#12195);
#2695=VERTEX_POINT('',#12205);
#2696=VERTEX_POINT('',#12209);
#2697=VERTEX_POINT('',#12216);
#2698=VERTEX_POINT('',#12218);
#2699=VERTEX_POINT('',#12222);
#2700=VERTEX_POINT('',#12226);
#2701=VERTEX_POINT('',#12230);
#2702=VERTEX_POINT('',#12234);
#2703=VERTEX_POINT('',#12238);
#2704=VERTEX_POINT('',#12245);
#2705=VERTEX_POINT('',#12246);
#2706=VERTEX_POINT('',#12248);
#2707=VERTEX_POINT('',#12250);
#2708=VERTEX_POINT('',#12252);
#2709=VERTEX_POINT('',#12254);
#2710=VERTEX_POINT('',#12256);
#2711=VERTEX_POINT('',#12258);
#2712=VERTEX_POINT('',#12261);
#2713=VERTEX_POINT('',#12262);
#2714=VERTEX_POINT('',#12264);
#2715=VERTEX_POINT('',#12284);
#2716=VERTEX_POINT('',#12285);
#2717=VERTEX_POINT('',#12290);
#2718=VERTEX_POINT('',#12334);
#2719=VERTEX_POINT('',#12336);
#2720=VERTEX_POINT('',#12395);
#2721=VERTEX_POINT('',#12438);
#2722=VERTEX_POINT('',#12489);
#2723=VERTEX_POINT('',#12548);
#2724=VERTEX_POINT('',#12570);
#2725=VERTEX_POINT('',#12595);
#2726=VERTEX_POINT('',#12646);
#2727=VERTEX_POINT('',#12721);
#2728=VERTEX_POINT('',#12780);
#2729=VERTEX_POINT('',#12801);
#2730=VERTEX_POINT('',#12802);
#2731=VERTEX_POINT('',#12804);
#2732=VERTEX_POINT('',#12806);
#2733=VERTEX_POINT('',#12810);
#2734=VERTEX_POINT('',#12812);
#2735=VERTEX_POINT('',#12816);
#2736=VERTEX_POINT('',#12818);
#2737=VERTEX_POINT('',#12820);
#2738=VERTEX_POINT('',#12822);
#2739=VERTEX_POINT('',#12824);
#2740=VERTEX_POINT('',#12827);
#2741=VERTEX_POINT('',#12829);
#2742=VERTEX_POINT('',#12831);
#2743=VERTEX_POINT('',#12833);
#2744=VERTEX_POINT('',#12836);
#2745=VERTEX_POINT('',#12838);
#2746=VERTEX_POINT('',#12840);
#2747=VERTEX_POINT('',#12842);
#2748=VERTEX_POINT('',#12844);
#2749=VERTEX_POINT('',#12847);
#2750=VERTEX_POINT('',#12849);
#2751=VERTEX_POINT('',#12851);
#2752=VERTEX_POINT('',#12853);
#2753=EDGE_CURVE('',#2221,#2222,#965,.T.);
#2754=EDGE_CURVE('',#2221,#2223,#966,.T.);
#2755=EDGE_CURVE('',#2224,#2223,#967,.T.);
#2756=EDGE_CURVE('',#2225,#2224,#905,.T.);
#2757=EDGE_CURVE('',#2226,#2225,#968,.T.);
#2758=EDGE_CURVE('',#2227,#2226,#906,.T.);
#2759=EDGE_CURVE('',#2227,#2228,#969,.T.);
#2760=EDGE_CURVE('',#2228,#2229,#970,.T.);
#2761=EDGE_CURVE('',#2229,#2230,#971,.T.);
#2762=EDGE_CURVE('',#2230,#2231,#907,.T.);
#2763=EDGE_CURVE('',#2231,#2232,#972,.T.);
#2764=EDGE_CURVE('',#2232,#2222,#908,.T.);
#2765=EDGE_CURVE('',#2233,#2234,#973,.T.);
#2766=EDGE_CURVE('',#2233,#2235,#974,.T.);
#2767=EDGE_CURVE('',#2236,#2235,#975,.T.);
#2768=EDGE_CURVE('',#2237,#2236,#909,.T.);
#2769=EDGE_CURVE('',#2238,#2237,#976,.T.);
#2770=EDGE_CURVE('',#2239,#2238,#977,.T.);
#2771=EDGE_CURVE('',#2240,#2239,#978,.T.);
#2772=EDGE_CURVE('',#2240,#2234,#910,.T.);
#2773=EDGE_CURVE('',#2241,#2240,#979,.T.);
#2774=EDGE_CURVE('',#2242,#2241,#911,.T.);
#2775=EDGE_CURVE('',#2242,#2234,#980,.T.);
#2776=EDGE_CURVE('',#2243,#2244,#912,.T.);
#2777=EDGE_CURVE('',#2243,#2237,#981,.T.);
#2778=EDGE_CURVE('',#2244,#2236,#982,.T.);
#2779=EDGE_CURVE('',#2245,#2243,#983,.T.);
#2780=EDGE_CURVE('',#2245,#2238,#984,.T.);
#2781=EDGE_CURVE('',#2246,#2245,#985,.T.);
#2782=EDGE_CURVE('',#2246,#2239,#986,.T.);
#2783=EDGE_CURVE('',#2241,#2246,#987,.T.);
#2784=EDGE_CURVE('',#2247,#2248,#988,.T.);
#2785=EDGE_CURVE('',#2248,#2249,#989,.T.);
#2786=EDGE_CURVE('',#2249,#2250,#990,.T.);
#2787=EDGE_CURVE('',#2251,#2250,#913,.T.);
#2788=EDGE_CURVE('',#2251,#2252,#991,.T.);
#2789=EDGE_CURVE('',#2252,#2253,#992,.T.);
#2790=EDGE_CURVE('',#2253,#2254,#993,.T.);
#2791=EDGE_CURVE('',#2254,#2247,#914,.T.);
#2792=EDGE_CURVE('',#2255,#2256,#994,.T.);
#2793=EDGE_CURVE('',#2256,#2257,#995,.T.);
#2794=EDGE_CURVE('',#2257,#2258,#996,.T.);
#2795=EDGE_CURVE('',#2259,#2258,#915,.T.);
#2796=EDGE_CURVE('',#2260,#2259,#997,.T.);
#2797=EDGE_CURVE('',#2261,#2260,#916,.T.);
#2798=EDGE_CURVE('',#2262,#2261,#998,.T.);
#2799=EDGE_CURVE('',#2262,#2263,#999,.T.);
#2800=EDGE_CURVE('',#2264,#2263,#1000,.T.);
#2801=EDGE_CURVE('',#2264,#2265,#917,.T.);
#2802=EDGE_CURVE('',#2265,#2266,#1001,.T.);
#2803=EDGE_CURVE('',#2266,#2255,#918,.T.);
#2804=EDGE_CURVE('',#2267,#2268,#919,.T.);
#2805=EDGE_CURVE('',#2251,#2268,#1002,.T.);
#2806=EDGE_CURVE('',#2250,#2267,#1003,.T.);
#2807=EDGE_CURVE('',#2269,#2270,#920,.T.);
#2808=EDGE_CURVE('',#2269,#2233,#921,.T.);
#2809=EDGE_CURVE('',#2271,#2242,#1004,.T.);
#2810=EDGE_CURVE('',#2271,#2272,#922,.T.);
#2811=EDGE_CURVE('',#2272,#2273,#923,.T.);
#2812=EDGE_CURVE('',#2273,#2267,#1005,.T.);
#2813=EDGE_CURVE('',#2249,#2274,#924,.T.);
#2814=EDGE_CURVE('',#2275,#2274,#925,.T.);
#2815=EDGE_CURVE('',#2275,#2228,#926,.T.);
#2816=EDGE_CURVE('',#2227,#2264,#1006,.T.);
#2817=EDGE_CURVE('',#2263,#2270,#927,.T.);
#2818=EDGE_CURVE('',#2226,#2265,#1007,.T.);
#2819=EDGE_CURVE('',#2225,#2266,#1008,.T.);
#2820=EDGE_CURVE('',#2224,#2255,#1009,.T.);
#2821=EDGE_CURVE('',#2276,#2277,#1010,.T.);
#2822=EDGE_CURVE('',#2277,#2256,#928,.T.);
#2823=EDGE_CURVE('',#2223,#2276,#929,.T.);
#2824=EDGE_CURVE('',#2278,#2279,#1011,.T.);
#2825=EDGE_CURVE('',#2279,#2277,#1012,.T.);
#2826=EDGE_CURVE('',#2276,#2278,#1013,.T.);
#2827=EDGE_CURVE('',#2257,#2279,#930,.T.);
#2828=EDGE_CURVE('',#2278,#2221,#931,.T.);
#2829=EDGE_CURVE('',#2222,#2258,#1014,.T.);
#2830=EDGE_CURVE('',#2232,#2259,#1015,.T.);
#2831=EDGE_CURVE('',#2231,#2260,#1016,.T.);
#2832=EDGE_CURVE('',#2230,#2261,#1017,.T.);
#2833=EDGE_CURVE('',#2235,#2280,#932,.T.);
#2834=EDGE_CURVE('',#2280,#2281,#933,.T.);
#2835=EDGE_CURVE('',#2281,#2262,#934,.T.);
#2836=EDGE_CURVE('',#2229,#2282,#935,.T.);
#2837=EDGE_CURVE('',#2282,#2283,#936,.T.);
#2838=EDGE_CURVE('',#2283,#2248,#937,.T.);
#2839=EDGE_CURVE('',#2247,#2284,#1018,.T.);
#2840=EDGE_CURVE('',#2284,#2285,#1019,.T.);
#2841=EDGE_CURVE('',#2285,#2286,#938,.T.);
#2842=EDGE_CURVE('',#2286,#2287,#939,.T.);
#2843=EDGE_CURVE('',#2244,#2287,#1020,.T.);
#2844=EDGE_CURVE('',#2254,#2288,#1021,.T.);
#2845=EDGE_CURVE('',#2288,#2284,#940,.T.);
#2846=EDGE_CURVE('',#2253,#2289,#1022,.T.);
#2847=EDGE_CURVE('',#2289,#2288,#1023,.T.);
#2848=EDGE_CURVE('',#2252,#2290,#1024,.T.);
#2849=EDGE_CURVE('',#2290,#2289,#1025,.T.);
#2850=EDGE_CURVE('',#2268,#2290,#1026,.T.);
#2851=EDGE_CURVE('',#2273,#2285,#1027,.T.);
#2852=EDGE_CURVE('',#2287,#2271,#1028,.T.);
#2853=EDGE_CURVE('',#2272,#2286,#1029,.T.);
#2854=EDGE_CURVE('',#2280,#2269,#1030,.T.);
#2855=EDGE_CURVE('',#2270,#2281,#1031,.T.);
#2856=EDGE_CURVE('',#2282,#2275,#1032,.T.);
#2857=EDGE_CURVE('',#2274,#2283,#1033,.T.);
#2858=EDGE_CURVE('',#2291,#2291,#941,.T.);
#2859=EDGE_CURVE('',#2291,#2292,#1034,.T.);
#2860=EDGE_CURVE('',#2292,#2292,#942,.T.);
#2861=EDGE_CURVE('',#2293,#2293,#943,.T.);
#2862=EDGE_CURVE('',#2293,#2294,#1035,.T.);
#2863=EDGE_CURVE('',#2294,#2294,#944,.T.);
#2864=EDGE_CURVE('',#2295,#2295,#945,.T.);
#2865=EDGE_CURVE('',#2295,#2296,#1036,.T.);
#2866=EDGE_CURVE('',#2296,#2296,#946,.T.);
#2867=EDGE_CURVE('',#2297,#2297,#947,.T.);
#2868=EDGE_CURVE('',#2297,#2298,#1037,.T.);
#2869=EDGE_CURVE('',#2298,#2298,#948,.T.);
#2870=EDGE_CURVE('',#2299,#2300,#949,.T.);
#2871=EDGE_CURVE('',#2300,#2301,#1038,.T.);
#2872=EDGE_CURVE('',#2301,#2302,#950,.T.);
#2873=EDGE_CURVE('',#2299,#2302,#1039,.T.);
#2874=EDGE_CURVE('',#2303,#2303,#951,.T.);
#2875=EDGE_CURVE('',#2303,#2304,#1040,.T.);
#2876=EDGE_CURVE('',#2304,#2304,#952,.T.);
#2877=EDGE_CURVE('',#2305,#2306,#1041,.T.);
#2878=EDGE_CURVE('',#2306,#2307,#1042,.T.);
#2879=EDGE_CURVE('',#2307,#2308,#1043,.T.);
#2880=EDGE_CURVE('',#2308,#2309,#1044,.T.);
#2881=EDGE_CURVE('',#2309,#2310,#1045,.T.);
#2882=EDGE_CURVE('',#2311,#2310,#1046,.T.);
#2883=EDGE_CURVE('',#2312,#2311,#1047,.T.);
#2884=EDGE_CURVE('',#2305,#2312,#1048,.T.);
#2885=EDGE_CURVE('',#2313,#2314,#1049,.T.);
#2886=EDGE_CURVE('',#2314,#2315,#1050,.T.);
#2887=EDGE_CURVE('',#2315,#2316,#1051,.T.);
#2888=EDGE_CURVE('',#2316,#2313,#1052,.T.);
#2889=EDGE_CURVE('',#2317,#2318,#1053,.T.);
#2890=EDGE_CURVE('',#2318,#2319,#1054,.T.);
#2891=EDGE_CURVE('',#2319,#2320,#1055,.T.);
#2892=EDGE_CURVE('',#2320,#2321,#1056,.T.);
#2893=EDGE_CURVE('',#2321,#2322,#1057,.T.);
#2894=EDGE_CURVE('',#2322,#2323,#1058,.T.);
#2895=EDGE_CURVE('',#2323,#2324,#1059,.T.);
#2896=EDGE_CURVE('',#2324,#2317,#1060,.T.);
#2897=EDGE_CURVE('',#2325,#2326,#1061,.T.);
#2898=EDGE_CURVE('',#2326,#2327,#1062,.T.);
#2899=EDGE_CURVE('',#2327,#2328,#1063,.T.);
#2900=EDGE_CURVE('',#2328,#2329,#1064,.T.);
#2901=EDGE_CURVE('',#2329,#2330,#1065,.T.);
#2902=EDGE_CURVE('',#2330,#2325,#1066,.T.);
#2903=EDGE_CURVE('',#2331,#2332,#74,.T.);
#2904=EDGE_CURVE('',#2332,#2333,#75,.T.);
#2905=EDGE_CURVE('',#2333,#2334,#1067,.T.);
#2906=EDGE_CURVE('',#2334,#2335,#76,.T.);
#2907=EDGE_CURVE('',#2335,#2336,#77,.T.);
#2908=EDGE_CURVE('',#2336,#2337,#78,.T.);
#2909=EDGE_CURVE('',#2337,#2338,#1068,.T.);
#2910=EDGE_CURVE('',#2338,#2339,#1069,.T.);
#2911=EDGE_CURVE('',#2339,#2340,#1070,.T.);
#2912=EDGE_CURVE('',#2340,#2341,#1071,.T.);
#2913=EDGE_CURVE('',#2341,#2342,#1072,.T.);
#2914=EDGE_CURVE('',#2342,#2331,#79,.T.);
#2915=EDGE_CURVE('',#2343,#2344,#1073,.T.);
#2916=EDGE_CURVE('',#2344,#2345,#1074,.T.);
#2917=EDGE_CURVE('',#2345,#2346,#1075,.T.);
#2918=EDGE_CURVE('',#2346,#2347,#1076,.T.);
#2919=EDGE_CURVE('',#2347,#2348,#1077,.T.);
#2920=EDGE_CURVE('',#2348,#2349,#80,.T.);
#2921=EDGE_CURVE('',#2349,#2350,#81,.T.);
#2922=EDGE_CURVE('',#2350,#2351,#82,.T.);
#2923=EDGE_CURVE('',#2351,#2352,#83,.T.);
#2924=EDGE_CURVE('',#2352,#2353,#1078,.T.);
#2925=EDGE_CURVE('',#2353,#2354,#84,.T.);
#2926=EDGE_CURVE('',#2354,#2355,#85,.T.);
#2927=EDGE_CURVE('',#2355,#2356,#86,.T.);
#2928=EDGE_CURVE('',#2356,#2343,#87,.T.);
#2929=EDGE_CURVE('',#2357,#2358,#1079,.T.);
#2930=EDGE_CURVE('',#2358,#2359,#1080,.T.);
#2931=EDGE_CURVE('',#2359,#2360,#1081,.T.);
#2932=EDGE_CURVE('',#2360,#2361,#1082,.T.);
#2933=EDGE_CURVE('',#2361,#2362,#1083,.T.);
#2934=EDGE_CURVE('',#2362,#2363,#1084,.T.);
#2935=EDGE_CURVE('',#2363,#2357,#1085,.T.);
#2936=EDGE_CURVE('',#2364,#2365,#88,.T.);
#2937=EDGE_CURVE('',#2365,#2366,#89,.T.);
#2938=EDGE_CURVE('',#2366,#2367,#1086,.T.);
#2939=EDGE_CURVE('',#2367,#2368,#90,.T.);
#2940=EDGE_CURVE('',#2368,#2369,#91,.T.);
#2941=EDGE_CURVE('',#2369,#2370,#92,.T.);
#2942=EDGE_CURVE('',#2370,#2371,#93,.T.);
#2943=EDGE_CURVE('',#2371,#2372,#1087,.T.);
#2944=EDGE_CURVE('',#2372,#2373,#94,.T.);
#2945=EDGE_CURVE('',#2373,#2374,#95,.T.);
#2946=EDGE_CURVE('',#2374,#2364,#96,.T.);
#2947=EDGE_CURVE('',#2375,#2376,#1088,.T.);
#2948=EDGE_CURVE('',#2376,#2377,#1089,.T.);
#2949=EDGE_CURVE('',#2377,#2378,#1090,.T.);
#2950=EDGE_CURVE('',#2378,#2379,#1091,.T.);
#2951=EDGE_CURVE('',#2379,#2380,#1092,.T.);
#2952=EDGE_CURVE('',#2380,#2381,#1093,.T.);
#2953=EDGE_CURVE('',#2381,#2382,#1094,.T.);
#2954=EDGE_CURVE('',#2382,#2375,#1095,.T.);
#2955=EDGE_CURVE('',#2383,#2384,#97,.T.);
#2956=EDGE_CURVE('',#2384,#2385,#98,.T.);
#2957=EDGE_CURVE('',#2385,#2386,#1096,.T.);
#2958=EDGE_CURVE('',#2386,#2387,#99,.T.);
#2959=EDGE_CURVE('',#2387,#2388,#100,.T.);
#2960=EDGE_CURVE('',#2388,#2389,#101,.T.);
#2961=EDGE_CURVE('',#2389,#2390,#1097,.T.);
#2962=EDGE_CURVE('',#2390,#2391,#1098,.T.);
#2963=EDGE_CURVE('',#2391,#2392,#1099,.T.);
#2964=EDGE_CURVE('',#2392,#2393,#1100,.T.);
#2965=EDGE_CURVE('',#2393,#2394,#1101,.T.);
#2966=EDGE_CURVE('',#2394,#2383,#102,.T.);
#2967=EDGE_CURVE('',#2395,#2396,#1102,.T.);
#2968=EDGE_CURVE('',#2397,#2395,#1103,.T.);
#2969=EDGE_CURVE('',#2398,#2397,#1104,.T.);
#2970=EDGE_CURVE('',#2399,#2398,#1105,.T.);
#2971=EDGE_CURVE('',#2400,#2399,#1106,.T.);
#2972=EDGE_CURVE('',#2400,#2401,#1107,.T.);
#2973=EDGE_CURVE('',#2401,#2402,#1108,.T.);
#2974=EDGE_CURVE('',#2402,#2396,#1109,.T.);
#2975=EDGE_CURVE('',#2403,#2404,#103,.T.);
#2976=EDGE_CURVE('',#2404,#2405,#1110,.T.);
#2977=EDGE_CURVE('',#2405,#2406,#104,.T.);
#2978=EDGE_CURVE('',#2406,#2407,#105,.T.);
#2979=EDGE_CURVE('',#2407,#2408,#106,.T.);
#2980=EDGE_CURVE('',#2408,#2409,#107,.T.);
#2981=EDGE_CURVE('',#2409,#2410,#1111,.T.);
#2982=EDGE_CURVE('',#2410,#2411,#108,.T.);
#2983=EDGE_CURVE('',#2411,#2412,#109,.T.);
#2984=EDGE_CURVE('',#2412,#2413,#110,.T.);
#2985=EDGE_CURVE('',#2413,#2403,#111,.T.);
#2986=EDGE_CURVE('',#2414,#2415,#1112,.T.);
#2987=EDGE_CURVE('',#2415,#2416,#1113,.T.);
#2988=EDGE_CURVE('',#2416,#2417,#1114,.T.);
#2989=EDGE_CURVE('',#2417,#2418,#1115,.T.);
#2990=EDGE_CURVE('',#2418,#2419,#1116,.T.);
#2991=EDGE_CURVE('',#2419,#2420,#1117,.T.);
#2992=EDGE_CURVE('',#2420,#2421,#1118,.T.);
#2993=EDGE_CURVE('',#2421,#2422,#1119,.T.);
#2994=EDGE_CURVE('',#2422,#2423,#1120,.T.);
#2995=EDGE_CURVE('',#2423,#2414,#1121,.T.);
#2996=EDGE_CURVE('',#2424,#2425,#112,.T.);
#2997=EDGE_CURVE('',#2425,#2426,#113,.T.);
#2998=EDGE_CURVE('',#2426,#2427,#114,.T.);
#2999=EDGE_CURVE('',#2427,#2424,#115,.T.);
#3000=EDGE_CURVE('',#2428,#2429,#1122,.T.);
#3001=EDGE_CURVE('',#2429,#2430,#1123,.T.);
#3002=EDGE_CURVE('',#2430,#2431,#1124,.T.);
#3003=EDGE_CURVE('',#2431,#2432,#1125,.T.);
#3004=EDGE_CURVE('',#2432,#2433,#1126,.T.);
#3005=EDGE_CURVE('',#2433,#2434,#1127,.T.);
#3006=EDGE_CURVE('',#2434,#2435,#1128,.T.);
#3007=EDGE_CURVE('',#2435,#2436,#1129,.T.);
#3008=EDGE_CURVE('',#2436,#2437,#1130,.T.);
#3009=EDGE_CURVE('',#2437,#2428,#1131,.T.);
#3010=EDGE_CURVE('',#2438,#2439,#116,.T.);
#3011=EDGE_CURVE('',#2439,#2440,#1132,.T.);
#3012=EDGE_CURVE('',#2440,#2441,#117,.T.);
#3013=EDGE_CURVE('',#2441,#2442,#118,.T.);
#3014=EDGE_CURVE('',#2442,#2443,#119,.T.);
#3015=EDGE_CURVE('',#2443,#2444,#120,.T.);
#3016=EDGE_CURVE('',#2444,#2445,#1133,.T.);
#3017=EDGE_CURVE('',#2445,#2446,#121,.T.);
#3018=EDGE_CURVE('',#2446,#2447,#122,.T.);
#3019=EDGE_CURVE('',#2447,#2448,#123,.T.);
#3020=EDGE_CURVE('',#2448,#2438,#124,.T.);
#3021=EDGE_CURVE('',#2449,#2450,#1134,.T.);
#3022=EDGE_CURVE('',#2451,#2449,#1135,.T.);
#3023=EDGE_CURVE('',#2452,#2451,#1136,.T.);
#3024=EDGE_CURVE('',#2450,#2452,#1137,.T.);
#3025=EDGE_CURVE('',#2305,#2400,#1138,.T.);
#3026=EDGE_CURVE('',#2401,#2312,#1139,.T.);
#3027=EDGE_CURVE('',#2310,#2396,#1140,.T.);
#3028=EDGE_CURVE('',#2402,#2311,#1141,.T.);
#3029=EDGE_CURVE('',#2453,#2454,#1142,.T.);
#3030=EDGE_CURVE('',#2455,#2454,#1143,.T.);
#3031=EDGE_CURVE('',#2455,#2456,#1144,.T.);
#3032=EDGE_CURVE('',#2453,#2456,#1145,.T.);
#3033=EDGE_CURVE('',#2457,#2458,#1146,.T.);
#3034=EDGE_CURVE('',#2458,#2459,#1147,.T.);
#3035=EDGE_CURVE('',#2460,#2459,#1148,.T.);
#3036=EDGE_CURVE('',#2457,#2460,#1149,.T.);
#3037=EDGE_CURVE('',#2461,#2462,#1150,.T.);
#3038=EDGE_CURVE('',#2461,#2463,#1151,.T.);
#3039=EDGE_CURVE('',#2463,#2464,#1152,.T.);
#3040=EDGE_CURVE('',#2464,#2462,#1153,.T.);
#3041=EDGE_CURVE('',#2465,#2466,#1154,.T.);
#3042=EDGE_CURVE('',#2466,#2467,#1155,.T.);
#3043=EDGE_CURVE('',#2468,#2467,#1156,.T.);
#3044=EDGE_CURVE('',#2465,#2468,#1157,.T.);
#3045=EDGE_CURVE('',#2469,#2470,#1158,.T.);
#3046=EDGE_CURVE('',#2471,#2470,#1159,.T.);
#3047=EDGE_CURVE('',#2471,#2472,#1160,.T.);
#3048=EDGE_CURVE('',#2472,#2469,#1161,.T.);
#3049=EDGE_CURVE('',#2473,#2474,#1162,.T.);
#3050=EDGE_CURVE('',#2474,#2475,#1163,.T.);
#3051=EDGE_CURVE('',#2476,#2475,#1164,.T.);
#3052=EDGE_CURVE('',#2473,#2476,#1165,.T.);
#3053=EDGE_CURVE('',#2477,#2478,#1166,.T.);
#3054=EDGE_CURVE('',#2477,#2479,#1167,.T.);
#3055=EDGE_CURVE('',#2479,#2480,#1168,.T.);
#3056=EDGE_CURVE('',#2480,#2478,#1169,.T.);
#3057=EDGE_CURVE('',#2481,#2482,#1170,.T.);
#3058=EDGE_CURVE('',#2483,#2481,#1171,.T.);
#3059=EDGE_CURVE('',#2484,#2483,#1172,.T.);
#3060=EDGE_CURVE('',#2482,#2484,#1173,.T.);
#3061=EDGE_CURVE('',#2485,#2486,#1174,.T.);
#3062=EDGE_CURVE('',#2487,#2485,#1175,.T.);
#3063=EDGE_CURVE('',#2488,#2487,#1176,.T.);
#3064=EDGE_CURVE('',#2486,#2488,#1177,.T.);
#3065=EDGE_CURVE('',#2489,#2490,#1178,.T.);
#3066=EDGE_CURVE('',#2489,#2491,#1179,.T.);
#3067=EDGE_CURVE('',#2491,#2492,#1180,.T.);
#3068=EDGE_CURVE('',#2490,#2492,#1181,.T.);
#3069=EDGE_CURVE('',#2493,#2494,#1182,.T.);
#3070=EDGE_CURVE('',#2493,#2495,#1183,.T.);
#3071=EDGE_CURVE('',#2495,#2496,#1184,.T.);
#3072=EDGE_CURVE('',#2494,#2496,#1185,.T.);
#3073=EDGE_CURVE('',#2497,#2498,#1186,.T.);
#3074=EDGE_CURVE('',#2497,#2499,#1187,.T.);
#3075=EDGE_CURVE('',#2499,#2500,#1188,.T.);
#3076=EDGE_CURVE('',#2500,#2498,#1189,.T.);
#3077=EDGE_CURVE('',#2499,#2453,#1190,.T.);
#3078=EDGE_CURVE('',#2456,#2500,#1191,.T.);
#3079=EDGE_CURVE('',#2463,#2497,#1192,.T.);
#3080=EDGE_CURVE('',#2498,#2464,#1193,.T.);
#3081=EDGE_CURVE('',#2479,#2461,#1194,.T.);
#3082=EDGE_CURVE('',#2462,#2480,#1195,.T.);
#3083=EDGE_CURVE('',#2472,#2477,#1196,.T.);
#3084=EDGE_CURVE('',#2478,#2469,#1197,.T.);
#3085=EDGE_CURVE('',#2501,#2502,#1198,.T.);
#3086=EDGE_CURVE('',#2502,#2503,#1199,.T.);
#3087=EDGE_CURVE('',#2503,#2473,#1200,.T.);
#3088=EDGE_CURVE('',#2504,#2476,#1201,.T.);
#3089=EDGE_CURVE('',#2504,#2501,#1202,.T.);
#3090=EDGE_CURVE('',#2505,#2506,#1203,.T.);
#3091=EDGE_CURVE('',#2506,#2507,#1204,.T.);
#3092=EDGE_CURVE('',#2507,#2508,#1205,.T.);
#3093=EDGE_CURVE('',#2508,#2505,#1206,.T.);
#3094=EDGE_CURVE('',#2474,#2509,#1207,.T.);
#3095=EDGE_CURVE('',#2509,#2510,#1208,.T.);
#3096=EDGE_CURVE('',#2510,#2511,#1209,.T.);
#3097=EDGE_CURVE('',#2511,#2512,#1210,.T.);
#3098=EDGE_CURVE('',#2475,#2512,#1211,.T.);
#3099=EDGE_CURVE('',#2503,#2509,#1212,.T.);
#3100=EDGE_CURVE('',#2512,#2504,#1213,.T.);
#3101=EDGE_CURVE('',#2507,#2502,#1214,.T.);
#3102=EDGE_CURVE('',#2501,#2508,#1215,.T.);
#3103=EDGE_CURVE('',#2510,#2506,#1216,.T.);
#3104=EDGE_CURVE('',#2505,#2511,#1217,.T.);
#3105=EDGE_CURVE('',#2513,#2514,#1218,.T.);
#3106=EDGE_CURVE('',#2514,#2515,#1219,.T.);
#3107=EDGE_CURVE('',#2515,#2465,#1220,.T.);
#3108=EDGE_CURVE('',#2516,#2468,#1221,.T.);
#3109=EDGE_CURVE('',#2516,#2513,#1222,.T.);
#3110=EDGE_CURVE('',#2517,#2518,#1223,.T.);
#3111=EDGE_CURVE('',#2518,#2519,#1224,.T.);
#3112=EDGE_CURVE('',#2519,#2520,#1225,.T.);
#3113=EDGE_CURVE('',#2520,#2517,#1226,.T.);
#3114=EDGE_CURVE('',#2466,#2521,#1227,.T.);
#3115=EDGE_CURVE('',#2521,#2522,#1228,.T.);
#3116=EDGE_CURVE('',#2522,#2523,#1229,.T.);
#3117=EDGE_CURVE('',#2523,#2524,#1230,.T.);
#3118=EDGE_CURVE('',#2467,#2524,#1231,.T.);
#3119=EDGE_CURVE('',#2515,#2521,#1232,.T.);
#3120=EDGE_CURVE('',#2524,#2516,#1233,.T.);
#3121=EDGE_CURVE('',#2525,#2526,#1234,.T.);
#3122=EDGE_CURVE('',#2526,#2527,#1235,.T.);
#3123=EDGE_CURVE('',#2527,#2457,#1236,.T.);
#3124=EDGE_CURVE('',#2528,#2460,#1237,.T.);
#3125=EDGE_CURVE('',#2528,#2525,#1238,.T.);
#3126=EDGE_CURVE('',#2529,#2530,#1239,.T.);
#3127=EDGE_CURVE('',#2530,#2531,#1240,.T.);
#3128=EDGE_CURVE('',#2531,#2532,#1241,.T.);
#3129=EDGE_CURVE('',#2532,#2529,#1242,.T.);
#3130=EDGE_CURVE('',#2458,#2533,#1243,.T.);
#3131=EDGE_CURVE('',#2533,#2534,#1244,.T.);
#3132=EDGE_CURVE('',#2534,#2535,#1245,.T.);
#3133=EDGE_CURVE('',#2535,#2536,#1246,.T.);
#3134=EDGE_CURVE('',#2459,#2536,#1247,.T.);
#3135=EDGE_CURVE('',#2527,#2533,#1248,.T.);
#3136=EDGE_CURVE('',#2536,#2528,#1249,.T.);
#3137=EDGE_CURVE('',#2519,#2514,#1250,.T.);
#3138=EDGE_CURVE('',#2513,#2520,#1251,.T.);
#3139=EDGE_CURVE('',#2522,#2518,#1252,.T.);
#3140=EDGE_CURVE('',#2517,#2523,#1253,.T.);
#3141=EDGE_CURVE('',#2531,#2526,#1254,.T.);
#3142=EDGE_CURVE('',#2525,#2532,#1255,.T.);
#3143=EDGE_CURVE('',#2534,#2530,#1256,.T.);
#3144=EDGE_CURVE('',#2529,#2535,#1257,.T.);
#3145=EDGE_CURVE('',#2537,#2538,#1258,.T.);
#3146=EDGE_CURVE('',#2537,#2539,#953,.T.);
#3147=EDGE_CURVE('',#2539,#2540,#1259,.T.);
#3148=EDGE_CURVE('',#2540,#2538,#954,.T.);
#3149=EDGE_CURVE('',#2539,#2299,#1260,.T.);
#3150=EDGE_CURVE('',#2302,#2540,#1261,.T.);
#3151=EDGE_CURVE('',#2300,#2537,#1262,.T.);
#3152=EDGE_CURVE('',#2538,#2301,#1263,.T.);
#3153=EDGE_CURVE('',#2541,#2455,#1264,.T.);
#3154=EDGE_CURVE('',#2541,#2542,#1265,.T.);
#3155=EDGE_CURVE('',#2542,#2543,#1266,.T.);
#3156=EDGE_CURVE('',#2543,#2544,#1267,.T.);
#3157=EDGE_CURVE('',#2544,#2545,#1268,.T.);
#3158=EDGE_CURVE('',#2545,#2546,#1269,.T.);
#3159=EDGE_CURVE('',#2470,#2546,#1270,.T.);
#3160=EDGE_CURVE('',#2547,#2309,#1271,.T.);
#3161=EDGE_CURVE('',#2547,#2548,#1272,.T.);
#3162=EDGE_CURVE('',#2546,#2548,#1273,.T.);
#3163=EDGE_CURVE('',#2545,#2395,#1274,.T.);
#3164=EDGE_CURVE('',#2544,#2397,#1275,.T.);
#3165=EDGE_CURVE('',#2543,#2398,#1276,.T.);
#3166=EDGE_CURVE('',#2542,#2399,#1277,.T.);
#3167=EDGE_CURVE('',#2549,#2541,#1278,.T.);
#3168=EDGE_CURVE('',#2549,#2550,#1279,.T.);
#3169=EDGE_CURVE('',#2550,#2306,#1280,.T.);
#3170=EDGE_CURVE('',#2551,#2450,#1281,.T.);
#3171=EDGE_CURVE('',#2552,#2551,#1282,.T.);
#3172=EDGE_CURVE('',#2552,#2449,#1283,.T.);
#3173=EDGE_CURVE('',#2553,#2552,#1284,.T.);
#3174=EDGE_CURVE('',#2553,#2451,#1285,.T.);
#3175=EDGE_CURVE('',#2554,#2553,#1286,.T.);
#3176=EDGE_CURVE('',#2554,#2452,#1287,.T.);
#3177=EDGE_CURVE('',#2551,#2554,#1288,.T.);
#3178=EDGE_CURVE('',#2454,#2549,#1289,.T.);
#3179=EDGE_CURVE('',#2548,#2471,#1290,.T.);
#3180=EDGE_CURVE('',#2555,#2547,#1291,.T.);
#3181=EDGE_CURVE('',#2556,#2555,#1292,.T.);
#3182=EDGE_CURVE('',#2550,#2556,#1293,.T.);
#3183=EDGE_CURVE('',#2556,#2307,#1294,.T.);
#3184=EDGE_CURVE('',#2555,#2308,#1295,.T.);
#3185=EDGE_CURVE('',#2557,#2313,#1296,.T.);
#3186=EDGE_CURVE('',#2557,#2558,#1297,.T.);
#3187=EDGE_CURVE('',#2558,#2314,#1298,.T.);
#3188=EDGE_CURVE('',#2558,#2559,#1299,.T.);
#3189=EDGE_CURVE('',#2559,#2315,#1300,.T.);
#3190=EDGE_CURVE('',#2559,#2560,#1301,.T.);
#3191=EDGE_CURVE('',#2560,#2316,#1302,.T.);
#3192=EDGE_CURVE('',#2560,#2557,#1303,.T.);
#3193=EDGE_CURVE('',#2561,#2438,#1304,.T.);
#3194=EDGE_CURVE('',#2561,#2562,#125,.T.);
#3195=EDGE_CURVE('',#2562,#2439,#1305,.T.);
#3196=EDGE_CURVE('',#2563,#2448,#1306,.T.);
#3197=EDGE_CURVE('',#2563,#2561,#126,.T.);
#3198=EDGE_CURVE('',#2564,#2447,#1307,.T.);
#3199=EDGE_CURVE('',#2564,#2563,#127,.T.);
#3200=EDGE_CURVE('',#2565,#2446,#1308,.T.);
#3201=EDGE_CURVE('',#2565,#2564,#128,.T.);
#3202=EDGE_CURVE('',#2566,#2445,#1309,.T.);
#3203=EDGE_CURVE('',#2566,#2565,#129,.T.);
#3204=EDGE_CURVE('',#2567,#2444,#1310,.T.);
#3205=EDGE_CURVE('',#2567,#2566,#1311,.T.);
#3206=EDGE_CURVE('',#2568,#2443,#1312,.T.);
#3207=EDGE_CURVE('',#2568,#2567,#130,.T.);
#3208=EDGE_CURVE('',#2569,#2442,#1313,.T.);
#3209=EDGE_CURVE('',#2569,#2568,#131,.T.);
#3210=EDGE_CURVE('',#2570,#2441,#1314,.T.);
#3211=EDGE_CURVE('',#2570,#2569,#132,.T.);
#3212=EDGE_CURVE('',#2571,#2440,#1315,.T.);
#3213=EDGE_CURVE('',#2571,#2570,#133,.T.);
#3214=EDGE_CURVE('',#2562,#2571,#1316,.T.);
#3215=EDGE_CURVE('',#2572,#2428,#1317,.T.);
#3216=EDGE_CURVE('',#2572,#2573,#1318,.T.);
#3217=EDGE_CURVE('',#2573,#2429,#1319,.T.);
#3218=EDGE_CURVE('',#2574,#2437,#1320,.T.);
#3219=EDGE_CURVE('',#2574,#2572,#1321,.T.);
#3220=EDGE_CURVE('',#2575,#2436,#1322,.T.);
#3221=EDGE_CURVE('',#2575,#2574,#1323,.T.);
#3222=EDGE_CURVE('',#2576,#2435,#1324,.T.);
#3223=EDGE_CURVE('',#2576,#2575,#1325,.T.);
#3224=EDGE_CURVE('',#2577,#2434,#1326,.T.);
#3225=EDGE_CURVE('',#2577,#2576,#1327,.T.);
#3226=EDGE_CURVE('',#2578,#2433,#1328,.T.);
#3227=EDGE_CURVE('',#2578,#2577,#1329,.T.);
#3228=EDGE_CURVE('',#2579,#2432,#1330,.T.);
#3229=EDGE_CURVE('',#2579,#2578,#1331,.T.);
#3230=EDGE_CURVE('',#2580,#2431,#1332,.T.);
#3231=EDGE_CURVE('',#2580,#2579,#1333,.T.);
#3232=EDGE_CURVE('',#2581,#2430,#1334,.T.);
#3233=EDGE_CURVE('',#2581,#2580,#1335,.T.);
#3234=EDGE_CURVE('',#2573,#2581,#1336,.T.);
#3235=EDGE_CURVE('',#2582,#2583,#134,.T.);
#3236=EDGE_CURVE('',#2584,#2582,#135,.T.);
#3237=EDGE_CURVE('',#2585,#2584,#136,.T.);
#3238=EDGE_CURVE('',#2583,#2585,#137,.T.);
#3239=EDGE_CURVE('',#2586,#2587,#138,.T.);
#3240=EDGE_CURVE('',#2588,#2586,#139,.T.);
#3241=EDGE_CURVE('',#2589,#2588,#140,.T.);
#3242=EDGE_CURVE('',#2587,#2589,#141,.T.);
#3243=EDGE_CURVE('',#2582,#2424,#1337,.T.);
#3244=EDGE_CURVE('',#2583,#2425,#1338,.T.);
#3245=EDGE_CURVE('',#2584,#2427,#1339,.T.);
#3246=EDGE_CURVE('',#2585,#2426,#1340,.T.);
#3247=EDGE_CURVE('',#2590,#2591,#142,.T.);
#3248=EDGE_CURVE('',#2588,#2590,#1341,.T.);
#3249=EDGE_CURVE('',#2586,#2591,#1342,.T.);
#3250=EDGE_CURVE('',#2591,#2592,#143,.T.);
#3251=EDGE_CURVE('',#2587,#2592,#1343,.T.);
#3252=EDGE_CURVE('',#2592,#2593,#144,.T.);
#3253=EDGE_CURVE('',#2589,#2593,#1344,.T.);
#3254=EDGE_CURVE('',#2593,#2590,#145,.T.);
#3255=EDGE_CURVE('',#2594,#2414,#1345,.T.);
#3256=EDGE_CURVE('',#2594,#2595,#1346,.T.);
#3257=EDGE_CURVE('',#2595,#2415,#1347,.T.);
#3258=EDGE_CURVE('',#2596,#2423,#1348,.T.);
#3259=EDGE_CURVE('',#2596,#2594,#1349,.T.);
#3260=EDGE_CURVE('',#2597,#2422,#1350,.T.);
#3261=EDGE_CURVE('',#2597,#2596,#1351,.T.);
#3262=EDGE_CURVE('',#2598,#2421,#1352,.T.);
#3263=EDGE_CURVE('',#2598,#2597,#1353,.T.);
#3264=EDGE_CURVE('',#2599,#2420,#1354,.T.);
#3265=EDGE_CURVE('',#2599,#2598,#1355,.T.);
#3266=EDGE_CURVE('',#2600,#2419,#1356,.T.);
#3267=EDGE_CURVE('',#2600,#2599,#1357,.T.);
#3268=EDGE_CURVE('',#2601,#2418,#1358,.T.);
#3269=EDGE_CURVE('',#2601,#2600,#1359,.T.);
#3270=EDGE_CURVE('',#2602,#2417,#1360,.T.);
#3271=EDGE_CURVE('',#2602,#2601,#1361,.T.);
#3272=EDGE_CURVE('',#2603,#2416,#1362,.T.);
#3273=EDGE_CURVE('',#2603,#2602,#1363,.T.);
#3274=EDGE_CURVE('',#2595,#2603,#1364,.T.);
#3275=EDGE_CURVE('',#2604,#2403,#1365,.T.);
#3276=EDGE_CURVE('',#2604,#2605,#146,.T.);
#3277=EDGE_CURVE('',#2605,#2404,#1366,.T.);
#3278=EDGE_CURVE('',#2606,#2413,#1367,.T.);
#3279=EDGE_CURVE('',#2606,#2604,#147,.T.);
#3280=EDGE_CURVE('',#2607,#2412,#1368,.T.);
#3281=EDGE_CURVE('',#2607,#2606,#148,.T.);
#3282=EDGE_CURVE('',#2608,#2411,#1369,.T.);
#3283=EDGE_CURVE('',#2608,#2607,#149,.T.);
#3284=EDGE_CURVE('',#2609,#2410,#1370,.T.);
#3285=EDGE_CURVE('',#2609,#2608,#150,.T.);
#3286=EDGE_CURVE('',#2610,#2409,#1371,.T.);
#3287=EDGE_CURVE('',#2610,#2609,#1372,.T.);
#3288=EDGE_CURVE('',#2611,#2408,#1373,.T.);
#3289=EDGE_CURVE('',#2611,#2610,#151,.T.);
#3290=EDGE_CURVE('',#2612,#2407,#1374,.T.);
#3291=EDGE_CURVE('',#2612,#2611,#152,.T.);
#3292=EDGE_CURVE('',#2613,#2406,#1375,.T.);
#3293=EDGE_CURVE('',#2613,#2612,#153,.T.);
#3294=EDGE_CURVE('',#2614,#2405,#1376,.T.);
#3295=EDGE_CURVE('',#2614,#2613,#154,.T.);
#3296=EDGE_CURVE('',#2605,#2614,#1377,.T.);
#3297=EDGE_CURVE('',#2615,#2494,#1378,.T.);
#3298=EDGE_CURVE('',#2616,#2615,#1379,.T.);
#3299=EDGE_CURVE('',#2616,#2493,#1380,.T.);
#3300=EDGE_CURVE('',#2617,#2615,#1381,.T.);
#3301=EDGE_CURVE('',#2618,#2617,#1382,.T.);
#3302=EDGE_CURVE('',#2618,#2616,#1383,.T.);
#3303=EDGE_CURVE('',#2496,#2617,#1384,.T.);
#3304=EDGE_CURVE('',#2495,#2618,#1385,.T.);
#3305=EDGE_CURVE('',#2619,#2490,#1386,.T.);
#3306=EDGE_CURVE('',#2620,#2619,#1387,.T.);
#3307=EDGE_CURVE('',#2620,#2489,#1388,.T.);
#3308=EDGE_CURVE('',#2621,#2619,#1389,.T.);
#3309=EDGE_CURVE('',#2622,#2621,#1390,.T.);
#3310=EDGE_CURVE('',#2622,#2620,#1391,.T.);
#3311=EDGE_CURVE('',#2492,#2621,#1392,.T.);
#3312=EDGE_CURVE('',#2491,#2622,#1393,.T.);
#3313=EDGE_CURVE('',#2623,#2485,#1394,.T.);
#3314=EDGE_CURVE('',#2624,#2623,#1395,.T.);
#3315=EDGE_CURVE('',#2624,#2487,#1396,.T.);
#3316=EDGE_CURVE('',#2625,#2624,#1397,.T.);
#3317=EDGE_CURVE('',#2625,#2488,#1398,.T.);
#3318=EDGE_CURVE('',#2626,#2625,#1399,.T.);
#3319=EDGE_CURVE('',#2626,#2486,#1400,.T.);
#3320=EDGE_CURVE('',#2623,#2626,#1401,.T.);
#3321=EDGE_CURVE('',#2627,#2628,#1402,.T.);
#3322=EDGE_CURVE('',#2629,#2627,#1403,.T.);
#3323=EDGE_CURVE('',#2630,#2629,#1404,.T.);
#3324=EDGE_CURVE('',#2628,#2630,#1405,.T.);
#3325=EDGE_CURVE('',#2631,#2481,#1406,.T.);
#3326=EDGE_CURVE('',#2632,#2631,#1407,.T.);
#3327=EDGE_CURVE('',#2632,#2483,#1408,.T.);
#3328=EDGE_CURVE('',#2633,#2632,#1409,.T.);
#3329=EDGE_CURVE('',#2633,#2484,#1410,.T.);
#3330=EDGE_CURVE('',#2634,#2633,#1411,.T.);
#3331=EDGE_CURVE('',#2634,#2482,#1412,.T.);
#3332=EDGE_CURVE('',#2631,#2634,#1413,.T.);
#3333=EDGE_CURVE('',#2635,#2636,#1414,.T.);
#3334=EDGE_CURVE('',#2637,#2636,#955,.T.);
#3335=EDGE_CURVE('',#2638,#2637,#1415,.T.);
#3336=EDGE_CURVE('',#2638,#2635,#956,.T.);
#3337=EDGE_CURVE('',#2627,#2638,#1416,.T.);
#3338=EDGE_CURVE('',#2635,#2628,#1417,.T.);
#3339=EDGE_CURVE('',#2636,#2630,#1418,.T.);
#3340=EDGE_CURVE('',#2629,#2637,#1419,.T.);
#3341=EDGE_CURVE('',#2639,#2384,#1420,.T.);
#3342=EDGE_CURVE('',#2639,#2640,#155,.T.);
#3343=EDGE_CURVE('',#2640,#2385,#1421,.T.);
#3344=EDGE_CURVE('',#2641,#2383,#1422,.T.);
#3345=EDGE_CURVE('',#2641,#2639,#156,.T.);
#3346=EDGE_CURVE('',#2642,#2394,#1423,.T.);
#3347=EDGE_CURVE('',#2642,#2641,#157,.T.);
#3348=EDGE_CURVE('',#2643,#2393,#1424,.T.);
#3349=EDGE_CURVE('',#2643,#2642,#1425,.T.);
#3350=EDGE_CURVE('',#2644,#2392,#1426,.T.);
#3351=EDGE_CURVE('',#2644,#2643,#1427,.T.);
#3352=EDGE_CURVE('',#2645,#2391,#1428,.T.);
#3353=EDGE_CURVE('',#2645,#2644,#1429,.T.);
#3354=EDGE_CURVE('',#2646,#2390,#1430,.T.);
#3355=EDGE_CURVE('',#2646,#2645,#1431,.T.);
#3356=EDGE_CURVE('',#2647,#2389,#1432,.T.);
#3357=EDGE_CURVE('',#2647,#2646,#1433,.T.);
#3358=EDGE_CURVE('',#2648,#2388,#1434,.T.);
#3359=EDGE_CURVE('',#2648,#2647,#158,.T.);
#3360=EDGE_CURVE('',#2649,#2387,#1435,.T.);
#3361=EDGE_CURVE('',#2649,#2648,#159,.T.);
#3362=EDGE_CURVE('',#2650,#2386,#1436,.T.);
#3363=EDGE_CURVE('',#2650,#2649,#160,.T.);
#3364=EDGE_CURVE('',#2640,#2650,#1437,.T.);
#3365=EDGE_CURVE('',#2651,#2652,#1438,.T.);
#3366=EDGE_CURVE('',#2653,#2651,#1439,.T.);
#3367=EDGE_CURVE('',#2654,#2653,#1440,.T.);
#3368=EDGE_CURVE('',#2655,#2654,#1441,.T.);
#3369=EDGE_CURVE('',#2656,#2655,#1442,.T.);
#3370=EDGE_CURVE('',#2657,#2656,#1443,.T.);
#3371=EDGE_CURVE('',#2658,#2657,#1444,.T.);
#3372=EDGE_CURVE('',#2652,#2658,#1445,.T.);
#3373=EDGE_CURVE('',#2659,#2660,#1446,.T.);
#3374=EDGE_CURVE('',#2661,#2659,#1447,.T.);
#3375=EDGE_CURVE('',#2660,#2661,#1448,.T.);
#3376=EDGE_CURVE('',#2651,#2318,#1449,.T.);
#3377=EDGE_CURVE('',#2652,#2319,#1450,.T.);
#3378=EDGE_CURVE('',#2653,#2317,#1451,.T.);
#3379=EDGE_CURVE('',#2654,#2324,#1452,.T.);
#3380=EDGE_CURVE('',#2655,#2323,#1453,.T.);
#3381=EDGE_CURVE('',#2656,#2322,#1454,.T.);
#3382=EDGE_CURVE('',#2657,#2321,#1455,.T.);
#3383=EDGE_CURVE('',#2658,#2320,#1456,.T.);
#3384=EDGE_CURVE('',#2662,#2663,#1457,.T.);
#3385=EDGE_CURVE('',#2661,#2662,#1458,.T.);
#3386=EDGE_CURVE('',#2659,#2663,#1459,.T.);
#3387=EDGE_CURVE('',#2663,#2664,#1460,.T.);
#3388=EDGE_CURVE('',#2660,#2664,#1461,.T.);
#3389=EDGE_CURVE('',#2664,#2662,#1462,.T.);
#3390=EDGE_CURVE('',#2665,#2326,#1463,.T.);
#3391=EDGE_CURVE('',#2665,#2666,#1464,.T.);
#3392=EDGE_CURVE('',#2666,#2327,#1465,.T.);
#3393=EDGE_CURVE('',#2667,#2325,#1466,.T.);
#3394=EDGE_CURVE('',#2667,#2665,#1467,.T.);
#3395=EDGE_CURVE('',#2668,#2330,#1468,.T.);
#3396=EDGE_CURVE('',#2668,#2667,#1469,.T.);
#3397=EDGE_CURVE('',#2669,#2329,#1470,.T.);
#3398=EDGE_CURVE('',#2669,#2668,#1471,.T.);
#3399=EDGE_CURVE('',#2670,#2328,#1472,.T.);
#3400=EDGE_CURVE('',#2670,#2669,#1473,.T.);
#3401=EDGE_CURVE('',#2666,#2670,#1474,.T.);
#3402=EDGE_CURVE('',#2671,#2332,#1475,.T.);
#3403=EDGE_CURVE('',#2671,#2672,#161,.T.);
#3404=EDGE_CURVE('',#2672,#2333,#1476,.T.);
#3405=EDGE_CURVE('',#2673,#2331,#1477,.T.);
#3406=EDGE_CURVE('',#2673,#2671,#162,.T.);
#3407=EDGE_CURVE('',#2674,#2342,#1478,.T.);
#3408=EDGE_CURVE('',#2674,#2673,#163,.T.);
#3409=EDGE_CURVE('',#2675,#2341,#1479,.T.);
#3410=EDGE_CURVE('',#2675,#2674,#1480,.T.);
#3411=EDGE_CURVE('',#2676,#2340,#1481,.T.);
#3412=EDGE_CURVE('',#2676,#2675,#1482,.T.);
#3413=EDGE_CURVE('',#2677,#2339,#1483,.T.);
#3414=EDGE_CURVE('',#2677,#2676,#1484,.T.);
#3415=EDGE_CURVE('',#2678,#2338,#1485,.T.);
#3416=EDGE_CURVE('',#2678,#2677,#1486,.T.);
#3417=EDGE_CURVE('',#2679,#2337,#1487,.T.);
#3418=EDGE_CURVE('',#2679,#2678,#1488,.T.);
#3419=EDGE_CURVE('',#2680,#2336,#1489,.T.);
#3420=EDGE_CURVE('',#2680,#2679,#164,.T.);
#3421=EDGE_CURVE('',#2681,#2335,#1490,.T.);
#3422=EDGE_CURVE('',#2681,#2680,#165,.T.);
#3423=EDGE_CURVE('',#2682,#2334,#1491,.T.);
#3424=EDGE_CURVE('',#2682,#2681,#166,.T.);
#3425=EDGE_CURVE('',#2672,#2682,#1492,.T.);
#3426=EDGE_CURVE('',#2683,#2344,#1493,.T.);
#3427=EDGE_CURVE('',#2683,#2684,#1494,.T.);
#3428=EDGE_CURVE('',#2684,#2345,#1495,.T.);
#3429=EDGE_CURVE('',#2685,#2343,#1496,.T.);
#3430=EDGE_CURVE('',#2685,#2683,#1497,.T.);
#3431=EDGE_CURVE('',#2686,#2356,#1498,.T.);
#3432=EDGE_CURVE('',#2686,#2685,#167,.T.);
#3433=EDGE_CURVE('',#2687,#2355,#1499,.T.);
#3434=EDGE_CURVE('',#2687,#2686,#168,.T.);
#3435=EDGE_CURVE('',#2688,#2354,#1500,.T.);
#3436=EDGE_CURVE('',#2688,#2687,#169,.T.);
#3437=EDGE_CURVE('',#2689,#2353,#1501,.T.);
#3438=EDGE_CURVE('',#2689,#2688,#170,.T.);
#3439=EDGE_CURVE('',#2690,#2352,#1502,.T.);
#3440=EDGE_CURVE('',#2690,#2689,#1503,.T.);
#3441=EDGE_CURVE('',#2691,#2351,#1504,.T.);
#3442=EDGE_CURVE('',#2691,#2690,#171,.T.);
#3443=EDGE_CURVE('',#2692,#2350,#1505,.T.);
#3444=EDGE_CURVE('',#2692,#2691,#172,.T.);
#3445=EDGE_CURVE('',#2693,#2349,#1506,.T.);
#3446=EDGE_CURVE('',#2693,#2692,#173,.T.);
#3447=EDGE_CURVE('',#2694,#2348,#1507,.T.);
#3448=EDGE_CURVE('',#2694,#2693,#174,.T.);
#3449=EDGE_CURVE('',#2695,#2347,#1508,.T.);
#3450=EDGE_CURVE('',#2695,#2694,#1509,.T.);
#3451=EDGE_CURVE('',#2696,#2346,#1510,.T.);
#3452=EDGE_CURVE('',#2696,#2695,#1511,.T.);
#3453=EDGE_CURVE('',#2684,#2696,#1512,.T.);
#3454=EDGE_CURVE('',#2697,#2358,#1513,.T.);
#3455=EDGE_CURVE('',#2697,#2698,#1514,.T.);
#3456=EDGE_CURVE('',#2698,#2359,#1515,.T.);
#3457=EDGE_CURVE('',#2699,#2357,#1516,.T.);
#3458=EDGE_CURVE('',#2699,#2697,#1517,.T.);
#3459=EDGE_CURVE('',#2700,#2363,#1518,.T.);
#3460=EDGE_CURVE('',#2700,#2699,#1519,.T.);
#3461=EDGE_CURVE('',#2701,#2362,#1520,.T.);
#3462=EDGE_CURVE('',#2701,#2700,#1521,.T.);
#3463=EDGE_CURVE('',#2702,#2361,#1522,.T.);
#3464=EDGE_CURVE('',#2702,#2701,#1523,.T.);
#3465=EDGE_CURVE('',#2703,#2360,#1524,.T.);
#3466=EDGE_CURVE('',#2703,#2702,#1525,.T.);
#3467=EDGE_CURVE('',#2698,#2703,#1526,.T.);
#3468=EDGE_CURVE('',#2704,#2705,#1527,.T.);
#3469=EDGE_CURVE('',#2706,#2704,#1528,.T.);
#3470=EDGE_CURVE('',#2707,#2706,#1529,.T.);
#3471=EDGE_CURVE('',#2708,#2707,#1530,.T.);
#3472=EDGE_CURVE('',#2709,#2708,#1531,.T.);
#3473=EDGE_CURVE('',#2710,#2709,#1532,.T.);
#3474=EDGE_CURVE('',#2711,#2710,#1533,.T.);
#3475=EDGE_CURVE('',#2705,#2711,#1534,.T.);
#3476=EDGE_CURVE('',#2712,#2713,#1535,.T.);
#3477=EDGE_CURVE('',#2714,#2712,#1536,.T.);
#3478=EDGE_CURVE('',#2713,#2714,#1537,.T.);
#3479=EDGE_CURVE('',#2704,#2376,#1538,.T.);
#3480=EDGE_CURVE('',#2705,#2377,#1539,.T.);
#3481=EDGE_CURVE('',#2706,#2375,#1540,.T.);
#3482=EDGE_CURVE('',#2707,#2382,#1541,.T.);
#3483=EDGE_CURVE('',#2708,#2381,#1542,.T.);
#3484=EDGE_CURVE('',#2709,#2380,#1543,.T.);
#3485=EDGE_CURVE('',#2710,#2379,#1544,.T.);
#3486=EDGE_CURVE('',#2711,#2378,#1545,.T.);
#3487=EDGE_CURVE('',#2715,#2716,#1546,.T.);
#3488=EDGE_CURVE('',#2714,#2715,#1547,.T.);
#3489=EDGE_CURVE('',#2712,#2716,#1548,.T.);
#3490=EDGE_CURVE('',#2716,#2717,#1549,.T.);
#3491=EDGE_CURVE('',#2713,#2717,#1550,.T.);
#3492=EDGE_CURVE('',#2717,#2715,#1551,.T.);
#3493=EDGE_CURVE('',#2718,#2365,#1552,.T.);
#3494=EDGE_CURVE('',#2718,#2719,#175,.T.);
#3495=EDGE_CURVE('',#2719,#2366,#1553,.T.);
#3496=EDGE_CURVE('',#2720,#2364,#1554,.T.);
#3497=EDGE_CURVE('',#2720,#2718,#176,.T.);
#3498=EDGE_CURVE('',#2721,#2374,#1555,.T.);
#3499=EDGE_CURVE('',#2721,#2720,#177,.T.);
#3500=EDGE_CURVE('',#2722,#2373,#1556,.T.);
#3501=EDGE_CURVE('',#2722,#2721,#178,.T.);
#3502=EDGE_CURVE('',#2723,#2372,#1557,.T.);
#3503=EDGE_CURVE('',#2723,#2722,#179,.T.);
#3504=EDGE_CURVE('',#2724,#2371,#1558,.T.);
#3505=EDGE_CURVE('',#2724,#2723,#1559,.T.);
#3506=EDGE_CURVE('',#2725,#2370,#1560,.T.);
#3507=EDGE_CURVE('',#2725,#2724,#180,.T.);
#3508=EDGE_CURVE('',#2726,#2369,#1561,.T.);
#3509=EDGE_CURVE('',#2726,#2725,#181,.T.);
#3510=EDGE_CURVE('',#2727,#2368,#1562,.T.);
#3511=EDGE_CURVE('',#2727,#2726,#182,.T.);
#3512=EDGE_CURVE('',#2728,#2367,#1563,.T.);
#3513=EDGE_CURVE('',#2728,#2727,#183,.T.);
#3514=EDGE_CURVE('',#2719,#2728,#1564,.T.);
#3515=EDGE_CURVE('',#2729,#2730,#1565,.T.);
#3516=EDGE_CURVE('',#2731,#2729,#1566,.T.);
#3517=EDGE_CURVE('',#2732,#2731,#1567,.T.);
#3518=EDGE_CURVE('',#2730,#2732,#1568,.T.);
#3519=EDGE_CURVE('',#2733,#2729,#1569,.T.);
#3520=EDGE_CURVE('',#2734,#2733,#1570,.T.);
#3521=EDGE_CURVE('',#2731,#2734,#1571,.T.);
#3522=EDGE_CURVE('',#2730,#2735,#1572,.T.);
#3523=EDGE_CURVE('',#2735,#2736,#1573,.T.);
#3524=EDGE_CURVE('',#2736,#2737,#1574,.T.);
#3525=EDGE_CURVE('',#2737,#2738,#1575,.T.);
#3526=EDGE_CURVE('',#2738,#2739,#1576,.T.);
#3527=EDGE_CURVE('',#2739,#2733,#1577,.T.);
#3528=EDGE_CURVE('',#2740,#2740,#957,.T.);
#3529=EDGE_CURVE('',#2741,#2741,#958,.T.);
#3530=EDGE_CURVE('',#2742,#2742,#959,.T.);
#3531=EDGE_CURVE('',#2743,#2743,#960,.T.);
#3532=EDGE_CURVE('',#2734,#2744,#1578,.T.);
#3533=EDGE_CURVE('',#2744,#2745,#1579,.T.);
#3534=EDGE_CURVE('',#2745,#2746,#1580,.T.);
#3535=EDGE_CURVE('',#2746,#2747,#1581,.T.);
#3536=EDGE_CURVE('',#2747,#2748,#1582,.T.);
#3537=EDGE_CURVE('',#2748,#2732,#1583,.T.);
#3538=EDGE_CURVE('',#2749,#2749,#961,.T.);
#3539=EDGE_CURVE('',#2750,#2750,#962,.T.);
#3540=EDGE_CURVE('',#2751,#2751,#963,.T.);
#3541=EDGE_CURVE('',#2752,#2752,#964,.T.);
#3542=EDGE_CURVE('',#2745,#2738,#1584,.T.);
#3543=EDGE_CURVE('',#2744,#2739,#1585,.T.);
#3544=EDGE_CURVE('',#2748,#2735,#1586,.T.);
#3545=EDGE_CURVE('',#2741,#2749,#1587,.T.);
#3546=EDGE_CURVE('',#2737,#2746,#1588,.T.);
#3547=EDGE_CURVE('',#2750,#2740,#1589,.T.);
#3548=EDGE_CURVE('',#2736,#2747,#1590,.T.);
#3549=EDGE_CURVE('',#2752,#2743,#1591,.T.);
#3550=EDGE_CURVE('',#2751,#2742,#1592,.T.);
#3551=ORIENTED_EDGE('',*,*,#2753,.F.);
#3552=ORIENTED_EDGE('',*,*,#2754,.T.);
#3553=ORIENTED_EDGE('',*,*,#2755,.F.);
#3554=ORIENTED_EDGE('',*,*,#2756,.F.);
#3555=ORIENTED_EDGE('',*,*,#2757,.F.);
#3556=ORIENTED_EDGE('',*,*,#2758,.F.);
#3557=ORIENTED_EDGE('',*,*,#2759,.T.);
#3558=ORIENTED_EDGE('',*,*,#2760,.T.);
#3559=ORIENTED_EDGE('',*,*,#2761,.T.);
#3560=ORIENTED_EDGE('',*,*,#2762,.T.);
#3561=ORIENTED_EDGE('',*,*,#2763,.T.);
#3562=ORIENTED_EDGE('',*,*,#2764,.T.);
#3563=ORIENTED_EDGE('',*,*,#2765,.F.);
#3564=ORIENTED_EDGE('',*,*,#2766,.T.);
#3565=ORIENTED_EDGE('',*,*,#2767,.F.);
#3566=ORIENTED_EDGE('',*,*,#2768,.F.);
#3567=ORIENTED_EDGE('',*,*,#2769,.F.);
#3568=ORIENTED_EDGE('',*,*,#2770,.F.);
#3569=ORIENTED_EDGE('',*,*,#2771,.F.);
#3570=ORIENTED_EDGE('',*,*,#2772,.T.);
#3571=ORIENTED_EDGE('',*,*,#2773,.F.);
#3572=ORIENTED_EDGE('',*,*,#2774,.F.);
#3573=ORIENTED_EDGE('',*,*,#2775,.T.);
#3574=ORIENTED_EDGE('',*,*,#2772,.F.);
#3575=ORIENTED_EDGE('',*,*,#2776,.F.);
#3576=ORIENTED_EDGE('',*,*,#2777,.T.);
#3577=ORIENTED_EDGE('',*,*,#2768,.T.);
#3578=ORIENTED_EDGE('',*,*,#2778,.F.);
#3579=ORIENTED_EDGE('',*,*,#2779,.F.);
#3580=ORIENTED_EDGE('',*,*,#2780,.T.);
#3581=ORIENTED_EDGE('',*,*,#2769,.T.);
#3582=ORIENTED_EDGE('',*,*,#2777,.F.);
#3583=ORIENTED_EDGE('',*,*,#2781,.F.);
#3584=ORIENTED_EDGE('',*,*,#2782,.T.);
#3585=ORIENTED_EDGE('',*,*,#2770,.T.);
#3586=ORIENTED_EDGE('',*,*,#2780,.F.);
#3587=ORIENTED_EDGE('',*,*,#2783,.F.);
#3588=ORIENTED_EDGE('',*,*,#2773,.T.);
#3589=ORIENTED_EDGE('',*,*,#2771,.T.);
#3590=ORIENTED_EDGE('',*,*,#2782,.F.);
#3591=ORIENTED_EDGE('',*,*,#2784,.T.);
#3592=ORIENTED_EDGE('',*,*,#2785,.T.);
#3593=ORIENTED_EDGE('',*,*,#2786,.T.);
#3594=ORIENTED_EDGE('',*,*,#2787,.F.);
#3595=ORIENTED_EDGE('',*,*,#2788,.T.);
#3596=ORIENTED_EDGE('',*,*,#2789,.T.);
#3597=ORIENTED_EDGE('',*,*,#2790,.T.);
#3598=ORIENTED_EDGE('',*,*,#2791,.T.);
#3599=ORIENTED_EDGE('',*,*,#2792,.T.);
#3600=ORIENTED_EDGE('',*,*,#2793,.T.);
#3601=ORIENTED_EDGE('',*,*,#2794,.T.);
#3602=ORIENTED_EDGE('',*,*,#2795,.F.);
#3603=ORIENTED_EDGE('',*,*,#2796,.F.);
#3604=ORIENTED_EDGE('',*,*,#2797,.F.);
#3605=ORIENTED_EDGE('',*,*,#2798,.F.);
#3606=ORIENTED_EDGE('',*,*,#2799,.T.);
#3607=ORIENTED_EDGE('',*,*,#2800,.F.);
#3608=ORIENTED_EDGE('',*,*,#2801,.T.);
#3609=ORIENTED_EDGE('',*,*,#2802,.T.);
#3610=ORIENTED_EDGE('',*,*,#2803,.T.);
#3611=ORIENTED_EDGE('',*,*,#2804,.T.);
#3612=ORIENTED_EDGE('',*,*,#2805,.F.);
#3613=ORIENTED_EDGE('',*,*,#2787,.T.);
#3614=ORIENTED_EDGE('',*,*,#2806,.T.);
#3615=ORIENTED_EDGE('',*,*,#2807,.F.);
#3616=ORIENTED_EDGE('',*,*,#2808,.T.);
#3617=ORIENTED_EDGE('',*,*,#2765,.T.);
#3618=ORIENTED_EDGE('',*,*,#2775,.F.);
#3619=ORIENTED_EDGE('',*,*,#2809,.F.);
#3620=ORIENTED_EDGE('',*,*,#2810,.T.);
#3621=ORIENTED_EDGE('',*,*,#2811,.T.);
#3622=ORIENTED_EDGE('',*,*,#2812,.T.);
#3623=ORIENTED_EDGE('',*,*,#2806,.F.);
#3624=ORIENTED_EDGE('',*,*,#2786,.F.);
#3625=ORIENTED_EDGE('',*,*,#2813,.T.);
#3626=ORIENTED_EDGE('',*,*,#2814,.F.);
#3627=ORIENTED_EDGE('',*,*,#2815,.T.);
#3628=ORIENTED_EDGE('',*,*,#2759,.F.);
#3629=ORIENTED_EDGE('',*,*,#2816,.T.);
#3630=ORIENTED_EDGE('',*,*,#2800,.T.);
#3631=ORIENTED_EDGE('',*,*,#2817,.T.);
#3632=ORIENTED_EDGE('',*,*,#2816,.F.);
#3633=ORIENTED_EDGE('',*,*,#2758,.T.);
#3634=ORIENTED_EDGE('',*,*,#2818,.T.);
#3635=ORIENTED_EDGE('',*,*,#2801,.F.);
#3636=ORIENTED_EDGE('',*,*,#2818,.F.);
#3637=ORIENTED_EDGE('',*,*,#2757,.T.);
#3638=ORIENTED_EDGE('',*,*,#2819,.T.);
#3639=ORIENTED_EDGE('',*,*,#2802,.F.);
#3640=ORIENTED_EDGE('',*,*,#2819,.F.);
#3641=ORIENTED_EDGE('',*,*,#2756,.T.);
#3642=ORIENTED_EDGE('',*,*,#2820,.T.);
#3643=ORIENTED_EDGE('',*,*,#2803,.F.);
#3644=ORIENTED_EDGE('',*,*,#2821,.T.);
#3645=ORIENTED_EDGE('',*,*,#2822,.T.);
#3646=ORIENTED_EDGE('',*,*,#2792,.F.);
#3647=ORIENTED_EDGE('',*,*,#2820,.F.);
#3648=ORIENTED_EDGE('',*,*,#2755,.T.);
#3649=ORIENTED_EDGE('',*,*,#2823,.T.);
#3650=ORIENTED_EDGE('',*,*,#2824,.T.);
#3651=ORIENTED_EDGE('',*,*,#2825,.T.);
#3652=ORIENTED_EDGE('',*,*,#2821,.F.);
#3653=ORIENTED_EDGE('',*,*,#2826,.T.);
#3654=ORIENTED_EDGE('',*,*,#2794,.F.);
#3655=ORIENTED_EDGE('',*,*,#2827,.T.);
#3656=ORIENTED_EDGE('',*,*,#2824,.F.);
#3657=ORIENTED_EDGE('',*,*,#2828,.T.);
#3658=ORIENTED_EDGE('',*,*,#2753,.T.);
#3659=ORIENTED_EDGE('',*,*,#2829,.T.);
#3660=ORIENTED_EDGE('',*,*,#2764,.F.);
#3661=ORIENTED_EDGE('',*,*,#2830,.T.);
#3662=ORIENTED_EDGE('',*,*,#2795,.T.);
#3663=ORIENTED_EDGE('',*,*,#2829,.F.);
#3664=ORIENTED_EDGE('',*,*,#2763,.F.);
#3665=ORIENTED_EDGE('',*,*,#2831,.T.);
#3666=ORIENTED_EDGE('',*,*,#2796,.T.);
#3667=ORIENTED_EDGE('',*,*,#2830,.F.);
#3668=ORIENTED_EDGE('',*,*,#2762,.F.);
#3669=ORIENTED_EDGE('',*,*,#2832,.T.);
#3670=ORIENTED_EDGE('',*,*,#2797,.T.);
#3671=ORIENTED_EDGE('',*,*,#2831,.F.);
#3672=ORIENTED_EDGE('',*,*,#2767,.T.);
#3673=ORIENTED_EDGE('',*,*,#2833,.T.);
#3674=ORIENTED_EDGE('',*,*,#2834,.T.);
#3675=ORIENTED_EDGE('',*,*,#2835,.T.);
#3676=ORIENTED_EDGE('',*,*,#2798,.T.);
#3677=ORIENTED_EDGE('',*,*,#2832,.F.);
#3678=ORIENTED_EDGE('',*,*,#2761,.F.);
#3679=ORIENTED_EDGE('',*,*,#2836,.T.);
#3680=ORIENTED_EDGE('',*,*,#2837,.T.);
#3681=ORIENTED_EDGE('',*,*,#2838,.T.);
#3682=ORIENTED_EDGE('',*,*,#2784,.F.);
#3683=ORIENTED_EDGE('',*,*,#2839,.T.);
#3684=ORIENTED_EDGE('',*,*,#2840,.T.);
#3685=ORIENTED_EDGE('',*,*,#2841,.T.);
#3686=ORIENTED_EDGE('',*,*,#2842,.T.);
#3687=ORIENTED_EDGE('',*,*,#2843,.F.);
#3688=ORIENTED_EDGE('',*,*,#2778,.T.);
#3689=ORIENTED_EDGE('',*,*,#2844,.T.);
#3690=ORIENTED_EDGE('',*,*,#2845,.T.);
#3691=ORIENTED_EDGE('',*,*,#2839,.F.);
#3692=ORIENTED_EDGE('',*,*,#2791,.F.);
#3693=ORIENTED_EDGE('',*,*,#2846,.T.);
#3694=ORIENTED_EDGE('',*,*,#2847,.T.);
#3695=ORIENTED_EDGE('',*,*,#2844,.F.);
#3696=ORIENTED_EDGE('',*,*,#2790,.F.);
#3697=ORIENTED_EDGE('',*,*,#2848,.T.);
#3698=ORIENTED_EDGE('',*,*,#2849,.T.);
#3699=ORIENTED_EDGE('',*,*,#2846,.F.);
#3700=ORIENTED_EDGE('',*,*,#2789,.F.);
#3701=ORIENTED_EDGE('',*,*,#2805,.T.);
#3702=ORIENTED_EDGE('',*,*,#2850,.T.);
#3703=ORIENTED_EDGE('',*,*,#2848,.F.);
#3704=ORIENTED_EDGE('',*,*,#2788,.F.);
#3705=ORIENTED_EDGE('',*,*,#2812,.F.);
#3706=ORIENTED_EDGE('',*,*,#2851,.T.);
#3707=ORIENTED_EDGE('',*,*,#2840,.F.);
#3708=ORIENTED_EDGE('',*,*,#2845,.F.);
#3709=ORIENTED_EDGE('',*,*,#2847,.F.);
#3710=ORIENTED_EDGE('',*,*,#2849,.F.);
#3711=ORIENTED_EDGE('',*,*,#2850,.F.);
#3712=ORIENTED_EDGE('',*,*,#2804,.F.);
#3713=ORIENTED_EDGE('',*,*,#2843,.T.);
#3714=ORIENTED_EDGE('',*,*,#2852,.T.);
#3715=ORIENTED_EDGE('',*,*,#2809,.T.);
#3716=ORIENTED_EDGE('',*,*,#2774,.T.);
#3717=ORIENTED_EDGE('',*,*,#2783,.T.);
#3718=ORIENTED_EDGE('',*,*,#2781,.T.);
#3719=ORIENTED_EDGE('',*,*,#2779,.T.);
#3720=ORIENTED_EDGE('',*,*,#2776,.T.);
#3721=ORIENTED_EDGE('',*,*,#2852,.F.);
#3722=ORIENTED_EDGE('',*,*,#2842,.F.);
#3723=ORIENTED_EDGE('',*,*,#2853,.F.);
#3724=ORIENTED_EDGE('',*,*,#2810,.F.);
#3725=ORIENTED_EDGE('',*,*,#2841,.F.);
#3726=ORIENTED_EDGE('',*,*,#2851,.F.);
#3727=ORIENTED_EDGE('',*,*,#2811,.F.);
#3728=ORIENTED_EDGE('',*,*,#2853,.T.);
#3729=ORIENTED_EDGE('',*,*,#2834,.F.);
#3730=ORIENTED_EDGE('',*,*,#2854,.T.);
#3731=ORIENTED_EDGE('',*,*,#2807,.T.);
#3732=ORIENTED_EDGE('',*,*,#2855,.T.);
#3733=ORIENTED_EDGE('',*,*,#2837,.F.);
#3734=ORIENTED_EDGE('',*,*,#2856,.T.);
#3735=ORIENTED_EDGE('',*,*,#2814,.T.);
#3736=ORIENTED_EDGE('',*,*,#2857,.T.);
#3737=ORIENTED_EDGE('',*,*,#2833,.F.);
#3738=ORIENTED_EDGE('',*,*,#2766,.F.);
#3739=ORIENTED_EDGE('',*,*,#2808,.F.);
#3740=ORIENTED_EDGE('',*,*,#2854,.F.);
#3741=ORIENTED_EDGE('',*,*,#2817,.F.);
#3742=ORIENTED_EDGE('',*,*,#2799,.F.);
#3743=ORIENTED_EDGE('',*,*,#2835,.F.);
#3744=ORIENTED_EDGE('',*,*,#2855,.F.);
#3745=ORIENTED_EDGE('',*,*,#2836,.F.);
#3746=ORIENTED_EDGE('',*,*,#2760,.F.);
#3747=ORIENTED_EDGE('',*,*,#2815,.F.);
#3748=ORIENTED_EDGE('',*,*,#2856,.F.);
#3749=ORIENTED_EDGE('',*,*,#2813,.F.);
#3750=ORIENTED_EDGE('',*,*,#2785,.F.);
#3751=ORIENTED_EDGE('',*,*,#2838,.F.);
#3752=ORIENTED_EDGE('',*,*,#2857,.F.);
#3753=ORIENTED_EDGE('',*,*,#2822,.F.);
#3754=ORIENTED_EDGE('',*,*,#2825,.F.);
#3755=ORIENTED_EDGE('',*,*,#2827,.F.);
#3756=ORIENTED_EDGE('',*,*,#2793,.F.);
#3757=ORIENTED_EDGE('',*,*,#2823,.F.);
#3758=ORIENTED_EDGE('',*,*,#2754,.F.);
#3759=ORIENTED_EDGE('',*,*,#2828,.F.);
#3760=ORIENTED_EDGE('',*,*,#2826,.F.);
#3761=ORIENTED_EDGE('',*,*,#2858,.T.);
#3762=ORIENTED_EDGE('',*,*,#2859,.T.);
#3763=ORIENTED_EDGE('',*,*,#2860,.F.);
#3764=ORIENTED_EDGE('',*,*,#2859,.F.);
#3765=ORIENTED_EDGE('',*,*,#2861,.T.);
#3766=ORIENTED_EDGE('',*,*,#2862,.T.);
#3767=ORIENTED_EDGE('',*,*,#2863,.F.);
#3768=ORIENTED_EDGE('',*,*,#2862,.F.);
#3769=ORIENTED_EDGE('',*,*,#2864,.F.);
#3770=ORIENTED_EDGE('',*,*,#2865,.T.);
#3771=ORIENTED_EDGE('',*,*,#2866,.T.);
#3772=ORIENTED_EDGE('',*,*,#2865,.F.);
#3773=ORIENTED_EDGE('',*,*,#2867,.F.);
#3774=ORIENTED_EDGE('',*,*,#2868,.T.);
#3775=ORIENTED_EDGE('',*,*,#2869,.T.);
#3776=ORIENTED_EDGE('',*,*,#2868,.F.);
#3777=ORIENTED_EDGE('',*,*,#2870,.T.);
#3778=ORIENTED_EDGE('',*,*,#2871,.T.);
#3779=ORIENTED_EDGE('',*,*,#2872,.T.);
#3780=ORIENTED_EDGE('',*,*,#2873,.F.);
#3781=ORIENTED_EDGE('',*,*,#2874,.T.);
#3782=ORIENTED_EDGE('',*,*,#2875,.T.);
#3783=ORIENTED_EDGE('',*,*,#2876,.T.);
#3784=ORIENTED_EDGE('',*,*,#2875,.F.);
#3785=ORIENTED_EDGE('',*,*,#2877,.T.);
#3786=ORIENTED_EDGE('',*,*,#2878,.T.);
#3787=ORIENTED_EDGE('',*,*,#2879,.T.);
#3788=ORIENTED_EDGE('',*,*,#2880,.T.);
#3789=ORIENTED_EDGE('',*,*,#2881,.T.);
#3790=ORIENTED_EDGE('',*,*,#2882,.F.);
#3791=ORIENTED_EDGE('',*,*,#2883,.F.);
#3792=ORIENTED_EDGE('',*,*,#2884,.F.);
#3793=ORIENTED_EDGE('',*,*,#2885,.T.);
#3794=ORIENTED_EDGE('',*,*,#2886,.T.);
#3795=ORIENTED_EDGE('',*,*,#2887,.T.);
#3796=ORIENTED_EDGE('',*,*,#2888,.T.);
#3797=ORIENTED_EDGE('',*,*,#2889,.T.);
#3798=ORIENTED_EDGE('',*,*,#2890,.T.);
#3799=ORIENTED_EDGE('',*,*,#2891,.T.);
#3800=ORIENTED_EDGE('',*,*,#2892,.T.);
#3801=ORIENTED_EDGE('',*,*,#2893,.T.);
#3802=ORIENTED_EDGE('',*,*,#2894,.T.);
#3803=ORIENTED_EDGE('',*,*,#2895,.T.);
#3804=ORIENTED_EDGE('',*,*,#2896,.T.);
#3805=ORIENTED_EDGE('',*,*,#2897,.T.);
#3806=ORIENTED_EDGE('',*,*,#2898,.T.);
#3807=ORIENTED_EDGE('',*,*,#2899,.T.);
#3808=ORIENTED_EDGE('',*,*,#2900,.T.);
#3809=ORIENTED_EDGE('',*,*,#2901,.T.);
#3810=ORIENTED_EDGE('',*,*,#2902,.T.);
#3811=ORIENTED_EDGE('',*,*,#2903,.T.);
#3812=ORIENTED_EDGE('',*,*,#2904,.T.);
#3813=ORIENTED_EDGE('',*,*,#2905,.T.);
#3814=ORIENTED_EDGE('',*,*,#2906,.T.);
#3815=ORIENTED_EDGE('',*,*,#2907,.T.);
#3816=ORIENTED_EDGE('',*,*,#2908,.T.);
#3817=ORIENTED_EDGE('',*,*,#2909,.T.);
#3818=ORIENTED_EDGE('',*,*,#2910,.T.);
#3819=ORIENTED_EDGE('',*,*,#2911,.T.);
#3820=ORIENTED_EDGE('',*,*,#2912,.T.);
#3821=ORIENTED_EDGE('',*,*,#2913,.T.);
#3822=ORIENTED_EDGE('',*,*,#2914,.T.);
#3823=ORIENTED_EDGE('',*,*,#2915,.T.);
#3824=ORIENTED_EDGE('',*,*,#2916,.T.);
#3825=ORIENTED_EDGE('',*,*,#2917,.T.);
#3826=ORIENTED_EDGE('',*,*,#2918,.T.);
#3827=ORIENTED_EDGE('',*,*,#2919,.T.);
#3828=ORIENTED_EDGE('',*,*,#2920,.T.);
#3829=ORIENTED_EDGE('',*,*,#2921,.T.);
#3830=ORIENTED_EDGE('',*,*,#2922,.T.);
#3831=ORIENTED_EDGE('',*,*,#2923,.T.);
#3832=ORIENTED_EDGE('',*,*,#2924,.T.);
#3833=ORIENTED_EDGE('',*,*,#2925,.T.);
#3834=ORIENTED_EDGE('',*,*,#2926,.T.);
#3835=ORIENTED_EDGE('',*,*,#2927,.T.);
#3836=ORIENTED_EDGE('',*,*,#2928,.T.);
#3837=ORIENTED_EDGE('',*,*,#2929,.T.);
#3838=ORIENTED_EDGE('',*,*,#2930,.T.);
#3839=ORIENTED_EDGE('',*,*,#2931,.T.);
#3840=ORIENTED_EDGE('',*,*,#2932,.T.);
#3841=ORIENTED_EDGE('',*,*,#2933,.T.);
#3842=ORIENTED_EDGE('',*,*,#2934,.T.);
#3843=ORIENTED_EDGE('',*,*,#2935,.T.);
#3844=ORIENTED_EDGE('',*,*,#2936,.T.);
#3845=ORIENTED_EDGE('',*,*,#2937,.T.);
#3846=ORIENTED_EDGE('',*,*,#2938,.T.);
#3847=ORIENTED_EDGE('',*,*,#2939,.T.);
#3848=ORIENTED_EDGE('',*,*,#2940,.T.);
#3849=ORIENTED_EDGE('',*,*,#2941,.T.);
#3850=ORIENTED_EDGE('',*,*,#2942,.T.);
#3851=ORIENTED_EDGE('',*,*,#2943,.T.);
#3852=ORIENTED_EDGE('',*,*,#2944,.T.);
#3853=ORIENTED_EDGE('',*,*,#2945,.T.);
#3854=ORIENTED_EDGE('',*,*,#2946,.T.);
#3855=ORIENTED_EDGE('',*,*,#2947,.T.);
#3856=ORIENTED_EDGE('',*,*,#2948,.T.);
#3857=ORIENTED_EDGE('',*,*,#2949,.T.);
#3858=ORIENTED_EDGE('',*,*,#2950,.T.);
#3859=ORIENTED_EDGE('',*,*,#2951,.T.);
#3860=ORIENTED_EDGE('',*,*,#2952,.T.);
#3861=ORIENTED_EDGE('',*,*,#2953,.T.);
#3862=ORIENTED_EDGE('',*,*,#2954,.T.);
#3863=ORIENTED_EDGE('',*,*,#2955,.T.);
#3864=ORIENTED_EDGE('',*,*,#2956,.T.);
#3865=ORIENTED_EDGE('',*,*,#2957,.T.);
#3866=ORIENTED_EDGE('',*,*,#2958,.T.);
#3867=ORIENTED_EDGE('',*,*,#2959,.T.);
#3868=ORIENTED_EDGE('',*,*,#2960,.T.);
#3869=ORIENTED_EDGE('',*,*,#2961,.T.);
#3870=ORIENTED_EDGE('',*,*,#2962,.T.);
#3871=ORIENTED_EDGE('',*,*,#2963,.T.);
#3872=ORIENTED_EDGE('',*,*,#2964,.T.);
#3873=ORIENTED_EDGE('',*,*,#2965,.T.);
#3874=ORIENTED_EDGE('',*,*,#2966,.T.);
#3875=ORIENTED_EDGE('',*,*,#2967,.F.);
#3876=ORIENTED_EDGE('',*,*,#2968,.F.);
#3877=ORIENTED_EDGE('',*,*,#2969,.F.);
#3878=ORIENTED_EDGE('',*,*,#2970,.F.);
#3879=ORIENTED_EDGE('',*,*,#2971,.F.);
#3880=ORIENTED_EDGE('',*,*,#2972,.T.);
#3881=ORIENTED_EDGE('',*,*,#2973,.T.);
#3882=ORIENTED_EDGE('',*,*,#2974,.T.);
#3883=ORIENTED_EDGE('',*,*,#2975,.T.);
#3884=ORIENTED_EDGE('',*,*,#2976,.T.);
#3885=ORIENTED_EDGE('',*,*,#2977,.T.);
#3886=ORIENTED_EDGE('',*,*,#2978,.T.);
#3887=ORIENTED_EDGE('',*,*,#2979,.T.);
#3888=ORIENTED_EDGE('',*,*,#2980,.T.);
#3889=ORIENTED_EDGE('',*,*,#2981,.T.);
#3890=ORIENTED_EDGE('',*,*,#2982,.T.);
#3891=ORIENTED_EDGE('',*,*,#2983,.T.);
#3892=ORIENTED_EDGE('',*,*,#2984,.T.);
#3893=ORIENTED_EDGE('',*,*,#2985,.T.);
#3894=ORIENTED_EDGE('',*,*,#2986,.T.);
#3895=ORIENTED_EDGE('',*,*,#2987,.T.);
#3896=ORIENTED_EDGE('',*,*,#2988,.T.);
#3897=ORIENTED_EDGE('',*,*,#2989,.T.);
#3898=ORIENTED_EDGE('',*,*,#2990,.T.);
#3899=ORIENTED_EDGE('',*,*,#2991,.T.);
#3900=ORIENTED_EDGE('',*,*,#2992,.T.);
#3901=ORIENTED_EDGE('',*,*,#2993,.T.);
#3902=ORIENTED_EDGE('',*,*,#2994,.T.);
#3903=ORIENTED_EDGE('',*,*,#2995,.T.);
#3904=ORIENTED_EDGE('',*,*,#2996,.T.);
#3905=ORIENTED_EDGE('',*,*,#2997,.T.);
#3906=ORIENTED_EDGE('',*,*,#2998,.T.);
#3907=ORIENTED_EDGE('',*,*,#2999,.T.);
#3908=ORIENTED_EDGE('',*,*,#3000,.T.);
#3909=ORIENTED_EDGE('',*,*,#3001,.T.);
#3910=ORIENTED_EDGE('',*,*,#3002,.T.);
#3911=ORIENTED_EDGE('',*,*,#3003,.T.);
#3912=ORIENTED_EDGE('',*,*,#3004,.T.);
#3913=ORIENTED_EDGE('',*,*,#3005,.T.);
#3914=ORIENTED_EDGE('',*,*,#3006,.T.);
#3915=ORIENTED_EDGE('',*,*,#3007,.T.);
#3916=ORIENTED_EDGE('',*,*,#3008,.T.);
#3917=ORIENTED_EDGE('',*,*,#3009,.T.);
#3918=ORIENTED_EDGE('',*,*,#3010,.T.);
#3919=ORIENTED_EDGE('',*,*,#3011,.T.);
#3920=ORIENTED_EDGE('',*,*,#3012,.T.);
#3921=ORIENTED_EDGE('',*,*,#3013,.T.);
#3922=ORIENTED_EDGE('',*,*,#3014,.T.);
#3923=ORIENTED_EDGE('',*,*,#3015,.T.);
#3924=ORIENTED_EDGE('',*,*,#3016,.T.);
#3925=ORIENTED_EDGE('',*,*,#3017,.T.);
#3926=ORIENTED_EDGE('',*,*,#3018,.T.);
#3927=ORIENTED_EDGE('',*,*,#3019,.T.);
#3928=ORIENTED_EDGE('',*,*,#3020,.T.);
#3929=ORIENTED_EDGE('',*,*,#3021,.F.);
#3930=ORIENTED_EDGE('',*,*,#3022,.F.);
#3931=ORIENTED_EDGE('',*,*,#3023,.F.);
#3932=ORIENTED_EDGE('',*,*,#3024,.F.);
#3933=ORIENTED_EDGE('',*,*,#3025,.F.);
#3934=ORIENTED_EDGE('',*,*,#2884,.T.);
#3935=ORIENTED_EDGE('',*,*,#3026,.F.);
#3936=ORIENTED_EDGE('',*,*,#2972,.F.);
#3937=ORIENTED_EDGE('',*,*,#2882,.T.);
#3938=ORIENTED_EDGE('',*,*,#3027,.T.);
#3939=ORIENTED_EDGE('',*,*,#2974,.F.);
#3940=ORIENTED_EDGE('',*,*,#3028,.T.);
#3941=ORIENTED_EDGE('',*,*,#3029,.T.);
#3942=ORIENTED_EDGE('',*,*,#3030,.F.);
#3943=ORIENTED_EDGE('',*,*,#3031,.T.);
#3944=ORIENTED_EDGE('',*,*,#3032,.F.);
#3945=ORIENTED_EDGE('',*,*,#3033,.T.);
#3946=ORIENTED_EDGE('',*,*,#3034,.T.);
#3947=ORIENTED_EDGE('',*,*,#3035,.F.);
#3948=ORIENTED_EDGE('',*,*,#3036,.F.);
#3949=ORIENTED_EDGE('',*,*,#3037,.F.);
#3950=ORIENTED_EDGE('',*,*,#3038,.T.);
#3951=ORIENTED_EDGE('',*,*,#3039,.T.);
#3952=ORIENTED_EDGE('',*,*,#3040,.T.);
#3953=ORIENTED_EDGE('',*,*,#3041,.T.);
#3954=ORIENTED_EDGE('',*,*,#3042,.T.);
#3955=ORIENTED_EDGE('',*,*,#3043,.F.);
#3956=ORIENTED_EDGE('',*,*,#3044,.F.);
#3957=ORIENTED_EDGE('',*,*,#3045,.T.);
#3958=ORIENTED_EDGE('',*,*,#3046,.F.);
#3959=ORIENTED_EDGE('',*,*,#3047,.T.);
#3960=ORIENTED_EDGE('',*,*,#3048,.T.);
#3961=ORIENTED_EDGE('',*,*,#3049,.T.);
#3962=ORIENTED_EDGE('',*,*,#3050,.T.);
#3963=ORIENTED_EDGE('',*,*,#3051,.F.);
#3964=ORIENTED_EDGE('',*,*,#3052,.F.);
#3965=ORIENTED_EDGE('',*,*,#3053,.F.);
#3966=ORIENTED_EDGE('',*,*,#3054,.T.);
#3967=ORIENTED_EDGE('',*,*,#3055,.T.);
#3968=ORIENTED_EDGE('',*,*,#3056,.T.);
#3969=ORIENTED_EDGE('',*,*,#2883,.T.);
#3970=ORIENTED_EDGE('',*,*,#3028,.F.);
#3971=ORIENTED_EDGE('',*,*,#2973,.F.);
#3972=ORIENTED_EDGE('',*,*,#3026,.T.);
#3973=ORIENTED_EDGE('',*,*,#3057,.F.);
#3974=ORIENTED_EDGE('',*,*,#3058,.F.);
#3975=ORIENTED_EDGE('',*,*,#3059,.F.);
#3976=ORIENTED_EDGE('',*,*,#3060,.F.);
#3977=ORIENTED_EDGE('',*,*,#3061,.F.);
#3978=ORIENTED_EDGE('',*,*,#3062,.F.);
#3979=ORIENTED_EDGE('',*,*,#3063,.F.);
#3980=ORIENTED_EDGE('',*,*,#3064,.F.);
#3981=ORIENTED_EDGE('',*,*,#3065,.F.);
#3982=ORIENTED_EDGE('',*,*,#3066,.T.);
#3983=ORIENTED_EDGE('',*,*,#3067,.T.);
#3984=ORIENTED_EDGE('',*,*,#3068,.F.);
#3985=ORIENTED_EDGE('',*,*,#3069,.F.);
#3986=ORIENTED_EDGE('',*,*,#3070,.T.);
#3987=ORIENTED_EDGE('',*,*,#3071,.T.);
#3988=ORIENTED_EDGE('',*,*,#3072,.F.);
#3989=ORIENTED_EDGE('',*,*,#3073,.F.);
#3990=ORIENTED_EDGE('',*,*,#3074,.T.);
#3991=ORIENTED_EDGE('',*,*,#3075,.T.);
#3992=ORIENTED_EDGE('',*,*,#3076,.T.);
#3993=ORIENTED_EDGE('',*,*,#3075,.F.);
#3994=ORIENTED_EDGE('',*,*,#3077,.T.);
#3995=ORIENTED_EDGE('',*,*,#3032,.T.);
#3996=ORIENTED_EDGE('',*,*,#3078,.T.);
#3997=ORIENTED_EDGE('',*,*,#3039,.F.);
#3998=ORIENTED_EDGE('',*,*,#3079,.T.);
#3999=ORIENTED_EDGE('',*,*,#3073,.T.);
#4000=ORIENTED_EDGE('',*,*,#3080,.T.);
#4001=ORIENTED_EDGE('',*,*,#3055,.F.);
#4002=ORIENTED_EDGE('',*,*,#3081,.T.);
#4003=ORIENTED_EDGE('',*,*,#3037,.T.);
#4004=ORIENTED_EDGE('',*,*,#3082,.T.);
#4005=ORIENTED_EDGE('',*,*,#3048,.F.);
#4006=ORIENTED_EDGE('',*,*,#3083,.T.);
#4007=ORIENTED_EDGE('',*,*,#3053,.T.);
#4008=ORIENTED_EDGE('',*,*,#3084,.T.);
#4009=ORIENTED_EDGE('',*,*,#3085,.T.);
#4010=ORIENTED_EDGE('',*,*,#3086,.T.);
#4011=ORIENTED_EDGE('',*,*,#3087,.T.);
#4012=ORIENTED_EDGE('',*,*,#3052,.T.);
#4013=ORIENTED_EDGE('',*,*,#3088,.F.);
#4014=ORIENTED_EDGE('',*,*,#3089,.T.);
#4015=ORIENTED_EDGE('',*,*,#3090,.T.);
#4016=ORIENTED_EDGE('',*,*,#3091,.T.);
#4017=ORIENTED_EDGE('',*,*,#3092,.T.);
#4018=ORIENTED_EDGE('',*,*,#3093,.T.);
#4019=ORIENTED_EDGE('',*,*,#3094,.T.);
#4020=ORIENTED_EDGE('',*,*,#3095,.T.);
#4021=ORIENTED_EDGE('',*,*,#3096,.T.);
#4022=ORIENTED_EDGE('',*,*,#3097,.T.);
#4023=ORIENTED_EDGE('',*,*,#3098,.F.);
#4024=ORIENTED_EDGE('',*,*,#3050,.F.);
#4025=ORIENTED_EDGE('',*,*,#3087,.F.);
#4026=ORIENTED_EDGE('',*,*,#3099,.T.);
#4027=ORIENTED_EDGE('',*,*,#3094,.F.);
#4028=ORIENTED_EDGE('',*,*,#3049,.F.);
#4029=ORIENTED_EDGE('',*,*,#3098,.T.);
#4030=ORIENTED_EDGE('',*,*,#3100,.T.);
#4031=ORIENTED_EDGE('',*,*,#3088,.T.);
#4032=ORIENTED_EDGE('',*,*,#3051,.T.);
#4033=ORIENTED_EDGE('',*,*,#3092,.F.);
#4034=ORIENTED_EDGE('',*,*,#3101,.T.);
#4035=ORIENTED_EDGE('',*,*,#3085,.F.);
#4036=ORIENTED_EDGE('',*,*,#3102,.T.);
#4037=ORIENTED_EDGE('',*,*,#3096,.F.);
#4038=ORIENTED_EDGE('',*,*,#3103,.T.);
#4039=ORIENTED_EDGE('',*,*,#3090,.F.);
#4040=ORIENTED_EDGE('',*,*,#3104,.T.);
#4041=ORIENTED_EDGE('',*,*,#3095,.F.);
#4042=ORIENTED_EDGE('',*,*,#3099,.F.);
#4043=ORIENTED_EDGE('',*,*,#3086,.F.);
#4044=ORIENTED_EDGE('',*,*,#3101,.F.);
#4045=ORIENTED_EDGE('',*,*,#3091,.F.);
#4046=ORIENTED_EDGE('',*,*,#3103,.F.);
#4047=ORIENTED_EDGE('',*,*,#3104,.F.);
#4048=ORIENTED_EDGE('',*,*,#3093,.F.);
#4049=ORIENTED_EDGE('',*,*,#3102,.F.);
#4050=ORIENTED_EDGE('',*,*,#3089,.F.);
#4051=ORIENTED_EDGE('',*,*,#3100,.F.);
#4052=ORIENTED_EDGE('',*,*,#3097,.F.);
#4053=ORIENTED_EDGE('',*,*,#3105,.T.);
#4054=ORIENTED_EDGE('',*,*,#3106,.T.);
#4055=ORIENTED_EDGE('',*,*,#3107,.T.);
#4056=ORIENTED_EDGE('',*,*,#3044,.T.);
#4057=ORIENTED_EDGE('',*,*,#3108,.F.);
#4058=ORIENTED_EDGE('',*,*,#3109,.T.);
#4059=ORIENTED_EDGE('',*,*,#3110,.T.);
#4060=ORIENTED_EDGE('',*,*,#3111,.T.);
#4061=ORIENTED_EDGE('',*,*,#3112,.T.);
#4062=ORIENTED_EDGE('',*,*,#3113,.T.);
#4063=ORIENTED_EDGE('',*,*,#3114,.T.);
#4064=ORIENTED_EDGE('',*,*,#3115,.T.);
#4065=ORIENTED_EDGE('',*,*,#3116,.T.);
#4066=ORIENTED_EDGE('',*,*,#3117,.T.);
#4067=ORIENTED_EDGE('',*,*,#3118,.F.);
#4068=ORIENTED_EDGE('',*,*,#3042,.F.);
#4069=ORIENTED_EDGE('',*,*,#3107,.F.);
#4070=ORIENTED_EDGE('',*,*,#3119,.T.);
#4071=ORIENTED_EDGE('',*,*,#3114,.F.);
#4072=ORIENTED_EDGE('',*,*,#3041,.F.);
#4073=ORIENTED_EDGE('',*,*,#3118,.T.);
#4074=ORIENTED_EDGE('',*,*,#3120,.T.);
#4075=ORIENTED_EDGE('',*,*,#3108,.T.);
#4076=ORIENTED_EDGE('',*,*,#3043,.T.);
#4077=ORIENTED_EDGE('',*,*,#3121,.T.);
#4078=ORIENTED_EDGE('',*,*,#3122,.T.);
#4079=ORIENTED_EDGE('',*,*,#3123,.T.);
#4080=ORIENTED_EDGE('',*,*,#3036,.T.);
#4081=ORIENTED_EDGE('',*,*,#3124,.F.);
#4082=ORIENTED_EDGE('',*,*,#3125,.T.);
#4083=ORIENTED_EDGE('',*,*,#3126,.T.);
#4084=ORIENTED_EDGE('',*,*,#3127,.T.);
#4085=ORIENTED_EDGE('',*,*,#3128,.T.);
#4086=ORIENTED_EDGE('',*,*,#3129,.T.);
#4087=ORIENTED_EDGE('',*,*,#3130,.T.);
#4088=ORIENTED_EDGE('',*,*,#3131,.T.);
#4089=ORIENTED_EDGE('',*,*,#3132,.T.);
#4090=ORIENTED_EDGE('',*,*,#3133,.T.);
#4091=ORIENTED_EDGE('',*,*,#3134,.F.);
#4092=ORIENTED_EDGE('',*,*,#3034,.F.);
#4093=ORIENTED_EDGE('',*,*,#3123,.F.);
#4094=ORIENTED_EDGE('',*,*,#3135,.T.);
#4095=ORIENTED_EDGE('',*,*,#3130,.F.);
#4096=ORIENTED_EDGE('',*,*,#3033,.F.);
#4097=ORIENTED_EDGE('',*,*,#3134,.T.);
#4098=ORIENTED_EDGE('',*,*,#3136,.T.);
#4099=ORIENTED_EDGE('',*,*,#3124,.T.);
#4100=ORIENTED_EDGE('',*,*,#3035,.T.);
#4101=ORIENTED_EDGE('',*,*,#3112,.F.);
#4102=ORIENTED_EDGE('',*,*,#3137,.T.);
#4103=ORIENTED_EDGE('',*,*,#3105,.F.);
#4104=ORIENTED_EDGE('',*,*,#3138,.T.);
#4105=ORIENTED_EDGE('',*,*,#3116,.F.);
#4106=ORIENTED_EDGE('',*,*,#3139,.T.);
#4107=ORIENTED_EDGE('',*,*,#3110,.F.);
#4108=ORIENTED_EDGE('',*,*,#3140,.T.);
#4109=ORIENTED_EDGE('',*,*,#3128,.F.);
#4110=ORIENTED_EDGE('',*,*,#3141,.T.);
#4111=ORIENTED_EDGE('',*,*,#3121,.F.);
#4112=ORIENTED_EDGE('',*,*,#3142,.T.);
#4113=ORIENTED_EDGE('',*,*,#3132,.F.);
#4114=ORIENTED_EDGE('',*,*,#3143,.T.);
#4115=ORIENTED_EDGE('',*,*,#3126,.F.);
#4116=ORIENTED_EDGE('',*,*,#3144,.T.);
#4117=ORIENTED_EDGE('',*,*,#3115,.F.);
#4118=ORIENTED_EDGE('',*,*,#3119,.F.);
#4119=ORIENTED_EDGE('',*,*,#3106,.F.);
#4120=ORIENTED_EDGE('',*,*,#3137,.F.);
#4121=ORIENTED_EDGE('',*,*,#3111,.F.);
#4122=ORIENTED_EDGE('',*,*,#3139,.F.);
#4123=ORIENTED_EDGE('',*,*,#3140,.F.);
#4124=ORIENTED_EDGE('',*,*,#3113,.F.);
#4125=ORIENTED_EDGE('',*,*,#3138,.F.);
#4126=ORIENTED_EDGE('',*,*,#3109,.F.);
#4127=ORIENTED_EDGE('',*,*,#3120,.F.);
#4128=ORIENTED_EDGE('',*,*,#3117,.F.);
#4129=ORIENTED_EDGE('',*,*,#3131,.F.);
#4130=ORIENTED_EDGE('',*,*,#3135,.F.);
#4131=ORIENTED_EDGE('',*,*,#3122,.F.);
#4132=ORIENTED_EDGE('',*,*,#3141,.F.);
#4133=ORIENTED_EDGE('',*,*,#3127,.F.);
#4134=ORIENTED_EDGE('',*,*,#3143,.F.);
#4135=ORIENTED_EDGE('',*,*,#3144,.F.);
#4136=ORIENTED_EDGE('',*,*,#3129,.F.);
#4137=ORIENTED_EDGE('',*,*,#3142,.F.);
#4138=ORIENTED_EDGE('',*,*,#3125,.F.);
#4139=ORIENTED_EDGE('',*,*,#3136,.F.);
#4140=ORIENTED_EDGE('',*,*,#3133,.F.);
#4141=ORIENTED_EDGE('',*,*,#3145,.F.);
#4142=ORIENTED_EDGE('',*,*,#3146,.T.);
#4143=ORIENTED_EDGE('',*,*,#3147,.T.);
#4144=ORIENTED_EDGE('',*,*,#3148,.T.);
#4145=ORIENTED_EDGE('',*,*,#3147,.F.);
#4146=ORIENTED_EDGE('',*,*,#3149,.T.);
#4147=ORIENTED_EDGE('',*,*,#2873,.T.);
#4148=ORIENTED_EDGE('',*,*,#3150,.T.);
#4149=ORIENTED_EDGE('',*,*,#2871,.F.);
#4150=ORIENTED_EDGE('',*,*,#3151,.T.);
#4151=ORIENTED_EDGE('',*,*,#3145,.T.);
#4152=ORIENTED_EDGE('',*,*,#3152,.T.);
#4153=ORIENTED_EDGE('',*,*,#3031,.F.);
#4154=ORIENTED_EDGE('',*,*,#3153,.F.);
#4155=ORIENTED_EDGE('',*,*,#3154,.T.);
#4156=ORIENTED_EDGE('',*,*,#3155,.T.);
#4157=ORIENTED_EDGE('',*,*,#3156,.T.);
#4158=ORIENTED_EDGE('',*,*,#3157,.T.);
#4159=ORIENTED_EDGE('',*,*,#3158,.T.);
#4160=ORIENTED_EDGE('',*,*,#3159,.F.);
#4161=ORIENTED_EDGE('',*,*,#3045,.F.);
#4162=ORIENTED_EDGE('',*,*,#3084,.F.);
#4163=ORIENTED_EDGE('',*,*,#3056,.F.);
#4164=ORIENTED_EDGE('',*,*,#3082,.F.);
#4165=ORIENTED_EDGE('',*,*,#3040,.F.);
#4166=ORIENTED_EDGE('',*,*,#3080,.F.);
#4167=ORIENTED_EDGE('',*,*,#3076,.F.);
#4168=ORIENTED_EDGE('',*,*,#3078,.F.);
#4169=ORIENTED_EDGE('',*,*,#2866,.F.);
#4170=ORIENTED_EDGE('',*,*,#2869,.F.);
#4171=ORIENTED_EDGE('',*,*,#3150,.F.);
#4172=ORIENTED_EDGE('',*,*,#2872,.F.);
#4173=ORIENTED_EDGE('',*,*,#3152,.F.);
#4174=ORIENTED_EDGE('',*,*,#3148,.F.);
#4175=ORIENTED_EDGE('',*,*,#2876,.F.);
#4176=ORIENTED_EDGE('',*,*,#2967,.T.);
#4177=ORIENTED_EDGE('',*,*,#3027,.F.);
#4178=ORIENTED_EDGE('',*,*,#2881,.F.);
#4179=ORIENTED_EDGE('',*,*,#3160,.F.);
#4180=ORIENTED_EDGE('',*,*,#3161,.T.);
#4181=ORIENTED_EDGE('',*,*,#3162,.F.);
#4182=ORIENTED_EDGE('',*,*,#3158,.F.);
#4183=ORIENTED_EDGE('',*,*,#3163,.T.);
#4184=ORIENTED_EDGE('',*,*,#2968,.T.);
#4185=ORIENTED_EDGE('',*,*,#3163,.F.);
#4186=ORIENTED_EDGE('',*,*,#3157,.F.);
#4187=ORIENTED_EDGE('',*,*,#3164,.T.);
#4188=ORIENTED_EDGE('',*,*,#2969,.T.);
#4189=ORIENTED_EDGE('',*,*,#3164,.F.);
#4190=ORIENTED_EDGE('',*,*,#3156,.F.);
#4191=ORIENTED_EDGE('',*,*,#3165,.T.);
#4192=ORIENTED_EDGE('',*,*,#2970,.T.);
#4193=ORIENTED_EDGE('',*,*,#3165,.F.);
#4194=ORIENTED_EDGE('',*,*,#3155,.F.);
#4195=ORIENTED_EDGE('',*,*,#3166,.T.);
#4196=ORIENTED_EDGE('',*,*,#2971,.T.);
#4197=ORIENTED_EDGE('',*,*,#3166,.F.);
#4198=ORIENTED_EDGE('',*,*,#3154,.F.);
#4199=ORIENTED_EDGE('',*,*,#3167,.F.);
#4200=ORIENTED_EDGE('',*,*,#3168,.T.);
#4201=ORIENTED_EDGE('',*,*,#3169,.T.);
#4202=ORIENTED_EDGE('',*,*,#2877,.F.);
#4203=ORIENTED_EDGE('',*,*,#3025,.T.);
#4204=ORIENTED_EDGE('',*,*,#3021,.T.);
#4205=ORIENTED_EDGE('',*,*,#3170,.F.);
#4206=ORIENTED_EDGE('',*,*,#3171,.F.);
#4207=ORIENTED_EDGE('',*,*,#3172,.T.);
#4208=ORIENTED_EDGE('',*,*,#3022,.T.);
#4209=ORIENTED_EDGE('',*,*,#3172,.F.);
#4210=ORIENTED_EDGE('',*,*,#3173,.F.);
#4211=ORIENTED_EDGE('',*,*,#3174,.T.);
#4212=ORIENTED_EDGE('',*,*,#3023,.T.);
#4213=ORIENTED_EDGE('',*,*,#3174,.F.);
#4214=ORIENTED_EDGE('',*,*,#3175,.F.);
#4215=ORIENTED_EDGE('',*,*,#3176,.T.);
#4216=ORIENTED_EDGE('',*,*,#3024,.T.);
#4217=ORIENTED_EDGE('',*,*,#3176,.F.);
#4218=ORIENTED_EDGE('',*,*,#3177,.F.);
#4219=ORIENTED_EDGE('',*,*,#3170,.T.);
#4220=ORIENTED_EDGE('',*,*,#3171,.T.);
#4221=ORIENTED_EDGE('',*,*,#3177,.T.);
#4222=ORIENTED_EDGE('',*,*,#3175,.T.);
#4223=ORIENTED_EDGE('',*,*,#3173,.T.);
#4224=ORIENTED_EDGE('',*,*,#2867,.T.);
#4225=ORIENTED_EDGE('',*,*,#2864,.T.);
#4226=ORIENTED_EDGE('',*,*,#3168,.F.);
#4227=ORIENTED_EDGE('',*,*,#3178,.F.);
#4228=ORIENTED_EDGE('',*,*,#3029,.F.);
#4229=ORIENTED_EDGE('',*,*,#3077,.F.);
#4230=ORIENTED_EDGE('',*,*,#3074,.F.);
#4231=ORIENTED_EDGE('',*,*,#3079,.F.);
#4232=ORIENTED_EDGE('',*,*,#3038,.F.);
#4233=ORIENTED_EDGE('',*,*,#3081,.F.);
#4234=ORIENTED_EDGE('',*,*,#3054,.F.);
#4235=ORIENTED_EDGE('',*,*,#3083,.F.);
#4236=ORIENTED_EDGE('',*,*,#3047,.F.);
#4237=ORIENTED_EDGE('',*,*,#3179,.F.);
#4238=ORIENTED_EDGE('',*,*,#3161,.F.);
#4239=ORIENTED_EDGE('',*,*,#3180,.F.);
#4240=ORIENTED_EDGE('',*,*,#3181,.F.);
#4241=ORIENTED_EDGE('',*,*,#3182,.F.);
#4242=ORIENTED_EDGE('',*,*,#2860,.T.);
#4243=ORIENTED_EDGE('',*,*,#2863,.T.);
#4244=ORIENTED_EDGE('',*,*,#3151,.F.);
#4245=ORIENTED_EDGE('',*,*,#2870,.F.);
#4246=ORIENTED_EDGE('',*,*,#3149,.F.);
#4247=ORIENTED_EDGE('',*,*,#3146,.F.);
#4248=ORIENTED_EDGE('',*,*,#2874,.F.);
#4249=ORIENTED_EDGE('',*,*,#2878,.F.);
#4250=ORIENTED_EDGE('',*,*,#3169,.F.);
#4251=ORIENTED_EDGE('',*,*,#3182,.T.);
#4252=ORIENTED_EDGE('',*,*,#3183,.T.);
#4253=ORIENTED_EDGE('',*,*,#2879,.F.);
#4254=ORIENTED_EDGE('',*,*,#3183,.F.);
#4255=ORIENTED_EDGE('',*,*,#3181,.T.);
#4256=ORIENTED_EDGE('',*,*,#3184,.T.);
#4257=ORIENTED_EDGE('',*,*,#2880,.F.);
#4258=ORIENTED_EDGE('',*,*,#3184,.F.);
#4259=ORIENTED_EDGE('',*,*,#3180,.T.);
#4260=ORIENTED_EDGE('',*,*,#3160,.T.);
#4261=ORIENTED_EDGE('',*,*,#2885,.F.);
#4262=ORIENTED_EDGE('',*,*,#3185,.F.);
#4263=ORIENTED_EDGE('',*,*,#3186,.T.);
#4264=ORIENTED_EDGE('',*,*,#3187,.T.);
#4265=ORIENTED_EDGE('',*,*,#2886,.F.);
#4266=ORIENTED_EDGE('',*,*,#3187,.F.);
#4267=ORIENTED_EDGE('',*,*,#3188,.T.);
#4268=ORIENTED_EDGE('',*,*,#3189,.T.);
#4269=ORIENTED_EDGE('',*,*,#2887,.F.);
#4270=ORIENTED_EDGE('',*,*,#3189,.F.);
#4271=ORIENTED_EDGE('',*,*,#3190,.T.);
#4272=ORIENTED_EDGE('',*,*,#3191,.T.);
#4273=ORIENTED_EDGE('',*,*,#2888,.F.);
#4274=ORIENTED_EDGE('',*,*,#3191,.F.);
#4275=ORIENTED_EDGE('',*,*,#3192,.T.);
#4276=ORIENTED_EDGE('',*,*,#3185,.T.);
#4277=ORIENTED_EDGE('',*,*,#3186,.F.);
#4278=ORIENTED_EDGE('',*,*,#3192,.F.);
#4279=ORIENTED_EDGE('',*,*,#3190,.F.);
#4280=ORIENTED_EDGE('',*,*,#3188,.F.);
#4281=ORIENTED_EDGE('',*,*,#2861,.F.);
#4282=ORIENTED_EDGE('',*,*,#2858,.F.);
#4283=ORIENTED_EDGE('',*,*,#3179,.T.);
#4284=ORIENTED_EDGE('',*,*,#3046,.T.);
#4285=ORIENTED_EDGE('',*,*,#3159,.T.);
#4286=ORIENTED_EDGE('',*,*,#3162,.T.);
#4287=ORIENTED_EDGE('',*,*,#3153,.T.);
#4288=ORIENTED_EDGE('',*,*,#3030,.T.);
#4289=ORIENTED_EDGE('',*,*,#3178,.T.);
#4290=ORIENTED_EDGE('',*,*,#3167,.T.);
#4291=ORIENTED_EDGE('',*,*,#3010,.F.);
#4292=ORIENTED_EDGE('',*,*,#3193,.F.);
#4293=ORIENTED_EDGE('',*,*,#3194,.T.);
#4294=ORIENTED_EDGE('',*,*,#3195,.T.);
#4295=ORIENTED_EDGE('',*,*,#3020,.F.);
#4296=ORIENTED_EDGE('',*,*,#3196,.F.);
#4297=ORIENTED_EDGE('',*,*,#3197,.T.);
#4298=ORIENTED_EDGE('',*,*,#3193,.T.);
#4299=ORIENTED_EDGE('',*,*,#3019,.F.);
#4300=ORIENTED_EDGE('',*,*,#3198,.F.);
#4301=ORIENTED_EDGE('',*,*,#3199,.T.);
#4302=ORIENTED_EDGE('',*,*,#3196,.T.);
#4303=ORIENTED_EDGE('',*,*,#3018,.F.);
#4304=ORIENTED_EDGE('',*,*,#3200,.F.);
#4305=ORIENTED_EDGE('',*,*,#3201,.T.);
#4306=ORIENTED_EDGE('',*,*,#3198,.T.);
#4307=ORIENTED_EDGE('',*,*,#3017,.F.);
#4308=ORIENTED_EDGE('',*,*,#3202,.F.);
#4309=ORIENTED_EDGE('',*,*,#3203,.T.);
#4310=ORIENTED_EDGE('',*,*,#3200,.T.);
#4311=ORIENTED_EDGE('',*,*,#3016,.F.);
#4312=ORIENTED_EDGE('',*,*,#3204,.F.);
#4313=ORIENTED_EDGE('',*,*,#3205,.T.);
#4314=ORIENTED_EDGE('',*,*,#3202,.T.);
#4315=ORIENTED_EDGE('',*,*,#3015,.F.);
#4316=ORIENTED_EDGE('',*,*,#3206,.F.);
#4317=ORIENTED_EDGE('',*,*,#3207,.T.);
#4318=ORIENTED_EDGE('',*,*,#3204,.T.);
#4319=ORIENTED_EDGE('',*,*,#3014,.F.);
#4320=ORIENTED_EDGE('',*,*,#3208,.F.);
#4321=ORIENTED_EDGE('',*,*,#3209,.T.);
#4322=ORIENTED_EDGE('',*,*,#3206,.T.);
#4323=ORIENTED_EDGE('',*,*,#3013,.F.);
#4324=ORIENTED_EDGE('',*,*,#3210,.F.);
#4325=ORIENTED_EDGE('',*,*,#3211,.T.);
#4326=ORIENTED_EDGE('',*,*,#3208,.T.);
#4327=ORIENTED_EDGE('',*,*,#3012,.F.);
#4328=ORIENTED_EDGE('',*,*,#3212,.F.);
#4329=ORIENTED_EDGE('',*,*,#3213,.T.);
#4330=ORIENTED_EDGE('',*,*,#3210,.T.);
#4331=ORIENTED_EDGE('',*,*,#3011,.F.);
#4332=ORIENTED_EDGE('',*,*,#3195,.F.);
#4333=ORIENTED_EDGE('',*,*,#3214,.T.);
#4334=ORIENTED_EDGE('',*,*,#3212,.T.);
#4335=ORIENTED_EDGE('',*,*,#3194,.F.);
#4336=ORIENTED_EDGE('',*,*,#3197,.F.);
#4337=ORIENTED_EDGE('',*,*,#3199,.F.);
#4338=ORIENTED_EDGE('',*,*,#3201,.F.);
#4339=ORIENTED_EDGE('',*,*,#3203,.F.);
#4340=ORIENTED_EDGE('',*,*,#3205,.F.);
#4341=ORIENTED_EDGE('',*,*,#3207,.F.);
#4342=ORIENTED_EDGE('',*,*,#3209,.F.);
#4343=ORIENTED_EDGE('',*,*,#3211,.F.);
#4344=ORIENTED_EDGE('',*,*,#3213,.F.);
#4345=ORIENTED_EDGE('',*,*,#3214,.F.);
#4346=ORIENTED_EDGE('',*,*,#3000,.F.);
#4347=ORIENTED_EDGE('',*,*,#3215,.F.);
#4348=ORIENTED_EDGE('',*,*,#3216,.T.);
#4349=ORIENTED_EDGE('',*,*,#3217,.T.);
#4350=ORIENTED_EDGE('',*,*,#3009,.F.);
#4351=ORIENTED_EDGE('',*,*,#3218,.F.);
#4352=ORIENTED_EDGE('',*,*,#3219,.T.);
#4353=ORIENTED_EDGE('',*,*,#3215,.T.);
#4354=ORIENTED_EDGE('',*,*,#3008,.F.);
#4355=ORIENTED_EDGE('',*,*,#3220,.F.);
#4356=ORIENTED_EDGE('',*,*,#3221,.T.);
#4357=ORIENTED_EDGE('',*,*,#3218,.T.);
#4358=ORIENTED_EDGE('',*,*,#3007,.F.);
#4359=ORIENTED_EDGE('',*,*,#3222,.F.);
#4360=ORIENTED_EDGE('',*,*,#3223,.T.);
#4361=ORIENTED_EDGE('',*,*,#3220,.T.);
#4362=ORIENTED_EDGE('',*,*,#3006,.F.);
#4363=ORIENTED_EDGE('',*,*,#3224,.F.);
#4364=ORIENTED_EDGE('',*,*,#3225,.T.);
#4365=ORIENTED_EDGE('',*,*,#3222,.T.);
#4366=ORIENTED_EDGE('',*,*,#3005,.F.);
#4367=ORIENTED_EDGE('',*,*,#3226,.F.);
#4368=ORIENTED_EDGE('',*,*,#3227,.T.);
#4369=ORIENTED_EDGE('',*,*,#3224,.T.);
#4370=ORIENTED_EDGE('',*,*,#3004,.F.);
#4371=ORIENTED_EDGE('',*,*,#3228,.F.);
#4372=ORIENTED_EDGE('',*,*,#3229,.T.);
#4373=ORIENTED_EDGE('',*,*,#3226,.T.);
#4374=ORIENTED_EDGE('',*,*,#3003,.F.);
#4375=ORIENTED_EDGE('',*,*,#3230,.F.);
#4376=ORIENTED_EDGE('',*,*,#3231,.T.);
#4377=ORIENTED_EDGE('',*,*,#3228,.T.);
#4378=ORIENTED_EDGE('',*,*,#3002,.F.);
#4379=ORIENTED_EDGE('',*,*,#3232,.F.);
#4380=ORIENTED_EDGE('',*,*,#3233,.T.);
#4381=ORIENTED_EDGE('',*,*,#3230,.T.);
#4382=ORIENTED_EDGE('',*,*,#3001,.F.);
#4383=ORIENTED_EDGE('',*,*,#3217,.F.);
#4384=ORIENTED_EDGE('',*,*,#3234,.T.);
#4385=ORIENTED_EDGE('',*,*,#3232,.T.);
#4386=ORIENTED_EDGE('',*,*,#3216,.F.);
#4387=ORIENTED_EDGE('',*,*,#3219,.F.);
#4388=ORIENTED_EDGE('',*,*,#3221,.F.);
#4389=ORIENTED_EDGE('',*,*,#3223,.F.);
#4390=ORIENTED_EDGE('',*,*,#3225,.F.);
#4391=ORIENTED_EDGE('',*,*,#3227,.F.);
#4392=ORIENTED_EDGE('',*,*,#3229,.F.);
#4393=ORIENTED_EDGE('',*,*,#3231,.F.);
#4394=ORIENTED_EDGE('',*,*,#3233,.F.);
#4395=ORIENTED_EDGE('',*,*,#3234,.F.);
#4396=ORIENTED_EDGE('',*,*,#3235,.F.);
#4397=ORIENTED_EDGE('',*,*,#3236,.F.);
#4398=ORIENTED_EDGE('',*,*,#3237,.F.);
#4399=ORIENTED_EDGE('',*,*,#3238,.F.);
#4400=ORIENTED_EDGE('',*,*,#3239,.F.);
#4401=ORIENTED_EDGE('',*,*,#3240,.F.);
#4402=ORIENTED_EDGE('',*,*,#3241,.F.);
#4403=ORIENTED_EDGE('',*,*,#3242,.F.);
#4404=ORIENTED_EDGE('',*,*,#2996,.F.);
#4405=ORIENTED_EDGE('',*,*,#3243,.F.);
#4406=ORIENTED_EDGE('',*,*,#3235,.T.);
#4407=ORIENTED_EDGE('',*,*,#3244,.T.);
#4408=ORIENTED_EDGE('',*,*,#2999,.F.);
#4409=ORIENTED_EDGE('',*,*,#3245,.F.);
#4410=ORIENTED_EDGE('',*,*,#3236,.T.);
#4411=ORIENTED_EDGE('',*,*,#3243,.T.);
#4412=ORIENTED_EDGE('',*,*,#2998,.F.);
#4413=ORIENTED_EDGE('',*,*,#3246,.F.);
#4414=ORIENTED_EDGE('',*,*,#3237,.T.);
#4415=ORIENTED_EDGE('',*,*,#3245,.T.);
#4416=ORIENTED_EDGE('',*,*,#2997,.F.);
#4417=ORIENTED_EDGE('',*,*,#3244,.F.);
#4418=ORIENTED_EDGE('',*,*,#3238,.T.);
#4419=ORIENTED_EDGE('',*,*,#3246,.T.);
#4420=ORIENTED_EDGE('',*,*,#3247,.F.);
#4421=ORIENTED_EDGE('',*,*,#3248,.F.);
#4422=ORIENTED_EDGE('',*,*,#3240,.T.);
#4423=ORIENTED_EDGE('',*,*,#3249,.T.);
#4424=ORIENTED_EDGE('',*,*,#3250,.F.);
#4425=ORIENTED_EDGE('',*,*,#3249,.F.);
#4426=ORIENTED_EDGE('',*,*,#3239,.T.);
#4427=ORIENTED_EDGE('',*,*,#3251,.T.);
#4428=ORIENTED_EDGE('',*,*,#3252,.F.);
#4429=ORIENTED_EDGE('',*,*,#3251,.F.);
#4430=ORIENTED_EDGE('',*,*,#3242,.T.);
#4431=ORIENTED_EDGE('',*,*,#3253,.T.);
#4432=ORIENTED_EDGE('',*,*,#3254,.F.);
#4433=ORIENTED_EDGE('',*,*,#3253,.F.);
#4434=ORIENTED_EDGE('',*,*,#3241,.T.);
#4435=ORIENTED_EDGE('',*,*,#3248,.T.);
#4436=ORIENTED_EDGE('',*,*,#3247,.T.);
#4437=ORIENTED_EDGE('',*,*,#3250,.T.);
#4438=ORIENTED_EDGE('',*,*,#3252,.T.);
#4439=ORIENTED_EDGE('',*,*,#3254,.T.);
#4440=ORIENTED_EDGE('',*,*,#2986,.F.);
#4441=ORIENTED_EDGE('',*,*,#3255,.F.);
#4442=ORIENTED_EDGE('',*,*,#3256,.T.);
#4443=ORIENTED_EDGE('',*,*,#3257,.T.);
#4444=ORIENTED_EDGE('',*,*,#2995,.F.);
#4445=ORIENTED_EDGE('',*,*,#3258,.F.);
#4446=ORIENTED_EDGE('',*,*,#3259,.T.);
#4447=ORIENTED_EDGE('',*,*,#3255,.T.);
#4448=ORIENTED_EDGE('',*,*,#2994,.F.);
#4449=ORIENTED_EDGE('',*,*,#3260,.F.);
#4450=ORIENTED_EDGE('',*,*,#3261,.T.);
#4451=ORIENTED_EDGE('',*,*,#3258,.T.);
#4452=ORIENTED_EDGE('',*,*,#2993,.F.);
#4453=ORIENTED_EDGE('',*,*,#3262,.F.);
#4454=ORIENTED_EDGE('',*,*,#3263,.T.);
#4455=ORIENTED_EDGE('',*,*,#3260,.T.);
#4456=ORIENTED_EDGE('',*,*,#2992,.F.);
#4457=ORIENTED_EDGE('',*,*,#3264,.F.);
#4458=ORIENTED_EDGE('',*,*,#3265,.T.);
#4459=ORIENTED_EDGE('',*,*,#3262,.T.);
#4460=ORIENTED_EDGE('',*,*,#2991,.F.);
#4461=ORIENTED_EDGE('',*,*,#3266,.F.);
#4462=ORIENTED_EDGE('',*,*,#3267,.T.);
#4463=ORIENTED_EDGE('',*,*,#3264,.T.);
#4464=ORIENTED_EDGE('',*,*,#2990,.F.);
#4465=ORIENTED_EDGE('',*,*,#3268,.F.);
#4466=ORIENTED_EDGE('',*,*,#3269,.T.);
#4467=ORIENTED_EDGE('',*,*,#3266,.T.);
#4468=ORIENTED_EDGE('',*,*,#2989,.F.);
#4469=ORIENTED_EDGE('',*,*,#3270,.F.);
#4470=ORIENTED_EDGE('',*,*,#3271,.T.);
#4471=ORIENTED_EDGE('',*,*,#3268,.T.);
#4472=ORIENTED_EDGE('',*,*,#2988,.F.);
#4473=ORIENTED_EDGE('',*,*,#3272,.F.);
#4474=ORIENTED_EDGE('',*,*,#3273,.T.);
#4475=ORIENTED_EDGE('',*,*,#3270,.T.);
#4476=ORIENTED_EDGE('',*,*,#2987,.F.);
#4477=ORIENTED_EDGE('',*,*,#3257,.F.);
#4478=ORIENTED_EDGE('',*,*,#3274,.T.);
#4479=ORIENTED_EDGE('',*,*,#3272,.T.);
#4480=ORIENTED_EDGE('',*,*,#3256,.F.);
#4481=ORIENTED_EDGE('',*,*,#3259,.F.);
#4482=ORIENTED_EDGE('',*,*,#3261,.F.);
#4483=ORIENTED_EDGE('',*,*,#3263,.F.);
#4484=ORIENTED_EDGE('',*,*,#3265,.F.);
#4485=ORIENTED_EDGE('',*,*,#3267,.F.);
#4486=ORIENTED_EDGE('',*,*,#3269,.F.);
#4487=ORIENTED_EDGE('',*,*,#3271,.F.);
#4488=ORIENTED_EDGE('',*,*,#3273,.F.);
#4489=ORIENTED_EDGE('',*,*,#3274,.F.);
#4490=ORIENTED_EDGE('',*,*,#2975,.F.);
#4491=ORIENTED_EDGE('',*,*,#3275,.F.);
#4492=ORIENTED_EDGE('',*,*,#3276,.T.);
#4493=ORIENTED_EDGE('',*,*,#3277,.T.);
#4494=ORIENTED_EDGE('',*,*,#2985,.F.);
#4495=ORIENTED_EDGE('',*,*,#3278,.F.);
#4496=ORIENTED_EDGE('',*,*,#3279,.T.);
#4497=ORIENTED_EDGE('',*,*,#3275,.T.);
#4498=ORIENTED_EDGE('',*,*,#2984,.F.);
#4499=ORIENTED_EDGE('',*,*,#3280,.F.);
#4500=ORIENTED_EDGE('',*,*,#3281,.T.);
#4501=ORIENTED_EDGE('',*,*,#3278,.T.);
#4502=ORIENTED_EDGE('',*,*,#2983,.F.);
#4503=ORIENTED_EDGE('',*,*,#3282,.F.);
#4504=ORIENTED_EDGE('',*,*,#3283,.T.);
#4505=ORIENTED_EDGE('',*,*,#3280,.T.);
#4506=ORIENTED_EDGE('',*,*,#2982,.F.);
#4507=ORIENTED_EDGE('',*,*,#3284,.F.);
#4508=ORIENTED_EDGE('',*,*,#3285,.T.);
#4509=ORIENTED_EDGE('',*,*,#3282,.T.);
#4510=ORIENTED_EDGE('',*,*,#2981,.F.);
#4511=ORIENTED_EDGE('',*,*,#3286,.F.);
#4512=ORIENTED_EDGE('',*,*,#3287,.T.);
#4513=ORIENTED_EDGE('',*,*,#3284,.T.);
#4514=ORIENTED_EDGE('',*,*,#2980,.F.);
#4515=ORIENTED_EDGE('',*,*,#3288,.F.);
#4516=ORIENTED_EDGE('',*,*,#3289,.T.);
#4517=ORIENTED_EDGE('',*,*,#3286,.T.);
#4518=ORIENTED_EDGE('',*,*,#2979,.F.);
#4519=ORIENTED_EDGE('',*,*,#3290,.F.);
#4520=ORIENTED_EDGE('',*,*,#3291,.T.);
#4521=ORIENTED_EDGE('',*,*,#3288,.T.);
#4522=ORIENTED_EDGE('',*,*,#2978,.F.);
#4523=ORIENTED_EDGE('',*,*,#3292,.F.);
#4524=ORIENTED_EDGE('',*,*,#3293,.T.);
#4525=ORIENTED_EDGE('',*,*,#3290,.T.);
#4526=ORIENTED_EDGE('',*,*,#2977,.F.);
#4527=ORIENTED_EDGE('',*,*,#3294,.F.);
#4528=ORIENTED_EDGE('',*,*,#3295,.T.);
#4529=ORIENTED_EDGE('',*,*,#3292,.T.);
#4530=ORIENTED_EDGE('',*,*,#2976,.F.);
#4531=ORIENTED_EDGE('',*,*,#3277,.F.);
#4532=ORIENTED_EDGE('',*,*,#3296,.T.);
#4533=ORIENTED_EDGE('',*,*,#3294,.T.);
#4534=ORIENTED_EDGE('',*,*,#3276,.F.);
#4535=ORIENTED_EDGE('',*,*,#3279,.F.);
#4536=ORIENTED_EDGE('',*,*,#3281,.F.);
#4537=ORIENTED_EDGE('',*,*,#3283,.F.);
#4538=ORIENTED_EDGE('',*,*,#3285,.F.);
#4539=ORIENTED_EDGE('',*,*,#3287,.F.);
#4540=ORIENTED_EDGE('',*,*,#3289,.F.);
#4541=ORIENTED_EDGE('',*,*,#3291,.F.);
#4542=ORIENTED_EDGE('',*,*,#3293,.F.);
#4543=ORIENTED_EDGE('',*,*,#3295,.F.);
#4544=ORIENTED_EDGE('',*,*,#3296,.F.);
#4545=ORIENTED_EDGE('',*,*,#3069,.T.);
#4546=ORIENTED_EDGE('',*,*,#3297,.F.);
#4547=ORIENTED_EDGE('',*,*,#3298,.F.);
#4548=ORIENTED_EDGE('',*,*,#3299,.T.);
#4549=ORIENTED_EDGE('',*,*,#3298,.T.);
#4550=ORIENTED_EDGE('',*,*,#3300,.F.);
#4551=ORIENTED_EDGE('',*,*,#3301,.F.);
#4552=ORIENTED_EDGE('',*,*,#3302,.T.);
#4553=ORIENTED_EDGE('',*,*,#3301,.T.);
#4554=ORIENTED_EDGE('',*,*,#3303,.F.);
#4555=ORIENTED_EDGE('',*,*,#3071,.F.);
#4556=ORIENTED_EDGE('',*,*,#3304,.T.);
#4557=ORIENTED_EDGE('',*,*,#3070,.F.);
#4558=ORIENTED_EDGE('',*,*,#3299,.F.);
#4559=ORIENTED_EDGE('',*,*,#3302,.F.);
#4560=ORIENTED_EDGE('',*,*,#3304,.F.);
#4561=ORIENTED_EDGE('',*,*,#3072,.T.);
#4562=ORIENTED_EDGE('',*,*,#3303,.T.);
#4563=ORIENTED_EDGE('',*,*,#3300,.T.);
#4564=ORIENTED_EDGE('',*,*,#3297,.T.);
#4565=ORIENTED_EDGE('',*,*,#3065,.T.);
#4566=ORIENTED_EDGE('',*,*,#3305,.F.);
#4567=ORIENTED_EDGE('',*,*,#3306,.F.);
#4568=ORIENTED_EDGE('',*,*,#3307,.T.);
#4569=ORIENTED_EDGE('',*,*,#3306,.T.);
#4570=ORIENTED_EDGE('',*,*,#3308,.F.);
#4571=ORIENTED_EDGE('',*,*,#3309,.F.);
#4572=ORIENTED_EDGE('',*,*,#3310,.T.);
#4573=ORIENTED_EDGE('',*,*,#3309,.T.);
#4574=ORIENTED_EDGE('',*,*,#3311,.F.);
#4575=ORIENTED_EDGE('',*,*,#3067,.F.);
#4576=ORIENTED_EDGE('',*,*,#3312,.T.);
#4577=ORIENTED_EDGE('',*,*,#3066,.F.);
#4578=ORIENTED_EDGE('',*,*,#3307,.F.);
#4579=ORIENTED_EDGE('',*,*,#3310,.F.);
#4580=ORIENTED_EDGE('',*,*,#3312,.F.);
#4581=ORIENTED_EDGE('',*,*,#3068,.T.);
#4582=ORIENTED_EDGE('',*,*,#3311,.T.);
#4583=ORIENTED_EDGE('',*,*,#3308,.T.);
#4584=ORIENTED_EDGE('',*,*,#3305,.T.);
#4585=ORIENTED_EDGE('',*,*,#3062,.T.);
#4586=ORIENTED_EDGE('',*,*,#3313,.F.);
#4587=ORIENTED_EDGE('',*,*,#3314,.F.);
#4588=ORIENTED_EDGE('',*,*,#3315,.T.);
#4589=ORIENTED_EDGE('',*,*,#3063,.T.);
#4590=ORIENTED_EDGE('',*,*,#3315,.F.);
#4591=ORIENTED_EDGE('',*,*,#3316,.F.);
#4592=ORIENTED_EDGE('',*,*,#3317,.T.);
#4593=ORIENTED_EDGE('',*,*,#3064,.T.);
#4594=ORIENTED_EDGE('',*,*,#3317,.F.);
#4595=ORIENTED_EDGE('',*,*,#3318,.F.);
#4596=ORIENTED_EDGE('',*,*,#3319,.T.);
#4597=ORIENTED_EDGE('',*,*,#3061,.T.);
#4598=ORIENTED_EDGE('',*,*,#3319,.F.);
#4599=ORIENTED_EDGE('',*,*,#3320,.F.);
#4600=ORIENTED_EDGE('',*,*,#3313,.T.);
#4601=ORIENTED_EDGE('',*,*,#3314,.T.);
#4602=ORIENTED_EDGE('',*,*,#3320,.T.);
#4603=ORIENTED_EDGE('',*,*,#3318,.T.);
#4604=ORIENTED_EDGE('',*,*,#3316,.T.);
#4605=ORIENTED_EDGE('',*,*,#3321,.F.);
#4606=ORIENTED_EDGE('',*,*,#3322,.F.);
#4607=ORIENTED_EDGE('',*,*,#3323,.F.);
#4608=ORIENTED_EDGE('',*,*,#3324,.F.);
#4609=ORIENTED_EDGE('',*,*,#3058,.T.);
#4610=ORIENTED_EDGE('',*,*,#3325,.F.);
#4611=ORIENTED_EDGE('',*,*,#3326,.F.);
#4612=ORIENTED_EDGE('',*,*,#3327,.T.);
#4613=ORIENTED_EDGE('',*,*,#3059,.T.);
#4614=ORIENTED_EDGE('',*,*,#3327,.F.);
#4615=ORIENTED_EDGE('',*,*,#3328,.F.);
#4616=ORIENTED_EDGE('',*,*,#3329,.T.);
#4617=ORIENTED_EDGE('',*,*,#3060,.T.);
#4618=ORIENTED_EDGE('',*,*,#3329,.F.);
#4619=ORIENTED_EDGE('',*,*,#3330,.F.);
#4620=ORIENTED_EDGE('',*,*,#3331,.T.);
#4621=ORIENTED_EDGE('',*,*,#3057,.T.);
#4622=ORIENTED_EDGE('',*,*,#3331,.F.);
#4623=ORIENTED_EDGE('',*,*,#3332,.F.);
#4624=ORIENTED_EDGE('',*,*,#3325,.T.);
#4625=ORIENTED_EDGE('',*,*,#3326,.T.);
#4626=ORIENTED_EDGE('',*,*,#3332,.T.);
#4627=ORIENTED_EDGE('',*,*,#3330,.T.);
#4628=ORIENTED_EDGE('',*,*,#3328,.T.);
#4629=ORIENTED_EDGE('',*,*,#3333,.T.);
#4630=ORIENTED_EDGE('',*,*,#3334,.F.);
#4631=ORIENTED_EDGE('',*,*,#3335,.F.);
#4632=ORIENTED_EDGE('',*,*,#3336,.T.);
#4633=ORIENTED_EDGE('',*,*,#3337,.F.);
#4634=ORIENTED_EDGE('',*,*,#3321,.T.);
#4635=ORIENTED_EDGE('',*,*,#3338,.F.);
#4636=ORIENTED_EDGE('',*,*,#3336,.F.);
#4637=ORIENTED_EDGE('',*,*,#3339,.T.);
#4638=ORIENTED_EDGE('',*,*,#3323,.T.);
#4639=ORIENTED_EDGE('',*,*,#3340,.T.);
#4640=ORIENTED_EDGE('',*,*,#3334,.T.);
#4641=ORIENTED_EDGE('',*,*,#3335,.T.);
#4642=ORIENTED_EDGE('',*,*,#3340,.F.);
#4643=ORIENTED_EDGE('',*,*,#3322,.T.);
#4644=ORIENTED_EDGE('',*,*,#3337,.T.);
#4645=ORIENTED_EDGE('',*,*,#3338,.T.);
#4646=ORIENTED_EDGE('',*,*,#3324,.T.);
#4647=ORIENTED_EDGE('',*,*,#3339,.F.);
#4648=ORIENTED_EDGE('',*,*,#3333,.F.);
#4649=ORIENTED_EDGE('',*,*,#2956,.F.);
#4650=ORIENTED_EDGE('',*,*,#3341,.F.);
#4651=ORIENTED_EDGE('',*,*,#3342,.T.);
#4652=ORIENTED_EDGE('',*,*,#3343,.T.);
#4653=ORIENTED_EDGE('',*,*,#2955,.F.);
#4654=ORIENTED_EDGE('',*,*,#3344,.F.);
#4655=ORIENTED_EDGE('',*,*,#3345,.T.);
#4656=ORIENTED_EDGE('',*,*,#3341,.T.);
#4657=ORIENTED_EDGE('',*,*,#2966,.F.);
#4658=ORIENTED_EDGE('',*,*,#3346,.F.);
#4659=ORIENTED_EDGE('',*,*,#3347,.T.);
#4660=ORIENTED_EDGE('',*,*,#3344,.T.);
#4661=ORIENTED_EDGE('',*,*,#2965,.F.);
#4662=ORIENTED_EDGE('',*,*,#3348,.F.);
#4663=ORIENTED_EDGE('',*,*,#3349,.T.);
#4664=ORIENTED_EDGE('',*,*,#3346,.T.);
#4665=ORIENTED_EDGE('',*,*,#2964,.F.);
#4666=ORIENTED_EDGE('',*,*,#3350,.F.);
#4667=ORIENTED_EDGE('',*,*,#3351,.T.);
#4668=ORIENTED_EDGE('',*,*,#3348,.T.);
#4669=ORIENTED_EDGE('',*,*,#2963,.F.);
#4670=ORIENTED_EDGE('',*,*,#3352,.F.);
#4671=ORIENTED_EDGE('',*,*,#3353,.T.);
#4672=ORIENTED_EDGE('',*,*,#3350,.T.);
#4673=ORIENTED_EDGE('',*,*,#2962,.F.);
#4674=ORIENTED_EDGE('',*,*,#3354,.F.);
#4675=ORIENTED_EDGE('',*,*,#3355,.T.);
#4676=ORIENTED_EDGE('',*,*,#3352,.T.);
#4677=ORIENTED_EDGE('',*,*,#2961,.F.);
#4678=ORIENTED_EDGE('',*,*,#3356,.F.);
#4679=ORIENTED_EDGE('',*,*,#3357,.T.);
#4680=ORIENTED_EDGE('',*,*,#3354,.T.);
#4681=ORIENTED_EDGE('',*,*,#2960,.F.);
#4682=ORIENTED_EDGE('',*,*,#3358,.F.);
#4683=ORIENTED_EDGE('',*,*,#3359,.T.);
#4684=ORIENTED_EDGE('',*,*,#3356,.T.);
#4685=ORIENTED_EDGE('',*,*,#2959,.F.);
#4686=ORIENTED_EDGE('',*,*,#3360,.F.);
#4687=ORIENTED_EDGE('',*,*,#3361,.T.);
#4688=ORIENTED_EDGE('',*,*,#3358,.T.);
#4689=ORIENTED_EDGE('',*,*,#2958,.F.);
#4690=ORIENTED_EDGE('',*,*,#3362,.F.);
#4691=ORIENTED_EDGE('',*,*,#3363,.T.);
#4692=ORIENTED_EDGE('',*,*,#3360,.T.);
#4693=ORIENTED_EDGE('',*,*,#2957,.F.);
#4694=ORIENTED_EDGE('',*,*,#3343,.F.);
#4695=ORIENTED_EDGE('',*,*,#3364,.T.);
#4696=ORIENTED_EDGE('',*,*,#3362,.T.);
#4697=ORIENTED_EDGE('',*,*,#3342,.F.);
#4698=ORIENTED_EDGE('',*,*,#3345,.F.);
#4699=ORIENTED_EDGE('',*,*,#3347,.F.);
#4700=ORIENTED_EDGE('',*,*,#3349,.F.);
#4701=ORIENTED_EDGE('',*,*,#3351,.F.);
#4702=ORIENTED_EDGE('',*,*,#3353,.F.);
#4703=ORIENTED_EDGE('',*,*,#3355,.F.);
#4704=ORIENTED_EDGE('',*,*,#3357,.F.);
#4705=ORIENTED_EDGE('',*,*,#3359,.F.);
#4706=ORIENTED_EDGE('',*,*,#3361,.F.);
#4707=ORIENTED_EDGE('',*,*,#3363,.F.);
#4708=ORIENTED_EDGE('',*,*,#3364,.F.);
#4709=ORIENTED_EDGE('',*,*,#3365,.F.);
#4710=ORIENTED_EDGE('',*,*,#3366,.F.);
#4711=ORIENTED_EDGE('',*,*,#3367,.F.);
#4712=ORIENTED_EDGE('',*,*,#3368,.F.);
#4713=ORIENTED_EDGE('',*,*,#3369,.F.);
#4714=ORIENTED_EDGE('',*,*,#3370,.F.);
#4715=ORIENTED_EDGE('',*,*,#3371,.F.);
#4716=ORIENTED_EDGE('',*,*,#3372,.F.);
#4717=ORIENTED_EDGE('',*,*,#3373,.F.);
#4718=ORIENTED_EDGE('',*,*,#3374,.F.);
#4719=ORIENTED_EDGE('',*,*,#3375,.F.);
#4720=ORIENTED_EDGE('',*,*,#2890,.F.);
#4721=ORIENTED_EDGE('',*,*,#3376,.F.);
#4722=ORIENTED_EDGE('',*,*,#3365,.T.);
#4723=ORIENTED_EDGE('',*,*,#3377,.T.);
#4724=ORIENTED_EDGE('',*,*,#2889,.F.);
#4725=ORIENTED_EDGE('',*,*,#3378,.F.);
#4726=ORIENTED_EDGE('',*,*,#3366,.T.);
#4727=ORIENTED_EDGE('',*,*,#3376,.T.);
#4728=ORIENTED_EDGE('',*,*,#2896,.F.);
#4729=ORIENTED_EDGE('',*,*,#3379,.F.);
#4730=ORIENTED_EDGE('',*,*,#3367,.T.);
#4731=ORIENTED_EDGE('',*,*,#3378,.T.);
#4732=ORIENTED_EDGE('',*,*,#2895,.F.);
#4733=ORIENTED_EDGE('',*,*,#3380,.F.);
#4734=ORIENTED_EDGE('',*,*,#3368,.T.);
#4735=ORIENTED_EDGE('',*,*,#3379,.T.);
#4736=ORIENTED_EDGE('',*,*,#2894,.F.);
#4737=ORIENTED_EDGE('',*,*,#3381,.F.);
#4738=ORIENTED_EDGE('',*,*,#3369,.T.);
#4739=ORIENTED_EDGE('',*,*,#3380,.T.);
#4740=ORIENTED_EDGE('',*,*,#2893,.F.);
#4741=ORIENTED_EDGE('',*,*,#3382,.F.);
#4742=ORIENTED_EDGE('',*,*,#3370,.T.);
#4743=ORIENTED_EDGE('',*,*,#3381,.T.);
#4744=ORIENTED_EDGE('',*,*,#2892,.F.);
#4745=ORIENTED_EDGE('',*,*,#3383,.F.);
#4746=ORIENTED_EDGE('',*,*,#3371,.T.);
#4747=ORIENTED_EDGE('',*,*,#3382,.T.);
#4748=ORIENTED_EDGE('',*,*,#2891,.F.);
#4749=ORIENTED_EDGE('',*,*,#3377,.F.);
#4750=ORIENTED_EDGE('',*,*,#3372,.T.);
#4751=ORIENTED_EDGE('',*,*,#3383,.T.);
#4752=ORIENTED_EDGE('',*,*,#3384,.F.);
#4753=ORIENTED_EDGE('',*,*,#3385,.F.);
#4754=ORIENTED_EDGE('',*,*,#3374,.T.);
#4755=ORIENTED_EDGE('',*,*,#3386,.T.);
#4756=ORIENTED_EDGE('',*,*,#3387,.F.);
#4757=ORIENTED_EDGE('',*,*,#3386,.F.);
#4758=ORIENTED_EDGE('',*,*,#3373,.T.);
#4759=ORIENTED_EDGE('',*,*,#3388,.T.);
#4760=ORIENTED_EDGE('',*,*,#3389,.F.);
#4761=ORIENTED_EDGE('',*,*,#3388,.F.);
#4762=ORIENTED_EDGE('',*,*,#3375,.T.);
#4763=ORIENTED_EDGE('',*,*,#3385,.T.);
#4764=ORIENTED_EDGE('',*,*,#3389,.T.);
#4765=ORIENTED_EDGE('',*,*,#3384,.T.);
#4766=ORIENTED_EDGE('',*,*,#3387,.T.);
#4767=ORIENTED_EDGE('',*,*,#2898,.F.);
#4768=ORIENTED_EDGE('',*,*,#3390,.F.);
#4769=ORIENTED_EDGE('',*,*,#3391,.T.);
#4770=ORIENTED_EDGE('',*,*,#3392,.T.);
#4771=ORIENTED_EDGE('',*,*,#2897,.F.);
#4772=ORIENTED_EDGE('',*,*,#3393,.F.);
#4773=ORIENTED_EDGE('',*,*,#3394,.T.);
#4774=ORIENTED_EDGE('',*,*,#3390,.T.);
#4775=ORIENTED_EDGE('',*,*,#2902,.F.);
#4776=ORIENTED_EDGE('',*,*,#3395,.F.);
#4777=ORIENTED_EDGE('',*,*,#3396,.T.);
#4778=ORIENTED_EDGE('',*,*,#3393,.T.);
#4779=ORIENTED_EDGE('',*,*,#2901,.F.);
#4780=ORIENTED_EDGE('',*,*,#3397,.F.);
#4781=ORIENTED_EDGE('',*,*,#3398,.T.);
#4782=ORIENTED_EDGE('',*,*,#3395,.T.);
#4783=ORIENTED_EDGE('',*,*,#2900,.F.);
#4784=ORIENTED_EDGE('',*,*,#3399,.F.);
#4785=ORIENTED_EDGE('',*,*,#3400,.T.);
#4786=ORIENTED_EDGE('',*,*,#3397,.T.);
#4787=ORIENTED_EDGE('',*,*,#2899,.F.);
#4788=ORIENTED_EDGE('',*,*,#3392,.F.);
#4789=ORIENTED_EDGE('',*,*,#3401,.T.);
#4790=ORIENTED_EDGE('',*,*,#3399,.T.);
#4791=ORIENTED_EDGE('',*,*,#3391,.F.);
#4792=ORIENTED_EDGE('',*,*,#3394,.F.);
#4793=ORIENTED_EDGE('',*,*,#3396,.F.);
#4794=ORIENTED_EDGE('',*,*,#3398,.F.);
#4795=ORIENTED_EDGE('',*,*,#3400,.F.);
#4796=ORIENTED_EDGE('',*,*,#3401,.F.);
#4797=ORIENTED_EDGE('',*,*,#2904,.F.);
#4798=ORIENTED_EDGE('',*,*,#3402,.F.);
#4799=ORIENTED_EDGE('',*,*,#3403,.T.);
#4800=ORIENTED_EDGE('',*,*,#3404,.T.);
#4801=ORIENTED_EDGE('',*,*,#2903,.F.);
#4802=ORIENTED_EDGE('',*,*,#3405,.F.);
#4803=ORIENTED_EDGE('',*,*,#3406,.T.);
#4804=ORIENTED_EDGE('',*,*,#3402,.T.);
#4805=ORIENTED_EDGE('',*,*,#2914,.F.);
#4806=ORIENTED_EDGE('',*,*,#3407,.F.);
#4807=ORIENTED_EDGE('',*,*,#3408,.T.);
#4808=ORIENTED_EDGE('',*,*,#3405,.T.);
#4809=ORIENTED_EDGE('',*,*,#2913,.F.);
#4810=ORIENTED_EDGE('',*,*,#3409,.F.);
#4811=ORIENTED_EDGE('',*,*,#3410,.T.);
#4812=ORIENTED_EDGE('',*,*,#3407,.T.);
#4813=ORIENTED_EDGE('',*,*,#2912,.F.);
#4814=ORIENTED_EDGE('',*,*,#3411,.F.);
#4815=ORIENTED_EDGE('',*,*,#3412,.T.);
#4816=ORIENTED_EDGE('',*,*,#3409,.T.);
#4817=ORIENTED_EDGE('',*,*,#2911,.F.);
#4818=ORIENTED_EDGE('',*,*,#3413,.F.);
#4819=ORIENTED_EDGE('',*,*,#3414,.T.);
#4820=ORIENTED_EDGE('',*,*,#3411,.T.);
#4821=ORIENTED_EDGE('',*,*,#2910,.F.);
#4822=ORIENTED_EDGE('',*,*,#3415,.F.);
#4823=ORIENTED_EDGE('',*,*,#3416,.T.);
#4824=ORIENTED_EDGE('',*,*,#3413,.T.);
#4825=ORIENTED_EDGE('',*,*,#2909,.F.);
#4826=ORIENTED_EDGE('',*,*,#3417,.F.);
#4827=ORIENTED_EDGE('',*,*,#3418,.T.);
#4828=ORIENTED_EDGE('',*,*,#3415,.T.);
#4829=ORIENTED_EDGE('',*,*,#2908,.F.);
#4830=ORIENTED_EDGE('',*,*,#3419,.F.);
#4831=ORIENTED_EDGE('',*,*,#3420,.T.);
#4832=ORIENTED_EDGE('',*,*,#3417,.T.);
#4833=ORIENTED_EDGE('',*,*,#2907,.F.);
#4834=ORIENTED_EDGE('',*,*,#3421,.F.);
#4835=ORIENTED_EDGE('',*,*,#3422,.T.);
#4836=ORIENTED_EDGE('',*,*,#3419,.T.);
#4837=ORIENTED_EDGE('',*,*,#2906,.F.);
#4838=ORIENTED_EDGE('',*,*,#3423,.F.);
#4839=ORIENTED_EDGE('',*,*,#3424,.T.);
#4840=ORIENTED_EDGE('',*,*,#3421,.T.);
#4841=ORIENTED_EDGE('',*,*,#2905,.F.);
#4842=ORIENTED_EDGE('',*,*,#3404,.F.);
#4843=ORIENTED_EDGE('',*,*,#3425,.T.);
#4844=ORIENTED_EDGE('',*,*,#3423,.T.);
#4845=ORIENTED_EDGE('',*,*,#3403,.F.);
#4846=ORIENTED_EDGE('',*,*,#3406,.F.);
#4847=ORIENTED_EDGE('',*,*,#3408,.F.);
#4848=ORIENTED_EDGE('',*,*,#3410,.F.);
#4849=ORIENTED_EDGE('',*,*,#3412,.F.);
#4850=ORIENTED_EDGE('',*,*,#3414,.F.);
#4851=ORIENTED_EDGE('',*,*,#3416,.F.);
#4852=ORIENTED_EDGE('',*,*,#3418,.F.);
#4853=ORIENTED_EDGE('',*,*,#3420,.F.);
#4854=ORIENTED_EDGE('',*,*,#3422,.F.);
#4855=ORIENTED_EDGE('',*,*,#3424,.F.);
#4856=ORIENTED_EDGE('',*,*,#3425,.F.);
#4857=ORIENTED_EDGE('',*,*,#2916,.F.);
#4858=ORIENTED_EDGE('',*,*,#3426,.F.);
#4859=ORIENTED_EDGE('',*,*,#3427,.T.);
#4860=ORIENTED_EDGE('',*,*,#3428,.T.);
#4861=ORIENTED_EDGE('',*,*,#2915,.F.);
#4862=ORIENTED_EDGE('',*,*,#3429,.F.);
#4863=ORIENTED_EDGE('',*,*,#3430,.T.);
#4864=ORIENTED_EDGE('',*,*,#3426,.T.);
#4865=ORIENTED_EDGE('',*,*,#2928,.F.);
#4866=ORIENTED_EDGE('',*,*,#3431,.F.);
#4867=ORIENTED_EDGE('',*,*,#3432,.T.);
#4868=ORIENTED_EDGE('',*,*,#3429,.T.);
#4869=ORIENTED_EDGE('',*,*,#2927,.F.);
#4870=ORIENTED_EDGE('',*,*,#3433,.F.);
#4871=ORIENTED_EDGE('',*,*,#3434,.T.);
#4872=ORIENTED_EDGE('',*,*,#3431,.T.);
#4873=ORIENTED_EDGE('',*,*,#2926,.F.);
#4874=ORIENTED_EDGE('',*,*,#3435,.F.);
#4875=ORIENTED_EDGE('',*,*,#3436,.T.);
#4876=ORIENTED_EDGE('',*,*,#3433,.T.);
#4877=ORIENTED_EDGE('',*,*,#2925,.F.);
#4878=ORIENTED_EDGE('',*,*,#3437,.F.);
#4879=ORIENTED_EDGE('',*,*,#3438,.T.);
#4880=ORIENTED_EDGE('',*,*,#3435,.T.);
#4881=ORIENTED_EDGE('',*,*,#2924,.F.);
#4882=ORIENTED_EDGE('',*,*,#3439,.F.);
#4883=ORIENTED_EDGE('',*,*,#3440,.T.);
#4884=ORIENTED_EDGE('',*,*,#3437,.T.);
#4885=ORIENTED_EDGE('',*,*,#2923,.F.);
#4886=ORIENTED_EDGE('',*,*,#3441,.F.);
#4887=ORIENTED_EDGE('',*,*,#3442,.T.);
#4888=ORIENTED_EDGE('',*,*,#3439,.T.);
#4889=ORIENTED_EDGE('',*,*,#2922,.F.);
#4890=ORIENTED_EDGE('',*,*,#3443,.F.);
#4891=ORIENTED_EDGE('',*,*,#3444,.T.);
#4892=ORIENTED_EDGE('',*,*,#3441,.T.);
#4893=ORIENTED_EDGE('',*,*,#2921,.F.);
#4894=ORIENTED_EDGE('',*,*,#3445,.F.);
#4895=ORIENTED_EDGE('',*,*,#3446,.T.);
#4896=ORIENTED_EDGE('',*,*,#3443,.T.);
#4897=ORIENTED_EDGE('',*,*,#2920,.F.);
#4898=ORIENTED_EDGE('',*,*,#3447,.F.);
#4899=ORIENTED_EDGE('',*,*,#3448,.T.);
#4900=ORIENTED_EDGE('',*,*,#3445,.T.);
#4901=ORIENTED_EDGE('',*,*,#2919,.F.);
#4902=ORIENTED_EDGE('',*,*,#3449,.F.);
#4903=ORIENTED_EDGE('',*,*,#3450,.T.);
#4904=ORIENTED_EDGE('',*,*,#3447,.T.);
#4905=ORIENTED_EDGE('',*,*,#2918,.F.);
#4906=ORIENTED_EDGE('',*,*,#3451,.F.);
#4907=ORIENTED_EDGE('',*,*,#3452,.T.);
#4908=ORIENTED_EDGE('',*,*,#3449,.T.);
#4909=ORIENTED_EDGE('',*,*,#2917,.F.);
#4910=ORIENTED_EDGE('',*,*,#3428,.F.);
#4911=ORIENTED_EDGE('',*,*,#3453,.T.);
#4912=ORIENTED_EDGE('',*,*,#3451,.T.);
#4913=ORIENTED_EDGE('',*,*,#3427,.F.);
#4914=ORIENTED_EDGE('',*,*,#3430,.F.);
#4915=ORIENTED_EDGE('',*,*,#3432,.F.);
#4916=ORIENTED_EDGE('',*,*,#3434,.F.);
#4917=ORIENTED_EDGE('',*,*,#3436,.F.);
#4918=ORIENTED_EDGE('',*,*,#3438,.F.);
#4919=ORIENTED_EDGE('',*,*,#3440,.F.);
#4920=ORIENTED_EDGE('',*,*,#3442,.F.);
#4921=ORIENTED_EDGE('',*,*,#3444,.F.);
#4922=ORIENTED_EDGE('',*,*,#3446,.F.);
#4923=ORIENTED_EDGE('',*,*,#3448,.F.);
#4924=ORIENTED_EDGE('',*,*,#3450,.F.);
#4925=ORIENTED_EDGE('',*,*,#3452,.F.);
#4926=ORIENTED_EDGE('',*,*,#3453,.F.);
#4927=ORIENTED_EDGE('',*,*,#2930,.F.);
#4928=ORIENTED_EDGE('',*,*,#3454,.F.);
#4929=ORIENTED_EDGE('',*,*,#3455,.T.);
#4930=ORIENTED_EDGE('',*,*,#3456,.T.);
#4931=ORIENTED_EDGE('',*,*,#2929,.F.);
#4932=ORIENTED_EDGE('',*,*,#3457,.F.);
#4933=ORIENTED_EDGE('',*,*,#3458,.T.);
#4934=ORIENTED_EDGE('',*,*,#3454,.T.);
#4935=ORIENTED_EDGE('',*,*,#2935,.F.);
#4936=ORIENTED_EDGE('',*,*,#3459,.F.);
#4937=ORIENTED_EDGE('',*,*,#3460,.T.);
#4938=ORIENTED_EDGE('',*,*,#3457,.T.);
#4939=ORIENTED_EDGE('',*,*,#2934,.F.);
#4940=ORIENTED_EDGE('',*,*,#3461,.F.);
#4941=ORIENTED_EDGE('',*,*,#3462,.T.);
#4942=ORIENTED_EDGE('',*,*,#3459,.T.);
#4943=ORIENTED_EDGE('',*,*,#2933,.F.);
#4944=ORIENTED_EDGE('',*,*,#3463,.F.);
#4945=ORIENTED_EDGE('',*,*,#3464,.T.);
#4946=ORIENTED_EDGE('',*,*,#3461,.T.);
#4947=ORIENTED_EDGE('',*,*,#2932,.F.);
#4948=ORIENTED_EDGE('',*,*,#3465,.F.);
#4949=ORIENTED_EDGE('',*,*,#3466,.T.);
#4950=ORIENTED_EDGE('',*,*,#3463,.T.);
#4951=ORIENTED_EDGE('',*,*,#2931,.F.);
#4952=ORIENTED_EDGE('',*,*,#3456,.F.);
#4953=ORIENTED_EDGE('',*,*,#3467,.T.);
#4954=ORIENTED_EDGE('',*,*,#3465,.T.);
#4955=ORIENTED_EDGE('',*,*,#3455,.F.);
#4956=ORIENTED_EDGE('',*,*,#3458,.F.);
#4957=ORIENTED_EDGE('',*,*,#3460,.F.);
#4958=ORIENTED_EDGE('',*,*,#3462,.F.);
#4959=ORIENTED_EDGE('',*,*,#3464,.F.);
#4960=ORIENTED_EDGE('',*,*,#3466,.F.);
#4961=ORIENTED_EDGE('',*,*,#3467,.F.);
#4962=ORIENTED_EDGE('',*,*,#3468,.F.);
#4963=ORIENTED_EDGE('',*,*,#3469,.F.);
#4964=ORIENTED_EDGE('',*,*,#3470,.F.);
#4965=ORIENTED_EDGE('',*,*,#3471,.F.);
#4966=ORIENTED_EDGE('',*,*,#3472,.F.);
#4967=ORIENTED_EDGE('',*,*,#3473,.F.);
#4968=ORIENTED_EDGE('',*,*,#3474,.F.);
#4969=ORIENTED_EDGE('',*,*,#3475,.F.);
#4970=ORIENTED_EDGE('',*,*,#3476,.F.);
#4971=ORIENTED_EDGE('',*,*,#3477,.F.);
#4972=ORIENTED_EDGE('',*,*,#3478,.F.);
#4973=ORIENTED_EDGE('',*,*,#2948,.F.);
#4974=ORIENTED_EDGE('',*,*,#3479,.F.);
#4975=ORIENTED_EDGE('',*,*,#3468,.T.);
#4976=ORIENTED_EDGE('',*,*,#3480,.T.);
#4977=ORIENTED_EDGE('',*,*,#2947,.F.);
#4978=ORIENTED_EDGE('',*,*,#3481,.F.);
#4979=ORIENTED_EDGE('',*,*,#3469,.T.);
#4980=ORIENTED_EDGE('',*,*,#3479,.T.);
#4981=ORIENTED_EDGE('',*,*,#2954,.F.);
#4982=ORIENTED_EDGE('',*,*,#3482,.F.);
#4983=ORIENTED_EDGE('',*,*,#3470,.T.);
#4984=ORIENTED_EDGE('',*,*,#3481,.T.);
#4985=ORIENTED_EDGE('',*,*,#2953,.F.);
#4986=ORIENTED_EDGE('',*,*,#3483,.F.);
#4987=ORIENTED_EDGE('',*,*,#3471,.T.);
#4988=ORIENTED_EDGE('',*,*,#3482,.T.);
#4989=ORIENTED_EDGE('',*,*,#2952,.F.);
#4990=ORIENTED_EDGE('',*,*,#3484,.F.);
#4991=ORIENTED_EDGE('',*,*,#3472,.T.);
#4992=ORIENTED_EDGE('',*,*,#3483,.T.);
#4993=ORIENTED_EDGE('',*,*,#2951,.F.);
#4994=ORIENTED_EDGE('',*,*,#3485,.F.);
#4995=ORIENTED_EDGE('',*,*,#3473,.T.);
#4996=ORIENTED_EDGE('',*,*,#3484,.T.);
#4997=ORIENTED_EDGE('',*,*,#2950,.F.);
#4998=ORIENTED_EDGE('',*,*,#3486,.F.);
#4999=ORIENTED_EDGE('',*,*,#3474,.T.);
#5000=ORIENTED_EDGE('',*,*,#3485,.T.);
#5001=ORIENTED_EDGE('',*,*,#2949,.F.);
#5002=ORIENTED_EDGE('',*,*,#3480,.F.);
#5003=ORIENTED_EDGE('',*,*,#3475,.T.);
#5004=ORIENTED_EDGE('',*,*,#3486,.T.);
#5005=ORIENTED_EDGE('',*,*,#3487,.F.);
#5006=ORIENTED_EDGE('',*,*,#3488,.F.);
#5007=ORIENTED_EDGE('',*,*,#3477,.T.);
#5008=ORIENTED_EDGE('',*,*,#3489,.T.);
#5009=ORIENTED_EDGE('',*,*,#3490,.F.);
#5010=ORIENTED_EDGE('',*,*,#3489,.F.);
#5011=ORIENTED_EDGE('',*,*,#3476,.T.);
#5012=ORIENTED_EDGE('',*,*,#3491,.T.);
#5013=ORIENTED_EDGE('',*,*,#3492,.F.);
#5014=ORIENTED_EDGE('',*,*,#3491,.F.);
#5015=ORIENTED_EDGE('',*,*,#3478,.T.);
#5016=ORIENTED_EDGE('',*,*,#3488,.T.);
#5017=ORIENTED_EDGE('',*,*,#3492,.T.);
#5018=ORIENTED_EDGE('',*,*,#3487,.T.);
#5019=ORIENTED_EDGE('',*,*,#3490,.T.);
#5020=ORIENTED_EDGE('',*,*,#2937,.F.);
#5021=ORIENTED_EDGE('',*,*,#3493,.F.);
#5022=ORIENTED_EDGE('',*,*,#3494,.T.);
#5023=ORIENTED_EDGE('',*,*,#3495,.T.);
#5024=ORIENTED_EDGE('',*,*,#2936,.F.);
#5025=ORIENTED_EDGE('',*,*,#3496,.F.);
#5026=ORIENTED_EDGE('',*,*,#3497,.T.);
#5027=ORIENTED_EDGE('',*,*,#3493,.T.);
#5028=ORIENTED_EDGE('',*,*,#2946,.F.);
#5029=ORIENTED_EDGE('',*,*,#3498,.F.);
#5030=ORIENTED_EDGE('',*,*,#3499,.T.);
#5031=ORIENTED_EDGE('',*,*,#3496,.T.);
#5032=ORIENTED_EDGE('',*,*,#2945,.F.);
#5033=ORIENTED_EDGE('',*,*,#3500,.F.);
#5034=ORIENTED_EDGE('',*,*,#3501,.T.);
#5035=ORIENTED_EDGE('',*,*,#3498,.T.);
#5036=ORIENTED_EDGE('',*,*,#2944,.F.);
#5037=ORIENTED_EDGE('',*,*,#3502,.F.);
#5038=ORIENTED_EDGE('',*,*,#3503,.T.);
#5039=ORIENTED_EDGE('',*,*,#3500,.T.);
#5040=ORIENTED_EDGE('',*,*,#2943,.F.);
#5041=ORIENTED_EDGE('',*,*,#3504,.F.);
#5042=ORIENTED_EDGE('',*,*,#3505,.T.);
#5043=ORIENTED_EDGE('',*,*,#3502,.T.);
#5044=ORIENTED_EDGE('',*,*,#2942,.F.);
#5045=ORIENTED_EDGE('',*,*,#3506,.F.);
#5046=ORIENTED_EDGE('',*,*,#3507,.T.);
#5047=ORIENTED_EDGE('',*,*,#3504,.T.);
#5048=ORIENTED_EDGE('',*,*,#2941,.F.);
#5049=ORIENTED_EDGE('',*,*,#3508,.F.);
#5050=ORIENTED_EDGE('',*,*,#3509,.T.);
#5051=ORIENTED_EDGE('',*,*,#3506,.T.);
#5052=ORIENTED_EDGE('',*,*,#2940,.F.);
#5053=ORIENTED_EDGE('',*,*,#3510,.F.);
#5054=ORIENTED_EDGE('',*,*,#3511,.T.);
#5055=ORIENTED_EDGE('',*,*,#3508,.T.);
#5056=ORIENTED_EDGE('',*,*,#2939,.F.);
#5057=ORIENTED_EDGE('',*,*,#3512,.F.);
#5058=ORIENTED_EDGE('',*,*,#3513,.T.);
#5059=ORIENTED_EDGE('',*,*,#3510,.T.);
#5060=ORIENTED_EDGE('',*,*,#2938,.F.);
#5061=ORIENTED_EDGE('',*,*,#3495,.F.);
#5062=ORIENTED_EDGE('',*,*,#3514,.T.);
#5063=ORIENTED_EDGE('',*,*,#3512,.T.);
#5064=ORIENTED_EDGE('',*,*,#3494,.F.);
#5065=ORIENTED_EDGE('',*,*,#3497,.F.);
#5066=ORIENTED_EDGE('',*,*,#3499,.F.);
#5067=ORIENTED_EDGE('',*,*,#3501,.F.);
#5068=ORIENTED_EDGE('',*,*,#3503,.F.);
#5069=ORIENTED_EDGE('',*,*,#3505,.F.);
#5070=ORIENTED_EDGE('',*,*,#3507,.F.);
#5071=ORIENTED_EDGE('',*,*,#3509,.F.);
#5072=ORIENTED_EDGE('',*,*,#3511,.F.);
#5073=ORIENTED_EDGE('',*,*,#3513,.F.);
#5074=ORIENTED_EDGE('',*,*,#3514,.F.);
#5075=ORIENTED_EDGE('',*,*,#3515,.F.);
#5076=ORIENTED_EDGE('',*,*,#3516,.F.);
#5077=ORIENTED_EDGE('',*,*,#3517,.F.);
#5078=ORIENTED_EDGE('',*,*,#3518,.F.);
#5079=ORIENTED_EDGE('',*,*,#3519,.F.);
#5080=ORIENTED_EDGE('',*,*,#3520,.F.);
#5081=ORIENTED_EDGE('',*,*,#3521,.F.);
#5082=ORIENTED_EDGE('',*,*,#3516,.T.);
#5083=ORIENTED_EDGE('',*,*,#3519,.T.);
#5084=ORIENTED_EDGE('',*,*,#3515,.T.);
#5085=ORIENTED_EDGE('',*,*,#3522,.T.);
#5086=ORIENTED_EDGE('',*,*,#3523,.T.);
#5087=ORIENTED_EDGE('',*,*,#3524,.T.);
#5088=ORIENTED_EDGE('',*,*,#3525,.T.);
#5089=ORIENTED_EDGE('',*,*,#3526,.T.);
#5090=ORIENTED_EDGE('',*,*,#3527,.T.);
#5091=ORIENTED_EDGE('',*,*,#3528,.F.);
#5092=ORIENTED_EDGE('',*,*,#3529,.T.);
#5093=ORIENTED_EDGE('',*,*,#3530,.F.);
#5094=ORIENTED_EDGE('',*,*,#3531,.F.);
#5095=ORIENTED_EDGE('',*,*,#3517,.T.);
#5096=ORIENTED_EDGE('',*,*,#3521,.T.);
#5097=ORIENTED_EDGE('',*,*,#3532,.T.);
#5098=ORIENTED_EDGE('',*,*,#3533,.T.);
#5099=ORIENTED_EDGE('',*,*,#3534,.T.);
#5100=ORIENTED_EDGE('',*,*,#3535,.T.);
#5101=ORIENTED_EDGE('',*,*,#3536,.T.);
#5102=ORIENTED_EDGE('',*,*,#3537,.T.);
#5103=ORIENTED_EDGE('',*,*,#3538,.T.);
#5104=ORIENTED_EDGE('',*,*,#3539,.T.);
#5105=ORIENTED_EDGE('',*,*,#3540,.T.);
#5106=ORIENTED_EDGE('',*,*,#3541,.T.);
#5107=ORIENTED_EDGE('',*,*,#3526,.F.);
#5108=ORIENTED_EDGE('',*,*,#3542,.F.);
#5109=ORIENTED_EDGE('',*,*,#3533,.F.);
#5110=ORIENTED_EDGE('',*,*,#3543,.T.);
#5111=ORIENTED_EDGE('',*,*,#3520,.T.);
#5112=ORIENTED_EDGE('',*,*,#3527,.F.);
#5113=ORIENTED_EDGE('',*,*,#3543,.F.);
#5114=ORIENTED_EDGE('',*,*,#3532,.F.);
#5115=ORIENTED_EDGE('',*,*,#3518,.T.);
#5116=ORIENTED_EDGE('',*,*,#3537,.F.);
#5117=ORIENTED_EDGE('',*,*,#3544,.T.);
#5118=ORIENTED_EDGE('',*,*,#3522,.F.);
#5119=ORIENTED_EDGE('',*,*,#3529,.F.);
#5120=ORIENTED_EDGE('',*,*,#3545,.T.);
#5121=ORIENTED_EDGE('',*,*,#3538,.F.);
#5122=ORIENTED_EDGE('',*,*,#3545,.F.);
#5123=ORIENTED_EDGE('',*,*,#3542,.T.);
#5124=ORIENTED_EDGE('',*,*,#3525,.F.);
#5125=ORIENTED_EDGE('',*,*,#3546,.T.);
#5126=ORIENTED_EDGE('',*,*,#3534,.F.);
#5127=ORIENTED_EDGE('',*,*,#3539,.F.);
#5128=ORIENTED_EDGE('',*,*,#3547,.T.);
#5129=ORIENTED_EDGE('',*,*,#3528,.T.);
#5130=ORIENTED_EDGE('',*,*,#3547,.F.);
#5131=ORIENTED_EDGE('',*,*,#3523,.F.);
#5132=ORIENTED_EDGE('',*,*,#3544,.F.);
#5133=ORIENTED_EDGE('',*,*,#3536,.F.);
#5134=ORIENTED_EDGE('',*,*,#3548,.F.);
#5135=ORIENTED_EDGE('',*,*,#3548,.T.);
#5136=ORIENTED_EDGE('',*,*,#3535,.F.);
#5137=ORIENTED_EDGE('',*,*,#3546,.F.);
#5138=ORIENTED_EDGE('',*,*,#3524,.F.);
#5139=ORIENTED_EDGE('',*,*,#3541,.F.);
#5140=ORIENTED_EDGE('',*,*,#3549,.T.);
#5141=ORIENTED_EDGE('',*,*,#3531,.T.);
#5142=ORIENTED_EDGE('',*,*,#3549,.F.);
#5143=ORIENTED_EDGE('',*,*,#3540,.F.);
#5144=ORIENTED_EDGE('',*,*,#3550,.T.);
#5145=ORIENTED_EDGE('',*,*,#3530,.T.);
#5146=ORIENTED_EDGE('',*,*,#3550,.F.);
#5147=PLANE('',#5813);
#5148=PLANE('',#5818);
#5149=PLANE('',#5825);
#5150=PLANE('',#5826);
#5151=PLANE('',#5827);
#5152=PLANE('',#5828);
#5153=PLANE('',#5831);
#5154=PLANE('',#5838);
#5155=PLANE('',#5848);
#5156=PLANE('',#5850);
#5157=PLANE('',#5853);
#5158=PLANE('',#5854);
#5159=PLANE('',#5858);
#5160=PLANE('',#5860);
#5161=PLANE('',#5871);
#5162=PLANE('',#5872);
#5163=PLANE('',#5873);
#5164=PLANE('',#5874);
#5165=PLANE('',#5875);
#5166=PLANE('',#5904);
#5167=PLANE('',#5905);
#5168=PLANE('',#5906);
#5169=PLANE('',#5907);
#5170=PLANE('',#5908);
#5171=PLANE('',#5909);
#5172=PLANE('',#5910);
#5173=PLANE('',#5911);
#5174=PLANE('',#5912);
#5175=PLANE('',#5913);
#5176=PLANE('',#5914);
#5177=PLANE('',#5915);
#5178=PLANE('',#5916);
#5179=PLANE('',#5917);
#5180=PLANE('',#5918);
#5181=PLANE('',#5919);
#5182=PLANE('',#5920);
#5183=PLANE('',#5921);
#5184=PLANE('',#5922);
#5185=PLANE('',#5923);
#5186=PLANE('',#5924);
#5187=PLANE('',#5925);
#5188=PLANE('',#5926);
#5189=PLANE('',#5927);
#5190=PLANE('',#5928);
#5191=PLANE('',#5929);
#5192=PLANE('',#5930);
#5193=PLANE('',#5931);
#5194=PLANE('',#5932);
#5195=PLANE('',#5933);
#5196=PLANE('',#5934);
#5197=PLANE('',#5935);
#5198=PLANE('',#5936);
#5199=PLANE('',#5937);
#5200=PLANE('',#5938);
#5201=PLANE('',#5939);
#5202=PLANE('',#5940);
#5203=PLANE('',#5941);
#5204=PLANE('',#5942);
#5205=PLANE('',#5943);
#5206=PLANE('',#5944);
#5207=PLANE('',#5948);
#5208=PLANE('',#5949);
#5209=PLANE('',#5950);
#5210=PLANE('',#5951);
#5211=PLANE('',#5952);
#5212=PLANE('',#5953);
#5213=PLANE('',#5954);
#5214=PLANE('',#5955);
#5215=PLANE('',#5956);
#5216=PLANE('',#5957);
#5217=PLANE('',#5958);
#5218=PLANE('',#5959);
#5219=PLANE('',#5960);
#5220=PLANE('',#5961);
#5221=PLANE('',#5962);
#5222=PLANE('',#5963);
#5223=PLANE('',#5964);
#5224=PLANE('',#5965);
#5225=PLANE('',#5966);
#5226=PLANE('',#5967);
#5227=PLANE('',#5968);
#5228=PLANE('',#5969);
#5229=PLANE('',#5970);
#5230=PLANE('',#5971);
#5231=PLANE('',#5972);
#5232=PLANE('',#5973);
#5233=PLANE('',#5974);
#5234=PLANE('',#5975);
#5235=PLANE('',#5976);
#5236=PLANE('',#5977);
#5237=PLANE('',#5978);
#5238=PLANE('',#5979);
#5239=PLANE('',#5980);
#5240=PLANE('',#5981);
#5241=PLANE('',#5982);
#5242=PLANE('',#5983);
#5243=PLANE('',#5984);
#5244=PLANE('',#5985);
#5245=PLANE('',#5986);
#5246=PLANE('',#5987);
#5247=PLANE('',#5988);
#5248=PLANE('',#5989);
#5249=PLANE('',#5990);
#5250=PLANE('',#5991);
#5251=PLANE('',#5992);
#5252=PLANE('',#5993);
#5253=PLANE('',#5994);
#5254=PLANE('',#5995);
#5255=PLANE('',#5996);
#5256=PLANE('',#5997);
#5257=PLANE('',#5998);
#5258=PLANE('',#5999);
#5259=PLANE('',#6000);
#5260=PLANE('',#6001);
#5261=PLANE('',#6002);
#5262=PLANE('',#6003);
#5263=PLANE('',#6004);
#5264=PLANE('',#6005);
#5265=PLANE('',#6006);
#5266=PLANE('',#6007);
#5267=PLANE('',#6008);
#5268=PLANE('',#6009);
#5269=PLANE('',#6010);
#5270=PLANE('',#6011);
#5271=PLANE('',#6012);
#5272=PLANE('',#6013);
#5273=PLANE('',#6014);
#5274=PLANE('',#6015);
#5275=PLANE('',#6016);
#5276=PLANE('',#6017);
#5277=PLANE('',#6018);
#5278=PLANE('',#6019);
#5279=PLANE('',#6020);
#5280=PLANE('',#6021);
#5281=PLANE('',#6022);
#5282=PLANE('',#6023);
#5283=PLANE('',#6024);
#5284=PLANE('',#6025);
#5285=PLANE('',#6029);
#5286=PLANE('',#6030);
#5287=PLANE('',#6031);
#5288=PLANE('',#6032);
#5289=PLANE('',#6033);
#5290=PLANE('',#6034);
#5291=PLANE('',#6035);
#5292=PLANE('',#6036);
#5293=PLANE('',#6037);
#5294=PLANE('',#6038);
#5295=PLANE('',#6039);
#5296=PLANE('',#6040);
#5297=PLANE('',#6041);
#5298=PLANE('',#6042);
#5299=PLANE('',#6043);
#5300=PLANE('',#6044);
#5301=PLANE('',#6045);
#5302=PLANE('',#6046);
#5303=PLANE('',#6047);
#5304=PLANE('',#6048);
#5305=PLANE('',#6049);
#5306=PLANE('',#6050);
#5307=PLANE('',#6051);
#5308=PLANE('',#6052);
#5309=PLANE('',#6053);
#5310=PLANE('',#6054);
#5311=PLANE('',#6055);
#5312=PLANE('',#6056);
#5313=PLANE('',#6057);
#5314=PLANE('',#6058);
#5315=PLANE('',#6059);
#5316=PLANE('',#6060);
#5317=PLANE('',#6061);
#5318=PLANE('',#6062);
#5319=PLANE('',#6063);
#5320=PLANE('',#6064);
#5321=PLANE('',#6065);
#5322=PLANE('',#6066);
#5323=PLANE('',#6067);
#5324=PLANE('',#6068);
#5325=PLANE('',#6069);
#5326=PLANE('',#6070);
#5327=PLANE('',#6071);
#5328=PLANE('',#6072);
#5329=PLANE('',#6073);
#5330=PLANE('',#6074);
#5331=PLANE('',#6075);
#5332=PLANE('',#6076);
#5333=PLANE('',#6077);
#5334=PLANE('',#6078);
#5335=PLANE('',#6079);
#5336=PLANE('',#6080);
#5337=PLANE('',#6081);
#5338=PLANE('',#6082);
#5339=PLANE('',#6083);
#5340=PLANE('',#6084);
#5341=PLANE('',#6085);
#5342=PLANE('',#6086);
#5343=PLANE('',#6087);
#5344=PLANE('',#6088);
#5345=PLANE('',#6089);
#5346=PLANE('',#6090);
#5347=PLANE('',#6091);
#5348=PLANE('',#6092);
#5349=PLANE('',#6093);
#5350=PLANE('',#6094);
#5351=PLANE('',#6095);
#5352=PLANE('',#6096);
#5353=PLANE('',#6097);
#5354=PLANE('',#6098);
#5355=PLANE('',#6099);
#5356=PLANE('',#6100);
#5357=PLANE('',#6105);
#5358=PLANE('',#6110);
#5359=PLANE('',#6111);
#5360=PLANE('',#6112);
#5361=PLANE('',#6114);
#5362=PLANE('',#6116);
#5363=PLANE('',#6117);
#5364=STYLED_ITEM('',(#12906),#5494);
#5365=STYLED_ITEM('',(#12906),#5495);
#5366=STYLED_ITEM('',(#12906),#5496);
#5367=STYLED_ITEM('',(#12906),#5497);
#5368=STYLED_ITEM('',(#12906),#5498);
#5369=STYLED_ITEM('',(#12906),#5499);
#5370=STYLED_ITEM('',(#12906),#5500);
#5371=STYLED_ITEM('',(#12906),#5501);
#5372=STYLED_ITEM('',(#12906),#5502);
#5373=STYLED_ITEM('',(#12906),#5503);
#5374=STYLED_ITEM('',(#12906),#5504);
#5375=STYLED_ITEM('',(#12906),#5505);
#5376=STYLED_ITEM('',(#12906),#5506);
#5377=STYLED_ITEM('',(#12906),#5507);
#5378=STYLED_ITEM('',(#12906),#5508);
#5379=STYLED_ITEM('',(#12906),#5509);
#5380=STYLED_ITEM('',(#12906),#5510);
#5381=STYLED_ITEM('',(#12906),#5511);
#5382=STYLED_ITEM('',(#12906),#5512);
#5383=STYLED_ITEM('',(#12906),#5513);
#5384=STYLED_ITEM('',(#12906),#5514);
#5385=STYLED_ITEM('',(#12906),#5515);
#5386=STYLED_ITEM('',(#12906),#5516);
#5387=STYLED_ITEM('',(#12906),#5517);
#5388=STYLED_ITEM('',(#12906),#5518);
#5389=STYLED_ITEM('',(#12906),#5519);
#5390=STYLED_ITEM('',(#12906),#5520);
#5391=STYLED_ITEM('',(#12906),#5521);
#5392=STYLED_ITEM('',(#12906),#5523);
#5393=STYLED_ITEM('',(#12906),#5524);
#5394=STYLED_ITEM('',(#12906),#5525);
#5395=STYLED_ITEM('',(#12906),#5526);
#5396=STYLED_ITEM('',(#12906),#5527);
#5397=STYLED_ITEM('',(#12906),#5528);
#5398=STYLED_ITEM('',(#12906),#5529);
#5399=STYLED_ITEM('',(#12906),#5530);
#5400=STYLED_ITEM('',(#12905),#226);
#5401=STYLED_ITEM('',(#12907),#5531);
#5402=STYLED_ITEM('',(#12907),#5532);
#5403=STYLED_ITEM('',(#12907),#5533);
#5404=STYLED_ITEM('',(#12907),#5534);
#5405=STYLED_ITEM('',(#12907),#5535);
#5406=STYLED_ITEM('',(#12907),#5536);
#5407=STYLED_ITEM('',(#12908),#5537);
#5408=STYLED_ITEM('',(#12908),#5538);
#5409=STYLED_ITEM('',(#12908),#5539);
#5410=STYLED_ITEM('',(#12908),#5540);
#5411=STYLED_ITEM('',(#12907),#5541);
#5412=STYLED_ITEM('',(#12907),#5542);
#5413=STYLED_ITEM('',(#12907),#5543);
#5414=STYLED_ITEM('',(#12907),#5544);
#5415=STYLED_ITEM('',(#12908),#5545);
#5416=STYLED_ITEM('',(#12907),#5546);
#5417=STYLED_ITEM('',(#12907),#5547);
#5418=STYLED_ITEM('',(#12907),#5548);
#5419=STYLED_ITEM('',(#12907),#5549);
#5420=STYLED_ITEM('',(#12907),#5550);
#5421=STYLED_ITEM('',(#12906),#5551);
#5422=STYLED_ITEM('',(#12906),#5552);
#5423=STYLED_ITEM('',(#12906),#5553);
#5424=STYLED_ITEM('',(#12906),#5554);
#5425=STYLED_ITEM('',(#12906),#5555);
#5426=STYLED_ITEM('',(#12906),#5556);
#5427=STYLED_ITEM('',(#12906),#5557);
#5428=STYLED_ITEM('',(#12906),#5558);
#5429=STYLED_ITEM('',(#12906),#5559);
#5430=STYLED_ITEM('',(#12906),#5560);
#5431=STYLED_ITEM('',(#12906),#5561);
#5432=STYLED_ITEM('',(#12906),#5562);
#5433=STYLED_ITEM('',(#12906),#5563);
#5434=STYLED_ITEM('',(#12906),#5564);
#5435=STYLED_ITEM('',(#12906),#5565);
#5436=STYLED_ITEM('',(#12906),#5566);
#5437=STYLED_ITEM('',(#12906),#5567);
#5438=STYLED_ITEM('',(#12906),#5568);
#5439=STYLED_ITEM('',(#12906),#5569);
#5440=STYLED_ITEM('',(#12906),#5570);
#5441=STYLED_ITEM('',(#12906),#5571);
#5442=STYLED_ITEM('',(#12906),#5572);
#5443=STYLED_ITEM('',(#12906),#5573);
#5444=STYLED_ITEM('',(#12906),#5574);
#5445=STYLED_ITEM('',(#12906),#5575);
#5446=STYLED_ITEM('',(#12906),#5576);
#5447=STYLED_ITEM('',(#12906),#5577);
#5448=STYLED_ITEM('',(#12907),#5578);
#5449=STYLED_ITEM('',(#12907),#5579);
#5450=STYLED_ITEM('',(#12907),#5580);
#5451=STYLED_ITEM('',(#12907),#5581);
#5452=STYLED_ITEM('',(#12907),#5591);
#5453=STYLED_ITEM('',(#12907),#5592);
#5454=STYLED_ITEM('',(#12907),#5593);
#5455=STYLED_ITEM('',(#12907),#5594);
#5456=STYLED_ITEM('',(#12907),#5602);
#5457=STYLED_ITEM('',(#12907),#5603);
#5458=STYLED_ITEM('',(#12907),#5604);
#5459=STYLED_ITEM('',(#12907),#5605);
#5460=STYLED_ITEM('',(#12907),#5606);
#5461=STYLED_ITEM('',(#12909),#5618);
#5462=STYLED_ITEM('',(#12909),#5629);
#5463=STYLED_ITEM('',(#12909),#5630);
#5464=STYLED_ITEM('',(#12908),#5639);
#5465=STYLED_ITEM('',(#12909),#5650);
#5466=STYLED_ITEM('',(#12909),#5662);
#5467=STYLED_ITEM('',(#12908),#5663);
#5468=STYLED_ITEM('',(#12908),#5664);
#5469=STYLED_ITEM('',(#12908),#5665);
#5470=STYLED_ITEM('',(#12908),#5666);
#5471=STYLED_ITEM('',(#12908),#5667);
#5472=STYLED_ITEM('',(#12908),#5668);
#5473=STYLED_ITEM('',(#12908),#5669);
#5474=STYLED_ITEM('',(#12908),#5670);
#5475=STYLED_ITEM('',(#12908),#5671);
#5476=STYLED_ITEM('',(#12908),#5672);
#5477=STYLED_ITEM('',(#12910),#5683);
#5478=STYLED_ITEM('',(#12910),#5684);
#5479=STYLED_ITEM('',(#12910),#5685);
#5480=STYLED_ITEM('',(#12910),#5686);
#5481=STYLED_ITEM('',(#12910),#5687);
#5482=STYLED_ITEM('',(#12909),#5700);
#5483=STYLED_ITEM('',(#12909),#5701);
#5484=STYLED_ITEM('',(#12908),#5713);
#5485=STYLED_ITEM('',(#12909),#5720);
#5486=STYLED_ITEM('',(#12909),#5733);
#5487=STYLED_ITEM('',(#12909),#5748);
#5488=STYLED_ITEM('',(#12909),#5756);
#5489=STYLED_ITEM('',(#12909),#5757);
#5490=STYLED_ITEM('',(#12908),#5769);
#5491=STYLED_ITEM('',(#12909),#5781);
#5492=STYLED_ITEM('',(#12905),#227);
#5493=STYLED_ITEM('',(#12904),#228);
#5494=ADVANCED_FACE('',(#259),#5147,.T.);
#5495=ADVANCED_FACE('',(#260),#5148,.T.);
#5496=ADVANCED_FACE('',(#261),#229,.T.);
#5497=ADVANCED_FACE('',(#262),#230,.F.);
#5498=ADVANCED_FACE('',(#263),#5149,.F.);
#5499=ADVANCED_FACE('',(#264),#5150,.F.);
#5500=ADVANCED_FACE('',(#265),#5151,.F.);
#5501=ADVANCED_FACE('',(#266),#5152,.T.);
#5502=ADVANCED_FACE('',(#267),#5153,.T.);
#5503=ADVANCED_FACE('',(#268),#231,.T.);
#5504=ADVANCED_FACE('',(#269),#5154,.F.);
#5505=ADVANCED_FACE('',(#270),#232,.F.);
#5506=ADVANCED_FACE('',(#271),#5155,.T.);
#5507=ADVANCED_FACE('',(#272),#233,.T.);
#5508=ADVANCED_FACE('',(#273),#5156,.T.);
#5509=ADVANCED_FACE('',(#274),#5157,.T.);
#5510=ADVANCED_FACE('',(#275),#5158,.T.);
#5511=ADVANCED_FACE('',(#276),#234,.F.);
#5512=ADVANCED_FACE('',(#277),#5159,.F.);
#5513=ADVANCED_FACE('',(#278),#235,.T.);
#5514=ADVANCED_FACE('',(#279),#5160,.F.);
#5515=ADVANCED_FACE('',(#280),#236,.F.);
#5516=ADVANCED_FACE('',(#281),#5161,.F.);
#5517=ADVANCED_FACE('',(#282),#5162,.F.);
#5518=ADVANCED_FACE('',(#283),#5163,.F.);
#5519=ADVANCED_FACE('',(#284),#5164,.F.);
#5520=ADVANCED_FACE('',(#285),#5165,.T.);
#5521=ADVANCED_FACE('',(#286),#237,.F.);
#5522=ADVANCED_FACE('',(#287),#238,.F.);
#5523=ADVANCED_FACE('',(#288),#239,.F.);
#5524=ADVANCED_FACE('',(#289),#240,.F.);
#5525=ADVANCED_FACE('',(#290),#241,.T.);
#5526=ADVANCED_FACE('',(#291),#242,.T.);
#5527=ADVANCED_FACE('',(#292),#243,.T.);
#5528=ADVANCED_FACE('',(#293),#244,.T.);
#5529=ADVANCED_FACE('',(#294),#245,.T.);
#5530=ADVANCED_FACE('',(#295),#246,.T.);
#5531=ADVANCED_FACE('',(#296),#247,.F.);
#5532=ADVANCED_FACE('',(#297),#248,.F.);
#5533=ADVANCED_FACE('',(#298),#249,.F.);
#5534=ADVANCED_FACE('',(#299),#250,.F.);
#5535=ADVANCED_FACE('',(#300),#251,.F.);
#5536=ADVANCED_FACE('',(#301),#252,.F.);
#5537=ADVANCED_FACE('',(#302,#184,#185,#186,#187,#188,#189,#190,#191,#192),
#5166,.F.);
#5538=ADVANCED_FACE('',(#303,#193,#194,#195,#196,#197,#198),#5167,.T.);
#5539=ADVANCED_FACE('',(#304),#5168,.F.);
#5540=ADVANCED_FACE('',(#305),#5169,.F.);
#5541=ADVANCED_FACE('',(#306,#199),#5170,.F.);
#5542=ADVANCED_FACE('',(#307,#200),#5171,.F.);
#5543=ADVANCED_FACE('',(#308,#201),#5172,.F.);
#5544=ADVANCED_FACE('',(#309),#5173,.F.);
#5545=ADVANCED_FACE('',(#310,#202,#203,#204,#205),#5174,.F.);
#5546=ADVANCED_FACE('',(#311),#5175,.F.);
#5547=ADVANCED_FACE('',(#312),#5176,.F.);
#5548=ADVANCED_FACE('',(#313),#5177,.F.);
#5549=ADVANCED_FACE('',(#314),#5178,.F.);
#5550=ADVANCED_FACE('',(#315),#5179,.F.);
#5551=ADVANCED_FACE('',(#316),#5180,.T.);
#5552=ADVANCED_FACE('',(#317),#5181,.T.);
#5553=ADVANCED_FACE('',(#318),#5182,.T.);
#5554=ADVANCED_FACE('',(#319),#5183,.F.);
#5555=ADVANCED_FACE('',(#320),#5184,.T.);
#5556=ADVANCED_FACE('',(#321),#5185,.F.);
#5557=ADVANCED_FACE('',(#322),#5186,.F.);
#5558=ADVANCED_FACE('',(#323),#5187,.T.);
#5559=ADVANCED_FACE('',(#324),#5188,.F.);
#5560=ADVANCED_FACE('',(#325),#5189,.T.);
#5561=ADVANCED_FACE('',(#326),#5190,.T.);
#5562=ADVANCED_FACE('',(#327),#5191,.T.);
#5563=ADVANCED_FACE('',(#328),#5192,.F.);
#5564=ADVANCED_FACE('',(#329),#5193,.T.);
#5565=ADVANCED_FACE('',(#330),#5194,.T.);
#5566=ADVANCED_FACE('',(#331),#5195,.T.);
#5567=ADVANCED_FACE('',(#332),#5196,.T.);
#5568=ADVANCED_FACE('',(#333),#5197,.F.);
#5569=ADVANCED_FACE('',(#334),#5198,.T.);
#5570=ADVANCED_FACE('',(#335),#5199,.F.);
#5571=ADVANCED_FACE('',(#336),#5200,.F.);
#5572=ADVANCED_FACE('',(#337),#5201,.F.);
#5573=ADVANCED_FACE('',(#338),#5202,.F.);
#5574=ADVANCED_FACE('',(#339),#5203,.T.);
#5575=ADVANCED_FACE('',(#340),#5204,.F.);
#5576=ADVANCED_FACE('',(#341),#5205,.T.);
#5577=ADVANCED_FACE('',(#342),#5206,.F.);
#5578=ADVANCED_FACE('',(#343),#253,.F.);
#5579=ADVANCED_FACE('',(#344),#5207,.F.);
#5580=ADVANCED_FACE('',(#345),#5208,.F.);
#5581=ADVANCED_FACE('',(#346,#206,#207,#208,#209),#5209,.F.);
#5582=ADVANCED_FACE('',(#347),#5210,.F.);
#5583=ADVANCED_FACE('',(#348),#5211,.F.);
#5584=ADVANCED_FACE('',(#349),#5212,.F.);
#5585=ADVANCED_FACE('',(#350),#5213,.F.);
#5586=ADVANCED_FACE('',(#351),#5214,.F.);
#5587=ADVANCED_FACE('',(#352),#5215,.F.);
#5588=ADVANCED_FACE('',(#353),#5216,.F.);
#5589=ADVANCED_FACE('',(#354),#5217,.F.);
#5590=ADVANCED_FACE('',(#355),#5218,.F.);
#5591=ADVANCED_FACE('',(#356),#5219,.T.);
#5592=ADVANCED_FACE('',(#357),#5220,.T.);
#5593=ADVANCED_FACE('',(#358),#5221,.T.);
#5594=ADVANCED_FACE('',(#359,#210,#211,#212,#213),#5222,.F.);
#5595=ADVANCED_FACE('',(#360),#5223,.T.);
#5596=ADVANCED_FACE('',(#361),#5224,.T.);
#5597=ADVANCED_FACE('',(#362),#5225,.T.);
#5598=ADVANCED_FACE('',(#363),#5226,.T.);
#5599=ADVANCED_FACE('',(#364),#5227,.T.);
#5600=ADVANCED_FACE('',(#365),#5228,.T.);
#5601=ADVANCED_FACE('',(#366),#5229,.T.);
#5602=ADVANCED_FACE('',(#367),#5230,.T.);
#5603=ADVANCED_FACE('',(#368),#5231,.T.);
#5604=ADVANCED_FACE('',(#369),#5232,.T.);
#5605=ADVANCED_FACE('',(#370),#5233,.F.);
#5606=ADVANCED_FACE('',(#371),#5234,.F.);
#5607=ADVANCED_FACE('',(#372),#19,.T.);
#5608=ADVANCED_FACE('',(#373),#20,.T.);
#5609=ADVANCED_FACE('',(#374),#21,.T.);
#5610=ADVANCED_FACE('',(#375),#22,.T.);
#5611=ADVANCED_FACE('',(#376),#23,.T.);
#5612=ADVANCED_FACE('',(#377),#5235,.T.);
#5613=ADVANCED_FACE('',(#378),#24,.T.);
#5614=ADVANCED_FACE('',(#379),#25,.T.);
#5615=ADVANCED_FACE('',(#380),#26,.T.);
#5616=ADVANCED_FACE('',(#381),#27,.T.);
#5617=ADVANCED_FACE('',(#382),#5236,.T.);
#5618=ADVANCED_FACE('',(#383),#5237,.T.);
#5619=ADVANCED_FACE('',(#384),#5238,.T.);
#5620=ADVANCED_FACE('',(#385),#5239,.T.);
#5621=ADVANCED_FACE('',(#386),#5240,.T.);
#5622=ADVANCED_FACE('',(#387),#5241,.T.);
#5623=ADVANCED_FACE('',(#388),#5242,.T.);
#5624=ADVANCED_FACE('',(#389),#5243,.T.);
#5625=ADVANCED_FACE('',(#390),#5244,.T.);
#5626=ADVANCED_FACE('',(#391),#5245,.T.);
#5627=ADVANCED_FACE('',(#392),#5246,.T.);
#5628=ADVANCED_FACE('',(#393),#5247,.T.);
#5629=ADVANCED_FACE('',(#394),#5248,.F.);
#5630=ADVANCED_FACE('',(#395,#214),#5249,.T.);
#5631=ADVANCED_FACE('',(#396),#28,.T.);
#5632=ADVANCED_FACE('',(#397),#29,.T.);
#5633=ADVANCED_FACE('',(#398),#30,.T.);
#5634=ADVANCED_FACE('',(#399),#31,.T.);
#5635=ADVANCED_FACE('',(#400),#32,.T.);
#5636=ADVANCED_FACE('',(#401),#33,.T.);
#5637=ADVANCED_FACE('',(#402),#34,.T.);
#5638=ADVANCED_FACE('',(#403),#35,.T.);
#5639=ADVANCED_FACE('',(#404),#5250,.T.);
#5640=ADVANCED_FACE('',(#405),#5251,.T.);
#5641=ADVANCED_FACE('',(#406),#5252,.T.);
#5642=ADVANCED_FACE('',(#407),#5253,.T.);
#5643=ADVANCED_FACE('',(#408),#5254,.T.);
#5644=ADVANCED_FACE('',(#409),#5255,.T.);
#5645=ADVANCED_FACE('',(#410),#5256,.T.);
#5646=ADVANCED_FACE('',(#411),#5257,.T.);
#5647=ADVANCED_FACE('',(#412),#5258,.T.);
#5648=ADVANCED_FACE('',(#413),#5259,.T.);
#5649=ADVANCED_FACE('',(#414),#5260,.T.);
#5650=ADVANCED_FACE('',(#415),#5261,.F.);
#5651=ADVANCED_FACE('',(#416),#36,.T.);
#5652=ADVANCED_FACE('',(#417),#37,.T.);
#5653=ADVANCED_FACE('',(#418),#38,.T.);
#5654=ADVANCED_FACE('',(#419),#39,.T.);
#5655=ADVANCED_FACE('',(#420),#40,.T.);
#5656=ADVANCED_FACE('',(#421),#5262,.T.);
#5657=ADVANCED_FACE('',(#422),#41,.T.);
#5658=ADVANCED_FACE('',(#423),#42,.T.);
#5659=ADVANCED_FACE('',(#424),#43,.T.);
#5660=ADVANCED_FACE('',(#425),#44,.T.);
#5661=ADVANCED_FACE('',(#426),#5263,.T.);
#5662=ADVANCED_FACE('',(#427),#5264,.T.);
#5663=ADVANCED_FACE('',(#428),#5265,.T.);
#5664=ADVANCED_FACE('',(#429),#5266,.T.);
#5665=ADVANCED_FACE('',(#430),#5267,.T.);
#5666=ADVANCED_FACE('',(#431),#5268,.T.);
#5667=ADVANCED_FACE('',(#432),#5269,.F.);
#5668=ADVANCED_FACE('',(#433),#5270,.T.);
#5669=ADVANCED_FACE('',(#434),#5271,.T.);
#5670=ADVANCED_FACE('',(#435),#5272,.T.);
#5671=ADVANCED_FACE('',(#436),#5273,.T.);
#5672=ADVANCED_FACE('',(#437),#5274,.F.);
#5673=ADVANCED_FACE('',(#438),#5275,.F.);
#5674=ADVANCED_FACE('',(#439),#5276,.F.);
#5675=ADVANCED_FACE('',(#440),#5277,.F.);
#5676=ADVANCED_FACE('',(#441),#5278,.F.);
#5677=ADVANCED_FACE('',(#442,#215),#5279,.T.);
#5678=ADVANCED_FACE('',(#443),#5280,.F.);
#5679=ADVANCED_FACE('',(#444),#5281,.F.);
#5680=ADVANCED_FACE('',(#445),#5282,.F.);
#5681=ADVANCED_FACE('',(#446),#5283,.F.);
#5682=ADVANCED_FACE('',(#447),#5284,.T.);
#5683=ADVANCED_FACE('',(#448),#254,.T.);
#5684=ADVANCED_FACE('',(#449),#5285,.T.);
#5685=ADVANCED_FACE('',(#450),#5286,.F.);
#5686=ADVANCED_FACE('',(#451),#5287,.T.);
#5687=ADVANCED_FACE('',(#452),#5288,.T.);
#5688=ADVANCED_FACE('',(#453),#45,.T.);
#5689=ADVANCED_FACE('',(#454),#46,.T.);
#5690=ADVANCED_FACE('',(#455),#47,.T.);
#5691=ADVANCED_FACE('',(#456),#5289,.T.);
#5692=ADVANCED_FACE('',(#457),#5290,.T.);
#5693=ADVANCED_FACE('',(#458),#5291,.T.);
#5694=ADVANCED_FACE('',(#459),#5292,.T.);
#5695=ADVANCED_FACE('',(#460),#5293,.T.);
#5696=ADVANCED_FACE('',(#461),#48,.T.);
#5697=ADVANCED_FACE('',(#462),#49,.T.);
#5698=ADVANCED_FACE('',(#463),#50,.T.);
#5699=ADVANCED_FACE('',(#464),#5294,.T.);
#5700=ADVANCED_FACE('',(#465),#5295,.F.);
#5701=ADVANCED_FACE('',(#466,#216),#5296,.T.);
#5702=ADVANCED_FACE('',(#467),#5297,.T.);
#5703=ADVANCED_FACE('',(#468),#5298,.T.);
#5704=ADVANCED_FACE('',(#469),#5299,.T.);
#5705=ADVANCED_FACE('',(#470),#5300,.T.);
#5706=ADVANCED_FACE('',(#471),#5301,.T.);
#5707=ADVANCED_FACE('',(#472),#5302,.T.);
#5708=ADVANCED_FACE('',(#473),#5303,.T.);
#5709=ADVANCED_FACE('',(#474),#5304,.T.);
#5710=ADVANCED_FACE('',(#475),#5305,.T.);
#5711=ADVANCED_FACE('',(#476),#5306,.T.);
#5712=ADVANCED_FACE('',(#477),#5307,.T.);
#5713=ADVANCED_FACE('',(#478),#5308,.F.);
#5714=ADVANCED_FACE('',(#479),#5309,.T.);
#5715=ADVANCED_FACE('',(#480),#5310,.T.);
#5716=ADVANCED_FACE('',(#481),#5311,.T.);
#5717=ADVANCED_FACE('',(#482),#5312,.T.);
#5718=ADVANCED_FACE('',(#483),#5313,.T.);
#5719=ADVANCED_FACE('',(#484),#5314,.T.);
#5720=ADVANCED_FACE('',(#485),#5315,.F.);
#5721=ADVANCED_FACE('',(#486),#51,.T.);
#5722=ADVANCED_FACE('',(#487),#52,.T.);
#5723=ADVANCED_FACE('',(#488),#53,.T.);
#5724=ADVANCED_FACE('',(#489),#5316,.T.);
#5725=ADVANCED_FACE('',(#490),#5317,.T.);
#5726=ADVANCED_FACE('',(#491),#5318,.T.);
#5727=ADVANCED_FACE('',(#492),#5319,.T.);
#5728=ADVANCED_FACE('',(#493),#5320,.T.);
#5729=ADVANCED_FACE('',(#494),#54,.T.);
#5730=ADVANCED_FACE('',(#495),#55,.T.);
#5731=ADVANCED_FACE('',(#496),#56,.T.);
#5732=ADVANCED_FACE('',(#497),#5321,.T.);
#5733=ADVANCED_FACE('',(#498),#5322,.F.);
#5734=ADVANCED_FACE('',(#499),#5323,.T.);
#5735=ADVANCED_FACE('',(#500),#5324,.T.);
#5736=ADVANCED_FACE('',(#501),#57,.T.);
#5737=ADVANCED_FACE('',(#502),#58,.T.);
#5738=ADVANCED_FACE('',(#503),#59,.T.);
#5739=ADVANCED_FACE('',(#504),#60,.T.);
#5740=ADVANCED_FACE('',(#505),#5325,.T.);
#5741=ADVANCED_FACE('',(#506),#61,.T.);
#5742=ADVANCED_FACE('',(#507),#62,.T.);
#5743=ADVANCED_FACE('',(#508),#63,.T.);
#5744=ADVANCED_FACE('',(#509),#64,.T.);
#5745=ADVANCED_FACE('',(#510),#5326,.T.);
#5746=ADVANCED_FACE('',(#511),#5327,.T.);
#5747=ADVANCED_FACE('',(#512),#5328,.T.);
#5748=ADVANCED_FACE('',(#513),#5329,.T.);
#5749=ADVANCED_FACE('',(#514),#5330,.T.);
#5750=ADVANCED_FACE('',(#515),#5331,.T.);
#5751=ADVANCED_FACE('',(#516),#5332,.T.);
#5752=ADVANCED_FACE('',(#517),#5333,.T.);
#5753=ADVANCED_FACE('',(#518),#5334,.T.);
#5754=ADVANCED_FACE('',(#519),#5335,.T.);
#5755=ADVANCED_FACE('',(#520),#5336,.T.);
#5756=ADVANCED_FACE('',(#521),#5337,.F.);
#5757=ADVANCED_FACE('',(#522,#217),#5338,.T.);
#5758=ADVANCED_FACE('',(#523),#5339,.T.);
#5759=ADVANCED_FACE('',(#524),#5340,.T.);
#5760=ADVANCED_FACE('',(#525),#5341,.T.);
#5761=ADVANCED_FACE('',(#526),#5342,.T.);
#5762=ADVANCED_FACE('',(#527),#5343,.T.);
#5763=ADVANCED_FACE('',(#528),#5344,.T.);
#5764=ADVANCED_FACE('',(#529),#5345,.T.);
#5765=ADVANCED_FACE('',(#530),#5346,.T.);
#5766=ADVANCED_FACE('',(#531),#5347,.T.);
#5767=ADVANCED_FACE('',(#532),#5348,.T.);
#5768=ADVANCED_FACE('',(#533),#5349,.T.);
#5769=ADVANCED_FACE('',(#534),#5350,.F.);
#5770=ADVANCED_FACE('',(#535),#65,.T.);
#5771=ADVANCED_FACE('',(#536),#66,.T.);
#5772=ADVANCED_FACE('',(#537),#67,.T.);
#5773=ADVANCED_FACE('',(#538),#68,.T.);
#5774=ADVANCED_FACE('',(#539),#69,.T.);
#5775=ADVANCED_FACE('',(#540),#5351,.T.);
#5776=ADVANCED_FACE('',(#541),#70,.T.);
#5777=ADVANCED_FACE('',(#542),#71,.T.);
#5778=ADVANCED_FACE('',(#543),#72,.T.);
#5779=ADVANCED_FACE('',(#544),#73,.T.);
#5780=ADVANCED_FACE('',(#545),#5352,.T.);
#5781=ADVANCED_FACE('',(#546),#5353,.T.);
#5782=ADVANCED_FACE('',(#547),#5354,.F.);
#5783=ADVANCED_FACE('',(#548),#5355,.F.);
#5784=ADVANCED_FACE('',(#549,#218,#219,#220,#221),#5356,.F.);
#5785=ADVANCED_FACE('',(#550,#222,#223,#224,#225),#5357,.T.);
#5786=ADVANCED_FACE('',(#551),#5358,.F.);
#5787=ADVANCED_FACE('',(#552),#5359,.F.);
#5788=ADVANCED_FACE('',(#553),#5360,.T.);
#5789=ADVANCED_FACE('',(#554),#255,.F.);
#5790=ADVANCED_FACE('',(#555),#5361,.T.);
#5791=ADVANCED_FACE('',(#556),#256,.F.);
#5792=ADVANCED_FACE('',(#557),#5362,.F.);
#5793=ADVANCED_FACE('',(#558),#5363,.T.);
#5794=ADVANCED_FACE('',(#559),#257,.F.);
#5795=ADVANCED_FACE('',(#560),#258,.F.);
#5796=CLOSED_SHELL('',(#5494,#5495,#5496,#5497,#5498,#5499,#5500,#5501,
#5502,#5503,#5504,#5505,#5506,#5507,#5508,#5509,#5510,#5511,#5512,#5513,
#5514,#5515,#5516,#5517,#5518,#5519,#5520,#5521,#5522,#5523,#5524,#5525,
#5526,#5527,#5528,#5529,#5530));
#5797=CLOSED_SHELL('',(#5531,#5532,#5533,#5534,#5535,#5536,#5537,#5538,
#5539,#5540,#5541,#5542,#5543,#5544,#5545,#5546,#5547,#5548,#5549,#5550,
#5551,#5552,#5553,#5554,#5555,#5556,#5557,#5558,#5559,#5560,#5561,#5562,
#5563,#5564,#5565,#5566,#5567,#5568,#5569,#5570,#5571,#5572,#5573,#5574,
#5575,#5576,#5577,#5578,#5579,#5580,#5581,#5582,#5583,#5584,#5585,#5586,
#5587,#5588,#5589,#5590,#5591,#5592,#5593,#5594,#5595,#5596,#5597,#5598,
#5599,#5600,#5601,#5602,#5603,#5604,#5605,#5606,#5607,#5608,#5609,#5610,
#5611,#5612,#5613,#5614,#5615,#5616,#5617,#5618,#5619,#5620,#5621,#5622,
#5623,#5624,#5625,#5626,#5627,#5628,#5629,#5630,#5631,#5632,#5633,#5634,
#5635,#5636,#5637,#5638,#5639,#5640,#5641,#5642,#5643,#5644,#5645,#5646,
#5647,#5648,#5649,#5650,#5651,#5652,#5653,#5654,#5655,#5656,#5657,#5658,
#5659,#5660,#5661,#5662,#5663,#5664,#5665,#5666,#5667,#5668,#5669,#5670,
#5671,#5672,#5673,#5674,#5675,#5676,#5677,#5678,#5679,#5680,#5681,#5682,
#5683,#5684,#5685,#5686,#5687,#5688,#5689,#5690,#5691,#5692,#5693,#5694,
#5695,#5696,#5697,#5698,#5699,#5700,#5701,#5702,#5703,#5704,#5705,#5706,
#5707,#5708,#5709,#5710,#5711,#5712,#5713,#5714,#5715,#5716,#5717,#5718,
#5719,#5720,#5721,#5722,#5723,#5724,#5725,#5726,#5727,#5728,#5729,#5730,
#5731,#5732,#5733,#5734,#5735,#5736,#5737,#5738,#5739,#5740,#5741,#5742,
#5743,#5744,#5745,#5746,#5747,#5748,#5749,#5750,#5751,#5752,#5753,#5754,
#5755,#5756,#5757,#5758,#5759,#5760,#5761,#5762,#5763,#5764,#5765,#5766,
#5767,#5768,#5769,#5770,#5771,#5772,#5773,#5774,#5775,#5776,#5777,#5778,
#5779,#5780,#5781));
#5798=CLOSED_SHELL('',(#5782,#5783,#5784,#5785,#5786,#5787,#5788,#5789,
#5790,#5791,#5792,#5793,#5794,#5795));
#5799=DERIVED_UNIT_ELEMENT(#5801,1.);
#5800=DERIVED_UNIT_ELEMENT(#12882,-3.);
#5801=(
MASS_UNIT()
NAMED_UNIT(*)
SI_UNIT(.KILO.,.GRAM.)
);
#5802=DERIVED_UNIT((#5799,#5800));
#5803=MEASURE_REPRESENTATION_ITEM('density measure',
POSITIVE_RATIO_MEASURE(7850.),#5802);
#5804=PROPERTY_DEFINITION_REPRESENTATION(#5809,#5806);
#5805=PROPERTY_DEFINITION_REPRESENTATION(#5810,#5807);
#5806=REPRESENTATION('material name',(#5808),#12879);
#5807=REPRESENTATION('density',(#5803),#12879);
#5808=DESCRIPTIVE_REPRESENTATION_ITEM('Steel','Steel');
#5809=PROPERTY_DEFINITION('material property','material name',#12894);
#5810=PROPERTY_DEFINITION('material property','density of part',#12894);
#5811=AXIS2_PLACEMENT_3D('',#7369,#6121,#6122);
#5812=AXIS2_PLACEMENT_3D('',#7370,#6123,#6124);
#5813=AXIS2_PLACEMENT_3D('',#7371,#6125,#6126);
#5814=AXIS2_PLACEMENT_3D('',#7380,#6130,#6131);
#5815=AXIS2_PLACEMENT_3D('',#7384,#6133,#6134);
#5816=AXIS2_PLACEMENT_3D('',#7392,#6138,#6139);
#5817=AXIS2_PLACEMENT_3D('',#7395,#6141,#6142);
#5818=AXIS2_PLACEMENT_3D('',#7396,#6143,#6144);
#5819=AXIS2_PLACEMENT_3D('',#7405,#6148,#6149);
#5820=AXIS2_PLACEMENT_3D('',#7412,#6153,#6154);
#5821=AXIS2_PLACEMENT_3D('',#7413,#6155,#6156);
#5822=AXIS2_PLACEMENT_3D('',#7417,#6158,#6159);
#5823=AXIS2_PLACEMENT_3D('',#7419,#6161,#6162);
#5824=AXIS2_PLACEMENT_3D('',#7422,#6163,#6164);
#5825=AXIS2_PLACEMENT_3D('',#7425,#6167,#6168);
#5826=AXIS2_PLACEMENT_3D('',#7429,#6171,#6172);
#5827=AXIS2_PLACEMENT_3D('',#7433,#6175,#6176);
#5828=AXIS2_PLACEMENT_3D('',#7435,#6178,#6179);
#5829=AXIS2_PLACEMENT_3D('',#7444,#6183,#6184);
#5830=AXIS2_PLACEMENT_3D('',#7451,#6188,#6189);
#5831=AXIS2_PLACEMENT_3D('',#7452,#6190,#6191);
#5832=AXIS2_PLACEMENT_3D('',#7461,#6195,#6196);
#5833=AXIS2_PLACEMENT_3D('',#7465,#6198,#6199);
#5834=AXIS2_PLACEMENT_3D('',#7473,#6203,#6204);
#5835=AXIS2_PLACEMENT_3D('',#7476,#6206,#6207);
#5836=AXIS2_PLACEMENT_3D('',#7477,#6208,#6209);
#5837=AXIS2_PLACEMENT_3D('',#7480,#6210,#6211);
#5838=AXIS2_PLACEMENT_3D('',#7483,#6214,#6215);
#5839=AXIS2_PLACEMENT_3D('',#7486,#6216,#6217);
#5840=AXIS2_PLACEMENT_3D('',#7487,#6218,#6219);
#5841=AXIS2_PLACEMENT_3D('',#7491,#6221,#6222);
#5842=AXIS2_PLACEMENT_3D('',#7493,#6223,#6224);
#5843=AXIS2_PLACEMENT_3D('',#7496,#6226,#6227);
#5844=AXIS2_PLACEMENT_3D('',#7498,#6228,#6229);
#5845=AXIS2_PLACEMENT_3D('',#7499,#6230,#6231);
#5846=AXIS2_PLACEMENT_3D('',#7501,#6233,#6234);
#5847=AXIS2_PLACEMENT_3D('',#7502,#6235,#6236);
#5848=AXIS2_PLACEMENT_3D('',#7504,#6238,#6239);
#5849=AXIS2_PLACEMENT_3D('',#7506,#6241,#6242);
#5850=AXIS2_PLACEMENT_3D('',#7508,#6244,#6245);
#5851=AXIS2_PLACEMENT_3D('',#7512,#6247,#6248);
#5852=AXIS2_PLACEMENT_3D('',#7513,#6249,#6250);
#5853=AXIS2_PLACEMENT_3D('',#7514,#6251,#6252);
#5854=AXIS2_PLACEMENT_3D('',#7520,#6256,#6257);
#5855=AXIS2_PLACEMENT_3D('',#7521,#6258,#6259);
#5856=AXIS2_PLACEMENT_3D('',#7522,#6260,#6261);
#5857=AXIS2_PLACEMENT_3D('',#7524,#6263,#6264);
#5858=AXIS2_PLACEMENT_3D('',#7526,#6266,#6267);
#5859=AXIS2_PLACEMENT_3D('',#7528,#6269,#6270);
#5860=AXIS2_PLACEMENT_3D('',#7530,#6272,#6273);
#5861=AXIS2_PLACEMENT_3D('',#7532,#6274,#6275);
#5862=AXIS2_PLACEMENT_3D('',#7534,#6276,#6277);
#5863=AXIS2_PLACEMENT_3D('',#7535,#6278,#6279);
#5864=AXIS2_PLACEMENT_3D('',#7537,#6280,#6281);
#5865=AXIS2_PLACEMENT_3D('',#7539,#6282,#6283);
#5866=AXIS2_PLACEMENT_3D('',#7540,#6284,#6285);
#5867=AXIS2_PLACEMENT_3D('',#7546,#6288,#6289);
#5868=AXIS2_PLACEMENT_3D('',#7548,#6290,#6291);
#5869=AXIS2_PLACEMENT_3D('',#7550,#6293,#6294);
#5870=AXIS2_PLACEMENT_3D('',#7553,#6296,#6297);
#5871=AXIS2_PLACEMENT_3D('',#7554,#6298,#6299);
#5872=AXIS2_PLACEMENT_3D('',#7558,#6302,#6303);
#5873=AXIS2_PLACEMENT_3D('',#7562,#6306,#6307);
#5874=AXIS2_PLACEMENT_3D('',#7564,#6309,#6310);
#5875=AXIS2_PLACEMENT_3D('',#7566,#6312,#6313);
#5876=AXIS2_PLACEMENT_3D('',#7568,#6315,#6316);
#5877=AXIS2_PLACEMENT_3D('',#7570,#6318,#6319);
#5878=AXIS2_PLACEMENT_3D('',#7571,#6320,#6321);
#5879=AXIS2_PLACEMENT_3D('',#7574,#6324,#6325);
#5880=AXIS2_PLACEMENT_3D('',#7577,#6328,#6329);
#5881=AXIS2_PLACEMENT_3D('',#7578,#6330,#6331);
#5882=AXIS2_PLACEMENT_3D('',#7579,#6332,#6333);
#5883=AXIS2_PLACEMENT_3D('',#7580,#6334,#6335);
#5884=AXIS2_PLACEMENT_3D('',#7581,#6336,#6337);
#5885=AXIS2_PLACEMENT_3D('',#7582,#6338,#6339);
#5886=AXIS2_PLACEMENT_3D('',#7583,#6340,#6341);
#5887=AXIS2_PLACEMENT_3D('',#7585,#6342,#6343);
#5888=AXIS2_PLACEMENT_3D('',#7588,#6345,#6346);
#5889=AXIS2_PLACEMENT_3D('',#7589,#6347,#6348);
#5890=AXIS2_PLACEMENT_3D('',#7591,#6349,#6350);
#5891=AXIS2_PLACEMENT_3D('',#7594,#6352,#6353);
#5892=AXIS2_PLACEMENT_3D('',#7595,#6354,#6355);
#5893=AXIS2_PLACEMENT_3D('',#7597,#6356,#6357);
#5894=AXIS2_PLACEMENT_3D('',#7600,#6359,#6360);
#5895=AXIS2_PLACEMENT_3D('',#7601,#6361,#6362);
#5896=AXIS2_PLACEMENT_3D('',#7603,#6363,#6364);
#5897=AXIS2_PLACEMENT_3D('',#7606,#6366,#6367);
#5898=AXIS2_PLACEMENT_3D('',#7607,#6368,#6369);
#5899=AXIS2_PLACEMENT_3D('',#7610,#6370,#6371);
#5900=AXIS2_PLACEMENT_3D('',#7614,#6373,#6374);
#5901=AXIS2_PLACEMENT_3D('',#7616,#6376,#6377);
#5902=AXIS2_PLACEMENT_3D('',#7618,#6378,#6379);
#5903=AXIS2_PLACEMENT_3D('',#7621,#6381,#6382);
#5904=AXIS2_PLACEMENT_3D('',#7622,#6383,#6384);
#5905=AXIS2_PLACEMENT_3D('',#8281,#6446,#6447);
#5906=AXIS2_PLACEMENT_3D('',#8778,#6484,#6485);
#5907=AXIS2_PLACEMENT_3D('',#8781,#6488,#6489);
#5908=AXIS2_PLACEMENT_3D('',#8784,#6492,#6493);
#5909=AXIS2_PLACEMENT_3D('',#8801,#6502,#6503);
#5910=AXIS2_PLACEMENT_3D('',#8818,#6512,#6513);
#5911=AXIS2_PLACEMENT_3D('',#8835,#6522,#6523);
#5912=AXIS2_PLACEMENT_3D('',#8844,#6528,#6529);
#5913=AXIS2_PLACEMENT_3D('',#8877,#6546,#6547);
#5914=AXIS2_PLACEMENT_3D('',#8886,#6552,#6553);
#5915=AXIS2_PLACEMENT_3D('',#8889,#6556,#6557);
#5916=AXIS2_PLACEMENT_3D('',#8892,#6560,#6561);
#5917=AXIS2_PLACEMENT_3D('',#8895,#6564,#6565);
#5918=AXIS2_PLACEMENT_3D('',#8898,#6568,#6569);
#5919=AXIS2_PLACEMENT_3D('',#8908,#6575,#6576);
#5920=AXIS2_PLACEMENT_3D('',#8917,#6581,#6582);
#5921=AXIS2_PLACEMENT_3D('',#8927,#6588,#6589);
#5922=AXIS2_PLACEMENT_3D('',#8929,#6591,#6592);
#5923=AXIS2_PLACEMENT_3D('',#8931,#6594,#6595);
#5924=AXIS2_PLACEMENT_3D('',#8934,#6598,#6599);
#5925=AXIS2_PLACEMENT_3D('',#8937,#6602,#6603);
#5926=AXIS2_PLACEMENT_3D('',#8938,#6604,#6605);
#5927=AXIS2_PLACEMENT_3D('',#8939,#6606,#6607);
#5928=AXIS2_PLACEMENT_3D('',#8949,#6613,#6614);
#5929=AXIS2_PLACEMENT_3D('',#8958,#6619,#6620);
#5930=AXIS2_PLACEMENT_3D('',#8968,#6626,#6627);
#5931=AXIS2_PLACEMENT_3D('',#8970,#6629,#6630);
#5932=AXIS2_PLACEMENT_3D('',#8972,#6632,#6633);
#5933=AXIS2_PLACEMENT_3D('',#8982,#6639,#6640);
#5934=AXIS2_PLACEMENT_3D('',#8991,#6645,#6646);
#5935=AXIS2_PLACEMENT_3D('',#9001,#6652,#6653);
#5936=AXIS2_PLACEMENT_3D('',#9003,#6655,#6656);
#5937=AXIS2_PLACEMENT_3D('',#9005,#6658,#6659);
#5938=AXIS2_PLACEMENT_3D('',#9008,#6662,#6663);
#5939=AXIS2_PLACEMENT_3D('',#9011,#6666,#6667);
#5940=AXIS2_PLACEMENT_3D('',#9014,#6670,#6671);
#5941=AXIS2_PLACEMENT_3D('',#9017,#6674,#6675);
#5942=AXIS2_PLACEMENT_3D('',#9018,#6676,#6677);
#5943=AXIS2_PLACEMENT_3D('',#9019,#6678,#6679);
#5944=AXIS2_PLACEMENT_3D('',#9020,#6680,#6681);
#5945=AXIS2_PLACEMENT_3D('',#9021,#6682,#6683);
#5946=AXIS2_PLACEMENT_3D('',#9026,#6685,#6686);
#5947=AXIS2_PLACEMENT_3D('',#9029,#6688,#6689);
#5948=AXIS2_PLACEMENT_3D('',#9030,#6690,#6691);
#5949=AXIS2_PLACEMENT_3D('',#9033,#6694,#6695);
#5950=AXIS2_PLACEMENT_3D('',#9036,#6698,#6699);
#5951=AXIS2_PLACEMENT_3D('',#9050,#6707,#6708);
#5952=AXIS2_PLACEMENT_3D('',#9057,#6713,#6714);
#5953=AXIS2_PLACEMENT_3D('',#9059,#6716,#6717);
#5954=AXIS2_PLACEMENT_3D('',#9061,#6719,#6720);
#5955=AXIS2_PLACEMENT_3D('',#9063,#6722,#6723);
#5956=AXIS2_PLACEMENT_3D('',#9069,#6727,#6728);
#5957=AXIS2_PLACEMENT_3D('',#9075,#6732,#6733);
#5958=AXIS2_PLACEMENT_3D('',#9079,#6736,#6737);
#5959=AXIS2_PLACEMENT_3D('',#9083,#6740,#6741);
#5960=AXIS2_PLACEMENT_3D('',#9085,#6743,#6744);
#5961=AXIS2_PLACEMENT_3D('',#9086,#6745,#6746);
#5962=AXIS2_PLACEMENT_3D('',#9087,#6747,#6748);
#5963=AXIS2_PLACEMENT_3D('',#9088,#6749,#6750);
#5964=AXIS2_PLACEMENT_3D('',#9096,#6756,#6757);
#5965=AXIS2_PLACEMENT_3D('',#9098,#6759,#6760);
#5966=AXIS2_PLACEMENT_3D('',#9100,#6762,#6763);
#5967=AXIS2_PLACEMENT_3D('',#9101,#6764,#6765);
#5968=AXIS2_PLACEMENT_3D('',#9107,#6769,#6770);
#5969=AXIS2_PLACEMENT_3D('',#9111,#6773,#6774);
#5970=AXIS2_PLACEMENT_3D('',#9115,#6777,#6778);
#5971=AXIS2_PLACEMENT_3D('',#9117,#6780,#6781);
#5972=AXIS2_PLACEMENT_3D('',#9118,#6782,#6783);
#5973=AXIS2_PLACEMENT_3D('',#9119,#6784,#6785);
#5974=AXIS2_PLACEMENT_3D('',#9120,#6786,#6787);
#5975=AXIS2_PLACEMENT_3D('',#9121,#6788,#6789);
#5976=AXIS2_PLACEMENT_3D('',#9395,#6796,#6797);
#5977=AXIS2_PLACEMENT_3D('',#9623,#6804,#6805);
#5978=AXIS2_PLACEMENT_3D('',#9625,#6807,#6808);
#5979=AXIS2_PLACEMENT_3D('',#9626,#6809,#6810);
#5980=AXIS2_PLACEMENT_3D('',#9632,#6814,#6815);
#5981=AXIS2_PLACEMENT_3D('',#9636,#6818,#6819);
#5982=AXIS2_PLACEMENT_3D('',#9640,#6822,#6823);
#5983=AXIS2_PLACEMENT_3D('',#9644,#6826,#6827);
#5984=AXIS2_PLACEMENT_3D('',#9648,#6830,#6831);
#5985=AXIS2_PLACEMENT_3D('',#9652,#6834,#6835);
#5986=AXIS2_PLACEMENT_3D('',#9656,#6838,#6839);
#5987=AXIS2_PLACEMENT_3D('',#9660,#6842,#6843);
#5988=AXIS2_PLACEMENT_3D('',#9664,#6846,#6847);
#5989=AXIS2_PLACEMENT_3D('',#9666,#6849,#6850);
#5990=AXIS2_PLACEMENT_3D('',#9667,#6851,#6852);
#5991=AXIS2_PLACEMENT_3D('',#10340,#6861,#6862);
#5992=AXIS2_PLACEMENT_3D('',#10341,#6863,#6864);
#5993=AXIS2_PLACEMENT_3D('',#10347,#6868,#6869);
#5994=AXIS2_PLACEMENT_3D('',#10351,#6872,#6873);
#5995=AXIS2_PLACEMENT_3D('',#10355,#6876,#6877);
#5996=AXIS2_PLACEMENT_3D('',#10359,#6880,#6881);
#5997=AXIS2_PLACEMENT_3D('',#10363,#6884,#6885);
#5998=AXIS2_PLACEMENT_3D('',#10367,#6888,#6889);
#5999=AXIS2_PLACEMENT_3D('',#10371,#6892,#6893);
#6000=AXIS2_PLACEMENT_3D('',#10375,#6896,#6897);
#6001=AXIS2_PLACEMENT_3D('',#10379,#6900,#6901);
#6002=AXIS2_PLACEMENT_3D('',#10381,#6903,#6904);
#6003=AXIS2_PLACEMENT_3D('',#10655,#6911,#6912);
#6004=AXIS2_PLACEMENT_3D('',#10883,#6919,#6920);
#6005=AXIS2_PLACEMENT_3D('',#10885,#6922,#6923);
#6006=AXIS2_PLACEMENT_3D('',#10886,#6924,#6925);
#6007=AXIS2_PLACEMENT_3D('',#10892,#6929,#6930);
#6008=AXIS2_PLACEMENT_3D('',#10898,#6934,#6935);
#6009=AXIS2_PLACEMENT_3D('',#10901,#6938,#6939);
#6010=AXIS2_PLACEMENT_3D('',#10902,#6940,#6941);
#6011=AXIS2_PLACEMENT_3D('',#10903,#6942,#6943);
#6012=AXIS2_PLACEMENT_3D('',#10909,#6947,#6948);
#6013=AXIS2_PLACEMENT_3D('',#10915,#6952,#6953);
#6014=AXIS2_PLACEMENT_3D('',#10918,#6956,#6957);
#6015=AXIS2_PLACEMENT_3D('',#10919,#6958,#6959);
#6016=AXIS2_PLACEMENT_3D('',#10920,#6960,#6961);
#6017=AXIS2_PLACEMENT_3D('',#10926,#6965,#6966);
#6018=AXIS2_PLACEMENT_3D('',#10930,#6969,#6970);
#6019=AXIS2_PLACEMENT_3D('',#10934,#6973,#6974);
#6020=AXIS2_PLACEMENT_3D('',#10936,#6976,#6977);
#6021=AXIS2_PLACEMENT_3D('',#10945,#6982,#6983);
#6022=AXIS2_PLACEMENT_3D('',#10951,#6987,#6988);
#6023=AXIS2_PLACEMENT_3D('',#10955,#6991,#6992);
#6024=AXIS2_PLACEMENT_3D('',#10959,#6995,#6996);
#6025=AXIS2_PLACEMENT_3D('',#10961,#6998,#6999);
#6026=AXIS2_PLACEMENT_3D('',#10962,#7000,#7001);
#6027=AXIS2_PLACEMENT_3D('',#10967,#7003,#7004);
#6028=AXIS2_PLACEMENT_3D('',#10970,#7006,#7007);
#6029=AXIS2_PLACEMENT_3D('',#10971,#7008,#7009);
#6030=AXIS2_PLACEMENT_3D('',#10974,#7012,#7013);
#6031=AXIS2_PLACEMENT_3D('',#10977,#7016,#7017);
#6032=AXIS2_PLACEMENT_3D('',#10978,#7018,#7019);
#6033=AXIS2_PLACEMENT_3D('',#11146,#7024,#7025);
#6034=AXIS2_PLACEMENT_3D('',#11150,#7028,#7029);
#6035=AXIS2_PLACEMENT_3D('',#11154,#7032,#7033);
#6036=AXIS2_PLACEMENT_3D('',#11158,#7036,#7037);
#6037=AXIS2_PLACEMENT_3D('',#11162,#7040,#7041);
#6038=AXIS2_PLACEMENT_3D('',#11331,#7047,#7048);
#6039=AXIS2_PLACEMENT_3D('',#11333,#7050,#7051);
#6040=AXIS2_PLACEMENT_3D('',#11334,#7052,#7053);
#6041=AXIS2_PLACEMENT_3D('',#11357,#7065,#7066);
#6042=AXIS2_PLACEMENT_3D('',#11360,#7069,#7070);
#6043=AXIS2_PLACEMENT_3D('',#11362,#7072,#7073);
#6044=AXIS2_PLACEMENT_3D('',#11364,#7075,#7076);
#6045=AXIS2_PLACEMENT_3D('',#11366,#7078,#7079);
#6046=AXIS2_PLACEMENT_3D('',#11368,#7081,#7082);
#6047=AXIS2_PLACEMENT_3D('',#11370,#7084,#7085);
#6048=AXIS2_PLACEMENT_3D('',#11372,#7087,#7088);
#6049=AXIS2_PLACEMENT_3D('',#11373,#7089,#7090);
#6050=AXIS2_PLACEMENT_3D('',#11379,#7094,#7095);
#6051=AXIS2_PLACEMENT_3D('',#11383,#7098,#7099);
#6052=AXIS2_PLACEMENT_3D('',#11385,#7101,#7102);
#6053=AXIS2_PLACEMENT_3D('',#11386,#7103,#7104);
#6054=AXIS2_PLACEMENT_3D('',#11392,#7108,#7109);
#6055=AXIS2_PLACEMENT_3D('',#11396,#7112,#7113);
#6056=AXIS2_PLACEMENT_3D('',#11400,#7116,#7117);
#6057=AXIS2_PLACEMENT_3D('',#11404,#7120,#7121);
#6058=AXIS2_PLACEMENT_3D('',#11408,#7124,#7125);
#6059=AXIS2_PLACEMENT_3D('',#11410,#7127,#7128);
#6060=AXIS2_PLACEMENT_3D('',#11578,#7133,#7134);
#6061=AXIS2_PLACEMENT_3D('',#11582,#7137,#7138);
#6062=AXIS2_PLACEMENT_3D('',#11586,#7141,#7142);
#6063=AXIS2_PLACEMENT_3D('',#11590,#7145,#7146);
#6064=AXIS2_PLACEMENT_3D('',#11594,#7149,#7150);
#6065=AXIS2_PLACEMENT_3D('',#11763,#7156,#7157);
#6066=AXIS2_PLACEMENT_3D('',#11765,#7159,#7160);
#6067=AXIS2_PLACEMENT_3D('',#11766,#7161,#7162);
#6068=AXIS2_PLACEMENT_3D('',#11772,#7166,#7167);
#6069=AXIS2_PLACEMENT_3D('',#11976,#7174,#7175);
#6070=AXIS2_PLACEMENT_3D('',#12204,#7182,#7183);
#6071=AXIS2_PLACEMENT_3D('',#12208,#7186,#7187);
#6072=AXIS2_PLACEMENT_3D('',#12212,#7190,#7191);
#6073=AXIS2_PLACEMENT_3D('',#12214,#7193,#7194);
#6074=AXIS2_PLACEMENT_3D('',#12215,#7195,#7196);
#6075=AXIS2_PLACEMENT_3D('',#12221,#7200,#7201);
#6076=AXIS2_PLACEMENT_3D('',#12225,#7204,#7205);
#6077=AXIS2_PLACEMENT_3D('',#12229,#7208,#7209);
#6078=AXIS2_PLACEMENT_3D('',#12233,#7212,#7213);
#6079=AXIS2_PLACEMENT_3D('',#12237,#7216,#7217);
#6080=AXIS2_PLACEMENT_3D('',#12241,#7220,#7221);
#6081=AXIS2_PLACEMENT_3D('',#12243,#7223,#7224);
#6082=AXIS2_PLACEMENT_3D('',#12244,#7225,#7226);
#6083=AXIS2_PLACEMENT_3D('',#12267,#7238,#7239);
#6084=AXIS2_PLACEMENT_3D('',#12270,#7242,#7243);
#6085=AXIS2_PLACEMENT_3D('',#12272,#7245,#7246);
#6086=AXIS2_PLACEMENT_3D('',#12274,#7248,#7249);
#6087=AXIS2_PLACEMENT_3D('',#12276,#7251,#7252);
#6088=AXIS2_PLACEMENT_3D('',#12278,#7254,#7255);
#6089=AXIS2_PLACEMENT_3D('',#12280,#7257,#7258);
#6090=AXIS2_PLACEMENT_3D('',#12282,#7260,#7261);
#6091=AXIS2_PLACEMENT_3D('',#12283,#7262,#7263);
#6092=AXIS2_PLACEMENT_3D('',#12289,#7267,#7268);
#6093=AXIS2_PLACEMENT_3D('',#12293,#7271,#7272);
#6094=AXIS2_PLACEMENT_3D('',#12295,#7274,#7275);
#6095=AXIS2_PLACEMENT_3D('',#12569,#7282,#7283);
#6096=AXIS2_PLACEMENT_3D('',#12797,#7290,#7291);
#6097=AXIS2_PLACEMENT_3D('',#12799,#7293,#7294);
#6098=AXIS2_PLACEMENT_3D('',#12800,#7295,#7296);
#6099=AXIS2_PLACEMENT_3D('',#12809,#7301,#7302);
#6100=AXIS2_PLACEMENT_3D('',#12815,#7306,#7307);
#6101=AXIS2_PLACEMENT_3D('',#12828,#7314,#7315);
#6102=AXIS2_PLACEMENT_3D('',#12830,#7316,#7317);
#6103=AXIS2_PLACEMENT_3D('',#12832,#7318,#7319);
#6104=AXIS2_PLACEMENT_3D('',#12834,#7320,#7321);
#6105=AXIS2_PLACEMENT_3D('',#12835,#7322,#7323);
#6106=AXIS2_PLACEMENT_3D('',#12848,#7330,#7331);
#6107=AXIS2_PLACEMENT_3D('',#12850,#7332,#7333);
#6108=AXIS2_PLACEMENT_3D('',#12852,#7334,#7335);
#6109=AXIS2_PLACEMENT_3D('',#12854,#7336,#7337);
#6110=AXIS2_PLACEMENT_3D('',#12855,#7338,#7339);
#6111=AXIS2_PLACEMENT_3D('',#12858,#7342,#7343);
#6112=AXIS2_PLACEMENT_3D('',#12859,#7344,#7345);
#6113=AXIS2_PLACEMENT_3D('',#12861,#7347,#7348);
#6114=AXIS2_PLACEMENT_3D('',#12863,#7350,#7351);
#6115=AXIS2_PLACEMENT_3D('',#12865,#7353,#7354);
#6116=AXIS2_PLACEMENT_3D('',#12867,#7356,#7357);
#6117=AXIS2_PLACEMENT_3D('',#12869,#7359,#7360);
#6118=AXIS2_PLACEMENT_3D('',#12870,#7361,#7362);
#6119=AXIS2_PLACEMENT_3D('',#12872,#7364,#7365);
#6120=AXIS2_PLACEMENT_3D('',#12874,#7367,#7368);
#6121=DIRECTION('axis',(0.,0.,1.));
#6122=DIRECTION('refdir',(1.,0.,0.));
#6123=DIRECTION('axis',(0.,0.,1.));
#6124=DIRECTION('refdir',(1.,0.,0.));
#6125=DIRECTION('center_axis',(0.,0.,1.));
#6126=DIRECTION('ref_axis',(1.,0.,0.));
#6127=DIRECTION('',(-0.224833980221606,0.974397086067949,0.));
#6128=DIRECTION('',(0.974397086067948,0.224833980221611,0.));
#6129=DIRECTION('',(0.224833980221608,-0.974397086067949,0.));
#6130=DIRECTION('center_axis',(0.,0.,-1.));
#6131=DIRECTION('ref_axis',(1.,-7.22801448323669E-16,0.));
#6132=DIRECTION('',(0.313181786188596,0.949693197195663,0.));
#6133=DIRECTION('center_axis',(0.,0.,1.));
#6134=DIRECTION('ref_axis',(1.,0.,0.));
#6135=DIRECTION('',(-0.974397086067949,-0.224833980221609,0.));
#6136=DIRECTION('',(0.224833980221609,-0.974397086067949,0.));
#6137=DIRECTION('',(0.974397086067949,0.224833980221609,0.));
#6138=DIRECTION('center_axis',(0.,0.,1.));
#6139=DIRECTION('ref_axis',(1.,0.,0.));
#6140=DIRECTION('',(0.313181786188595,0.949693197195663,0.));
#6141=DIRECTION('center_axis',(0.,0.,-1.));
#6142=DIRECTION('ref_axis',(1.,0.,0.));
#6143=DIRECTION('center_axis',(0.,0.,-1.));
#6144=DIRECTION('ref_axis',(-1.,0.,0.));
#6145=DIRECTION('',(-0.974397086067949,-0.224833980221609,0.));
#6146=DIRECTION('',(0.224833980221609,-0.974397086067949,0.));
#6147=DIRECTION('',(0.974397086067949,0.224833980221609,0.));
#6148=DIRECTION('center_axis',(0.,0.,-1.));
#6149=DIRECTION('ref_axis',(-1.,0.,0.));
#6150=DIRECTION('',(0.,1.,0.));
#6151=DIRECTION('',(1.,0.,0.));
#6152=DIRECTION('',(8.67361737988404E-16,-1.,0.));
#6153=DIRECTION('center_axis',(0.,0.,-1.));
#6154=DIRECTION('ref_axis',(-1.,0.,0.));
#6155=DIRECTION('center_axis',(0.,0.,-1.));
#6156=DIRECTION('ref_axis',(-1.,0.,0.));
#6157=DIRECTION('',(0.,0.,-1.));
#6158=DIRECTION('center_axis',(0.,0.,1.));
#6159=DIRECTION('ref_axis',(1.,0.,0.));
#6160=DIRECTION('',(0.,0.,-1.));
#6161=DIRECTION('center_axis',(0.,0.,-1.));
#6162=DIRECTION('ref_axis',(-1.,0.,0.));
#6163=DIRECTION('center_axis',(0.,0.,-1.));
#6164=DIRECTION('ref_axis',(1.,0.,0.));
#6165=DIRECTION('',(0.,0.,-1.));
#6166=DIRECTION('',(0.,0.,-1.));
#6167=DIRECTION('center_axis',(-1.,0.,0.));
#6168=DIRECTION('ref_axis',(0.,0.,1.));
#6169=DIRECTION('',(0.,1.,0.));
#6170=DIRECTION('',(0.,0.,-1.));
#6171=DIRECTION('center_axis',(0.,1.,0.));
#6172=DIRECTION('ref_axis',(0.,0.,1.));
#6173=DIRECTION('',(1.,0.,0.));
#6174=DIRECTION('',(0.,0.,-1.));
#6175=DIRECTION('center_axis',(1.,8.67361737988404E-16,0.));
#6176=DIRECTION('ref_axis',(-8.67361737988404E-16,1.,0.));
#6177=DIRECTION('',(1.73472347597681E-15,-1.,0.));
#6178=DIRECTION('center_axis',(0.,0.,1.));
#6179=DIRECTION('ref_axis',(1.,0.,0.));
#6180=DIRECTION('',(0.974397086067949,0.224833980221609,0.));
#6181=DIRECTION('',(-0.224833980221609,0.974397086067949,0.));
#6182=DIRECTION('',(-0.974397086067949,-0.224833980221609,0.));
#6183=DIRECTION('center_axis',(0.,0.,-1.));
#6184=DIRECTION('ref_axis',(1.,-1.13425664233943E-15,0.));
#6185=DIRECTION('',(8.67361737988404E-16,-1.,0.));
#6186=DIRECTION('',(1.,0.,0.));
#6187=DIRECTION('',(0.,1.,0.));
#6188=DIRECTION('center_axis',(0.,0.,-1.));
#6189=DIRECTION('ref_axis',(1.,0.,0.));
#6190=DIRECTION('center_axis',(0.,0.,-1.));
#6191=DIRECTION('ref_axis',(-1.,0.,0.));
#6192=DIRECTION('',(0.224833980221608,-0.974397086067949,0.));
#6193=DIRECTION('',(-0.974397086067948,-0.224833980221611,0.));
#6194=DIRECTION('',(-0.224833980221606,0.974397086067949,0.));
#6195=DIRECTION('center_axis',(0.,0.,-1.));
#6196=DIRECTION('ref_axis',(-1.,0.,0.));
#6197=DIRECTION('',(0.313181786188595,0.949693197195663,0.));
#6198=DIRECTION('center_axis',(0.,0.,1.));
#6199=DIRECTION('ref_axis',(1.,0.,0.));
#6200=DIRECTION('',(0.974397086067949,0.224833980221609,0.));
#6201=DIRECTION('',(-0.224833980221609,0.974397086067949,0.));
#6202=DIRECTION('',(-0.974397086067949,-0.224833980221609,0.));
#6203=DIRECTION('center_axis',(0.,0.,1.));
#6204=DIRECTION('ref_axis',(1.,0.,0.));
#6205=DIRECTION('',(0.313181786188596,0.949693197195663,0.));
#6206=DIRECTION('center_axis',(0.,0.,-1.));
#6207=DIRECTION('ref_axis',(-1.,0.,0.));
#6208=DIRECTION('center_axis',(0.,0.,-1.));
#6209=DIRECTION('ref_axis',(-1.,0.,0.));
#6210=DIRECTION('center_axis',(0.,0.,1.));
#6211=DIRECTION('ref_axis',(1.,0.,0.));
#6212=DIRECTION('',(0.,0.,-1.));
#6213=DIRECTION('',(0.,0.,-1.));
#6214=DIRECTION('center_axis',(0.224833980221609,-0.974397086067949,0.));
#6215=DIRECTION('ref_axis',(0.974397086067949,0.224833980221609,0.));
#6216=DIRECTION('center_axis',(-0.224833980221609,0.974397086067949,0.));
#6217=DIRECTION('ref_axis',(-0.974397086067949,-0.224833980221609,0.));
#6218=DIRECTION('center_axis',(-0.224833980221609,0.974397086067949,0.));
#6219=DIRECTION('ref_axis',(0.974397086067949,0.224833980221609,8.67361737988404E-16));
#6220=DIRECTION('',(-0.974397086067948,-0.224833980221609,0.));
#6221=DIRECTION('center_axis',(0.224833980221609,-0.974397086067949,0.));
#6222=DIRECTION('ref_axis',(0.974397086067949,0.224833980221609,0.));
#6223=DIRECTION('center_axis',(0.224833980221609,-0.974397086067949,0.));
#6224=DIRECTION('ref_axis',(0.974397086067949,0.224833980221609,0.));
#6225=DIRECTION('',(-0.974397086067948,-0.224833980221609,0.));
#6226=DIRECTION('center_axis',(-0.224833980221609,0.974397086067949,0.));
#6227=DIRECTION('ref_axis',(0.974397086067949,0.224833980221609,6.93889390390723E-15));
#6228=DIRECTION('center_axis',(-0.224833980221609,0.974397086067949,0.));
#6229=DIRECTION('ref_axis',(-0.974397086067949,-0.224833980221609,0.));
#6230=DIRECTION('center_axis',(-0.224833980221609,0.974397086067949,0.));
#6231=DIRECTION('ref_axis',(0.974397086067949,0.224833980221609,3.46944695195361E-15));
#6232=DIRECTION('',(0.,0.,-1.));
#6233=DIRECTION('center_axis',(-0.224833980221609,0.974397086067949,0.));
#6234=DIRECTION('ref_axis',(0.974397086067949,0.224833980221609,0.));
#6235=DIRECTION('center_axis',(0.,0.,-1.));
#6236=DIRECTION('ref_axis',(-1.,0.,0.));
#6237=DIRECTION('',(0.,0.,-1.));
#6238=DIRECTION('center_axis',(-0.949693197195663,0.313181786188596,0.));
#6239=DIRECTION('ref_axis',(-0.313181786188596,-0.949693197195663,0.));
#6240=DIRECTION('',(0.,0.,-1.));
#6241=DIRECTION('center_axis',(0.,0.,-1.));
#6242=DIRECTION('ref_axis',(-1.,0.,0.));
#6243=DIRECTION('',(0.,0.,-1.));
#6244=DIRECTION('center_axis',(0.974397086067949,0.224833980221608,0.));
#6245=DIRECTION('ref_axis',(-0.224833980221608,0.974397086067949,0.));
#6246=DIRECTION('',(0.,0.,-1.));
#6247=DIRECTION('center_axis',(0.974397086067949,0.224833980221608,0.));
#6248=DIRECTION('ref_axis',(-0.224833980221608,0.974397086067949,0.));
#6249=DIRECTION('center_axis',(0.974397086067949,0.224833980221608,0.));
#6250=DIRECTION('ref_axis',(-0.224833980221608,0.974397086067949,0.));
#6251=DIRECTION('center_axis',(0.224833980221611,-0.974397086067948,0.));
#6252=DIRECTION('ref_axis',(0.974397086067948,0.224833980221611,0.));
#6253=DIRECTION('',(0.,0.,-1.));
#6254=DIRECTION('',(0.974397086067948,0.224833980221611,0.));
#6255=DIRECTION('',(-0.974397086067948,-0.224833980221611,0.));
#6256=DIRECTION('center_axis',(-0.974397086067949,-0.224833980221606,0.));
#6257=DIRECTION('ref_axis',(0.224833980221606,-0.974397086067949,0.));
#6258=DIRECTION('center_axis',(-0.974397086067949,-0.224833980221606,0.));
#6259=DIRECTION('ref_axis',(0.224833980221606,-0.974397086067949,0.));
#6260=DIRECTION('center_axis',(-0.974397086067949,-0.224833980221606,0.));
#6261=DIRECTION('ref_axis',(0.224833980221606,-0.974397086067949,0.));
#6262=DIRECTION('',(0.,0.,-1.));
#6263=DIRECTION('center_axis',(0.,0.,-1.));
#6264=DIRECTION('ref_axis',(-1.,0.,0.));
#6265=DIRECTION('',(0.,0.,-1.));
#6266=DIRECTION('center_axis',(-0.949693197195663,0.313181786188595,0.));
#6267=DIRECTION('ref_axis',(-0.313181786188595,-0.949693197195663,0.));
#6268=DIRECTION('',(0.,0.,-1.));
#6269=DIRECTION('center_axis',(0.,0.,-1.));
#6270=DIRECTION('ref_axis',(-1.,0.,0.));
#6271=DIRECTION('',(0.,0.,-1.));
#6272=DIRECTION('center_axis',(-0.224833980221609,0.974397086067949,0.));
#6273=DIRECTION('ref_axis',(-0.974397086067949,-0.224833980221609,0.));
#6274=DIRECTION('center_axis',(0.224833980221609,-0.974397086067949,0.));
#6275=DIRECTION('ref_axis',(-0.974397086067949,-0.224833980221609,8.67361737988403E-16));
#6276=DIRECTION('center_axis',(-0.224833980221609,0.974397086067949,0.));
#6277=DIRECTION('ref_axis',(-0.974397086067949,-0.224833980221609,0.));
#6278=DIRECTION('center_axis',(0.224833980221609,-0.974397086067949,0.));
#6279=DIRECTION('ref_axis',(-0.974397086067949,-0.224833980221609,1.73472347597681E-15));
#6280=DIRECTION('center_axis',(0.224833980221609,-0.974397086067949,0.));
#6281=DIRECTION('ref_axis',(-0.974397086067949,-0.224833980221609,0.));
#6282=DIRECTION('center_axis',(-0.224833980221609,0.974397086067949,0.));
#6283=DIRECTION('ref_axis',(-0.974397086067949,-0.224833980221609,0.));
#6284=DIRECTION('center_axis',(0.224833980221609,-0.974397086067949,0.));
#6285=DIRECTION('ref_axis',(-0.974397086067949,-0.224833980221609,-6.93889390390723E-15));
#6286=DIRECTION('',(0.,0.,-1.));
#6287=DIRECTION('',(0.974397086067949,0.224833980221609,0.));
#6288=DIRECTION('center_axis',(-0.224833980221609,0.974397086067949,0.));
#6289=DIRECTION('ref_axis',(-0.974397086067949,-0.224833980221609,0.));
#6290=DIRECTION('center_axis',(-0.224833980221609,0.974397086067949,0.));
#6291=DIRECTION('ref_axis',(-0.974397086067949,-0.224833980221609,0.));
#6292=DIRECTION('',(0.974397086067949,0.224833980221609,0.));
#6293=DIRECTION('center_axis',(0.,0.,-1.));
#6294=DIRECTION('ref_axis',(-1.,0.,0.));
#6295=DIRECTION('',(0.,0.,-1.));
#6296=DIRECTION('center_axis',(0.,0.,-1.));
#6297=DIRECTION('ref_axis',(1.,0.,0.));
#6298=DIRECTION('center_axis',(-1.,0.,0.));
#6299=DIRECTION('ref_axis',(0.,0.,1.));
#6300=DIRECTION('',(0.,0.,-1.));
#6301=DIRECTION('',(0.,1.,0.));
#6302=DIRECTION('center_axis',(0.,1.,0.));
#6303=DIRECTION('ref_axis',(0.,0.,1.));
#6304=DIRECTION('',(0.,0.,-1.));
#6305=DIRECTION('',(1.,0.,0.));
#6306=DIRECTION('center_axis',(1.,8.67361737988404E-16,0.));
#6307=DIRECTION('ref_axis',(-8.67361737988404E-16,1.,0.));
#6308=DIRECTION('',(1.73472347597681E-15,-1.,0.));
#6309=DIRECTION('center_axis',(0.,0.,1.));
#6310=DIRECTION('ref_axis',(1.,0.,0.));
#6311=DIRECTION('',(0.22483398022161,-0.974397086067948,0.));
#6312=DIRECTION('center_axis',(0.,0.,1.));
#6313=DIRECTION('ref_axis',(1.,0.,0.));
#6314=DIRECTION('',(-0.22483398022161,0.974397086067948,0.));
#6315=DIRECTION('center_axis',(0.22483398022161,-0.974397086067948,0.));
#6316=DIRECTION('ref_axis',(0.974397086067948,0.22483398022161,0.));
#6317=DIRECTION('',(0.22483398022161,-0.974397086067948,0.));
#6318=DIRECTION('center_axis',(-0.22483398022161,0.974397086067948,0.));
#6319=DIRECTION('ref_axis',(-0.974397086067949,-0.22483398022161,0.));
#6320=DIRECTION('center_axis',(-0.224833980221609,0.974397086067949,0.));
#6321=DIRECTION('ref_axis',(-0.974397086067949,-0.224833980221609,0.));
#6322=DIRECTION('',(-0.224833980221609,0.974397086067949,0.));
#6323=DIRECTION('',(0.224833980221609,-0.974397086067949,0.));
#6324=DIRECTION('center_axis',(-0.224833980221609,0.974397086067949,0.));
#6325=DIRECTION('ref_axis',(-0.974397086067949,-0.224833980221609,0.));
#6326=DIRECTION('',(-0.224833980221609,0.974397086067949,0.));
#6327=DIRECTION('',(0.224833980221609,-0.974397086067949,0.));
#6328=DIRECTION('center_axis',(-0.224833980221609,0.974397086067949,0.));
#6329=DIRECTION('ref_axis',(-0.974397086067949,-0.224833980221609,0.));
#6330=DIRECTION('center_axis',(-0.224833980221609,0.974397086067949,0.));
#6331=DIRECTION('ref_axis',(-0.974397086067949,-0.224833980221609,0.));
#6332=DIRECTION('center_axis',(-0.224833980221609,0.974397086067949,0.));
#6333=DIRECTION('ref_axis',(-0.974397086067949,-0.224833980221609,0.));
#6334=DIRECTION('center_axis',(-0.224833980221609,0.974397086067949,0.));
#6335=DIRECTION('ref_axis',(-0.974397086067949,-0.224833980221609,0.));
#6336=DIRECTION('center_axis',(-0.974397086067948,-0.224833980221611,0.));
#6337=DIRECTION('ref_axis',(0.224833980221611,-0.974397086067948,0.));
#6338=DIRECTION('center_axis',(-0.974397086067948,-0.224833980221611,0.));
#6339=DIRECTION('ref_axis',(0.224833980221611,-0.974397086067948,0.));
#6340=DIRECTION('center_axis',(0.,0.,-1.));
#6341=DIRECTION('ref_axis',(-1.,0.,0.));
#6342=DIRECTION('center_axis',(0.,0.,1.));
#6343=DIRECTION('ref_axis',(1.,0.,0.));
#6344=DIRECTION('',(0.,0.,-1.));
#6345=DIRECTION('center_axis',(0.,0.,1.));
#6346=DIRECTION('ref_axis',(1.,0.,0.));
#6347=DIRECTION('center_axis',(0.,0.,-1.));
#6348=DIRECTION('ref_axis',(-1.,0.,0.));
#6349=DIRECTION('center_axis',(0.,0.,1.));
#6350=DIRECTION('ref_axis',(1.,0.,0.));
#6351=DIRECTION('',(0.,0.,-1.));
#6352=DIRECTION('center_axis',(0.,0.,1.));
#6353=DIRECTION('ref_axis',(1.,0.,0.));
#6354=DIRECTION('center_axis',(0.,0.,1.));
#6355=DIRECTION('ref_axis',(1.,0.,0.));
#6356=DIRECTION('center_axis',(0.,0.,1.));
#6357=DIRECTION('ref_axis',(1.,0.,0.));
#6358=DIRECTION('',(0.,0.,1.));
#6359=DIRECTION('center_axis',(0.,0.,1.));
#6360=DIRECTION('ref_axis',(1.,0.,0.));
#6361=DIRECTION('center_axis',(0.,0.,1.));
#6362=DIRECTION('ref_axis',(1.,0.,0.));
#6363=DIRECTION('center_axis',(0.,0.,1.));
#6364=DIRECTION('ref_axis',(1.,0.,0.));
#6365=DIRECTION('',(0.,0.,1.));
#6366=DIRECTION('center_axis',(0.,0.,1.));
#6367=DIRECTION('ref_axis',(1.,0.,0.));
#6368=DIRECTION('center_axis',(0.,0.,1.));
#6369=DIRECTION('ref_axis',(1.,0.,0.));
#6370=DIRECTION('center_axis',(0.,0.,-1.));
#6371=DIRECTION('ref_axis',(1.,0.,0.));
#6372=DIRECTION('',(0.,0.,1.));
#6373=DIRECTION('center_axis',(0.,0.,1.));
#6374=DIRECTION('ref_axis',(-1.,0.,0.));
#6375=DIRECTION('',(0.,0.,1.));
#6376=DIRECTION('center_axis',(0.,0.,1.));
#6377=DIRECTION('ref_axis',(1.,0.,0.));
#6378=DIRECTION('center_axis',(0.,0.,-1.));
#6379=DIRECTION('ref_axis',(1.,0.,0.));
#6380=DIRECTION('',(0.,0.,1.));
#6381=DIRECTION('center_axis',(0.,0.,1.));
#6382=DIRECTION('ref_axis',(-1.,0.,0.));
#6383=DIRECTION('center_axis',(0.,0.,1.));
#6384=DIRECTION('ref_axis',(1.,0.,0.));
#6385=DIRECTION('',(-1.,0.,0.));
#6386=DIRECTION('',(0.,-1.,0.));
#6387=DIRECTION('',(-1.,0.,0.));
#6388=DIRECTION('',(0.,1.,0.));
#6389=DIRECTION('',(-1.,1.0842021724855E-17,0.));
#6390=DIRECTION('',(1.28498035257541E-16,-1.,0.));
#6391=DIRECTION('',(-1.,0.,0.));
#6392=DIRECTION('',(-2.56996070515082E-16,1.,0.));
#6393=DIRECTION('',(1.12985769470799E-16,1.,0.));
#6394=DIRECTION('',(-1.,0.,0.));
#6395=DIRECTION('',(2.25971538941598E-16,-1.,0.));
#6396=DIRECTION('',(1.,0.,0.));
#6397=DIRECTION('',(-0.428584206872173,0.90350184151431,0.));
#6398=DIRECTION('',(-1.,0.,0.));
#6399=DIRECTION('',(-0.419058177461747,-0.907959384500452,0.));
#6400=DIRECTION('',(1.,0.,0.));
#6401=DIRECTION('',(0.418842224744608,0.908059023836549,0.));
#6402=DIRECTION('',(1.,0.,0.));
#6403=DIRECTION('',(0.428596026355544,-0.903496234741594,0.));
#6404=DIRECTION('',(1.,0.,0.));
#6405=DIRECTION('',(1.,0.,0.));
#6406=DIRECTION('',(-0.496686511837686,0.867930013859708,0.));
#6407=DIRECTION('',(-1.,0.,0.));
#6408=DIRECTION('',(0.,-1.,0.));
#6409=DIRECTION('',(1.,0.,0.));
#6410=DIRECTION('',(0.,1.,0.));
#6411=DIRECTION('',(1.,0.,0.));
#6412=DIRECTION('',(0.683740795861405,-0.729724964678345,0.));
#6413=DIRECTION('',(-1.,0.,0.));
#6414=DIRECTION('',(0.,-1.,0.));
#6415=DIRECTION('',(1.,0.,0.));
#6416=DIRECTION('',(-0.683776631973393,0.729691385153424,0.));
#6417=DIRECTION('',(-0.200944143721331,0.97960270064149,0.));
#6418=DIRECTION('',(-1.,0.,0.));
#6419=DIRECTION('',(0.,-1.,0.));
#6420=DIRECTION('',(1.,0.,0.));
#6421=DIRECTION('',(0.200705474463134,-0.979651628141621,0.));
#6422=DIRECTION('',(-1.,0.,0.));
#6423=DIRECTION('',(1.,0.,0.));
#6424=DIRECTION('',(0.389639990836698,0.920967251068559,0.));
#6425=DIRECTION('',(-1.,0.,0.));
#6426=DIRECTION('',(-0.389563616454194,-0.920999559573798,0.));
#6427=DIRECTION('',(-0.389563616454194,0.920999559573798,0.));
#6428=DIRECTION('',(-1.,0.,0.));
#6429=DIRECTION('',(0.389639990836698,-0.920967251068559,0.));
#6430=DIRECTION('',(0.794127768435885,-0.607750843190728,0.));
#6431=DIRECTION('',(-0.797062489627353,-0.603896835253378,0.));
#6432=DIRECTION('',(-0.428584206872173,0.903501841514311,0.));
#6433=DIRECTION('',(-1.,0.,0.));
#6434=DIRECTION('',(-0.419058177461747,-0.907959384500452,0.));
#6435=DIRECTION('',(1.,0.,0.));
#6436=DIRECTION('',(0.418842224744608,0.908059023836549,0.));
#6437=DIRECTION('',(1.,0.,0.));
#6438=DIRECTION('',(0.428596026355544,-0.903496234741594,0.));
#6439=DIRECTION('',(1.,0.,0.));
#6440=DIRECTION('',(1.,0.,0.));
#6441=DIRECTION('',(0.683740795861405,-0.729724964678345,0.));
#6442=DIRECTION('',(-1.,0.,0.));
#6443=DIRECTION('',(0.,-1.,0.));
#6444=DIRECTION('',(1.,0.,0.));
#6445=DIRECTION('',(-0.683776631973393,0.729691385153424,0.));
#6446=DIRECTION('center_axis',(0.,0.,1.));
#6447=DIRECTION('ref_axis',(1.,0.,0.));
#6448=DIRECTION('',(-1.,1.0842021724855E-17,0.));
#6449=DIRECTION('',(0.,1.,0.));
#6450=DIRECTION('',(-1.,0.,0.));
#6451=DIRECTION('',(0.,-1.,0.));
#6452=DIRECTION('',(-1.,0.,0.));
#6453=DIRECTION('',(-2.56996070515082E-16,1.,0.));
#6454=DIRECTION('',(-1.,0.,0.));
#6455=DIRECTION('',(1.28498035257541E-16,-1.,0.));
#6456=DIRECTION('',(-0.794127768435885,-0.607750843190729,0.));
#6457=DIRECTION('',(0.797062489627353,-0.603896835253378,0.));
#6458=DIRECTION('',(-1.,0.,0.));
#6459=DIRECTION('',(0.,1.,0.));
#6460=DIRECTION('',(1.,0.,0.));
#6461=DIRECTION('',(0.642922308187064,-0.76593139747331,0.));
#6462=DIRECTION('',(0.,1.,0.));
#6463=DIRECTION('',(1.,0.,0.));
#6464=DIRECTION('',(0.,-1.,0.));
#6465=DIRECTION('',(-1.,0.,0.));
#6466=DIRECTION('',(-0.642871248750166,0.765974253829985,0.));
#6467=DIRECTION('',(0.,-1.,0.));
#6468=DIRECTION('',(-1.,0.,0.));
#6469=DIRECTION('',(0.,1.,0.));
#6470=DIRECTION('',(1.,0.,0.));
#6471=DIRECTION('',(0.642922308187064,-0.76593139747331,0.));
#6472=DIRECTION('',(0.,1.,0.));
#6473=DIRECTION('',(1.,0.,0.));
#6474=DIRECTION('',(0.,-1.,0.));
#6475=DIRECTION('',(-1.,0.,0.));
#6476=DIRECTION('',(-0.642871248750166,0.765974253829985,0.));
#6477=DIRECTION('',(0.,-1.,0.));
#6478=DIRECTION('',(-0.794127768435882,-0.607750843190732,0.));
#6479=DIRECTION('',(0.797062489627351,-0.603896835253381,0.));
#6480=DIRECTION('',(1.12985769470799E-16,1.,0.));
#6481=DIRECTION('',(1.,0.,0.));
#6482=DIRECTION('',(2.25971538941598E-16,-1.,0.));
#6483=DIRECTION('',(-1.,0.,0.));
#6484=DIRECTION('center_axis',(-1.,-2.56996070515082E-16,0.));
#6485=DIRECTION('ref_axis',(2.56996070515082E-16,-1.,0.));
#6486=DIRECTION('',(0.,0.,1.));
#6487=DIRECTION('',(0.,0.,-1.));
#6488=DIRECTION('center_axis',(1.,1.28498035257541E-16,0.));
#6489=DIRECTION('ref_axis',(-1.28498035257541E-16,1.,0.));
#6490=DIRECTION('',(0.,0.,1.));
#6491=DIRECTION('',(0.,0.,-1.));
#6492=DIRECTION('center_axis',(0.,1.,0.));
#6493=DIRECTION('ref_axis',(0.,0.,1.));
#6494=DIRECTION('',(1.,0.,0.));
#6495=DIRECTION('',(0.,0.,-1.));
#6496=DIRECTION('',(-1.,0.,0.));
#6497=DIRECTION('',(0.,0.,1.));
#6498=DIRECTION('',(-1.,0.,0.));
#6499=DIRECTION('',(0.,0.,1.));
#6500=DIRECTION('',(-1.,0.,0.));
#6501=DIRECTION('',(0.,0.,1.));
#6502=DIRECTION('center_axis',(0.,1.,0.));
#6503=DIRECTION('ref_axis',(0.,0.,1.));
#6504=DIRECTION('',(0.,0.,1.));
#6505=DIRECTION('',(1.,0.,0.));
#6506=DIRECTION('',(0.,0.,1.));
#6507=DIRECTION('',(-1.,0.,0.));
#6508=DIRECTION('',(-1.,0.,0.));
#6509=DIRECTION('',(0.,0.,1.));
#6510=DIRECTION('',(-1.,0.,0.));
#6511=DIRECTION('',(0.,0.,1.));
#6512=DIRECTION('center_axis',(2.16840434497101E-16,1.,0.));
#6513=DIRECTION('ref_axis',(-1.,2.16840434497101E-16,0.));
#6514=DIRECTION('',(-1.,2.16840434497101E-16,0.));
#6515=DIRECTION('',(0.,0.,1.));
#6516=DIRECTION('',(1.,-2.16840434497101E-16,0.));
#6517=DIRECTION('',(0.,0.,1.));
#6518=DIRECTION('',(-1.,0.,0.));
#6519=DIRECTION('',(0.,0.,1.));
#6520=DIRECTION('',(-1.,0.,0.));
#6521=DIRECTION('',(0.,0.,1.));
#6522=DIRECTION('center_axis',(0.,1.,0.));
#6523=DIRECTION('ref_axis',(0.,0.,1.));
#6524=DIRECTION('',(0.,0.,1.));
#6525=DIRECTION('',(1.,0.,0.));
#6526=DIRECTION('',(0.,0.,1.));
#6527=DIRECTION('',(-1.,0.,0.));
#6528=DIRECTION('center_axis',(0.,-1.,0.));
#6529=DIRECTION('ref_axis',(0.,0.,-1.));
#6530=DIRECTION('',(1.,0.,0.));
#6531=DIRECTION('',(0.,0.,1.));
#6532=DIRECTION('',(-1.,0.,0.));
#6533=DIRECTION('',(0.,0.,-1.));
#6534=DIRECTION('',(0.,0.,1.));
#6535=DIRECTION('',(-1.,0.,0.));
#6536=DIRECTION('',(0.,0.,-1.));
#6537=DIRECTION('',(1.,0.,0.));
#6538=DIRECTION('',(0.,0.,1.));
#6539=DIRECTION('',(1.,0.,0.));
#6540=DIRECTION('',(0.,0.,1.));
#6541=DIRECTION('',(1.,0.,0.));
#6542=DIRECTION('',(0.,0.,1.));
#6543=DIRECTION('',(1.,0.,0.));
#6544=DIRECTION('',(0.,0.,1.));
#6545=DIRECTION('',(1.,0.,0.));
#6546=DIRECTION('center_axis',(0.,1.,0.));
#6547=DIRECTION('ref_axis',(0.,0.,1.));
#6548=DIRECTION('',(0.,0.,1.));
#6549=DIRECTION('',(1.,0.,0.));
#6550=DIRECTION('',(0.,0.,1.));
#6551=DIRECTION('',(-1.,0.,0.));
#6552=DIRECTION('center_axis',(-0.707106781186549,0.707106781186546,0.));
#6553=DIRECTION('ref_axis',(-0.707106781186546,-0.707106781186549,0.));
#6554=DIRECTION('',(0.707106781186546,0.707106781186549,0.));
#6555=DIRECTION('',(-0.707106781186546,-0.707106781186549,0.));
#6556=DIRECTION('center_axis',(0.707106781186549,0.707106781186546,0.));
#6557=DIRECTION('ref_axis',(-0.707106781186546,0.707106781186549,0.));
#6558=DIRECTION('',(0.707106781186546,-0.707106781186549,0.));
#6559=DIRECTION('',(-0.707106781186546,0.707106781186549,0.));
#6560=DIRECTION('center_axis',(-0.707106781186546,0.70710678118655,0.));
#6561=DIRECTION('ref_axis',(-0.70710678118655,-0.707106781186546,0.));
#6562=DIRECTION('',(0.707106781186549,0.707106781186546,0.));
#6563=DIRECTION('',(-0.707106781186549,-0.707106781186546,0.));
#6564=DIRECTION('center_axis',(0.707106781186549,0.707106781186546,0.));
#6565=DIRECTION('ref_axis',(-0.707106781186546,0.707106781186549,0.));
#6566=DIRECTION('',(0.707106781186546,-0.707106781186549,0.));
#6567=DIRECTION('',(-0.707106781186546,0.707106781186549,0.));
#6568=DIRECTION('center_axis',(1.,5.33761069531325E-16,0.));
#6569=DIRECTION('ref_axis',(-5.33761069531325E-16,1.,0.));
#6570=DIRECTION('',(0.,0.,-1.));
#6571=DIRECTION('',(-5.31729947514886E-16,0.996194698091746,-0.0871557427476554));
#6572=DIRECTION('',(-5.33761069531325E-16,1.,0.));
#6573=DIRECTION('',(-5.33761069531325E-16,1.,0.));
#6574=DIRECTION('',(5.31729947514886E-16,-0.996194698091746,-0.0871557427476554));
#6575=DIRECTION('center_axis',(0.,-1.,0.));
#6576=DIRECTION('ref_axis',(0.,0.,-1.));
#6577=DIRECTION('',(0.,0.,-1.));
#6578=DIRECTION('',(1.,0.,0.));
#6579=DIRECTION('',(0.,0.,1.));
#6580=DIRECTION('',(-1.,0.,0.));
#6581=DIRECTION('center_axis',(-1.,2.66880534765663E-16,0.));
#6582=DIRECTION('ref_axis',(-2.66880534765663E-16,-1.,0.));
#6583=DIRECTION('',(-2.66880534765663E-16,-1.,0.));
#6584=DIRECTION('',(-2.65864973757443E-16,-0.996194698091746,0.0871557427476554));
#6585=DIRECTION('',(0.,0.,1.));
#6586=DIRECTION('',(2.65864973757443E-16,0.996194698091746,0.0871557427476554));
#6587=DIRECTION('',(-2.66880534765663E-16,-1.,0.));
#6588=DIRECTION('center_axis',(0.,0.,1.));
#6589=DIRECTION('ref_axis',(1.,0.,0.));
#6590=DIRECTION('',(-1.,0.,0.));
#6591=DIRECTION('center_axis',(0.,0.,1.));
#6592=DIRECTION('ref_axis',(1.,0.,0.));
#6593=DIRECTION('',(1.,0.,0.));
#6594=DIRECTION('center_axis',(-0.707106781186548,0.707106781186548,0.));
#6595=DIRECTION('ref_axis',(0.,0.,1.));
#6596=DIRECTION('',(0.705757556807952,0.705757556807952,-0.0617457854184471));
#6597=DIRECTION('',(-0.705757556807952,-0.705757556807952,-0.0617457854184471));
#6598=DIRECTION('center_axis',(0.707106781186548,0.707106781186548,0.));
#6599=DIRECTION('ref_axis',(0.,0.,1.));
#6600=DIRECTION('',(0.705757556807952,-0.705757556807952,0.0617457854184471));
#6601=DIRECTION('',(-0.705757556807952,0.705757556807952,0.0617457854184471));
#6602=DIRECTION('center_axis',(0.,-0.0871557427476554,-0.996194698091746));
#6603=DIRECTION('ref_axis',(-1.,0.,0.));
#6604=DIRECTION('center_axis',(0.,0.0871557427476554,-0.996194698091746));
#6605=DIRECTION('ref_axis',(1.,0.,0.));
#6606=DIRECTION('center_axis',(1.,5.33761069531325E-16,0.));
#6607=DIRECTION('ref_axis',(-5.33761069531325E-16,1.,0.));
#6608=DIRECTION('',(0.,0.,-1.));
#6609=DIRECTION('',(-5.31729947514886E-16,0.996194698091746,-0.0871557427476554));
#6610=DIRECTION('',(-5.33761069531325E-16,1.,0.));
#6611=DIRECTION('',(-5.33761069531325E-16,1.,0.));
#6612=DIRECTION('',(5.31729947514886E-16,-0.996194698091746,-0.0871557427476554));
#6613=DIRECTION('center_axis',(0.,-1.,0.));
#6614=DIRECTION('ref_axis',(0.,0.,-1.));
#6615=DIRECTION('',(0.,0.,-1.));
#6616=DIRECTION('',(1.,0.,0.));
#6617=DIRECTION('',(0.,0.,1.));
#6618=DIRECTION('',(-1.,0.,0.));
#6619=DIRECTION('center_axis',(-1.,2.66880534765663E-16,0.));
#6620=DIRECTION('ref_axis',(-2.66880534765663E-16,-1.,0.));
#6621=DIRECTION('',(-2.66880534765663E-16,-1.,0.));
#6622=DIRECTION('',(-2.65864973757443E-16,-0.996194698091746,0.0871557427476554));
#6623=DIRECTION('',(0.,0.,1.));
#6624=DIRECTION('',(2.65864973757443E-16,0.996194698091746,0.0871557427476554));
#6625=DIRECTION('',(-2.66880534765663E-16,-1.,0.));
#6626=DIRECTION('center_axis',(0.,0.,1.));
#6627=DIRECTION('ref_axis',(1.,0.,0.));
#6628=DIRECTION('',(-1.,0.,0.));
#6629=DIRECTION('center_axis',(0.,0.,1.));
#6630=DIRECTION('ref_axis',(1.,0.,0.));
#6631=DIRECTION('',(1.,0.,0.));
#6632=DIRECTION('center_axis',(1.,5.33761069531325E-16,0.));
#6633=DIRECTION('ref_axis',(-5.33761069531325E-16,1.,0.));
#6634=DIRECTION('',(0.,0.,-1.));
#6635=DIRECTION('',(-5.31729947514886E-16,0.996194698091746,-0.0871557427476554));
#6636=DIRECTION('',(-5.33761069531325E-16,1.,0.));
#6637=DIRECTION('',(-5.33761069531325E-16,1.,0.));
#6638=DIRECTION('',(5.31729947514886E-16,-0.996194698091746,-0.0871557427476554));
#6639=DIRECTION('center_axis',(0.,-1.,0.));
#6640=DIRECTION('ref_axis',(0.,0.,-1.));
#6641=DIRECTION('',(0.,0.,-1.));
#6642=DIRECTION('',(1.,0.,0.));
#6643=DIRECTION('',(0.,0.,1.));
#6644=DIRECTION('',(-1.,0.,0.));
#6645=DIRECTION('center_axis',(-1.,2.66880534765663E-16,0.));
#6646=DIRECTION('ref_axis',(-2.66880534765663E-16,-1.,0.));
#6647=DIRECTION('',(-2.66880534765663E-16,-1.,0.));
#6648=DIRECTION('',(-2.65864973757443E-16,-0.996194698091746,0.0871557427476554));
#6649=DIRECTION('',(0.,0.,1.));
#6650=DIRECTION('',(2.65864973757443E-16,0.996194698091746,0.0871557427476554));
#6651=DIRECTION('',(-2.66880534765663E-16,-1.,0.));
#6652=DIRECTION('center_axis',(0.,0.,1.));
#6653=DIRECTION('ref_axis',(1.,0.,0.));
#6654=DIRECTION('',(-1.,0.,0.));
#6655=DIRECTION('center_axis',(0.,0.,1.));
#6656=DIRECTION('ref_axis',(1.,0.,0.));
#6657=DIRECTION('',(1.,0.,0.));
#6658=DIRECTION('center_axis',(-0.707106781186547,0.707106781186548,0.));
#6659=DIRECTION('ref_axis',(0.,0.,1.));
#6660=DIRECTION('',(0.705757556807952,0.705757556807952,-0.0617457854184471));
#6661=DIRECTION('',(-0.705757556807952,-0.705757556807952,-0.0617457854184471));
#6662=DIRECTION('center_axis',(0.707106781186548,0.707106781186548,0.));
#6663=DIRECTION('ref_axis',(0.,0.,1.));
#6664=DIRECTION('',(0.705757556807952,-0.705757556807952,0.0617457854184471));
#6665=DIRECTION('',(-0.705757556807952,0.705757556807952,0.0617457854184471));
#6666=DIRECTION('center_axis',(-0.707106781186548,0.707106781186548,0.));
#6667=DIRECTION('ref_axis',(0.,0.,1.));
#6668=DIRECTION('',(0.705757556807952,0.705757556807952,-0.0617457854184471));
#6669=DIRECTION('',(-0.705757556807952,-0.705757556807952,-0.0617457854184471));
#6670=DIRECTION('center_axis',(0.707106781186548,0.707106781186548,0.));
#6671=DIRECTION('ref_axis',(0.,0.,1.));
#6672=DIRECTION('',(0.705757556807952,-0.705757556807952,0.0617457854184471));
#6673=DIRECTION('',(-0.705757556807952,0.705757556807952,0.0617457854184471));
#6674=DIRECTION('center_axis',(0.,-0.0871557427476554,-0.996194698091746));
#6675=DIRECTION('ref_axis',(-1.,0.,0.));
#6676=DIRECTION('center_axis',(0.,0.0871557427476554,-0.996194698091746));
#6677=DIRECTION('ref_axis',(1.,0.,0.));
#6678=DIRECTION('center_axis',(0.,-0.0871557427476554,-0.996194698091746));
#6679=DIRECTION('ref_axis',(-1.,0.,0.));
#6680=DIRECTION('center_axis',(0.,0.0871557427476554,-0.996194698091746));
#6681=DIRECTION('ref_axis',(1.,0.,0.));
#6682=DIRECTION('center_axis',(0.,0.,1.));
#6683=DIRECTION('ref_axis',(-1.,-1.22464679914735E-16,0.));
#6684=DIRECTION('',(0.,0.,1.));
#6685=DIRECTION('center_axis',(0.,0.,-1.));
#6686=DIRECTION('ref_axis',(1.,0.,0.));
#6687=DIRECTION('',(0.,0.,1.));
#6688=DIRECTION('center_axis',(0.,0.,1.));
#6689=DIRECTION('ref_axis',(-1.,0.,0.));
#6690=DIRECTION('center_axis',(0.,1.,0.));
#6691=DIRECTION('ref_axis',(0.,0.,1.));
#6692=DIRECTION('',(1.,0.,0.));
#6693=DIRECTION('',(-1.,0.,0.));
#6694=DIRECTION('center_axis',(0.,-1.,0.));
#6695=DIRECTION('ref_axis',(0.,0.,-1.));
#6696=DIRECTION('',(-1.,0.,0.));
#6697=DIRECTION('',(1.,0.,0.));
#6698=DIRECTION('center_axis',(0.,0.,-1.));
#6699=DIRECTION('ref_axis',(-1.,0.,0.));
#6700=DIRECTION('',(3.52644589246225E-16,-1.,0.));
#6701=DIRECTION('',(-1.,0.,0.));
#6702=DIRECTION('',(0.,-1.,0.));
#6703=DIRECTION('',(-1.,0.,0.));
#6704=DIRECTION('',(0.,1.,0.));
#6705=DIRECTION('',(-1.,1.0842021724855E-17,0.));
#6706=DIRECTION('',(0.,1.,0.));
#6707=DIRECTION('center_axis',(1.0842021724855E-17,1.,0.));
#6708=DIRECTION('ref_axis',(-1.,1.0842021724855E-17,0.));
#6709=DIRECTION('',(0.,0.,-1.));
#6710=DIRECTION('',(-1.,1.0842021724855E-17,0.));
#6711=DIRECTION('',(0.,0.,-1.));
#6712=DIRECTION('',(0.,0.,1.));
#6713=DIRECTION('center_axis',(1.,0.,0.));
#6714=DIRECTION('ref_axis',(0.,0.,-1.));
#6715=DIRECTION('',(0.,0.,1.));
#6716=DIRECTION('center_axis',(0.,1.,0.));
#6717=DIRECTION('ref_axis',(0.,0.,1.));
#6718=DIRECTION('',(0.,0.,1.));
#6719=DIRECTION('center_axis',(-1.,0.,0.));
#6720=DIRECTION('ref_axis',(0.,0.,1.));
#6721=DIRECTION('',(0.,0.,1.));
#6722=DIRECTION('center_axis',(0.,1.,0.));
#6723=DIRECTION('ref_axis',(0.,0.,1.));
#6724=DIRECTION('',(0.,0.,1.));
#6725=DIRECTION('',(-1.,0.,0.));
#6726=DIRECTION('',(0.,0.,-1.));
#6727=DIRECTION('center_axis',(1.,-1.12985769470799E-16,0.));
#6728=DIRECTION('ref_axis',(1.12985769470799E-16,1.,0.));
#6729=DIRECTION('',(0.,0.,1.));
#6730=DIRECTION('',(1.12985769470799E-16,1.,0.));
#6731=DIRECTION('',(0.,0.,1.));
#6732=DIRECTION('center_axis',(0.,-1.,0.));
#6733=DIRECTION('ref_axis',(0.,0.,-1.));
#6734=DIRECTION('',(1.,0.,0.));
#6735=DIRECTION('',(0.,0.,1.));
#6736=DIRECTION('center_axis',(-1.,-2.25971538941598E-16,0.));
#6737=DIRECTION('ref_axis',(2.25971538941598E-16,-1.,0.));
#6738=DIRECTION('',(2.25971538941598E-16,-1.,0.));
#6739=DIRECTION('',(0.,0.,1.));
#6740=DIRECTION('center_axis',(0.,1.,0.));
#6741=DIRECTION('ref_axis',(0.,0.,1.));
#6742=DIRECTION('',(-1.,0.,0.));
#6743=DIRECTION('center_axis',(0.,0.,1.));
#6744=DIRECTION('ref_axis',(1.,0.,0.));
#6745=DIRECTION('center_axis',(0.,0.,1.));
#6746=DIRECTION('ref_axis',(1.,0.,0.));
#6747=DIRECTION('center_axis',(0.,0.,1.));
#6748=DIRECTION('ref_axis',(1.,0.,0.));
#6749=DIRECTION('center_axis',(0.,0.,1.));
#6750=DIRECTION('ref_axis',(-1.,0.,0.));
#6751=DIRECTION('',(-3.52644589246225E-16,1.,0.));
#6752=DIRECTION('',(0.,-1.,0.));
#6753=DIRECTION('',(0.,1.,0.));
#6754=DIRECTION('',(-1.,0.,0.));
#6755=DIRECTION('',(0.,-1.,0.));
#6756=DIRECTION('center_axis',(1.,0.,0.));
#6757=DIRECTION('ref_axis',(0.,0.,-1.));
#6758=DIRECTION('',(0.,0.,-1.));
#6759=DIRECTION('center_axis',(0.,-1.,0.));
#6760=DIRECTION('ref_axis',(0.,0.,-1.));
#6761=DIRECTION('',(0.,0.,-1.));
#6762=DIRECTION('center_axis',(-1.,0.,0.));
#6763=DIRECTION('ref_axis',(0.,0.,1.));
#6764=DIRECTION('center_axis',(-1.,1.12985769470799E-16,0.));
#6765=DIRECTION('ref_axis',(-1.12985769470799E-16,-1.,0.));
#6766=DIRECTION('',(0.,0.,-1.));
#6767=DIRECTION('',(1.12985769470799E-16,1.,0.));
#6768=DIRECTION('',(0.,0.,-1.));
#6769=DIRECTION('center_axis',(0.,-1.,0.));
#6770=DIRECTION('ref_axis',(0.,0.,-1.));
#6771=DIRECTION('',(-1.,0.,0.));
#6772=DIRECTION('',(0.,0.,-1.));
#6773=DIRECTION('center_axis',(1.,2.25971538941598E-16,0.));
#6774=DIRECTION('ref_axis',(-2.25971538941598E-16,1.,0.));
#6775=DIRECTION('',(2.25971538941598E-16,-1.,0.));
#6776=DIRECTION('',(0.,0.,-1.));
#6777=DIRECTION('center_axis',(0.,1.,0.));
#6778=DIRECTION('ref_axis',(0.,0.,1.));
#6779=DIRECTION('',(1.,0.,0.));
#6780=DIRECTION('center_axis',(0.,0.,-1.));
#6781=DIRECTION('ref_axis',(1.,0.,0.));
#6782=DIRECTION('center_axis',(0.,0.,-1.));
#6783=DIRECTION('ref_axis',(1.,0.,0.));
#6784=DIRECTION('center_axis',(0.,0.,-1.));
#6785=DIRECTION('ref_axis',(1.,0.,0.));
#6786=DIRECTION('center_axis',(1.,0.,0.));
#6787=DIRECTION('ref_axis',(0.,0.,-1.));
#6788=DIRECTION('center_axis',(-1.,-3.52644589246225E-16,0.));
#6789=DIRECTION('ref_axis',(3.52644589246225E-16,-1.,0.));
#6790=DIRECTION('',(0.,0.,-1.));
#6791=DIRECTION('',(0.,0.,-1.));
#6792=DIRECTION('',(0.,0.,-1.));
#6793=DIRECTION('',(0.,0.,-1.));
#6794=DIRECTION('',(0.,0.,-1.));
#6795=DIRECTION('',(0.,0.,-1.));
#6796=DIRECTION('center_axis',(0.603896835253381,0.797062489627351,0.));
#6797=DIRECTION('ref_axis',(-0.797062489627351,0.603896835253381,0.));
#6798=DIRECTION('',(0.,0.,-1.));
#6799=DIRECTION('',(0.797062489627351,-0.603896835253381,0.));
#6800=DIRECTION('',(0.,0.,-1.));
#6801=DIRECTION('',(0.,0.,-1.));
#6802=DIRECTION('',(0.,0.,-1.));
#6803=DIRECTION('',(0.,0.,-1.));
#6804=DIRECTION('center_axis',(0.607750843190732,-0.794127768435882,0.));
#6805=DIRECTION('ref_axis',(0.794127768435882,0.607750843190732,0.));
#6806=DIRECTION('',(-0.794127768435882,-0.607750843190732,0.));
#6807=DIRECTION('center_axis',(-8.46207861055996E-14,-2.29856903112458E-12,
1.));
#6808=DIRECTION('ref_axis',(0.,-1.,-2.29856903112458E-12));
#6809=DIRECTION('center_axis',(0.,-1.,0.));
#6810=DIRECTION('ref_axis',(0.,0.,-1.));
#6811=DIRECTION('',(0.,0.,-1.));
#6812=DIRECTION('',(-1.,0.,0.));
#6813=DIRECTION('',(0.,0.,-1.));
#6814=DIRECTION('center_axis',(1.,0.,0.));
#6815=DIRECTION('ref_axis',(0.,0.,-1.));
#6816=DIRECTION('',(0.,0.,-1.));
#6817=DIRECTION('',(0.,-1.,0.));
#6818=DIRECTION('center_axis',(-0.765974253829985,-0.642871248750166,0.));
#6819=DIRECTION('ref_axis',(0.642871248750166,-0.765974253829985,0.));
#6820=DIRECTION('',(0.,0.,-1.));
#6821=DIRECTION('',(-0.642871248750166,0.765974253829985,0.));
#6822=DIRECTION('center_axis',(0.,-1.,0.));
#6823=DIRECTION('ref_axis',(0.,0.,-1.));
#6824=DIRECTION('',(0.,0.,-1.));
#6825=DIRECTION('',(-1.,0.,0.));
#6826=DIRECTION('center_axis',(1.,0.,0.));
#6827=DIRECTION('ref_axis',(0.,0.,-1.));
#6828=DIRECTION('',(0.,0.,-1.));
#6829=DIRECTION('',(0.,-1.,0.));
#6830=DIRECTION('center_axis',(0.,1.,0.));
#6831=DIRECTION('ref_axis',(0.,0.,1.));
#6832=DIRECTION('',(0.,0.,-1.));
#6833=DIRECTION('',(1.,0.,0.));
#6834=DIRECTION('center_axis',(-1.,0.,0.));
#6835=DIRECTION('ref_axis',(0.,0.,1.));
#6836=DIRECTION('',(0.,0.,-1.));
#6837=DIRECTION('',(0.,1.,0.));
#6838=DIRECTION('center_axis',(0.76593139747331,0.642922308187065,0.));
#6839=DIRECTION('ref_axis',(-0.642922308187065,0.76593139747331,0.));
#6840=DIRECTION('',(0.,0.,-1.));
#6841=DIRECTION('',(0.642922308187064,-0.76593139747331,0.));
#6842=DIRECTION('center_axis',(0.,1.,0.));
#6843=DIRECTION('ref_axis',(0.,0.,1.));
#6844=DIRECTION('',(0.,0.,-1.));
#6845=DIRECTION('',(1.,0.,0.));
#6846=DIRECTION('center_axis',(-1.,0.,0.));
#6847=DIRECTION('ref_axis',(0.,0.,1.));
#6848=DIRECTION('',(0.,1.,0.));
#6849=DIRECTION('center_axis',(0.,0.,-1.));
#6850=DIRECTION('ref_axis',(-1.,0.,0.));
#6851=DIRECTION('center_axis',(-8.05974077446226E-13,6.54691310743216E-14,
1.));
#6852=DIRECTION('ref_axis',(1.,0.,8.05974077446226E-13));
#6853=DIRECTION('',(0.,0.,-1.));
#6854=DIRECTION('',(0.,0.,-1.));
#6855=DIRECTION('',(0.,0.,-1.));
#6856=DIRECTION('',(0.,0.,-1.));
#6857=DIRECTION('',(0.,0.,-1.));
#6858=DIRECTION('',(0.,0.,-1.));
#6859=DIRECTION('',(0.,0.,-1.));
#6860=DIRECTION('',(0.,0.,-1.));
#6861=DIRECTION('center_axis',(0.,0.,1.));
#6862=DIRECTION('ref_axis',(1.,0.,0.));
#6863=DIRECTION('center_axis',(0.,-1.,0.));
#6864=DIRECTION('ref_axis',(0.,0.,-1.));
#6865=DIRECTION('',(0.,0.,-1.));
#6866=DIRECTION('',(-1.,0.,0.));
#6867=DIRECTION('',(0.,0.,-1.));
#6868=DIRECTION('center_axis',(1.,0.,0.));
#6869=DIRECTION('ref_axis',(0.,0.,-1.));
#6870=DIRECTION('',(0.,0.,-1.));
#6871=DIRECTION('',(0.,-1.,0.));
#6872=DIRECTION('center_axis',(-0.765974253829985,-0.642871248750166,0.));
#6873=DIRECTION('ref_axis',(0.642871248750166,-0.765974253829985,0.));
#6874=DIRECTION('',(0.,0.,-1.));
#6875=DIRECTION('',(-0.642871248750166,0.765974253829985,0.));
#6876=DIRECTION('center_axis',(0.,-1.,0.));
#6877=DIRECTION('ref_axis',(0.,0.,-1.));
#6878=DIRECTION('',(0.,0.,-1.));
#6879=DIRECTION('',(-1.,0.,0.));
#6880=DIRECTION('center_axis',(1.,0.,0.));
#6881=DIRECTION('ref_axis',(0.,0.,-1.));
#6882=DIRECTION('',(0.,0.,-1.));
#6883=DIRECTION('',(0.,-1.,0.));
#6884=DIRECTION('center_axis',(0.,1.,0.));
#6885=DIRECTION('ref_axis',(0.,0.,1.));
#6886=DIRECTION('',(0.,0.,-1.));
#6887=DIRECTION('',(1.,0.,0.));
#6888=DIRECTION('center_axis',(-1.,0.,0.));
#6889=DIRECTION('ref_axis',(0.,0.,1.));
#6890=DIRECTION('',(0.,0.,-1.));
#6891=DIRECTION('',(0.,1.,0.));
#6892=DIRECTION('center_axis',(0.76593139747331,0.642922308187064,0.));
#6893=DIRECTION('ref_axis',(-0.642922308187064,0.76593139747331,0.));
#6894=DIRECTION('',(0.,0.,-1.));
#6895=DIRECTION('',(0.642922308187064,-0.76593139747331,0.));
#6896=DIRECTION('center_axis',(0.,1.,0.));
#6897=DIRECTION('ref_axis',(0.,0.,1.));
#6898=DIRECTION('',(0.,0.,-1.));
#6899=DIRECTION('',(1.,0.,0.));
#6900=DIRECTION('center_axis',(-1.,0.,0.));
#6901=DIRECTION('ref_axis',(0.,0.,1.));
#6902=DIRECTION('',(0.,1.,0.));
#6903=DIRECTION('center_axis',(0.,0.,-1.));
#6904=DIRECTION('ref_axis',(-1.,0.,0.));
#6905=DIRECTION('',(0.,0.,-1.));
#6906=DIRECTION('',(0.,0.,-1.));
#6907=DIRECTION('',(0.,0.,-1.));
#6908=DIRECTION('',(0.,0.,-1.));
#6909=DIRECTION('',(0.,0.,-1.));
#6910=DIRECTION('',(0.,0.,-1.));
#6911=DIRECTION('center_axis',(0.603896835253378,0.797062489627353,0.));
#6912=DIRECTION('ref_axis',(-0.797062489627353,0.603896835253378,0.));
#6913=DIRECTION('',(0.,0.,-1.));
#6914=DIRECTION('',(0.797062489627353,-0.603896835253378,0.));
#6915=DIRECTION('',(0.,0.,-1.));
#6916=DIRECTION('',(0.,0.,-1.));
#6917=DIRECTION('',(0.,0.,-1.));
#6918=DIRECTION('',(0.,0.,-1.));
#6919=DIRECTION('center_axis',(0.607750843190729,-0.794127768435885,0.));
#6920=DIRECTION('ref_axis',(0.794127768435885,0.607750843190729,0.));
#6921=DIRECTION('',(-0.794127768435885,-0.607750843190729,0.));
#6922=DIRECTION('center_axis',(8.11357550257634E-14,2.00788746461397E-12,
1.));
#6923=DIRECTION('ref_axis',(0.,-1.,2.00788746461397E-12));
#6924=DIRECTION('center_axis',(-1.,0.,0.));
#6925=DIRECTION('ref_axis',(0.,0.,1.));
#6926=DIRECTION('',(0.,-1.,0.));
#6927=DIRECTION('',(0.,0.,1.));
#6928=DIRECTION('',(0.,-1.,0.));
#6929=DIRECTION('center_axis',(0.,1.,0.));
#6930=DIRECTION('ref_axis',(0.,0.,1.));
#6931=DIRECTION('',(-1.,0.,0.));
#6932=DIRECTION('',(0.,0.,1.));
#6933=DIRECTION('',(-1.,0.,0.));
#6934=DIRECTION('center_axis',(1.,8.67361737988405E-15,0.));
#6935=DIRECTION('ref_axis',(-8.67361737988405E-15,1.,0.));
#6936=DIRECTION('',(-8.67361737988405E-15,1.,0.));
#6937=DIRECTION('',(-8.67361737988405E-15,1.,0.));
#6938=DIRECTION('center_axis',(0.,0.,-1.));
#6939=DIRECTION('ref_axis',(-1.,0.,0.));
#6940=DIRECTION('center_axis',(0.,0.,-1.));
#6941=DIRECTION('ref_axis',(-1.,0.,0.));
#6942=DIRECTION('center_axis',(-1.,4.33680868994203E-15,0.));
#6943=DIRECTION('ref_axis',(-4.33680868994203E-15,-1.,0.));
#6944=DIRECTION('',(-4.33680868994203E-15,-1.,0.));
#6945=DIRECTION('',(0.,0.,1.));
#6946=DIRECTION('',(-4.33680868994203E-15,-1.,0.));
#6947=DIRECTION('center_axis',(0.,1.,0.));
#6948=DIRECTION('ref_axis',(0.,0.,1.));
#6949=DIRECTION('',(-1.,0.,0.));
#6950=DIRECTION('',(0.,0.,1.));
#6951=DIRECTION('',(-1.,0.,0.));
#6952=DIRECTION('center_axis',(1.,-2.16840434497101E-15,0.));
#6953=DIRECTION('ref_axis',(2.16840434497101E-15,1.,0.));
#6954=DIRECTION('',(2.16840434497101E-15,1.,0.));
#6955=DIRECTION('',(2.16840434497101E-15,1.,0.));
#6956=DIRECTION('center_axis',(0.,0.,-1.));
#6957=DIRECTION('ref_axis',(-1.,0.,0.));
#6958=DIRECTION('center_axis',(0.,0.,-1.));
#6959=DIRECTION('ref_axis',(-1.,0.,0.));
#6960=DIRECTION('center_axis',(0.,0.,-1.));
#6961=DIRECTION('ref_axis',(-1.,0.,0.));
#6962=DIRECTION('',(0.,1.,0.));
#6963=DIRECTION('',(-1.,0.,0.));
#6964=DIRECTION('',(0.,1.,0.));
#6965=DIRECTION('center_axis',(1.,0.,0.));
#6966=DIRECTION('ref_axis',(0.,0.,-1.));
#6967=DIRECTION('',(0.,0.,-1.));
#6968=DIRECTION('',(0.,1.,0.));
#6969=DIRECTION('center_axis',(0.,0.,1.));
#6970=DIRECTION('ref_axis',(1.,0.,0.));
#6971=DIRECTION('',(1.,0.,0.));
#6972=DIRECTION('',(0.,1.,0.));
#6973=DIRECTION('center_axis',(-1.,0.,0.));
#6974=DIRECTION('ref_axis',(0.,0.,1.));
#6975=DIRECTION('',(0.,0.,1.));
#6976=DIRECTION('center_axis',(0.,1.,0.));
#6977=DIRECTION('ref_axis',(0.,0.,1.));
#6978=DIRECTION('',(-1.,0.,0.));
#6979=DIRECTION('',(0.,0.,-1.));
#6980=DIRECTION('',(1.,0.,0.));
#6981=DIRECTION('',(0.,0.,1.));
#6982=DIRECTION('center_axis',(-1.,0.,0.));
#6983=DIRECTION('ref_axis',(0.,0.,1.));
#6984=DIRECTION('',(0.,1.,0.));
#6985=DIRECTION('',(0.,0.,1.));
#6986=DIRECTION('',(0.,1.,0.));
#6987=DIRECTION('center_axis',(0.,0.,-1.));
#6988=DIRECTION('ref_axis',(-1.,0.,0.));
#6989=DIRECTION('',(-1.,0.,0.));
#6990=DIRECTION('',(0.,1.,0.));
#6991=DIRECTION('center_axis',(1.,0.,0.));
#6992=DIRECTION('ref_axis',(0.,0.,-1.));
#6993=DIRECTION('',(0.,0.,-1.));
#6994=DIRECTION('',(0.,1.,0.));
#6995=DIRECTION('center_axis',(0.,0.,1.));
#6996=DIRECTION('ref_axis',(1.,0.,0.));
#6997=DIRECTION('',(1.,0.,0.));
#6998=DIRECTION('center_axis',(0.,1.,0.));
#6999=DIRECTION('ref_axis',(0.,0.,1.));
#7000=DIRECTION('center_axis',(0.,0.,1.));
#7001=DIRECTION('ref_axis',(1.,0.,0.));
#7002=DIRECTION('',(0.,0.,1.));
#7003=DIRECTION('center_axis',(0.,0.,1.));
#7004=DIRECTION('ref_axis',(-1.,0.,0.));
#7005=DIRECTION('',(0.,0.,1.));
#7006=DIRECTION('center_axis',(0.,0.,1.));
#7007=DIRECTION('ref_axis',(-1.,0.,0.));
#7008=DIRECTION('center_axis',(0.,0.,-1.));
#7009=DIRECTION('ref_axis',(-1.,0.,0.));
#7010=DIRECTION('',(-3.46944695195361E-16,1.,0.));
#7011=DIRECTION('',(0.,-1.,0.));
#7012=DIRECTION('center_axis',(0.,0.,-1.));
#7013=DIRECTION('ref_axis',(-1.,0.,0.));
#7014=DIRECTION('',(0.,-1.,0.));
#7015=DIRECTION('',(-3.46944695195361E-16,1.,0.));
#7016=DIRECTION('center_axis',(1.,3.46944695195361E-16,0.));
#7017=DIRECTION('ref_axis',(-3.46944695195361E-16,1.,0.));
#7018=DIRECTION('center_axis',(-1.,0.,0.));
#7019=DIRECTION('ref_axis',(0.,0.,1.));
#7020=DIRECTION('',(0.,0.,1.));
#7021=DIRECTION('',(0.,0.,1.));
#7022=DIRECTION('',(0.,0.,1.));
#7023=DIRECTION('',(0.,0.,1.));
#7024=DIRECTION('center_axis',(0.729691385153424,0.683776631973393,0.));
#7025=DIRECTION('ref_axis',(-0.683776631973393,0.729691385153425,0.));
#7026=DIRECTION('',(0.,0.,1.));
#7027=DIRECTION('',(-0.683776631973393,0.729691385153424,0.));
#7028=DIRECTION('center_axis',(0.,-1.,0.));
#7029=DIRECTION('ref_axis',(0.,0.,-1.));
#7030=DIRECTION('',(0.,0.,1.));
#7031=DIRECTION('',(1.,0.,0.));
#7032=DIRECTION('center_axis',(-1.,0.,0.));
#7033=DIRECTION('ref_axis',(0.,0.,1.));
#7034=DIRECTION('',(0.,0.,1.));
#7035=DIRECTION('',(0.,-1.,0.));
#7036=DIRECTION('center_axis',(0.,1.,0.));
#7037=DIRECTION('ref_axis',(0.,0.,1.));
#7038=DIRECTION('',(0.,0.,1.));
#7039=DIRECTION('',(-1.,0.,0.));
#7040=DIRECTION('center_axis',(-0.729724964678345,-0.683740795861406,0.));
#7041=DIRECTION('ref_axis',(0.683740795861406,-0.729724964678345,0.));
#7042=DIRECTION('',(0.,0.,1.));
#7043=DIRECTION('',(0.683740795861405,-0.729724964678345,0.));
#7044=DIRECTION('',(0.,0.,1.));
#7045=DIRECTION('',(0.,0.,1.));
#7046=DIRECTION('',(0.,0.,1.));
#7047=DIRECTION('center_axis',(0.,-1.,0.));
#7048=DIRECTION('ref_axis',(0.,0.,-1.));
#7049=DIRECTION('',(1.,0.,0.));
#7050=DIRECTION('center_axis',(0.,0.,1.));
#7051=DIRECTION('ref_axis',(1.,0.,0.));
#7052=DIRECTION('center_axis',(0.,0.,-1.));
#7053=DIRECTION('ref_axis',(-1.,0.,0.));
#7054=DIRECTION('',(-1.,0.,0.));
#7055=DIRECTION('',(-0.428584206872173,0.90350184151431,0.));
#7056=DIRECTION('',(1.,0.,0.));
#7057=DIRECTION('',(0.428596026355544,-0.903496234741594,0.));
#7058=DIRECTION('',(1.,0.,0.));
#7059=DIRECTION('',(0.418842224744608,0.908059023836549,0.));
#7060=DIRECTION('',(1.,0.,0.));
#7061=DIRECTION('',(-0.419058177461747,-0.907959384500452,0.));
#7062=DIRECTION('',(0.428351119156279,-0.903612371936973,0.));
#7063=DIRECTION('',(0.418997788826975,0.907987253742092,0.));
#7064=DIRECTION('',(-1.,0.,0.));
#7065=DIRECTION('center_axis',(0.,1.,0.));
#7066=DIRECTION('ref_axis',(0.,0.,1.));
#7067=DIRECTION('',(0.,0.,1.));
#7068=DIRECTION('',(0.,0.,1.));
#7069=DIRECTION('center_axis',(0.903501841514311,0.428584206872173,0.));
#7070=DIRECTION('ref_axis',(-0.428584206872173,0.903501841514311,0.));
#7071=DIRECTION('',(0.,0.,1.));
#7072=DIRECTION('center_axis',(0.,-1.,0.));
#7073=DIRECTION('ref_axis',(0.,0.,-1.));
#7074=DIRECTION('',(0.,0.,1.));
#7075=DIRECTION('center_axis',(-0.903496234741594,-0.428596026355544,0.));
#7076=DIRECTION('ref_axis',(0.428596026355544,-0.903496234741594,0.));
#7077=DIRECTION('',(0.,0.,1.));
#7078=DIRECTION('center_axis',(0.,-1.,0.));
#7079=DIRECTION('ref_axis',(0.,0.,-1.));
#7080=DIRECTION('',(0.,0.,1.));
#7081=DIRECTION('center_axis',(0.90805902383655,-0.418842224744608,0.));
#7082=DIRECTION('ref_axis',(0.418842224744608,0.90805902383655,0.));
#7083=DIRECTION('',(0.,0.,1.));
#7084=DIRECTION('center_axis',(0.,-1.,0.));
#7085=DIRECTION('ref_axis',(0.,0.,-1.));
#7086=DIRECTION('',(0.,0.,1.));
#7087=DIRECTION('center_axis',(-0.907959384500452,0.419058177461747,0.));
#7088=DIRECTION('ref_axis',(-0.419058177461747,-0.907959384500452,0.));
#7089=DIRECTION('center_axis',(0.907987253742092,-0.418997788826975,0.));
#7090=DIRECTION('ref_axis',(0.418997788826975,0.907987253742092,0.));
#7091=DIRECTION('',(0.418997788826975,0.907987253742092,0.));
#7092=DIRECTION('',(0.,0.,1.));
#7093=DIRECTION('',(0.,0.,1.));
#7094=DIRECTION('center_axis',(-0.903612371936973,-0.428351119156279,0.));
#7095=DIRECTION('ref_axis',(0.428351119156279,-0.903612371936974,0.));
#7096=DIRECTION('',(0.428351119156279,-0.903612371936973,0.));
#7097=DIRECTION('',(0.,0.,1.));
#7098=DIRECTION('center_axis',(0.,1.,0.));
#7099=DIRECTION('ref_axis',(0.,0.,1.));
#7100=DIRECTION('',(-1.,0.,0.));
#7101=DIRECTION('center_axis',(0.,0.,1.));
#7102=DIRECTION('ref_axis',(1.,0.,0.));
#7103=DIRECTION('center_axis',(0.867930013859708,0.496686511837686,0.));
#7104=DIRECTION('ref_axis',(-0.496686511837686,0.867930013859708,0.));
#7105=DIRECTION('',(0.,0.,1.));
#7106=DIRECTION('',(-0.496686511837686,0.867930013859708,0.));
#7107=DIRECTION('',(0.,0.,1.));
#7108=DIRECTION('center_axis',(0.,-1.,0.));
#7109=DIRECTION('ref_axis',(0.,0.,-1.));
#7110=DIRECTION('',(0.,0.,1.));
#7111=DIRECTION('',(1.,0.,0.));
#7112=DIRECTION('center_axis',(1.,0.,0.));
#7113=DIRECTION('ref_axis',(0.,0.,-1.));
#7114=DIRECTION('',(0.,0.,1.));
#7115=DIRECTION('',(0.,1.,0.));
#7116=DIRECTION('center_axis',(0.,-1.,0.));
#7117=DIRECTION('ref_axis',(0.,0.,-1.));
#7118=DIRECTION('',(0.,0.,1.));
#7119=DIRECTION('',(1.,0.,0.));
#7120=DIRECTION('center_axis',(-1.,0.,0.));
#7121=DIRECTION('ref_axis',(0.,0.,1.));
#7122=DIRECTION('',(0.,0.,1.));
#7123=DIRECTION('',(0.,-1.,0.));
#7124=DIRECTION('center_axis',(0.,1.,0.));
#7125=DIRECTION('ref_axis',(0.,0.,1.));
#7126=DIRECTION('',(-1.,0.,0.));
#7127=DIRECTION('center_axis',(0.,0.,1.));
#7128=DIRECTION('ref_axis',(1.,0.,0.));
#7129=DIRECTION('',(0.,0.,1.));
#7130=DIRECTION('',(0.,0.,1.));
#7131=DIRECTION('',(0.,0.,1.));
#7132=DIRECTION('',(0.,0.,1.));
#7133=DIRECTION('center_axis',(0.729691385153424,0.683776631973393,0.));
#7134=DIRECTION('ref_axis',(-0.683776631973393,0.729691385153425,0.));
#7135=DIRECTION('',(0.,0.,1.));
#7136=DIRECTION('',(-0.683776631973393,0.729691385153424,0.));
#7137=DIRECTION('center_axis',(0.,-1.,0.));
#7138=DIRECTION('ref_axis',(0.,0.,-1.));
#7139=DIRECTION('',(0.,0.,1.));
#7140=DIRECTION('',(1.,0.,0.));
#7141=DIRECTION('center_axis',(-1.,0.,0.));
#7142=DIRECTION('ref_axis',(0.,0.,1.));
#7143=DIRECTION('',(0.,0.,1.));
#7144=DIRECTION('',(0.,-1.,0.));
#7145=DIRECTION('center_axis',(0.,1.,0.));
#7146=DIRECTION('ref_axis',(0.,0.,1.));
#7147=DIRECTION('',(0.,0.,1.));
#7148=DIRECTION('',(-1.,0.,0.));
#7149=DIRECTION('center_axis',(-0.729724964678345,-0.683740795861405,0.));
#7150=DIRECTION('ref_axis',(0.683740795861405,-0.729724964678345,0.));
#7151=DIRECTION('',(0.,0.,1.));
#7152=DIRECTION('',(0.683740795861405,-0.729724964678345,0.));
#7153=DIRECTION('',(0.,0.,1.));
#7154=DIRECTION('',(0.,0.,1.));
#7155=DIRECTION('',(0.,0.,1.));
#7156=DIRECTION('center_axis',(0.,-1.,0.));
#7157=DIRECTION('ref_axis',(0.,0.,-1.));
#7158=DIRECTION('',(1.,0.,0.));
#7159=DIRECTION('center_axis',(0.,0.,1.));
#7160=DIRECTION('ref_axis',(1.,0.,0.));
#7161=DIRECTION('center_axis',(0.,1.,0.));
#7162=DIRECTION('ref_axis',(0.,0.,1.));
#7163=DIRECTION('',(0.,0.,1.));
#7164=DIRECTION('',(-1.,0.,0.));
#7165=DIRECTION('',(0.,0.,1.));
#7166=DIRECTION('center_axis',(0.97960270064149,0.200944143721331,0.));
#7167=DIRECTION('ref_axis',(-0.200944143721331,0.97960270064149,0.));
#7168=DIRECTION('',(0.,0.,1.));
#7169=DIRECTION('',(-0.200944143721331,0.97960270064149,0.));
#7170=DIRECTION('',(0.,0.,1.));
#7171=DIRECTION('',(0.,0.,1.));
#7172=DIRECTION('',(0.,0.,1.));
#7173=DIRECTION('',(0.,0.,1.));
#7174=DIRECTION('center_axis',(0.,1.,0.));
#7175=DIRECTION('ref_axis',(0.,0.,1.));
#7176=DIRECTION('',(0.,0.,1.));
#7177=DIRECTION('',(-1.,0.,0.));
#7178=DIRECTION('',(0.,0.,1.));
#7179=DIRECTION('',(0.,0.,1.));
#7180=DIRECTION('',(0.,0.,1.));
#7181=DIRECTION('',(0.,0.,1.));
#7182=DIRECTION('center_axis',(-0.979651628141621,-0.200705474463134,0.));
#7183=DIRECTION('ref_axis',(0.200705474463134,-0.979651628141621,0.));
#7184=DIRECTION('',(0.,0.,1.));
#7185=DIRECTION('',(0.200705474463134,-0.979651628141621,0.));
#7186=DIRECTION('center_axis',(0.,-1.,0.));
#7187=DIRECTION('ref_axis',(0.,0.,-1.));
#7188=DIRECTION('',(0.,0.,1.));
#7189=DIRECTION('',(1.,0.,0.));
#7190=DIRECTION('center_axis',(-1.,0.,0.));
#7191=DIRECTION('ref_axis',(0.,0.,1.));
#7192=DIRECTION('',(0.,-1.,0.));
#7193=DIRECTION('center_axis',(0.,0.,-1.));
#7194=DIRECTION('ref_axis',(-1.,0.,0.));
#7195=DIRECTION('center_axis',(0.920967251068559,-0.389639990836698,0.));
#7196=DIRECTION('ref_axis',(0.389639990836698,0.920967251068559,0.));
#7197=DIRECTION('',(0.,0.,1.));
#7198=DIRECTION('',(0.389639990836698,0.920967251068559,0.));
#7199=DIRECTION('',(0.,0.,1.));
#7200=DIRECTION('center_axis',(0.,-1.,0.));
#7201=DIRECTION('ref_axis',(0.,0.,-1.));
#7202=DIRECTION('',(0.,0.,1.));
#7203=DIRECTION('',(1.,0.,0.));
#7204=DIRECTION('center_axis',(-0.920967251068559,-0.389639990836698,0.));
#7205=DIRECTION('ref_axis',(0.389639990836698,-0.920967251068559,0.));
#7206=DIRECTION('',(0.,0.,1.));
#7207=DIRECTION('',(0.389639990836698,-0.920967251068559,0.));
#7208=DIRECTION('center_axis',(0.,1.,0.));
#7209=DIRECTION('ref_axis',(0.,0.,1.));
#7210=DIRECTION('',(0.,0.,1.));
#7211=DIRECTION('',(-1.,0.,0.));
#7212=DIRECTION('center_axis',(0.920999559573798,0.389563616454194,0.));
#7213=DIRECTION('ref_axis',(-0.389563616454194,0.920999559573798,0.));
#7214=DIRECTION('',(0.,0.,1.));
#7215=DIRECTION('',(-0.389563616454194,0.920999559573798,0.));
#7216=DIRECTION('center_axis',(-0.920999559573798,0.389563616454194,0.));
#7217=DIRECTION('ref_axis',(-0.389563616454194,-0.920999559573798,0.));
#7218=DIRECTION('',(0.,0.,1.));
#7219=DIRECTION('',(-0.389563616454194,-0.920999559573798,0.));
#7220=DIRECTION('center_axis',(0.,1.,0.));
#7221=DIRECTION('ref_axis',(0.,0.,1.));
#7222=DIRECTION('',(-1.,0.,0.));
#7223=DIRECTION('center_axis',(0.,0.,1.));
#7224=DIRECTION('ref_axis',(1.,0.,0.));
#7225=DIRECTION('center_axis',(0.,0.,-1.));
#7226=DIRECTION('ref_axis',(-1.,0.,0.));
#7227=DIRECTION('',(-1.,0.,0.));
#7228=DIRECTION('',(-0.428584206872173,0.903501841514311,0.));
#7229=DIRECTION('',(1.,0.,0.));
#7230=DIRECTION('',(0.428596026355544,-0.903496234741594,0.));
#7231=DIRECTION('',(1.,0.,0.));
#7232=DIRECTION('',(0.418842224744608,0.908059023836549,0.));
#7233=DIRECTION('',(1.,0.,0.));
#7234=DIRECTION('',(-0.419058177461747,-0.907959384500452,0.));
#7235=DIRECTION('',(0.428351119156279,-0.903612371936974,0.));
#7236=DIRECTION('',(0.418997788826975,0.907987253742092,0.));
#7237=DIRECTION('',(-1.,0.,0.));
#7238=DIRECTION('center_axis',(0.,1.,0.));
#7239=DIRECTION('ref_axis',(0.,0.,1.));
#7240=DIRECTION('',(0.,0.,1.));
#7241=DIRECTION('',(0.,0.,1.));
#7242=DIRECTION('center_axis',(0.903501841514311,0.428584206872173,0.));
#7243=DIRECTION('ref_axis',(-0.428584206872173,0.903501841514311,0.));
#7244=DIRECTION('',(0.,0.,1.));
#7245=DIRECTION('center_axis',(0.,-1.,0.));
#7246=DIRECTION('ref_axis',(0.,0.,-1.));
#7247=DIRECTION('',(0.,0.,1.));
#7248=DIRECTION('center_axis',(-0.903496234741594,-0.428596026355544,0.));
#7249=DIRECTION('ref_axis',(0.428596026355544,-0.903496234741594,0.));
#7250=DIRECTION('',(0.,0.,1.));
#7251=DIRECTION('center_axis',(0.,-1.,0.));
#7252=DIRECTION('ref_axis',(0.,0.,-1.));
#7253=DIRECTION('',(0.,0.,1.));
#7254=DIRECTION('center_axis',(0.90805902383655,-0.418842224744608,0.));
#7255=DIRECTION('ref_axis',(0.418842224744608,0.90805902383655,0.));
#7256=DIRECTION('',(0.,0.,1.));
#7257=DIRECTION('center_axis',(0.,-1.,0.));
#7258=DIRECTION('ref_axis',(0.,0.,-1.));
#7259=DIRECTION('',(0.,0.,1.));
#7260=DIRECTION('center_axis',(-0.907959384500452,0.419058177461747,0.));
#7261=DIRECTION('ref_axis',(-0.419058177461747,-0.907959384500452,0.));
#7262=DIRECTION('center_axis',(0.907987253742092,-0.418997788826975,0.));
#7263=DIRECTION('ref_axis',(0.418997788826975,0.907987253742092,0.));
#7264=DIRECTION('',(0.418997788826975,0.907987253742092,0.));
#7265=DIRECTION('',(0.,0.,1.));
#7266=DIRECTION('',(0.,0.,1.));
#7267=DIRECTION('center_axis',(-0.903612371936974,-0.428351119156279,0.));
#7268=DIRECTION('ref_axis',(0.428351119156279,-0.903612371936974,0.));
#7269=DIRECTION('',(0.428351119156279,-0.903612371936974,0.));
#7270=DIRECTION('',(0.,0.,1.));
#7271=DIRECTION('center_axis',(0.,1.,0.));
#7272=DIRECTION('ref_axis',(0.,0.,1.));
#7273=DIRECTION('',(-1.,0.,0.));
#7274=DIRECTION('center_axis',(0.,0.,1.));
#7275=DIRECTION('ref_axis',(1.,0.,0.));
#7276=DIRECTION('',(0.,0.,1.));
#7277=DIRECTION('',(0.,0.,1.));
#7278=DIRECTION('',(0.,0.,1.));
#7279=DIRECTION('',(0.,0.,1.));
#7280=DIRECTION('',(0.,0.,1.));
#7281=DIRECTION('',(0.,0.,1.));
#7282=DIRECTION('center_axis',(-0.603896835253378,0.797062489627353,0.));
#7283=DIRECTION('ref_axis',(-0.797062489627354,-0.603896835253378,0.));
#7284=DIRECTION('',(0.,0.,1.));
#7285=DIRECTION('',(-0.797062489627353,-0.603896835253378,0.));
#7286=DIRECTION('',(0.,0.,1.));
#7287=DIRECTION('',(0.,0.,1.));
#7288=DIRECTION('',(0.,0.,1.));
#7289=DIRECTION('',(0.,0.,1.));
#7290=DIRECTION('center_axis',(-0.607750843190728,-0.794127768435885,0.));
#7291=DIRECTION('ref_axis',(0.794127768435885,-0.607750843190728,0.));
#7292=DIRECTION('',(0.794127768435885,-0.607750843190728,0.));
#7293=DIRECTION('center_axis',(0.,0.,-1.));
#7294=DIRECTION('ref_axis',(-1.,0.,0.));
#7295=DIRECTION('center_axis',(-1.,-5.89295723086796E-31,2.91934719879519E-15));
#7296=DIRECTION('ref_axis',(2.91934719879519E-15,-5.91645678915757E-31,
1.));
#7297=DIRECTION('',(-2.91934719879519E-15,2.22044604925028E-16,-1.));
#7298=DIRECTION('',(0.,1.,2.01858731750028E-16));
#7299=DIRECTION('',(2.91934719879519E-15,-2.22044604925028E-16,1.));
#7300=DIRECTION('',(-5.89295723086796E-32,-1.,-2.22044604925031E-16));
#7301=DIRECTION('center_axis',(-1.21115237245259E-15,-2.01858731750028E-16,
1.));
#7302=DIRECTION('ref_axis',(1.,-9.86076131526279E-32,1.21115237245259E-15));
#7303=DIRECTION('',(-1.,-7.35522753814167E-16,-1.21115237245259E-15));
#7304=DIRECTION('',(-2.38702186472223E-47,1.,2.01858731750028E-16));
#7305=DIRECTION('',(1.,7.35522753814167E-16,1.21115237245259E-15));
#7306=DIRECTION('center_axis',(7.35522753814167E-16,-1.,-2.2204460492503E-16));
#7307=DIRECTION('ref_axis',(1.,7.35522753814167E-16,3.28429327576127E-46));
#7308=DIRECTION('',(-1.,-7.35522753814167E-16,-3.28429327576127E-46));
#7309=DIRECTION('',(2.46519032881565E-31,-2.2204460492503E-16,1.));
#7310=DIRECTION('',(1.,-2.05268329735094E-48,0.));
#7311=DIRECTION('',(0.,0.,-1.));
#7312=DIRECTION('',(-1.,-7.35522753814167E-16,-1.18252098585371E-31));
#7313=DIRECTION('',(1.18252098585371E-31,2.2204460492503E-16,-1.));
#7314=DIRECTION('center_axis',(0.,1.,0.));
#7315=DIRECTION('ref_axis',(-1.,0.,0.));
#7316=DIRECTION('center_axis',(7.35522753814167E-16,-1.,-2.2204460492503E-16));
#7317=DIRECTION('ref_axis',(-1.,0.,0.));
#7318=DIRECTION('center_axis',(-7.35522753814167E-16,1.,2.2204460492503E-16));
#7319=DIRECTION('ref_axis',(1.,7.35522753814167E-16,3.28429327576127E-46));
#7320=DIRECTION('center_axis',(-7.35522753814167E-16,1.,2.2204460492503E-16));
#7321=DIRECTION('ref_axis',(1.,7.35522753814167E-16,3.28429327576127E-46));
#7322=DIRECTION('center_axis',(7.35522753814167E-16,-1.,-2.2204460492503E-16));
#7323=DIRECTION('ref_axis',(1.,7.35522753814167E-16,3.28429327576127E-46));
#7324=DIRECTION('',(-1.18252098585371E-31,-2.2204460492503E-16,1.));
#7325=DIRECTION('',(1.,7.35522753814167E-16,1.18252098585371E-31));
#7326=DIRECTION('',(0.,0.,1.));
#7327=DIRECTION('',(-1.,2.05268329735094E-48,0.));
#7328=DIRECTION('',(-2.46519032881565E-31,2.2204460492503E-16,-1.));
#7329=DIRECTION('',(1.,7.35522753814167E-16,3.28429327576127E-46));
#7330=DIRECTION('center_axis',(-7.35522753814167E-16,1.,2.2204460492503E-16));
#7331=DIRECTION('ref_axis',(-1.,0.,0.));
#7332=DIRECTION('center_axis',(-7.35522753814167E-16,1.,2.2204460492503E-16));
#7333=DIRECTION('ref_axis',(-1.,0.,0.));
#7334=DIRECTION('center_axis',(-7.35522753814167E-16,1.,2.2204460492503E-16));
#7335=DIRECTION('ref_axis',(1.,7.35522753814167E-16,3.28429327576127E-46));
#7336=DIRECTION('center_axis',(-7.35522753814167E-16,1.,2.2204460492503E-16));
#7337=DIRECTION('ref_axis',(1.,7.35522753814167E-16,3.28429327576127E-46));
#7338=DIRECTION('center_axis',(-1.18252098585371E-31,0.,1.));
#7339=DIRECTION('ref_axis',(1.,-9.86076131526271E-32,1.18252098585371E-31));
#7340=DIRECTION('',(0.,1.,0.));
#7341=DIRECTION('',(0.,1.,0.));
#7342=DIRECTION('center_axis',(-1.,0.,-1.18252098585371E-31));
#7343=DIRECTION('ref_axis',(-1.18252098585371E-31,-5.91645678915757E-31,
1.));
#7344=DIRECTION('center_axis',(-1.63318859284038E-31,2.22044604925031E-16,
-1.));
#7345=DIRECTION('ref_axis',(1.,7.35522753814167E-16,3.28429327576127E-46));
#7346=DIRECTION('',(-1.11022302462516E-15,1.,2.22044604925031E-16));
#7347=DIRECTION('center_axis',(0.,-1.,0.));
#7348=DIRECTION('ref_axis',(-1.,0.,0.));
#7349=DIRECTION('',(0.,-1.,0.));
#7350=DIRECTION('center_axis',(1.,0.,0.));
#7351=DIRECTION('ref_axis',(0.,0.,1.));
#7352=DIRECTION('',(0.,-1.,0.));
#7353=DIRECTION('center_axis',(0.,-1.,0.));
#7354=DIRECTION('ref_axis',(-1.,0.,0.));
#7355=DIRECTION('',(0.,1.,0.));
#7356=DIRECTION('center_axis',(1.,1.11022302462516E-15,0.));
#7357=DIRECTION('ref_axis',(0.,0.,-1.));
#7358=DIRECTION('',(1.11022302462516E-15,-1.,-2.22044604925031E-16));
#7359=DIRECTION('center_axis',(1.63318859284038E-31,-2.22044604925031E-16,
1.));
#7360=DIRECTION('ref_axis',(-1.,-7.35522753814167E-16,-3.28429327576127E-46));
#7361=DIRECTION('center_axis',(7.7715611723761E-16,-1.,-2.22044604925031E-16));
#7362=DIRECTION('ref_axis',(1.,7.7715611723761E-16,9.24446373305883E-33));
#7363=DIRECTION('',(-7.7715611723761E-16,1.,2.22044604925031E-16));
#7364=DIRECTION('center_axis',(7.7715611723761E-16,-1.,-2.22044604925031E-16));
#7365=DIRECTION('ref_axis',(1.,7.7715611723761E-16,9.24446373305882E-33));
#7366=DIRECTION('',(-7.7715611723761E-16,1.,2.22044604925031E-16));
#7367=DIRECTION('',(7.35522753814168E-16,-1.,-2.2204460492503E-16));
#7368=DIRECTION('',(-2.91433543964103E-16,-2.2204460492503E-16,1.));
#7369=CARTESIAN_POINT('',(0.,0.,0.));
#7370=CARTESIAN_POINT('',(0.,0.,0.));
#7371=CARTESIAN_POINT('Origin',(-6.,1.375,4.875));
#7372=CARTESIAN_POINT('',(9.34306366678043,7.54415099245919,4.875));
#7373=CARTESIAN_POINT('',(9.27561347271395,7.83647011827957,4.875));
#7374=CARTESIAN_POINT('',(9.45548065689123,7.05695244942522,4.875));
#7375=CARTESIAN_POINT('',(9.81077426809304,7.65207130296556,4.875));
#7376=CARTESIAN_POINT('',(-6.57592588271714,3.87097726001006,4.875));
#7377=CARTESIAN_POINT('',(9.74332407402656,7.94439042878595,4.875));
#7378=CARTESIAN_POINT('',(9.74332407402656,7.94439042878595,4.875));
#7379=CARTESIAN_POINT('',(7.43441573411023,8.05040779594633,4.875));
#7380=CARTESIAN_POINT('Origin',(8.57404757074502,7.67458965252002,4.875));
#7381=CARTESIAN_POINT('',(7.15255212654049,7.19568391847023,4.875));
#7382=CARTESIAN_POINT('',(7.15255212654049,7.19568391847023,4.875));
#7383=CARTESIAN_POINT('',(6.89207968949364,6.95808142057938,4.875));
#7384=CARTESIAN_POINT('Origin',(6.8112873737061,7.30822332084932,4.875));
#7385=CARTESIAN_POINT('',(0.352854299280904,5.44920983930167,4.875));
#7386=CARTESIAN_POINT('',(6.89207968949364,6.95808142057938,4.875));
#7387=CARTESIAN_POINT('',(0.460774609787279,4.98149923798906,4.875));
#7388=CARTESIAN_POINT('',(0.460774609787278,4.98149923798906,4.875));
#7389=CARTESIAN_POINT('',(7.00000000000001,6.49037081926676,4.875));
#7390=CARTESIAN_POINT('',(-5.27481650445546,3.65805954633037,4.875));
#7391=CARTESIAN_POINT('',(7.60840486119441,7.04535666109971,4.875));
#7392=CARTESIAN_POINT('Origin',(6.8112873737061,7.30822332084932,4.875));
#7393=CARTESIAN_POINT('',(7.89026846876415,7.90008053857581,4.875));
#7394=CARTESIAN_POINT('',(7.60840486119441,7.04535666109971,4.875));
#7395=CARTESIAN_POINT('Origin',(8.57404757074502,7.67458965252002,4.875));
#7396=CARTESIAN_POINT('Origin',(-5.20950288093263,3.375,0.875));
#7397=CARTESIAN_POINT('',(-0.936151884699992,5.15178244033008,0.875));
#7398=CARTESIAN_POINT('',(-5.40723349456627,4.12011774365242,0.875));
#7399=CARTESIAN_POINT('',(6.89207968949364,6.95808142057938,0.875));
#7400=CARTESIAN_POINT('',(-0.82823157419362,4.68407183901746,0.875));
#7401=CARTESIAN_POINT('',(-0.828231574193619,4.68407183901746,0.875));
#7402=CARTESIAN_POINT('',(-5.27481650445546,3.65805954633037,0.875));
#7403=CARTESIAN_POINT('',(-5.27481650445546,3.65805954633037,0.875));
#7404=CARTESIAN_POINT('',(-5.5,3.375,0.875));
#7405=CARTESIAN_POINT('Origin',(-5.20950288093263,3.375,0.875));
#7406=CARTESIAN_POINT('',(-5.5,2.375,0.875));
#7407=CARTESIAN_POINT('',(-5.5,2.375,0.875));
#7408=CARTESIAN_POINT('',(-6.,2.375,0.875));
#7409=CARTESIAN_POINT('',(-6.,2.375,0.875));
#7410=CARTESIAN_POINT('',(-6.,3.375,0.875));
#7411=CARTESIAN_POINT('',(-6.,3.375,0.875));
#7412=CARTESIAN_POINT('Origin',(-5.23530380549551,3.375,0.875));
#7413=CARTESIAN_POINT('Origin',(-5.23530380549551,3.375,22.073624523388));
#7414=CARTESIAN_POINT('',(-6.,3.375,2.375));
#7415=CARTESIAN_POINT('',(-6.,3.375,22.073624523388));
#7416=CARTESIAN_POINT('',(-5.40723349456627,4.12011774365242,2.375));
#7417=CARTESIAN_POINT('Origin',(-5.23530380549551,3.375,2.375));
#7418=CARTESIAN_POINT('',(-5.40723349456627,4.12011774365242,22.073624523388));
#7419=CARTESIAN_POINT('Origin',(-5.20950288093263,3.375,22.073624523388));
#7420=CARTESIAN_POINT('',(-5.5,3.375,2.375));
#7421=CARTESIAN_POINT('',(-5.27481650445546,3.65805954633037,2.375));
#7422=CARTESIAN_POINT('Origin',(-5.20950288093263,3.375,2.375));
#7423=CARTESIAN_POINT('',(-5.5,3.375,22.073624523388));
#7424=CARTESIAN_POINT('',(-5.27481650445546,3.65805954633037,22.073624523388));
#7425=CARTESIAN_POINT('Origin',(-5.5,2.375,22.073624523388));
#7426=CARTESIAN_POINT('',(-5.5,2.375,2.375));
#7427=CARTESIAN_POINT('',(-5.5,2.375,2.375));
#7428=CARTESIAN_POINT('',(-5.5,2.375,22.073624523388));
#7429=CARTESIAN_POINT('Origin',(-6.,2.375,22.073624523388));
#7430=CARTESIAN_POINT('',(-6.,2.375,2.375));
#7431=CARTESIAN_POINT('',(-6.,2.375,2.375));
#7432=CARTESIAN_POINT('',(-6.,2.375,22.073624523388));
#7433=CARTESIAN_POINT('Origin',(-6.,3.375,22.073624523388));
#7434=CARTESIAN_POINT('',(-6.,3.375,2.375));
#7435=CARTESIAN_POINT('Origin',(-6.,1.375,4.875));
#7436=CARTESIAN_POINT('',(-5.27481650445546,3.65805954633037,4.875));
#7437=CARTESIAN_POINT('',(-0.828231574193616,4.68407183901746,4.875));
#7438=CARTESIAN_POINT('',(-5.27481650445546,3.65805954633037,4.875));
#7439=CARTESIAN_POINT('',(-0.93615188469999,5.15178244033008,4.875));
#7440=CARTESIAN_POINT('',(-0.936151884699989,5.15178244033008,4.875));
#7441=CARTESIAN_POINT('',(-5.40723349456627,4.12011774365242,4.875));
#7442=CARTESIAN_POINT('',(6.89207968949364,6.95808142057938,4.875));
#7443=CARTESIAN_POINT('',(-6.,3.375,4.875));
#7444=CARTESIAN_POINT('Origin',(-5.23530380549551,3.375,4.875));
#7445=CARTESIAN_POINT('',(-6.,2.375,4.875));
#7446=CARTESIAN_POINT('',(-6.,3.375,4.875));
#7447=CARTESIAN_POINT('',(-5.5,2.375,4.875));
#7448=CARTESIAN_POINT('',(-6.,2.375,4.875));
#7449=CARTESIAN_POINT('',(-5.5,3.375,4.875));
#7450=CARTESIAN_POINT('',(-5.5,2.375,4.875));
#7451=CARTESIAN_POINT('Origin',(-5.20950288093263,3.375,4.875));
#7452=CARTESIAN_POINT('Origin',(-5.20950288093263,3.375,0.875));
#7453=CARTESIAN_POINT('',(9.74332407402656,7.94439042878595,0.875));
#7454=CARTESIAN_POINT('',(9.81077426809304,7.65207130296556,0.875));
#7455=CARTESIAN_POINT('',(9.74332407402656,7.94439042878595,0.875));
#7456=CARTESIAN_POINT('',(9.34306366678043,7.54415099245919,0.875));
#7457=CARTESIAN_POINT('',(-5.38723349456626,4.14525808936432,0.875));
#7458=CARTESIAN_POINT('',(9.27561347271395,7.83647011827957,0.875));
#7459=CARTESIAN_POINT('',(9.45548065689123,7.05695244942522,0.875));
#7460=CARTESIAN_POINT('',(7.89026846876415,7.90008053857581,0.875));
#7461=CARTESIAN_POINT('Origin',(8.57404757074502,7.67458965252002,0.875));
#7462=CARTESIAN_POINT('',(7.60840486119441,7.04535666109971,0.875));
#7463=CARTESIAN_POINT('',(7.60840486119441,7.04535666109971,0.875));
#7464=CARTESIAN_POINT('',(7.00000000000001,6.49037081926676,0.875));
#7465=CARTESIAN_POINT('Origin',(6.8112873737061,7.30822332084932,0.875));
#7466=CARTESIAN_POINT('',(0.460774609787275,4.98149923798906,0.875));
#7467=CARTESIAN_POINT('',(-5.27481650445546,3.65805954633037,0.875));
#7468=CARTESIAN_POINT('',(0.352854299280905,5.44920983930167,0.875));
#7469=CARTESIAN_POINT('',(0.352854299280905,5.44920983930167,0.875));
#7470=CARTESIAN_POINT('',(6.89207968949364,6.95808142057938,0.875));
#7471=CARTESIAN_POINT('',(6.89207968949364,6.95808142057938,0.875));
#7472=CARTESIAN_POINT('',(7.15255212654049,7.19568391847023,0.875));
#7473=CARTESIAN_POINT('Origin',(6.8112873737061,7.30822332084932,0.875));
#7474=CARTESIAN_POINT('',(7.43441573411023,8.05040779594633,0.875));
#7475=CARTESIAN_POINT('',(7.15255212654049,7.19568391847023,0.875));
#7476=CARTESIAN_POINT('Origin',(8.57404757074502,7.67458965252002,0.875));
#7477=CARTESIAN_POINT('Origin',(-5.23530380549551,3.375,22.073624523388));
#7478=CARTESIAN_POINT('',(-5.40723349456627,4.12011774365242,3.375));
#7479=CARTESIAN_POINT('',(-6.,3.375,3.375));
#7480=CARTESIAN_POINT('Origin',(-5.23530380549551,3.375,3.375));
#7481=CARTESIAN_POINT('',(-6.,3.375,22.073624523388));
#7482=CARTESIAN_POINT('',(-5.40723349456627,4.12011774365242,22.073624523388));
#7483=CARTESIAN_POINT('Origin',(6.89207968949364,6.95808142057938,22.073624523388));
#7484=CARTESIAN_POINT('',(-0.775026111702379,5.18896086520153,0.9375));
#7485=CARTESIAN_POINT('',(0.191728526283293,5.41203141443022,0.9375));
#7486=CARTESIAN_POINT('Origin',(-0.291648792709543,5.30049613981587,0.375));
#7487=CARTESIAN_POINT('Origin',(-0.936151884699991,5.15178244033008,1.125));
#7488=CARTESIAN_POINT('',(1.90074465094334,5.80637259531449,2.375));
#7489=CARTESIAN_POINT('',(-5.40723349456627,4.12011774365242,2.375));
#7490=CARTESIAN_POINT('',(2.38794319397732,5.9187895854253,2.875));
#7491=CARTESIAN_POINT('Origin',(1.90074465094334,5.80637259531449,2.875));
#7492=CARTESIAN_POINT('',(1.90074465094334,5.80637259531449,3.375));
#7493=CARTESIAN_POINT('Origin',(1.90074465094334,5.80637259531449,2.875));
#7494=CARTESIAN_POINT('',(-5.40723349456627,4.12011774365242,3.375));
#7495=CARTESIAN_POINT('',(-0.775026111702377,5.18896086520153,4.8125));
#7496=CARTESIAN_POINT('Origin',(-0.936151884699989,5.15178244033008,4.625));
#7497=CARTESIAN_POINT('',(0.191728526283293,5.41203141443022,4.8125));
#7498=CARTESIAN_POINT('Origin',(-0.291648792709542,5.30049613981587,5.375));
#7499=CARTESIAN_POINT('Origin',(0.352854299280906,5.44920983930167,4.625));
#7500=CARTESIAN_POINT('',(6.89207968949364,6.95808142057938,22.073624523388));
#7501=CARTESIAN_POINT('Origin',(0.352854299280906,5.44920983930167,1.125));
#7502=CARTESIAN_POINT('Origin',(6.8112873737061,7.30822332084932,22.073624523388));
#7503=CARTESIAN_POINT('',(7.15255212654049,7.19568391847023,22.073624523388));
#7504=CARTESIAN_POINT('Origin',(7.15255212654049,7.19568391847023,22.073624523388));
#7505=CARTESIAN_POINT('',(7.43441573411023,8.05040779594633,22.073624523388));
#7506=CARTESIAN_POINT('Origin',(8.57404757074502,7.67458965252002,22.073624523388));
#7507=CARTESIAN_POINT('',(9.74332407402656,7.94439042878595,22.073624523388));
#7508=CARTESIAN_POINT('Origin',(9.74332407402656,7.94439042878595,22.073624523388));
#7509=CARTESIAN_POINT('',(9.92319125820385,7.16487275993159,4.375));
#7510=CARTESIAN_POINT('',(9.92319125820385,7.16487275993159,1.375));
#7511=CARTESIAN_POINT('',(9.92319125820385,7.16487275993159,22.073624523388));
#7512=CARTESIAN_POINT('Origin',(9.81077426809305,7.65207130296556,1.375));
#7513=CARTESIAN_POINT('Origin',(9.81077426809304,7.65207130296556,4.375));
#7514=CARTESIAN_POINT('Origin',(9.92319125820385,7.16487275993159,22.073624523388));
#7515=CARTESIAN_POINT('',(9.45548065689123,7.05695244942522,4.375));
#7516=CARTESIAN_POINT('',(9.45548065689123,7.05695244942522,1.375));
#7517=CARTESIAN_POINT('',(9.45548065689123,7.05695244942522,22.073624523388));
#7518=CARTESIAN_POINT('',(9.92319125820385,7.16487275993159,1.375));
#7519=CARTESIAN_POINT('',(9.92319125820385,7.16487275993159,4.375));
#7520=CARTESIAN_POINT('Origin',(9.45548065689123,7.05695244942522,22.073624523388));
#7521=CARTESIAN_POINT('Origin',(9.34306366678043,7.54415099245919,1.375));
#7522=CARTESIAN_POINT('Origin',(9.34306366678043,7.54415099245919,4.375));
#7523=CARTESIAN_POINT('',(9.27561347271395,7.83647011827957,22.073624523388));
#7524=CARTESIAN_POINT('Origin',(8.57404757074502,7.67458965252002,22.073624523388));
#7525=CARTESIAN_POINT('',(7.89026846876415,7.90008053857581,22.073624523388));
#7526=CARTESIAN_POINT('Origin',(7.60840486119441,7.04535666109971,22.073624523388));
#7527=CARTESIAN_POINT('',(7.60840486119441,7.04535666109971,22.073624523388));
#7528=CARTESIAN_POINT('Origin',(6.8112873737061,7.30822332084932,22.073624523388));
#7529=CARTESIAN_POINT('',(7.00000000000001,6.49037081926676,22.073624523388));
#7530=CARTESIAN_POINT('Origin',(-5.27481650445546,3.65805954633037,22.073624523388));
#7531=CARTESIAN_POINT('',(-0.667105801196007,4.72125026388891,0.9375));
#7532=CARTESIAN_POINT('Origin',(-0.828231574193619,4.68407183901746,1.125));
#7533=CARTESIAN_POINT('',(0.299648836789665,4.94432081311761,0.9375));
#7534=CARTESIAN_POINT('Origin',(-0.183728482203171,4.83278553850326,0.375));
#7535=CARTESIAN_POINT('Origin',(0.460774609787277,4.98149923798906,1.125));
#7536=CARTESIAN_POINT('',(0.299648836789666,4.94432081311761,4.8125));
#7537=CARTESIAN_POINT('Origin',(0.460774609787278,4.98149923798906,4.625));
#7538=CARTESIAN_POINT('',(-0.667105801196005,4.72125026388891,4.8125));
#7539=CARTESIAN_POINT('Origin',(-0.18372848220317,4.83278553850326,5.375));
#7540=CARTESIAN_POINT('Origin',(-0.828231574193617,4.68407183901746,4.625));
#7541=CARTESIAN_POINT('',(-5.27481650445546,3.65805954633037,3.375));
#7542=CARTESIAN_POINT('',(-5.27481650445546,3.65805954633037,22.073624523388));
#7543=CARTESIAN_POINT('',(2.00866496144971,5.33866199400188,3.375));
#7544=CARTESIAN_POINT('',(2.49586350448369,5.45107898411269,3.375));
#7545=CARTESIAN_POINT('',(2.49586350448369,5.45107898411269,2.875));
#7546=CARTESIAN_POINT('Origin',(2.00866496144971,5.33866199400188,2.875));
#7547=CARTESIAN_POINT('',(2.00866496144971,5.33866199400188,2.375));
#7548=CARTESIAN_POINT('Origin',(2.00866496144971,5.33866199400188,2.875));
#7549=CARTESIAN_POINT('',(2.49586350448369,5.45107898411269,2.375));
#7550=CARTESIAN_POINT('Origin',(-5.20950288093263,3.375,22.073624523388));
#7551=CARTESIAN_POINT('',(-5.5,3.375,3.375));
#7552=CARTESIAN_POINT('',(-5.5,3.375,22.073624523388));
#7553=CARTESIAN_POINT('Origin',(-5.20950288093263,3.375,3.375));
#7554=CARTESIAN_POINT('Origin',(-5.5,2.375,22.073624523388));
#7555=CARTESIAN_POINT('',(-5.5,2.375,3.375));
#7556=CARTESIAN_POINT('',(-5.5,2.375,22.073624523388));
#7557=CARTESIAN_POINT('',(-5.5,2.375,3.375));
#7558=CARTESIAN_POINT('Origin',(-6.,2.375,22.073624523388));
#7559=CARTESIAN_POINT('',(-6.,2.375,3.375));
#7560=CARTESIAN_POINT('',(-6.,2.375,22.073624523388));
#7561=CARTESIAN_POINT('',(-6.,2.375,3.375));
#7562=CARTESIAN_POINT('Origin',(-6.,3.375,22.073624523388));
#7563=CARTESIAN_POINT('',(-6.,3.375,3.375));
#7564=CARTESIAN_POINT('Origin',(-5.23530380549551,3.375,3.375));
#7565=CARTESIAN_POINT('',(2.0726743400141,5.06125485166207,3.375));
#7566=CARTESIAN_POINT('Origin',(-5.23530380549551,3.375,2.375));
#7567=CARTESIAN_POINT('',(1.90074465094334,5.80637259531449,2.375));
#7568=CARTESIAN_POINT('Origin',(2.0726743400141,5.06125485166207,2.875));
#7569=CARTESIAN_POINT('',(2.49586350448369,5.45107898411269,2.875));
#7570=CARTESIAN_POINT('Origin',(1.90074465094334,5.80637259531449,2.875));
#7571=CARTESIAN_POINT('Origin',(-0.179231802598738,4.8132975967819,0.375));
#7572=CARTESIAN_POINT('',(-0.662609121591575,4.70176232216755,0.9375));
#7573=CARTESIAN_POINT('',(0.304145516394098,4.92483287139625,0.9375));
#7574=CARTESIAN_POINT('Origin',(-0.179231802598737,4.8132975967819,5.375));
#7575=CARTESIAN_POINT('',(0.304145516394098,4.92483287139625,4.8125));
#7576=CARTESIAN_POINT('',(-0.662609121591572,4.70176232216755,4.8125));
#7577=CARTESIAN_POINT('Origin',(-0.823734894589187,4.6645838972961,1.125));
#7578=CARTESIAN_POINT('Origin',(0.46527128939171,4.9620112962677,1.125));
#7579=CARTESIAN_POINT('Origin',(0.46527128939171,4.9620112962677,4.625));
#7580=CARTESIAN_POINT('Origin',(-0.823734894589184,4.6645838972961,4.625));
#7581=CARTESIAN_POINT('Origin',(-5.38723349456626,4.14525808936432,1.375));
#7582=CARTESIAN_POINT('Origin',(9.81077426809304,7.65207130296556,4.375));
#7583=CARTESIAN_POINT('Origin',(-5.5,-1.89520410288673,0.0599999999999996));
#7584=CARTESIAN_POINT('',(-4.875,-1.89520410288673,0.0599999999999996));
#7585=CARTESIAN_POINT('Origin',(-5.5,-1.89520410288673,0.0599999999999996));
#7586=CARTESIAN_POINT('',(-4.875,-1.89520410288673,0.00999999999999959));
#7587=CARTESIAN_POINT('',(-4.875,-1.89520410288673,0.0599999999999996));
#7588=CARTESIAN_POINT('Origin',(-5.5,-1.89520410288673,0.00999999999999959));
#7589=CARTESIAN_POINT('Origin',(5.5,-1.89520410288673,0.0599999999999996));
#7590=CARTESIAN_POINT('',(6.125,-1.89520410288673,0.0599999999999996));
#7591=CARTESIAN_POINT('Origin',(5.5,-1.89520410288673,0.0599999999999996));
#7592=CARTESIAN_POINT('',(6.125,-1.89520410288673,0.00999999999999959));
#7593=CARTESIAN_POINT('',(6.125,-1.89520410288673,0.0599999999999996));
#7594=CARTESIAN_POINT('Origin',(5.5,-1.89520410288673,0.00999999999999959));
#7595=CARTESIAN_POINT('Origin',(-5.5,-1.89520410288673,5.69));
#7596=CARTESIAN_POINT('',(-6.125,-1.89520410288673,5.69));
#7597=CARTESIAN_POINT('Origin',(-5.5,-1.89520410288673,5.69));
#7598=CARTESIAN_POINT('',(-6.125,-1.89520410288673,5.74));
#7599=CARTESIAN_POINT('',(-6.125,-1.89520410288673,5.69));
#7600=CARTESIAN_POINT('Origin',(-5.5,-1.89520410288673,5.74));
#7601=CARTESIAN_POINT('Origin',(5.5,-1.89520410288673,5.69));
#7602=CARTESIAN_POINT('',(4.875,-1.89520410288673,5.69));
#7603=CARTESIAN_POINT('Origin',(5.5,-1.89520410288673,5.69));
#7604=CARTESIAN_POINT('',(4.875,-1.89520410288673,5.74));
#7605=CARTESIAN_POINT('',(4.875,-1.89520410288673,5.69));
#7606=CARTESIAN_POINT('Origin',(5.5,-1.89520410288673,5.74));
#7607=CARTESIAN_POINT('Origin',(-3.5,-1.89520410288673,-3.1112698372208));
#7608=CARTESIAN_POINT('',(-3.,-0.915408205773458,0.01));
#7609=CARTESIAN_POINT('',(-3.,-2.875,0.01));
#7610=CARTESIAN_POINT('Origin',(-3.5,-1.89520410288673,0.01));
#7611=CARTESIAN_POINT('',(-3.,-2.875,5.74));
#7612=CARTESIAN_POINT('',(-3.,-2.875,-3.1112698372208));
#7613=CARTESIAN_POINT('',(-3.,-0.915408205773458,5.74));
#7614=CARTESIAN_POINT('Origin',(-3.5,-1.89520410288673,5.74));
#7615=CARTESIAN_POINT('',(-3.,-0.915408205773458,-3.1112698372208));
#7616=CARTESIAN_POINT('Origin',(3.5,-1.89520410288673,-3.1112698372208));
#7617=CARTESIAN_POINT('',(2.4,-1.89520410288673,0.01));
#7618=CARTESIAN_POINT('Origin',(3.5,-1.89520410288673,0.01));
#7619=CARTESIAN_POINT('',(2.4,-1.89520410288673,5.74));
#7620=CARTESIAN_POINT('',(2.4,-1.89520410288673,-3.1112698372208));
#7621=CARTESIAN_POINT('Origin',(3.5,-1.89520410288673,5.74));
#7622=CARTESIAN_POINT('Origin',(0.,0.,0.));
#7623=CARTESIAN_POINT('',(6.5,-0.415408205773458,0.));
#7624=CARTESIAN_POINT('',(1.50000000000001,-0.415408205773458,0.));
#7625=CARTESIAN_POINT('',(1.50000000000001,-0.415408205773458,0.));
#7626=CARTESIAN_POINT('',(1.50000000000001,-2.375,0.));
#7627=CARTESIAN_POINT('',(1.50000000000001,-2.375,0.));
#7628=CARTESIAN_POINT('',(-1.5,-2.375,0.));
#7629=CARTESIAN_POINT('',(-1.5,-2.375,0.));
#7630=CARTESIAN_POINT('',(-1.5,-0.415408205773458,0.));
#7631=CARTESIAN_POINT('',(-1.5,-0.415408205773458,0.));
#7632=CARTESIAN_POINT('',(-6.5,-0.415408205773458,0.));
#7633=CARTESIAN_POINT('',(-6.5,-0.415408205773458,0.));
#7634=CARTESIAN_POINT('',(-6.5,3.375,0.));
#7635=CARTESIAN_POINT('',(-6.5,3.375,0.));
#7636=CARTESIAN_POINT('',(6.5,3.375,0.));
#7637=CARTESIAN_POINT('',(-6.5,3.375,0.));
#7638=CARTESIAN_POINT('',(6.5,3.375,0.));
#7639=CARTESIAN_POINT('',(0.500000000000007,-1.625,0.));
#7640=CARTESIAN_POINT('',(0.500000000000007,-0.665408205773458,0.));
#7641=CARTESIAN_POINT('',(0.500000000000007,-0.665408205773458,0.));
#7642=CARTESIAN_POINT('',(-0.499999999999998,-0.665408205773458,0.));
#7643=CARTESIAN_POINT('',(-0.499999999999998,-0.665408205773458,0.));
#7644=CARTESIAN_POINT('',(-0.499999999999997,-1.625,0.));
#7645=CARTESIAN_POINT('',(-0.499999999999998,-0.665408205773458,0.));
#7646=CARTESIAN_POINT('',(-0.499999999999997,-1.625,0.));
#7647=CARTESIAN_POINT('',(3.63162393162394,-0.165408205773458,0.));
#7648=CARTESIAN_POINT('',(3.12959401709402,0.892925127559875,0.));
#7649=CARTESIAN_POINT('',(3.63162393162394,-0.165408205773458,0.));
#7650=CARTESIAN_POINT('',(3.11602564102565,0.892925127559875,0.));
#7651=CARTESIAN_POINT('',(3.12959401709402,0.892925127559875,0.));
#7652=CARTESIAN_POINT('',(2.62756410256411,-0.165408205773458,0.));
#7653=CARTESIAN_POINT('',(3.11602564102565,0.892925127559875,0.));
#7654=CARTESIAN_POINT('',(2.73081096420941,-0.165408205773458,0.));
#7655=CARTESIAN_POINT('',(2.62756410256411,-0.165408205773458,0.));
#7656=CARTESIAN_POINT('',(2.88727130074787,0.173801195935944,0.));
#7657=CARTESIAN_POINT('',(2.73081096420941,-0.165408205773458,0.));
#7658=CARTESIAN_POINT('',(3.3670405982906,0.173801195935944,0.));
#7659=CARTESIAN_POINT('',(2.88727130074787,0.173801195935944,0.));
#7660=CARTESIAN_POINT('',(3.5279530582265,-0.165408205773458,0.));
#7661=CARTESIAN_POINT('',(3.3670405982906,0.173801195935944,0.));
#7662=CARTESIAN_POINT('',(3.5279530582265,-0.165408205773458,0.));
#7663=CARTESIAN_POINT('',(2.20694444444445,0.784378119012867,0.));
#7664=CARTESIAN_POINT('',(2.36976495726496,0.784378119012867,0.));
#7665=CARTESIAN_POINT('',(2.20694444444445,0.784378119012867,0.));
#7666=CARTESIAN_POINT('',(2.30764723557693,0.892925127559875,0.));
#7667=CARTESIAN_POINT('',(2.36976495726496,0.784378119012867,0.));
#7668=CARTESIAN_POINT('',(2.11196581196582,0.892925127559875,0.));
#7669=CARTESIAN_POINT('',(2.30764723557693,0.892925127559875,0.));
#7670=CARTESIAN_POINT('',(2.11196581196582,-0.165408205773458,0.));
#7671=CARTESIAN_POINT('',(2.11196581196582,0.892925127559875,0.));
#7672=CARTESIAN_POINT('',(2.20694444444445,-0.165408205773458,0.));
#7673=CARTESIAN_POINT('',(2.11196581196582,-0.165408205773458,0.));
#7674=CARTESIAN_POINT('',(2.20694444444445,-0.165408205773458,0.));
#7675=CARTESIAN_POINT('',(1.10790598290599,0.596964924568422,0.));
#7676=CARTESIAN_POINT('',(1.33750834668804,0.811514871149619,0.));
#7677=CARTESIAN_POINT('Ctrl Pts',(1.10790598290599,0.596964924568422,0.));
#7678=CARTESIAN_POINT('Ctrl Pts',(1.10809821926795,0.604186204564072,0.));
#7679=CARTESIAN_POINT('Ctrl Pts',(1.10847708022255,0.618417960744753,0.));
#7680=CARTESIAN_POINT('Ctrl Pts',(1.11182071732187,0.639283987876573,0.));
#7681=CARTESIAN_POINT('Ctrl Pts',(1.11687365606949,0.659411919673253,0.));
#7682=CARTESIAN_POINT('Ctrl Pts',(1.12411424600304,0.678863668787456,0.));
#7683=CARTESIAN_POINT('Ctrl Pts',(1.1336715221717,0.697443663578895,0.));
#7684=CARTESIAN_POINT('Ctrl Pts',(1.1453051394325,0.715174520688079,0.));
#7685=CARTESIAN_POINT('Ctrl Pts',(1.15872784908504,0.73231618397477,0.));
#7686=CARTESIAN_POINT('Ctrl Pts',(1.17425549481128,0.748388728863759,0.));
#7687=CARTESIAN_POINT('Ctrl Pts',(1.19131326389565,0.763108998140599,0.));
#7688=CARTESIAN_POINT('Ctrl Pts',(1.20933342984166,0.776148900158753,0.));
#7689=CARTESIAN_POINT('Ctrl Pts',(1.22839858041549,0.787046440805064,0.));
#7690=CARTESIAN_POINT('Ctrl Pts',(1.24842833164485,0.795979831619145,0.));
#7691=CARTESIAN_POINT('Ctrl Pts',(1.26936684263261,0.802987625457086,0.));
#7692=CARTESIAN_POINT('Ctrl Pts',(1.29125461080057,0.80784343399693,0.));
#7693=CARTESIAN_POINT('Ctrl Pts',(1.31403115858123,0.81089218509508,0.));
#7694=CARTESIAN_POINT('Ctrl Pts',(1.32958366799245,0.811304684695943,0.));
#7695=CARTESIAN_POINT('Ctrl Pts',(1.33750834668804,0.811514871149619,0.));
#7696=CARTESIAN_POINT('',(1.58279914529915,0.567284101918849,0.));
#7697=CARTESIAN_POINT('Ctrl Pts',(1.33750834668804,0.811514871149619,0.));
#7698=CARTESIAN_POINT('Ctrl Pts',(1.34578476516436,0.811298659012668,0.));
#7699=CARTESIAN_POINT('Ctrl Pts',(1.36203828449741,0.810874054075396,0.));
#7700=CARTESIAN_POINT('Ctrl Pts',(1.38590189683775,0.807903867582569,0.));
#7701=CARTESIAN_POINT('Ctrl Pts',(1.40866688194615,0.802779768224449,0.));
#7702=CARTESIAN_POINT('Ctrl Pts',(1.43039050498192,0.795771583350279,0.));
#7703=CARTESIAN_POINT('Ctrl Pts',(1.45110952259672,0.786863879301623,0.));
#7704=CARTESIAN_POINT('Ctrl Pts',(1.470723174008,0.775768994601138,0.));
#7705=CARTESIAN_POINT('Ctrl Pts',(1.48918742861755,0.762529700243108,0.));
#7706=CARTESIAN_POINT('Ctrl Pts',(1.50653699639107,0.747519341545122,0.));
#7707=CARTESIAN_POINT('Ctrl Pts',(1.52252205672695,0.73080747165364,0.));
#7708=CARTESIAN_POINT('Ctrl Pts',(1.5365667072861,0.712177792345302,0.));
#7709=CARTESIAN_POINT('Ctrl Pts',(1.5488385401343,0.691970454840233,0.));
#7710=CARTESIAN_POINT('Ctrl Pts',(1.559545617877,0.670239983596643,0.));
#7711=CARTESIAN_POINT('Ctrl Pts',(1.5682407908306,0.646789197744185,0.));
#7712=CARTESIAN_POINT('Ctrl Pts',(1.57488505298476,0.621701344135249,0.));
#7713=CARTESIAN_POINT('Ctrl Pts',(1.58014250425535,0.595085354985974,0.));
#7714=CARTESIAN_POINT('Ctrl Pts',(1.58189889024776,0.576705103136486,0.));
#7715=CARTESIAN_POINT('Ctrl Pts',(1.58279914529915,0.567284101918849,0.));
#7716=CARTESIAN_POINT('',(1.67777777777778,0.567284101918849,0.));
#7717=CARTESIAN_POINT('',(1.58279914529915,0.567284101918849,0.));
#7718=CARTESIAN_POINT('',(1.33263221153847,0.920061879696627,0.));
#7719=CARTESIAN_POINT('Ctrl Pts',(1.67777777777778,0.567284101918849,0.));
#7720=CARTESIAN_POINT('Ctrl Pts',(1.67715875770157,0.579884584648636,0.));
#7721=CARTESIAN_POINT('Ctrl Pts',(1.67594301874609,0.604631597389143,0.));
#7722=CARTESIAN_POINT('Ctrl Pts',(1.67024970270742,0.640712873847914,0.));
#7723=CARTESIAN_POINT('Ctrl Pts',(1.66210329460023,0.675200872509956,0.));
#7724=CARTESIAN_POINT('Ctrl Pts',(1.65058516445766,0.707818679829353,0.));
#7725=CARTESIAN_POINT('Ctrl Pts',(1.63628064713204,0.738854700110903,0.));
#7726=CARTESIAN_POINT('Ctrl Pts',(1.61912656742401,0.768185657236601,0.));
#7727=CARTESIAN_POINT('Ctrl Pts',(1.59880842691162,0.795699659538398,0.));
#7728=CARTESIAN_POINT('Ctrl Pts',(1.57576496209312,0.821141643106313,0.));
#7729=CARTESIAN_POINT('Ctrl Pts',(1.55073730218839,0.844481694276589,0.));
#7730=CARTESIAN_POINT('Ctrl Pts',(1.52373288715786,0.864636970077501,0.));
#7731=CARTESIAN_POINT('Ctrl Pts',(1.49535593843081,0.881666361179812,0.));
#7732=CARTESIAN_POINT('Ctrl Pts',(1.46569254874366,0.895902831921784,0.));
#7733=CARTESIAN_POINT('Ctrl Pts',(1.43440804500068,0.906588928188835,0.));
#7734=CARTESIAN_POINT('Ctrl Pts',(1.40178632370161,0.914517852545462,0.));
#7735=CARTESIAN_POINT('Ctrl Pts',(1.36768406102542,0.919288318989843,0.));
#7736=CARTESIAN_POINT('Ctrl Pts',(1.3444491019779,0.919801092255904,0.));
#7737=CARTESIAN_POINT('Ctrl Pts',(1.33263221153847,0.920061879696627,0.));
#7738=CARTESIAN_POINT('',(1.01292735042735,0.605445159611157,0.));
#7739=CARTESIAN_POINT('Ctrl Pts',(1.33263221153847,0.920061879696627,0.));
#7740=CARTESIAN_POINT('Ctrl Pts',(1.32102741294539,0.919790203580986,0.));
#7741=CARTESIAN_POINT('Ctrl Pts',(1.29822439825166,0.919256369718449,0.));
#7742=CARTESIAN_POINT('Ctrl Pts',(1.26494374150043,0.914671963249549,0.));
#7743=CARTESIAN_POINT('Ctrl Pts',(1.2332610834127,0.907491748636021,0.));
#7744=CARTESIAN_POINT('Ctrl Pts',(1.20323835401203,0.897417801322239,0.));
#7745=CARTESIAN_POINT('Ctrl Pts',(1.17511509162977,0.88387584351545,0.));
#7746=CARTESIAN_POINT('Ctrl Pts',(1.14868002815678,0.867608492540248,0.));
#7747=CARTESIAN_POINT('Ctrl Pts',(1.12361844965569,0.84879440067295,0.));
#7748=CARTESIAN_POINT('Ctrl Pts',(1.10105877937296,0.826643842796889,0.));
#7749=CARTESIAN_POINT('Ctrl Pts',(1.08034324112772,0.802996931302279,0.));
#7750=CARTESIAN_POINT('Ctrl Pts',(1.06247184492933,0.777751779495748,0.));
#7751=CARTESIAN_POINT('Ctrl Pts',(1.04716738835525,0.751677685958111,0.));
#7752=CARTESIAN_POINT('Ctrl Pts',(1.03441063753404,0.724575825003703,0.));
#7753=CARTESIAN_POINT('Ctrl Pts',(1.02501985266435,0.696191014031293,0.));
#7754=CARTESIAN_POINT('Ctrl Pts',(1.01789025166499,0.666936502710962,0.));
#7755=CARTESIAN_POINT('Ctrl Pts',(1.01386029562121,0.636509476525644,0.));
#7756=CARTESIAN_POINT('Ctrl Pts',(1.01324179851591,0.615915351365492,0.));
#7757=CARTESIAN_POINT('Ctrl Pts',(1.01292735042735,0.605445159611157,0.));
#7758=CARTESIAN_POINT('',(1.22705328525641,0.225742635572696,0.));
#7759=CARTESIAN_POINT('Ctrl Pts',(1.01292735042735,0.605445159611157,0.));
#7760=CARTESIAN_POINT('Ctrl Pts',(1.01343936086253,0.590704742965912,0.));
#7761=CARTESIAN_POINT('Ctrl Pts',(1.01445439667465,0.561482583117921,0.));
#7762=CARTESIAN_POINT('Ctrl Pts',(1.02313707720813,0.518539993667572,0.));
#7763=CARTESIAN_POINT('Ctrl Pts',(1.03669780794414,0.476934364562791,0.));
#7764=CARTESIAN_POINT('Ctrl Pts',(1.0530255801343,0.443449513694399,0.));
#7765=CARTESIAN_POINT('Ctrl Pts',(1.06949700964818,0.416467004867868,0.));
#7766=CARTESIAN_POINT('Ctrl Pts',(1.08434013694436,0.394251467904042,0.));
#7767=CARTESIAN_POINT('Ctrl Pts',(1.10171640122952,0.370331481033914,0.));
#7768=CARTESIAN_POINT('Ctrl Pts',(1.12187870894681,0.344787143304171,0.));
#7769=CARTESIAN_POINT('Ctrl Pts',(1.14440998219239,0.317418369619607,0.));
#7770=CARTESIAN_POINT('Ctrl Pts',(1.1695143030169,0.288241693391992,0.));
#7771=CARTESIAN_POINT('Ctrl Pts',(1.19737068924718,0.257558562994024,0.));
#7772=CARTESIAN_POINT('Ctrl Pts',(1.2169221882848,0.236601869241038,0.));
#7773=CARTESIAN_POINT('Ctrl Pts',(1.22705328525641,0.225742635572696,0.));
#7774=CARTESIAN_POINT('',(1.49184862446582,-0.0568611972264495,0.));
#7775=CARTESIAN_POINT('',(1.22705328525641,0.225742635572696,0.));
#7776=CARTESIAN_POINT('',(0.999358974358978,-0.0568611972264495,0.));
#7777=CARTESIAN_POINT('',(1.49184862446582,-0.0568611972264495,0.));
#7778=CARTESIAN_POINT('',(0.999358974358978,-0.165408205773458,0.));
#7779=CARTESIAN_POINT('',(0.999358974358978,-0.0568611972264495,0.));
#7780=CARTESIAN_POINT('',(1.71848290598291,-0.165408205773458,0.));
#7781=CARTESIAN_POINT('',(0.999358974358978,-0.165408205773458,0.));
#7782=CARTESIAN_POINT('',(1.30803952991453,0.272595934183807,0.));
#7783=CARTESIAN_POINT('',(1.71848290598291,-0.165408205773458,0.));
#7784=CARTESIAN_POINT('Ctrl Pts',(1.30803952991453,0.272595934183807,0.));
#7785=CARTESIAN_POINT('Ctrl Pts',(1.2980464784274,0.283027564973505,0.));
#7786=CARTESIAN_POINT('Ctrl Pts',(1.27885187165573,0.303064592827632,0.));
#7787=CARTESIAN_POINT('Ctrl Pts',(1.25170333057295,0.33231782124911,0.));
#7788=CARTESIAN_POINT('Ctrl Pts',(1.227319636488,0.359456372857489,0.));
#7789=CARTESIAN_POINT('Ctrl Pts',(1.20554294867367,0.384428972029987,0.));
#7790=CARTESIAN_POINT('Ctrl Pts',(1.1868456744321,0.407600898482441,0.));
#7791=CARTESIAN_POINT('Ctrl Pts',(1.17025335667646,0.428221677900643,0.));
#7792=CARTESIAN_POINT('Ctrl Pts',(1.15695899940331,0.447197428350891,0.));
#7793=CARTESIAN_POINT('Ctrl Pts',(1.14253077261204,0.469192804462537,0.));
#7794=CARTESIAN_POINT('Ctrl Pts',(1.12855654490353,0.496047957512787,0.));
#7795=CARTESIAN_POINT('Ctrl Pts',(1.11654828486274,0.528866477836961,0.));
#7796=CARTESIAN_POINT('Ctrl Pts',(1.10922617592709,0.562650670908034,0.));
#7797=CARTESIAN_POINT('Ctrl Pts',(1.10834780900032,0.585481048777089,0.));
#7798=CARTESIAN_POINT('Ctrl Pts',(1.10790598290599,0.596964924568422,0.));
#7799=CARTESIAN_POINT('',(0.782264957264961,0.363758460893209,0.));
#7800=CARTESIAN_POINT('',(0.673717948717953,0.892925127559875,0.));
#7801=CARTESIAN_POINT('',(0.782264957264961,0.363758460893209,0.));
#7802=CARTESIAN_POINT('',(0.239529914529918,0.892925127559875,0.));
#7803=CARTESIAN_POINT('',(0.673717948717953,0.892925127559875,0.));
#7804=CARTESIAN_POINT('',(0.239529914529918,0.784378119012867,0.));
#7805=CARTESIAN_POINT('',(0.239529914529918,0.892925127559875,0.));
#7806=CARTESIAN_POINT('',(0.599515892094021,0.784378119012867,0.));
#7807=CARTESIAN_POINT('',(0.239529914529918,0.784378119012867,0.));
#7808=CARTESIAN_POINT('',(0.656545472756414,0.506014403735089,0.));
#7809=CARTESIAN_POINT('',(0.599515892094021,0.784378119012867,0.));
#7810=CARTESIAN_POINT('',(0.531886017628209,0.526578973713721,0.));
#7811=CARTESIAN_POINT('Ctrl Pts',(0.656545472756414,0.506014403735089,0.));
#7812=CARTESIAN_POINT('Ctrl Pts',(0.645340482171995,0.509107843068191,0.));
#7813=CARTESIAN_POINT('Ctrl Pts',(0.623632585098872,0.515100892516916,0.));
#7814=CARTESIAN_POINT('Ctrl Pts',(0.591592341426508,0.521755018337262,0.));
#7815=CARTESIAN_POINT('Ctrl Pts',(0.561175175138852,0.52576623594512,0.));
#7816=CARTESIAN_POINT('Ctrl Pts',(0.541437146467103,0.526313941742852,0.));
#7817=CARTESIAN_POINT('Ctrl Pts',(0.531886017628209,0.526578973713721,0.));
#7818=CARTESIAN_POINT('',(0.19882478632479,0.180373378094063,0.));
#7819=CARTESIAN_POINT('Ctrl Pts',(0.531886017628209,0.526578973713721,0.));
#7820=CARTESIAN_POINT('Ctrl Pts',(0.520067839191424,0.526323178872723,0.));
#7821=CARTESIAN_POINT('Ctrl Pts',(0.496830347619302,0.525820222305119,0.));
#7822=CARTESIAN_POINT('Ctrl Pts',(0.462830951742657,0.520990639258867,0.));
#7823=CARTESIAN_POINT('Ctrl Pts',(0.430375529269559,0.513388807930195,0.));
#7824=CARTESIAN_POINT('Ctrl Pts',(0.39953195543052,0.502769031119338,0.));
#7825=CARTESIAN_POINT('Ctrl Pts',(0.370243169880677,0.489189183224859,0.));
#7826=CARTESIAN_POINT('Ctrl Pts',(0.342778645337757,0.472225629830948,0.));
#7827=CARTESIAN_POINT('Ctrl Pts',(0.316726133553645,0.452409598745222,0.));
#7828=CARTESIAN_POINT('Ctrl Pts',(0.292553015857978,0.429626702271718,0.));
#7829=CARTESIAN_POINT('Ctrl Pts',(0.270623046484148,0.40455278482523,0.));
#7830=CARTESIAN_POINT('Ctrl Pts',(0.251341425799132,0.377593142866843,0.));
#7831=CARTESIAN_POINT('Ctrl Pts',(0.234963690159506,0.349009778364245,0.));
#7832=CARTESIAN_POINT('Ctrl Pts',(0.221791747613541,0.318529594293403,0.));
#7833=CARTESIAN_POINT('Ctrl Pts',(0.211273627487242,0.286489564571695,0.));
#7834=CARTESIAN_POINT('Ctrl Pts',(0.204272905236854,0.252552569371374,0.));
#7835=CARTESIAN_POINT('Ctrl Pts',(0.199611186098558,0.217038494986376,0.));
#7836=CARTESIAN_POINT('Ctrl Pts',(0.199090369282875,0.192755922605896,0.));
#7837=CARTESIAN_POINT('Ctrl Pts',(0.19882478632479,0.180373378094063,0.));
#7838=CARTESIAN_POINT('',(0.567927016559833,-0.19254495791021,0.));
#7839=CARTESIAN_POINT('Ctrl Pts',(0.19882478632479,0.180373378094063,0.));
#7840=CARTESIAN_POINT('Ctrl Pts',(0.199025892419357,0.171748801940018,0.));
#7841=CARTESIAN_POINT('Ctrl Pts',(0.199425386833638,0.154616203315894,0.));
#7842=CARTESIAN_POINT('Ctrl Pts',(0.20145695976523,0.12917259977534,0.));
#7843=CARTESIAN_POINT('Ctrl Pts',(0.205368473908447,0.104267647867108,0.));
#7844=CARTESIAN_POINT('Ctrl Pts',(0.210620142863718,0.0798980436682606,
0.));
#7845=CARTESIAN_POINT('Ctrl Pts',(0.217436540677097,0.0561099239855259,
0.));
#7846=CARTESIAN_POINT('Ctrl Pts',(0.225688230785658,0.0328352000648116,
0.));
#7847=CARTESIAN_POINT('Ctrl Pts',(0.235786553389829,0.0102187356448559,
0.));
#7848=CARTESIAN_POINT('Ctrl Pts',(0.246863183527646,-0.0119534671361432,
0.));
#7849=CARTESIAN_POINT('Ctrl Pts',(0.259335332838325,-0.0331801585974037,
0.));
#7850=CARTESIAN_POINT('Ctrl Pts',(0.273177881486059,-0.0530311616710253,
0.));
#7851=CARTESIAN_POINT('Ctrl Pts',(0.287802684784239,-0.0718042658328176,
0.));
#7852=CARTESIAN_POINT('Ctrl Pts',(0.303539008482338,-0.0892981327189292,
0.));
#7853=CARTESIAN_POINT('Ctrl Pts',(0.320533118909242,-0.10539780717705,0.));
#7854=CARTESIAN_POINT('Ctrl Pts',(0.338579204126949,-0.120198835156224,
0.));
#7855=CARTESIAN_POINT('Ctrl Pts',(0.357533264404803,-0.133951523128826,
0.));
#7856=CARTESIAN_POINT('Ctrl Pts',(0.377688540058998,-0.146097620241419,
0.));
#7857=CARTESIAN_POINT('Ctrl Pts',(0.398595909907504,-0.157274514125716,
0.));
#7858=CARTESIAN_POINT('Ctrl Pts',(0.420557299376174,-0.166443774224736,
0.));
#7859=CARTESIAN_POINT('Ctrl Pts',(0.443072796895467,-0.174641481526614,
0.));
#7860=CARTESIAN_POINT('Ctrl Pts',(0.466466461658667,-0.181175791066311,
0.));
#7861=CARTESIAN_POINT('Ctrl Pts',(0.490685304997243,-0.186295873028107,
0.));
#7862=CARTESIAN_POINT('Ctrl Pts',(0.515769249012066,-0.189773435591235,
0.));
#7863=CARTESIAN_POINT('Ctrl Pts',(0.541586737328771,-0.192306310731044,
0.));
#7864=CARTESIAN_POINT('Ctrl Pts',(0.559087038751732,-0.192464866285164,
0.));
#7865=CARTESIAN_POINT('Ctrl Pts',(0.567927016559833,-0.19254495791021,0.));
#7866=CARTESIAN_POINT('',(0.89081196581197,0.105959315594063,0.));
#7867=CARTESIAN_POINT('Ctrl Pts',(0.567927016559833,-0.19254495791021,0.));
#7868=CARTESIAN_POINT('Ctrl Pts',(0.578472304534073,-0.192336061662619,
0.));
#7869=CARTESIAN_POINT('Ctrl Pts',(0.599218912865962,-0.191925082973239,
0.));
#7870=CARTESIAN_POINT('Ctrl Pts',(0.629614417670935,-0.187625683860697,
0.));
#7871=CARTESIAN_POINT('Ctrl Pts',(0.658859072249672,-0.181468023427714,
0.));
#7872=CARTESIAN_POINT('Ctrl Pts',(0.686717459980607,-0.17220419897357,0.));
#7873=CARTESIAN_POINT('Ctrl Pts',(0.713439246862905,-0.160596612245813,
0.));
#7874=CARTESIAN_POINT('Ctrl Pts',(0.738664687718105,-0.145926246103148,
0.));
#7875=CARTESIAN_POINT('Ctrl Pts',(0.763038339046866,-0.129301612351065,
0.));
#7876=CARTESIAN_POINT('Ctrl Pts',(0.785569359683025,-0.109683029430761,
0.));
#7877=CARTESIAN_POINT('Ctrl Pts',(0.806480851136943,-0.0882394779590256,
0.));
#7878=CARTESIAN_POINT('Ctrl Pts',(0.825200200247734,-0.0649689531303363,
0.));
#7879=CARTESIAN_POINT('Ctrl Pts',(0.841871543689533,-0.0402555265947784,
0.));
#7880=CARTESIAN_POINT('Ctrl Pts',(0.856227910040921,-0.0139791800052156,
0.));
#7881=CARTESIAN_POINT('Ctrl Pts',(0.868473740296117,0.0137910424449745,
0.));
#7882=CARTESIAN_POINT('Ctrl Pts',(0.878093986751216,0.043159187952776,0.));
#7883=CARTESIAN_POINT('Ctrl Pts',(0.885858632174493,0.0739718081915948,
0.));
#7884=CARTESIAN_POINT('Ctrl Pts',(0.889143523604248,0.0951848934823989,
0.));
#7885=CARTESIAN_POINT('Ctrl Pts',(0.89081196581197,0.105959315594063,0.));
#7886=CARTESIAN_POINT('',(0.795833333333337,0.105959315594063,0.));
#7887=CARTESIAN_POINT('',(0.89081196581197,0.105959315594063,0.));
#7888=CARTESIAN_POINT('',(0.562414863782055,-0.0839979493632017,0.));
#7889=CARTESIAN_POINT('Ctrl Pts',(0.795833333333337,0.105959315594063,0.));
#7890=CARTESIAN_POINT('Ctrl Pts',(0.793496364789169,0.0958669121155423,
0.));
#7891=CARTESIAN_POINT('Ctrl Pts',(0.789004581484428,0.0764687522375918,
0.));
#7892=CARTESIAN_POINT('Ctrl Pts',(0.77914522412371,0.0492147514059248,0.));
#7893=CARTESIAN_POINT('Ctrl Pts',(0.767090542730769,0.024927748056274,0.));
#7894=CARTESIAN_POINT('Ctrl Pts',(0.752756370709355,0.00328646930451108,
0.));
#7895=CARTESIAN_POINT('Ctrl Pts',(0.73565671863376,-0.0155848227278305,
0.));
#7896=CARTESIAN_POINT('Ctrl Pts',(0.716144248454087,-0.0324023628852026,
0.));
#7897=CARTESIAN_POINT('Ctrl Pts',(0.694267675010511,-0.0475743662770999,
0.));
#7898=CARTESIAN_POINT('Ctrl Pts',(0.669958293703305,-0.0602207744534301,
0.));
#7899=CARTESIAN_POINT('Ctrl Pts',(0.64431243400405,-0.0710063260767709,
0.));
#7900=CARTESIAN_POINT('Ctrl Pts',(0.617470920501151,-0.0781883862169191,
0.));
#7901=CARTESIAN_POINT('Ctrl Pts',(0.590164606211083,-0.0832384181003406,
0.));
#7902=CARTESIAN_POINT('Ctrl Pts',(0.57169567046119,-0.0837439267236979,
0.));
#7903=CARTESIAN_POINT('Ctrl Pts',(0.562414863782055,-0.0839979493632017,
0.));
#7904=CARTESIAN_POINT('',(0.293803418803423,0.184401489739362,0.));
#7905=CARTESIAN_POINT('Ctrl Pts',(0.562414863782055,-0.0839979493632017,
0.));
#7906=CARTESIAN_POINT('Ctrl Pts',(0.553356000827304,-0.0837497617585633,
0.));
#7907=CARTESIAN_POINT('Ctrl Pts',(0.535519025546473,-0.0832610783342686,
0.));
#7908=CARTESIAN_POINT('Ctrl Pts',(0.509268915760731,-0.0794997580118602,
0.));
#7909=CARTESIAN_POINT('Ctrl Pts',(0.483925499037704,-0.0737068733545573,
0.));
#7910=CARTESIAN_POINT('Ctrl Pts',(0.459738845922493,-0.0650376552999405,
0.));
#7911=CARTESIAN_POINT('Ctrl Pts',(0.436285713713425,-0.0545012761568978,
0.));
#7912=CARTESIAN_POINT('Ctrl Pts',(0.414159359323584,-0.0409802889459056,
0.));
#7913=CARTESIAN_POINT('Ctrl Pts',(0.392719679807239,-0.0254197595589629,
0.));
#7914=CARTESIAN_POINT('Ctrl Pts',(0.372633077528254,-0.00759239761727233,
0.));
#7915=CARTESIAN_POINT('Ctrl Pts',(0.354236386918817,0.0120532005175968,
0.));
#7916=CARTESIAN_POINT('Ctrl Pts',(0.337981559814037,0.0330618409103677,
0.));
#7917=CARTESIAN_POINT('Ctrl Pts',(0.324441874087558,0.0554733635554752,
0.));
#7918=CARTESIAN_POINT('Ctrl Pts',(0.313031798310295,0.0788997692984911,
0.));
#7919=CARTESIAN_POINT('Ctrl Pts',(0.304367586523451,0.103597809207211,0.));
#7920=CARTESIAN_POINT('Ctrl Pts',(0.298186623153699,0.129451735985539,0.));
#7921=CARTESIAN_POINT('Ctrl Pts',(0.294557126796678,0.156525408571769,0.));
#7922=CARTESIAN_POINT('Ctrl Pts',(0.294057841424201,0.17499160462315,0.));
#7923=CARTESIAN_POINT('Ctrl Pts',(0.293803418803423,0.184401489739362,0.));
#7924=CARTESIAN_POINT('',(0.549058493589747,0.418031965166713,0.));
#7925=CARTESIAN_POINT('Ctrl Pts',(0.293803418803423,0.184401489739362,0.));
#7926=CARTESIAN_POINT('Ctrl Pts',(0.2940025304501,0.192891062253391,0.));
#7927=CARTESIAN_POINT('Ctrl Pts',(0.294392263167976,0.209508192515317,0.));
#7928=CARTESIAN_POINT('Ctrl Pts',(0.297576507045298,0.233819381129693,0.));
#7929=CARTESIAN_POINT('Ctrl Pts',(0.303115210590346,0.256822420111366,0.));
#7930=CARTESIAN_POINT('Ctrl Pts',(0.310802907621927,0.278628390860031,0.));
#7931=CARTESIAN_POINT('Ctrl Pts',(0.320563615912801,0.299257860331936,0.));
#7932=CARTESIAN_POINT('Ctrl Pts',(0.332491429399684,0.31873211901152,0.));
#7933=CARTESIAN_POINT('Ctrl Pts',(0.346810194968315,0.336794492391002,0.));
#7934=CARTESIAN_POINT('Ctrl Pts',(0.363166551755839,0.353453431220542,0.));
#7935=CARTESIAN_POINT('Ctrl Pts',(0.381085054612438,0.368827952908363,0.));
#7936=CARTESIAN_POINT('Ctrl Pts',(0.400873995826331,0.381934379049785,0.));
#7937=CARTESIAN_POINT('Ctrl Pts',(0.422119259404864,0.392960373196886,0.));
#7938=CARTESIAN_POINT('Ctrl Pts',(0.444564876387114,0.402475696505293,0.));
#7939=CARTESIAN_POINT('Ctrl Pts',(0.468744738579018,0.409309731423665,0.));
#7940=CARTESIAN_POINT('Ctrl Pts',(0.494180005988979,0.414440496783537,0.));
#7941=CARTESIAN_POINT('Ctrl Pts',(0.521145343868178,0.417408475498156,0.));
#7942=CARTESIAN_POINT('Ctrl Pts',(0.539581718613445,0.417820284602251,0.));
#7943=CARTESIAN_POINT('Ctrl Pts',(0.549058493589747,0.418031965166713,0.));
#7944=CARTESIAN_POINT('Ctrl Pts',(0.549058493589747,0.418031965166713,0.));
#7945=CARTESIAN_POINT('Ctrl Pts',(0.557261764919309,0.417856405459539,0.));
#7946=CARTESIAN_POINT('Ctrl Pts',(0.574199439029397,0.417493919204055,0.));
#7947=CARTESIAN_POINT('Ctrl Pts',(0.600180865207056,0.414824954687523,0.));
#7948=CARTESIAN_POINT('Ctrl Pts',(0.627483362392875,0.41051926327711,0.));
#7949=CARTESIAN_POINT('Ctrl Pts',(0.656002269382489,0.404596755113809,0.));
#7950=CARTESIAN_POINT('Ctrl Pts',(0.685823232546969,0.396846405712985,0.));
#7951=CARTESIAN_POINT('Ctrl Pts',(0.716883320385931,0.387558925761922,0.));
#7952=CARTESIAN_POINT('Ctrl Pts',(0.749247839095716,0.376454892817573,0.));
#7953=CARTESIAN_POINT('Ctrl Pts',(0.771054865282955,0.368069199613221,0.));
#7954=CARTESIAN_POINT('Ctrl Pts',(0.782264957264961,0.363758460893209,0.));
#7955=CARTESIAN_POINT('',(-0.38461538461538,-0.165408205773458,0.));
#7956=CARTESIAN_POINT('',(-0.371047008547004,-0.165408205773458,0.));
#7957=CARTESIAN_POINT('',(-0.38461538461538,-0.165408205773458,0.));
#7958=CARTESIAN_POINT('',(0.076709401709406,0.892925127559875,0.));
#7959=CARTESIAN_POINT('',(-0.371047008547004,-0.165408205773458,0.));
#7960=CARTESIAN_POINT('',(-0.0250534188034145,0.892925127559875,0.));
#7961=CARTESIAN_POINT('',(0.076709401709406,0.892925127559875,0.));
#7962=CARTESIAN_POINT('',(-0.377831196581192,0.0588940111068838,0.));
#7963=CARTESIAN_POINT('',(-0.0250534188034145,0.892925127559875,0.));
#7964=CARTESIAN_POINT('',(-0.73060897435897,0.892925127559875,0.));
#7965=CARTESIAN_POINT('',(-0.377831196581192,0.0588940111068838,0.));
#7966=CARTESIAN_POINT('',(-0.832371794871791,0.892925127559875,0.));
#7967=CARTESIAN_POINT('',(-0.73060897435897,0.892925127559875,0.));
#7968=CARTESIAN_POINT('',(-0.832371794871791,0.892925127559875,0.));
#7969=CARTESIAN_POINT('',(-2.08066239316239,0.369906631299191,0.));
#7970=CARTESIAN_POINT('',(-2.65011017628205,0.920061879696627,0.));
#7971=CARTESIAN_POINT('Ctrl Pts',(-2.08066239316239,0.369906631299191,0.));
#7972=CARTESIAN_POINT('Ctrl Pts',(-2.08113265407131,0.388943161298578,0.));
#7973=CARTESIAN_POINT('Ctrl Pts',(-2.08205786305145,0.426396345630461,0.));
#7974=CARTESIAN_POINT('Ctrl Pts',(-2.08991849644409,0.481361326744074,0.));
#7975=CARTESIAN_POINT('Ctrl Pts',(-2.1025637038639,0.534021392587797,0.));
#7976=CARTESIAN_POINT('Ctrl Pts',(-2.12052419160572,0.584278239165561,0.));
#7977=CARTESIAN_POINT('Ctrl Pts',(-2.14329509545283,0.63239620485478,0.));
#7978=CARTESIAN_POINT('Ctrl Pts',(-2.17142457154239,0.678007712034632,0.));
#7979=CARTESIAN_POINT('Ctrl Pts',(-2.2045858264522,0.721404458597439,0.));
#7980=CARTESIAN_POINT('Ctrl Pts',(-2.24251878144225,0.761927966727884,0.));
#7981=CARTESIAN_POINT('Ctrl Pts',(-2.2841165233067,0.79898153287795,0.));
#7982=CARTESIAN_POINT('Ctrl Pts',(-2.32866292655409,0.831580075439944,0.));
#7983=CARTESIAN_POINT('Ctrl Pts',(-2.37607080099581,0.858708943373001,0.));
#7984=CARTESIAN_POINT('Ctrl Pts',(-2.42581786566914,0.881386354392327,0.));
#7985=CARTESIAN_POINT('Ctrl Pts',(-2.47827663128572,0.898816942054832,0.));
#7986=CARTESIAN_POINT('Ctrl Pts',(-2.5333351738546,0.91101897707714,0.));
#7987=CARTESIAN_POINT('Ctrl Pts',(-2.59089003618131,0.918613914621941,0.));
#7988=CARTESIAN_POINT('Ctrl Pts',(-2.63015796012766,0.919574037011605,0.));
#7989=CARTESIAN_POINT('Ctrl Pts',(-2.65011017628205,0.920061879696627,0.));
#7990=CARTESIAN_POINT('',(-3.11185897435897,0.698727745081243,0.));
#7991=CARTESIAN_POINT('Ctrl Pts',(-2.65011017628205,0.920061879696627,0.));
#7992=CARTESIAN_POINT('Ctrl Pts',(-2.6622702666087,0.919916090291294,0.));
#7993=CARTESIAN_POINT('Ctrl Pts',(-2.68633994079071,0.91962751484561,0.));
#7994=CARTESIAN_POINT('Ctrl Pts',(-2.72194609997254,0.916813514729995,0.));
#7995=CARTESIAN_POINT('Ctrl Pts',(-2.7566117559768,0.912122495704174,0.));
#7996=CARTESIAN_POINT('Ctrl Pts',(-2.79036079102052,0.905737398403544,0.));
#7997=CARTESIAN_POINT('Ctrl Pts',(-2.82335739163426,0.897812803578219,0.));
#7998=CARTESIAN_POINT('Ctrl Pts',(-2.85534936923325,0.88748942765868,0.));
#7999=CARTESIAN_POINT('Ctrl Pts',(-2.8865244483566,0.875685524141819,0.));
#8000=CARTESIAN_POINT('Ctrl Pts',(-2.91668601344804,0.862090940393932,0.));
#8001=CARTESIAN_POINT('Ctrl Pts',(-2.94568935122857,0.846830759063767,0.));
#8002=CARTESIAN_POINT('Ctrl Pts',(-2.97352542849269,0.830074130039051,0.));
#8003=CARTESIAN_POINT('Ctrl Pts',(-2.99997313576858,0.811841826946044,0.));
#8004=CARTESIAN_POINT('Ctrl Pts',(-3.02521857327201,0.792288914381699,0.));
#8005=CARTESIAN_POINT('Ctrl Pts',(-3.04883942757358,0.771001730975707,0.));
#8006=CARTESIAN_POINT('Ctrl Pts',(-3.07150635084494,0.748565791240811,0.));
#8007=CARTESIAN_POINT('Ctrl Pts',(-3.09244958162238,0.724334849174189,0.));
#8008=CARTESIAN_POINT('Ctrl Pts',(-3.10537733344203,0.707279071539819,0.));
#8009=CARTESIAN_POINT('Ctrl Pts',(-3.11185897435897,0.698727745081243,0.));
#8010=CARTESIAN_POINT('',(-3.02875267094017,0.635125982260729,0.));
#8011=CARTESIAN_POINT('',(-3.11185897435897,0.698727745081243,0.));
#8012=CARTESIAN_POINT('',(-2.64417401175213,0.811514871149619,0.));
#8013=CARTESIAN_POINT('Ctrl Pts',(-3.02875267094017,0.635125982260729,0.));
#8014=CARTESIAN_POINT('Ctrl Pts',(-3.02282422374675,0.642191406471572,0.));
#8015=CARTESIAN_POINT('Ctrl Pts',(-3.01104725768302,0.656226997654578,0.));
#8016=CARTESIAN_POINT('Ctrl Pts',(-2.99210030834841,0.67593605038865,0.));
#8017=CARTESIAN_POINT('Ctrl Pts',(-2.97235433537743,0.694401022295042,0.));
#8018=CARTESIAN_POINT('Ctrl Pts',(-2.95181688681926,0.711709876373309,0.));
#8019=CARTESIAN_POINT('Ctrl Pts',(-2.93011829592678,0.727257326964532,0.));
#8020=CARTESIAN_POINT('Ctrl Pts',(-2.90778419728256,0.741853589044893,0.));
#8021=CARTESIAN_POINT('Ctrl Pts',(-2.88444097885105,0.754936928851323,0.));
#8022=CARTESIAN_POINT('Ctrl Pts',(-2.85216128766064,0.770800736557811,0.));
#8023=CARTESIAN_POINT('Ctrl Pts',(-2.80993443829967,0.7873549310496,0.));
#8024=CARTESIAN_POINT('Ctrl Pts',(-2.75677742743708,0.801235193847518,0.));
#8025=CARTESIAN_POINT('Ctrl Pts',(-2.70128716670481,0.81007112078063,0.));
#8026=CARTESIAN_POINT('Ctrl Pts',(-2.66342979729379,0.811028108555187,0.));
#8027=CARTESIAN_POINT('Ctrl Pts',(-2.64417401175213,0.811514871149619,0.));
#8028=CARTESIAN_POINT('',(-2.17564102564102,0.362698431512867,0.));
#8029=CARTESIAN_POINT('Ctrl Pts',(-2.64417401175213,0.811514871149619,0.));
#8030=CARTESIAN_POINT('Ctrl Pts',(-2.63356549028491,0.811392720581167,0.));
#8031=CARTESIAN_POINT('Ctrl Pts',(-2.6124469044361,0.811149553116757,0.));
#8032=CARTESIAN_POINT('Ctrl Pts',(-2.58110558030619,0.807941555733362,0.));
#8033=CARTESIAN_POINT('Ctrl Pts',(-2.55034949103551,0.803432689838934,0.));
#8034=CARTESIAN_POINT('Ctrl Pts',(-2.52019864291702,0.796742413530891,0.));
#8035=CARTESIAN_POINT('Ctrl Pts',(-2.49069141497777,0.788284026333646,0.));
#8036=CARTESIAN_POINT('Ctrl Pts',(-2.46163490292459,0.77817681783767,0.));
#8037=CARTESIAN_POINT('Ctrl Pts',(-2.43344979298594,0.765671901975261,0.));
#8038=CARTESIAN_POINT('Ctrl Pts',(-2.40574618285926,0.751850594797815,0.));
#8039=CARTESIAN_POINT('Ctrl Pts',(-2.37920342143925,0.736239438887338,0.));
#8040=CARTESIAN_POINT('Ctrl Pts',(-2.35408915699229,0.719211353913638,0.));
#8041=CARTESIAN_POINT('Ctrl Pts',(-2.33049498573994,0.700956889037801,0.));
#8042=CARTESIAN_POINT('Ctrl Pts',(-2.30840224349966,0.681407625918799,0.));
#8043=CARTESIAN_POINT('Ctrl Pts',(-2.28778834483632,0.660651604536911,0.));
#8044=CARTESIAN_POINT('Ctrl Pts',(-2.2688026579976,0.638467625056403,0.));
#8045=CARTESIAN_POINT('Ctrl Pts',(-2.25151087917926,0.614926610683328,0.));
#8046=CARTESIAN_POINT('Ctrl Pts',(-2.2355702549339,0.590338985064494,0.));
#8047=CARTESIAN_POINT('Ctrl Pts',(-2.22129402365758,0.564776367117754,0.));
#8048=CARTESIAN_POINT('Ctrl Pts',(-2.20934094107986,0.538144143437541,0.));
#8049=CARTESIAN_POINT('Ctrl Pts',(-2.19875605888911,0.510898378949575,0.));
#8050=CARTESIAN_POINT('Ctrl Pts',(-2.19038033551757,0.482731242222801,0.));
#8051=CARTESIAN_POINT('Ctrl Pts',(-2.18375077923761,0.453840929694011,0.));
#8052=CARTESIAN_POINT('Ctrl Pts',(-2.17917646200968,0.42414990571866,0.));
#8053=CARTESIAN_POINT('Ctrl Pts',(-2.17600494810093,0.393720197840446,0.));
#8054=CARTESIAN_POINT('Ctrl Pts',(-2.17576298984761,0.373095000930846,0.));
#8055=CARTESIAN_POINT('Ctrl Pts',(-2.17564102564102,0.362698431512867,0.));
#8056=CARTESIAN_POINT('',(-2.65074619391025,-0.0839979493632017,0.));
#8057=CARTESIAN_POINT('Ctrl Pts',(-2.17564102564102,0.362698431512867,0.));
#8058=CARTESIAN_POINT('Ctrl Pts',(-2.1760225756792,0.347055865726712,0.));
#8059=CARTESIAN_POINT('Ctrl Pts',(-2.17677169856907,0.316343762688907,0.));
#8060=CARTESIAN_POINT('Ctrl Pts',(-2.18343869482673,0.27135836378715,0.));
#8061=CARTESIAN_POINT('Ctrl Pts',(-2.1935699962402,0.228262826715496,0.));
#8062=CARTESIAN_POINT('Ctrl Pts',(-2.20875423021838,0.187326541064337,0.));
#8063=CARTESIAN_POINT('Ctrl Pts',(-2.22747737169738,0.148044728032512,0.));
#8064=CARTESIAN_POINT('Ctrl Pts',(-2.25113584231923,0.111082027121521,0.));
#8065=CARTESIAN_POINT('Ctrl Pts',(-2.27853655718888,0.0758798754716024,
0.));
#8066=CARTESIAN_POINT('Ctrl Pts',(-2.3100671554545,0.0432702222238597,0.));
#8067=CARTESIAN_POINT('Ctrl Pts',(-2.34466129505125,0.0134815481456257,
0.));
#8068=CARTESIAN_POINT('Ctrl Pts',(-2.38177792546179,-0.0127501753113676,
0.));
#8069=CARTESIAN_POINT('Ctrl Pts',(-2.42132460295841,-0.0346168183428684,
0.));
#8070=CARTESIAN_POINT('Ctrl Pts',(-2.46286467922912,-0.0528128783608969,
0.));
#8071=CARTESIAN_POINT('Ctrl Pts',(-2.50671781367594,-0.066800031723409,
0.));
#8072=CARTESIAN_POINT('Ctrl Pts',(-2.5528051467868,-0.0766468024017752,
0.));
#8073=CARTESIAN_POINT('Ctrl Pts',(-2.60102644058861,-0.0830700331845977,
0.));
#8074=CARTESIAN_POINT('Ctrl Pts',(-2.63397671150774,-0.0836849817197895,
0.));
#8075=CARTESIAN_POINT('Ctrl Pts',(-2.65074619391025,-0.0839979493632017,
0.));
#8076=CARTESIAN_POINT('',(-3.02875267094017,0.0923909395256872,0.));
#8077=CARTESIAN_POINT('Ctrl Pts',(-2.65074619391025,-0.0839979493632017,
0.));
#8078=CARTESIAN_POINT('Ctrl Pts',(-2.66922248320117,-0.0834872945337609,
0.));
#8079=CARTESIAN_POINT('Ctrl Pts',(-2.70558824042219,-0.0824822036706126,
0.));
#8080=CARTESIAN_POINT('Ctrl Pts',(-2.75891857219683,-0.0739673831025077,
0.));
#8081=CARTESIAN_POINT('Ctrl Pts',(-2.80997129180362,-0.0601612984238225,
0.));
#8082=CARTESIAN_POINT('Ctrl Pts',(-2.85874914535305,-0.0408397838177842,
0.));
#8083=CARTESIAN_POINT('Ctrl Pts',(-2.90511462170547,-0.0157224229519576,
0.));
#8084=CARTESIAN_POINT('Ctrl Pts',(-2.94914027851319,0.0147266971212356,
0.));
#8085=CARTESIAN_POINT('Ctrl Pts',(-2.9908632772132,0.0507972167893271,0.));
#8086=CARTESIAN_POINT('Ctrl Pts',(-3.01595221255611,0.0783390198575718,
0.));
#8087=CARTESIAN_POINT('Ctrl Pts',(-3.02875267094017,0.0923909395256872,
0.));
#8088=CARTESIAN_POINT('',(-3.11185897435897,0.0294251943333795,0.));
#8089=CARTESIAN_POINT('',(-3.02875267094017,0.0923909395256872,0.));
#8090=CARTESIAN_POINT('',(-2.65138221153846,-0.19254495791021,0.));
#8091=CARTESIAN_POINT('Ctrl Pts',(-3.11185897435897,0.0294251943333795,
0.));
#8092=CARTESIAN_POINT('Ctrl Pts',(-3.10517087922825,0.02079571006133,0.));
#8093=CARTESIAN_POINT('Ctrl Pts',(-3.09182672456466,0.00357807625938663,
0.));
#8094=CARTESIAN_POINT('Ctrl Pts',(-3.07021918133306,-0.0206945597762211,
0.));
#8095=CARTESIAN_POINT('Ctrl Pts',(-3.04745676045389,-0.0435255419390543,
0.));
#8096=CARTESIAN_POINT('Ctrl Pts',(-3.02337039099942,-0.0647307988340311,
0.));
#8097=CARTESIAN_POINT('Ctrl Pts',(-2.99823715401873,-0.0847346491478762,
0.));
#8098=CARTESIAN_POINT('Ctrl Pts',(-2.97160576433356,-0.102968774319338,
0.));
#8099=CARTESIAN_POINT('Ctrl Pts',(-2.9438263187903,-0.119687684566625,0.));
#8100=CARTESIAN_POINT('Ctrl Pts',(-2.91499294064503,-0.13499630221671,0.));
#8101=CARTESIAN_POINT('Ctrl Pts',(-2.88513626486991,-0.148578422150304,
0.));
#8102=CARTESIAN_POINT('Ctrl Pts',(-2.85429206668507,-0.160206109077888,
0.));
#8103=CARTESIAN_POINT('Ctrl Pts',(-2.82259329742552,-0.170222444722249,
0.));
#8104=CARTESIAN_POINT('Ctrl Pts',(-2.79003850797711,-0.178462911303042,
0.));
#8105=CARTESIAN_POINT('Ctrl Pts',(-2.75656017198421,-0.184894881902873,
0.));
#8106=CARTESIAN_POINT('Ctrl Pts',(-2.72227910005603,-0.189194640724978,
0.));
#8107=CARTESIAN_POINT('Ctrl Pts',(-2.68712130445408,-0.192140410089799,
0.));
#8108=CARTESIAN_POINT('Ctrl Pts',(-2.66340211282797,-0.192408898920697,
0.));
#8109=CARTESIAN_POINT('Ctrl Pts',(-2.65138221153846,-0.19254495791021,0.));
#8110=CARTESIAN_POINT('',(-2.21486211271367,-0.00746382810251793,0.));
#8111=CARTESIAN_POINT('Ctrl Pts',(-2.65138221153846,-0.19254495791021,0.));
#8112=CARTESIAN_POINT('Ctrl Pts',(-2.63999948364244,-0.192465736351674,
0.));
#8113=CARTESIAN_POINT('Ctrl Pts',(-2.61749154877985,-0.192309085529873,
0.));
#8114=CARTESIAN_POINT('Ctrl Pts',(-2.5842602596019,-0.189771453955607,0.));
#8115=CARTESIAN_POINT('Ctrl Pts',(-2.55190864826426,-0.186309271604253,
0.));
#8116=CARTESIAN_POINT('Ctrl Pts',(-2.52052917806171,-0.181096184353957,
0.));
#8117=CARTESIAN_POINT('Ctrl Pts',(-2.48995060941671,-0.174944443432901,
0.));
#8118=CARTESIAN_POINT('Ctrl Pts',(-2.46045014696353,-0.166698134881941,
0.));
#8119=CARTESIAN_POINT('Ctrl Pts',(-2.4317375000218,-0.157460648792155,0.));
#8120=CARTESIAN_POINT('Ctrl Pts',(-2.40392802557321,-0.146603664705058,
0.));
#8121=CARTESIAN_POINT('Ctrl Pts',(-2.37699806872996,-0.134352342842564,
0.));
#8122=CARTESIAN_POINT('Ctrl Pts',(-2.35103448767347,-0.120505847651037,
0.));
#8123=CARTESIAN_POINT('Ctrl Pts',(-2.32604922359092,-0.105180617146316,
0.));
#8124=CARTESIAN_POINT('Ctrl Pts',(-2.30179663204659,-0.0887144592324992,
0.));
#8125=CARTESIAN_POINT('Ctrl Pts',(-2.27863498174486,-0.070578465571674,
0.));
#8126=CARTESIAN_POINT('Ctrl Pts',(-2.25636355860409,-0.0510245070431931,
0.));
#8127=CARTESIAN_POINT('Ctrl Pts',(-2.23485747650519,-0.0301184895064739,
0.));
#8128=CARTESIAN_POINT('Ctrl Pts',(-2.22155190271006,-0.0150433314719968,
0.));
#8129=CARTESIAN_POINT('Ctrl Pts',(-2.21486211271367,-0.00746382810251793,
0.));
#8130=CARTESIAN_POINT('Ctrl Pts',(-2.21486211271367,-0.00746382810251793,
0.));
#8131=CARTESIAN_POINT('Ctrl Pts',(-2.20414704908397,0.00570219807004115,
0.));
#8132=CARTESIAN_POINT('Ctrl Pts',(-2.18284628347177,0.0318752985982067,
0.));
#8133=CARTESIAN_POINT('Ctrl Pts',(-2.15559399344558,0.074295107216833,0.));
#8134=CARTESIAN_POINT('Ctrl Pts',(-2.13226604222754,0.118584303710236,0.));
#8135=CARTESIAN_POINT('Ctrl Pts',(-2.113404751897,0.164975567888444,0.));
#8136=CARTESIAN_POINT('Ctrl Pts',(-2.098659830205,0.213364801649252,0.));
#8137=CARTESIAN_POINT('Ctrl Pts',(-2.08844504026423,0.263776397673438,0.));
#8138=CARTESIAN_POINT('Ctrl Pts',(-2.08180729319594,0.316163275434576,0.));
#8139=CARTESIAN_POINT('Ctrl Pts',(-2.08104822968353,0.351794875815067,0.));
#8140=CARTESIAN_POINT('Ctrl Pts',(-2.08066239316239,0.369906631299191,0.));
#8141=CARTESIAN_POINT('',(-0.940918803418799,-0.165408205773458,0.));
#8142=CARTESIAN_POINT('',(-1.44294871794871,0.892925127559875,0.));
#8143=CARTESIAN_POINT('',(-0.940918803418799,-0.165408205773458,0.));
#8144=CARTESIAN_POINT('',(-1.45651709401709,0.892925127559875,0.));
#8145=CARTESIAN_POINT('',(-1.44294871794871,0.892925127559875,0.));
#8146=CARTESIAN_POINT('',(-1.94497863247863,-0.165408205773458,0.));
#8147=CARTESIAN_POINT('',(-1.45651709401709,0.892925127559875,0.));
#8148=CARTESIAN_POINT('',(-1.84173177083333,-0.165408205773458,0.));
#8149=CARTESIAN_POINT('',(-1.94497863247863,-0.165408205773458,0.));
#8150=CARTESIAN_POINT('',(-1.68527143429487,0.173801195935944,0.));
#8151=CARTESIAN_POINT('',(-1.84173177083333,-0.165408205773458,0.));
#8152=CARTESIAN_POINT('',(-1.20550213675213,0.173801195935944,0.));
#8153=CARTESIAN_POINT('',(-1.68527143429487,0.173801195935944,0.));
#8154=CARTESIAN_POINT('',(-1.04458967681623,-0.165408205773458,0.));
#8155=CARTESIAN_POINT('',(-1.20550213675213,0.173801195935944,0.));
#8156=CARTESIAN_POINT('',(-1.04458967681623,-0.165408205773458,0.));
#8157=CARTESIAN_POINT('',(3.84871794871795,0.596964924568422,0.));
#8158=CARTESIAN_POINT('',(4.0783203125,0.811514871149619,0.));
#8159=CARTESIAN_POINT('Ctrl Pts',(3.84871794871795,0.596964924568422,0.));
#8160=CARTESIAN_POINT('Ctrl Pts',(3.84891018507992,0.604186204564072,0.));
#8161=CARTESIAN_POINT('Ctrl Pts',(3.84928904603452,0.618417960744753,0.));
#8162=CARTESIAN_POINT('Ctrl Pts',(3.85263268313384,0.639283987876573,0.));
#8163=CARTESIAN_POINT('Ctrl Pts',(3.85768562188146,0.659411919673253,0.));
#8164=CARTESIAN_POINT('Ctrl Pts',(3.864926211815,0.678863668787455,0.));
#8165=CARTESIAN_POINT('Ctrl Pts',(3.87448348798367,0.697443663578895,0.));
#8166=CARTESIAN_POINT('Ctrl Pts',(3.88611710524446,0.715174520688079,0.));
#8167=CARTESIAN_POINT('Ctrl Pts',(3.89953981489701,0.73231618397477,0.));
#8168=CARTESIAN_POINT('Ctrl Pts',(3.91506746062324,0.748388728863759,0.));
#8169=CARTESIAN_POINT('Ctrl Pts',(3.93212522970762,0.763108998140599,0.));
#8170=CARTESIAN_POINT('Ctrl Pts',(3.95014539565363,0.776148900158753,0.));
#8171=CARTESIAN_POINT('Ctrl Pts',(3.96921054622746,0.787046440805063,0.));
#8172=CARTESIAN_POINT('Ctrl Pts',(3.98924029745681,0.795979831619145,0.));
#8173=CARTESIAN_POINT('Ctrl Pts',(4.01017880844458,0.802987625457087,0.));
#8174=CARTESIAN_POINT('Ctrl Pts',(4.03206657661254,0.80784343399693,0.));
#8175=CARTESIAN_POINT('Ctrl Pts',(4.0548431243932,0.81089218509508,0.));
#8176=CARTESIAN_POINT('Ctrl Pts',(4.07039563380442,0.811304684695943,0.));
#8177=CARTESIAN_POINT('Ctrl Pts',(4.0783203125,0.811514871149619,0.));
#8178=CARTESIAN_POINT('',(4.32361111111111,0.567284101918849,0.));
#8179=CARTESIAN_POINT('Ctrl Pts',(4.0783203125,0.811514871149619,0.));
#8180=CARTESIAN_POINT('Ctrl Pts',(4.08659673097632,0.811298659012668,0.));
#8181=CARTESIAN_POINT('Ctrl Pts',(4.10285025030938,0.810874054075396,0.));
#8182=CARTESIAN_POINT('Ctrl Pts',(4.12671386264971,0.807903867582569,0.));
#8183=CARTESIAN_POINT('Ctrl Pts',(4.14947884775812,0.802779768224448,0.));
#8184=CARTESIAN_POINT('Ctrl Pts',(4.17120247079388,0.795771583350279,0.));
#8185=CARTESIAN_POINT('Ctrl Pts',(4.19192148840868,0.786863879301623,0.));
#8186=CARTESIAN_POINT('Ctrl Pts',(4.21153513981997,0.775768994601138,0.));
#8187=CARTESIAN_POINT('Ctrl Pts',(4.22999939442952,0.762529700243107,0.));
#8188=CARTESIAN_POINT('Ctrl Pts',(4.24734896220303,0.747519341545123,0.));
#8189=CARTESIAN_POINT('Ctrl Pts',(4.26333402253891,0.73080747165364,0.));
#8190=CARTESIAN_POINT('Ctrl Pts',(4.27737867309807,0.712177792345301,0.));
#8191=CARTESIAN_POINT('Ctrl Pts',(4.28965050594626,0.691970454840233,0.));
#8192=CARTESIAN_POINT('Ctrl Pts',(4.30035758368896,0.670239983596643,0.));
#8193=CARTESIAN_POINT('Ctrl Pts',(4.30905275664256,0.646789197744185,0.));
#8194=CARTESIAN_POINT('Ctrl Pts',(4.31569701879673,0.621701344135249,0.));
#8195=CARTESIAN_POINT('Ctrl Pts',(4.32095447006731,0.595085354985974,0.));
#8196=CARTESIAN_POINT('Ctrl Pts',(4.32271085605973,0.576705103136486,0.));
#8197=CARTESIAN_POINT('Ctrl Pts',(4.32361111111111,0.567284101918849,0.));
#8198=CARTESIAN_POINT('',(4.41858974358975,0.567284101918849,0.));
#8199=CARTESIAN_POINT('',(4.32361111111111,0.567284101918849,0.));
#8200=CARTESIAN_POINT('',(4.07344417735043,0.920061879696627,0.));
#8201=CARTESIAN_POINT('Ctrl Pts',(4.41858974358975,0.567284101918849,0.));
#8202=CARTESIAN_POINT('Ctrl Pts',(4.41797072351354,0.579884584648635,0.));
#8203=CARTESIAN_POINT('Ctrl Pts',(4.41675498455805,0.604631597389142,0.));
#8204=CARTESIAN_POINT('Ctrl Pts',(4.41106166851939,0.640712873847915,0.));
#8205=CARTESIAN_POINT('Ctrl Pts',(4.4029152604122,0.675200872509956,0.));
#8206=CARTESIAN_POINT('Ctrl Pts',(4.39139713026963,0.707818679829353,0.));
#8207=CARTESIAN_POINT('Ctrl Pts',(4.377092612944,0.738854700110903,0.));
#8208=CARTESIAN_POINT('Ctrl Pts',(4.35993853323598,0.768185657236601,0.));
#8209=CARTESIAN_POINT('Ctrl Pts',(4.33962039272358,0.795699659538397,0.));
#8210=CARTESIAN_POINT('Ctrl Pts',(4.31657692790508,0.821141643106314,0.));
#8211=CARTESIAN_POINT('Ctrl Pts',(4.29154926800036,0.844481694276589,0.));
#8212=CARTESIAN_POINT('Ctrl Pts',(4.26454485296983,0.864636970077501,0.));
#8213=CARTESIAN_POINT('Ctrl Pts',(4.23616790424278,0.881666361179812,0.));
#8214=CARTESIAN_POINT('Ctrl Pts',(4.20650451455562,0.895902831921784,0.));
#8215=CARTESIAN_POINT('Ctrl Pts',(4.17522001081265,0.906588928188835,0.));
#8216=CARTESIAN_POINT('Ctrl Pts',(4.14259828951358,0.914517852545462,0.));
#8217=CARTESIAN_POINT('Ctrl Pts',(4.10849602683739,0.919288318989843,0.));
#8218=CARTESIAN_POINT('Ctrl Pts',(4.08526106778986,0.919801092255904,0.));
#8219=CARTESIAN_POINT('Ctrl Pts',(4.07344417735043,0.920061879696627,0.));
#8220=CARTESIAN_POINT('',(3.75373931623932,0.605445159611157,0.));
#8221=CARTESIAN_POINT('Ctrl Pts',(4.07344417735043,0.920061879696627,0.));
#8222=CARTESIAN_POINT('Ctrl Pts',(4.06183937875735,0.919790203580986,0.));
#8223=CARTESIAN_POINT('Ctrl Pts',(4.03903636406363,0.919256369718449,0.));
#8224=CARTESIAN_POINT('Ctrl Pts',(4.0057557073124,0.914671963249549,0.));
#8225=CARTESIAN_POINT('Ctrl Pts',(3.97407304922466,0.907491748636021,0.));
#8226=CARTESIAN_POINT('Ctrl Pts',(3.94405031982399,0.897417801322239,0.));
#8227=CARTESIAN_POINT('Ctrl Pts',(3.91592705744173,0.88387584351545,0.));
#8228=CARTESIAN_POINT('Ctrl Pts',(3.88949199396874,0.867608492540248,0.));
#8229=CARTESIAN_POINT('Ctrl Pts',(3.86443041546765,0.848794400672949,0.));
#8230=CARTESIAN_POINT('Ctrl Pts',(3.84187074518493,0.826643842796889,0.));
#8231=CARTESIAN_POINT('Ctrl Pts',(3.82115520693968,0.802996931302279,0.));
#8232=CARTESIAN_POINT('Ctrl Pts',(3.80328381074129,0.777751779495748,0.));
#8233=CARTESIAN_POINT('Ctrl Pts',(3.78797935416721,0.751677685958112,0.));
#8234=CARTESIAN_POINT('Ctrl Pts',(3.775222603346,0.724575825003703,0.));
#8235=CARTESIAN_POINT('Ctrl Pts',(3.76583181847631,0.696191014031293,0.));
#8236=CARTESIAN_POINT('Ctrl Pts',(3.75870221747696,0.666936502710962,0.));
#8237=CARTESIAN_POINT('Ctrl Pts',(3.75467226143318,0.636509476525644,0.));
#8238=CARTESIAN_POINT('Ctrl Pts',(3.75405376432787,0.615915351365492,0.));
#8239=CARTESIAN_POINT('Ctrl Pts',(3.75373931623932,0.605445159611157,0.));
#8240=CARTESIAN_POINT('',(3.96786525106838,0.225742635572696,0.));
#8241=CARTESIAN_POINT('Ctrl Pts',(3.75373931623932,0.605445159611157,0.));
#8242=CARTESIAN_POINT('Ctrl Pts',(3.75425132667449,0.590704742965912,0.));
#8243=CARTESIAN_POINT('Ctrl Pts',(3.75526636248662,0.561482583117921,0.));
#8244=CARTESIAN_POINT('Ctrl Pts',(3.76394904302009,0.518539993667571,0.));
#8245=CARTESIAN_POINT('Ctrl Pts',(3.7775097737561,0.476934364562791,0.));
#8246=CARTESIAN_POINT('Ctrl Pts',(3.79383754594626,0.443449513694399,0.));
#8247=CARTESIAN_POINT('Ctrl Pts',(3.81030897546015,0.416467004867869,0.));
#8248=CARTESIAN_POINT('Ctrl Pts',(3.82515210275632,0.394251467904042,0.));
#8249=CARTESIAN_POINT('Ctrl Pts',(3.84252836704149,0.370331481033914,0.));
#8250=CARTESIAN_POINT('Ctrl Pts',(3.86269067475878,0.344787143304171,0.));
#8251=CARTESIAN_POINT('Ctrl Pts',(3.88522194800436,0.317418369619607,0.));
#8252=CARTESIAN_POINT('Ctrl Pts',(3.91032626882886,0.288241693391992,0.));
#8253=CARTESIAN_POINT('Ctrl Pts',(3.93818265505914,0.257558562994024,0.));
#8254=CARTESIAN_POINT('Ctrl Pts',(3.95773415409677,0.236601869241038,0.));
#8255=CARTESIAN_POINT('Ctrl Pts',(3.96786525106838,0.225742635572696,0.));
#8256=CARTESIAN_POINT('',(4.23266059027778,-0.0568611972264495,0.));
#8257=CARTESIAN_POINT('',(3.96786525106838,0.225742635572696,0.));
#8258=CARTESIAN_POINT('',(3.74017094017094,-0.0568611972264495,0.));
#8259=CARTESIAN_POINT('',(4.23266059027778,-0.0568611972264495,0.));
#8260=CARTESIAN_POINT('',(3.74017094017094,-0.165408205773458,0.));
#8261=CARTESIAN_POINT('',(3.74017094017094,-0.0568611972264495,0.));
#8262=CARTESIAN_POINT('',(4.45929487179488,-0.165408205773458,0.));
#8263=CARTESIAN_POINT('',(3.74017094017094,-0.165408205773458,0.));
#8264=CARTESIAN_POINT('',(4.0488514957265,0.272595934183807,0.));
#8265=CARTESIAN_POINT('',(4.45929487179488,-0.165408205773458,0.));
#8266=CARTESIAN_POINT('Ctrl Pts',(4.0488514957265,0.272595934183807,0.));
#8267=CARTESIAN_POINT('Ctrl Pts',(4.03885844423936,0.283027564973505,0.));
#8268=CARTESIAN_POINT('Ctrl Pts',(4.01966383746769,0.303064592827631,0.));
#8269=CARTESIAN_POINT('Ctrl Pts',(3.99251529638491,0.33231782124911,0.));
#8270=CARTESIAN_POINT('Ctrl Pts',(3.96813160229997,0.359456372857489,0.));
#8271=CARTESIAN_POINT('Ctrl Pts',(3.94635491448563,0.384428972029987,0.));
#8272=CARTESIAN_POINT('Ctrl Pts',(3.92765764024406,0.407600898482441,0.));
#8273=CARTESIAN_POINT('Ctrl Pts',(3.91106532248843,0.428221677900643,0.));
#8274=CARTESIAN_POINT('Ctrl Pts',(3.89777096521527,0.447197428350891,0.));
#8275=CARTESIAN_POINT('Ctrl Pts',(3.883342738424,0.469192804462537,0.));
#8276=CARTESIAN_POINT('Ctrl Pts',(3.86936851071549,0.496047957512787,0.));
#8277=CARTESIAN_POINT('Ctrl Pts',(3.85736025067471,0.528866477836961,0.));
#8278=CARTESIAN_POINT('Ctrl Pts',(3.85003814173905,0.562650670908034,0.));
#8279=CARTESIAN_POINT('Ctrl Pts',(3.84915977481229,0.585481048777089,0.));
#8280=CARTESIAN_POINT('Ctrl Pts',(3.84871794871795,0.596964924568422,0.));
#8281=CARTESIAN_POINT('Origin',(0.,0.,5.75));
#8282=CARTESIAN_POINT('',(-1.5,-0.415408205773458,5.75));
#8283=CARTESIAN_POINT('',(-6.5,-0.415408205773458,5.75));
#8284=CARTESIAN_POINT('',(-6.5,-0.415408205773458,5.75));
#8285=CARTESIAN_POINT('',(-1.5,-2.375,5.75));
#8286=CARTESIAN_POINT('',(-1.5,-0.415408205773458,5.75));
#8287=CARTESIAN_POINT('',(1.50000000000001,-2.375,5.75));
#8288=CARTESIAN_POINT('',(-1.5,-2.375,5.75));
#8289=CARTESIAN_POINT('',(1.50000000000001,-0.415408205773458,5.75));
#8290=CARTESIAN_POINT('',(1.50000000000001,-2.375,5.75));
#8291=CARTESIAN_POINT('',(6.5,-0.415408205773458,5.75));
#8292=CARTESIAN_POINT('',(1.50000000000001,-0.415408205773458,5.75));
#8293=CARTESIAN_POINT('',(6.5,3.375,5.75));
#8294=CARTESIAN_POINT('',(6.5,3.375,5.75));
#8295=CARTESIAN_POINT('',(-6.5,3.375,5.75));
#8296=CARTESIAN_POINT('',(-6.5,3.375,5.75));
#8297=CARTESIAN_POINT('',(-6.5,3.375,5.75));
#8298=CARTESIAN_POINT('',(5.67041015625,1.94142940106415,5.75));
#8299=CARTESIAN_POINT('',(6.24759615384616,1.66476173279492,5.75));
#8300=CARTESIAN_POINT('Ctrl Pts',(5.67041015625,1.94142940106415,5.75));
#8301=CARTESIAN_POINT('Ctrl Pts',(5.68561026915832,1.94124716430748,5.75));
#8302=CARTESIAN_POINT('Ctrl Pts',(5.71569736188583,1.94088644500038,5.75));
#8303=CARTESIAN_POINT('Ctrl Pts',(5.76020506086312,1.93736894485586,5.75));
#8304=CARTESIAN_POINT('Ctrl Pts',(5.80353713086844,1.93150517107358,5.75));
#8305=CARTESIAN_POINT('Ctrl Pts',(5.84572342467309,1.92352379944779,5.75));
#8306=CARTESIAN_POINT('Ctrl Pts',(5.88696917544027,1.91361805591614,5.75));
#8307=CARTESIAN_POINT('Ctrl Pts',(5.92695914743901,1.90071383601671,5.75));
#8308=CARTESIAN_POINT('Ctrl Pts',(5.96592799634319,1.88595895662064,5.75));
#8309=CARTESIAN_POINT('Ctrl Pts',(6.00362995270749,1.86896572693578,5.75));
#8310=CARTESIAN_POINT('Ctrl Pts',(6.03988412493315,1.84989050027307,5.75));
#8311=CARTESIAN_POINT('Ctrl Pts',(6.0746792215133,1.82894471399218,5.75));
#8312=CARTESIAN_POINT('Ctrl Pts',(6.10773885560817,1.80615433512592,5.75));
#8313=CARTESIAN_POINT('Ctrl Pts',(6.13929565248745,1.78171319442049,5.75));
#8314=CARTESIAN_POINT('Ctrl Pts',(6.16882172036442,1.755104215163,5.75));
#8315=CARTESIAN_POINT('Ctrl Pts',(6.19715537445362,1.72705929049438,5.75));
#8316=CARTESIAN_POINT('Ctrl Pts',(6.22333441292541,1.6967706129111,5.75));
#8317=CARTESIAN_POINT('Ctrl Pts',(6.23949410269998,1.67545089086814,5.75));
#8318=CARTESIAN_POINT('Ctrl Pts',(6.24759615384616,1.66476173279492,5.75));
#8319=CARTESIAN_POINT('',(6.14371327457266,1.58525952926928,5.75));
#8320=CARTESIAN_POINT('',(6.24759615384616,1.66476173279492,5.75));
#8321=CARTESIAN_POINT('',(5.66298995058761,1.80574564038039,5.75));
#8322=CARTESIAN_POINT('Ctrl Pts',(6.14371327457266,1.58525952926928,5.75));
#8323=CARTESIAN_POINT('Ctrl Pts',(6.13630271558088,1.59409130953283,5.75));
#8324=CARTESIAN_POINT('Ctrl Pts',(6.12158150800121,1.61163579851159,5.75));
#8325=CARTESIAN_POINT('Ctrl Pts',(6.09789782133296,1.63627211442918,5.75));
#8326=CARTESIAN_POINT('Ctrl Pts',(6.07321535511923,1.65935332931217,5.75));
#8327=CARTESIAN_POINT('Ctrl Pts',(6.04754354442152,1.68098939691,5.75));
#8328=CARTESIAN_POINT('Ctrl Pts',(6.02042030580591,1.70042371014903,5.75));
#8329=CARTESIAN_POINT('Ctrl Pts',(5.99250268250064,1.71866903774948,5.75));
#8330=CARTESIAN_POINT('Ctrl Pts',(5.96332365946125,1.73502321250752,5.75));
#8331=CARTESIAN_POINT('Ctrl Pts',(5.92297404547324,1.75485297214063,5.75));
#8332=CARTESIAN_POINT('Ctrl Pts',(5.87019048377203,1.77554571525537,5.75));
#8333=CARTESIAN_POINT('Ctrl Pts',(5.8037442201938,1.79289604375276,5.75));
#8334=CARTESIAN_POINT('Ctrl Pts',(5.73438139427845,1.80394095241915,5.75));
#8335=CARTESIAN_POINT('Ctrl Pts',(5.68705968251468,1.80513718713735,5.75));
#8336=CARTESIAN_POINT('Ctrl Pts',(5.66298995058761,1.80574564038039,5.75));
#8337=CARTESIAN_POINT('',(5.07732371794872,1.24472509083445,5.75));
#8338=CARTESIAN_POINT('Ctrl Pts',(5.66298995058761,1.80574564038039,5.75));
#8339=CARTESIAN_POINT('Ctrl Pts',(5.64972929875359,1.80559295216982,5.75));
#8340=CARTESIAN_POINT('Ctrl Pts',(5.62333106644257,1.80528899283931,5.75));
#8341=CARTESIAN_POINT('Ctrl Pts',(5.58415441128018,1.80127899611007,5.75));
#8342=CARTESIAN_POINT('Ctrl Pts',(5.54570929969183,1.79564291374203,5.75));
#8343=CARTESIAN_POINT('Ctrl Pts',(5.50802073954372,1.78728006835698,5.75));
#8344=CARTESIAN_POINT('Ctrl Pts',(5.47113670461965,1.77670708436042,5.75));
#8345=CARTESIAN_POINT('Ctrl Pts',(5.43481606455318,1.76407307374045,5.75));
#8346=CARTESIAN_POINT('Ctrl Pts',(5.39958467712987,1.74844192891244,5.75));
#8347=CARTESIAN_POINT('Ctrl Pts',(5.36495516447152,1.73116529494063,5.75));
#8348=CARTESIAN_POINT('Ctrl Pts',(5.3317767126965,1.71165135005254,5.75));
#8349=CARTESIAN_POINT('Ctrl Pts',(5.30038388213781,1.69036624383541,5.75));
#8350=CARTESIAN_POINT('Ctrl Pts',(5.27089116807237,1.66754816274062,5.75));
#8351=CARTESIAN_POINT('Ctrl Pts',(5.24327524027202,1.64311158384186,5.75));
#8352=CARTESIAN_POINT('Ctrl Pts',(5.21750786694284,1.6171665571145,5.75));
#8353=CARTESIAN_POINT('Ctrl Pts',(5.19377575839444,1.58943658276387,5.75));
#8354=CARTESIAN_POINT('Ctrl Pts',(5.17216103487152,1.56001031479753,5.75));
#8355=CARTESIAN_POINT('Ctrl Pts',(5.15223525456482,1.52927578277398,5.75));
#8356=CARTESIAN_POINT('Ctrl Pts',(5.13438996546942,1.49732251034056,5.75));
#8357=CARTESIAN_POINT('Ctrl Pts',(5.11944861224727,1.46403223074029,5.75));
#8358=CARTESIAN_POINT('Ctrl Pts',(5.10621750950883,1.42997502513033,5.75));
#8359=CARTESIAN_POINT('Ctrl Pts',(5.09574785529441,1.39476610422187,5.75));
#8360=CARTESIAN_POINT('Ctrl Pts',(5.08746090994446,1.35865321356088,5.75));
#8361=CARTESIAN_POINT('Ctrl Pts',(5.08174301340955,1.32153943359169,5.75));
#8362=CARTESIAN_POINT('Ctrl Pts',(5.0777786210236,1.28350229874392,5.75));
#8363=CARTESIAN_POINT('Ctrl Pts',(5.07747617320696,1.25772080260692,5.75));
#8364=CARTESIAN_POINT('Ctrl Pts',(5.07732371794872,1.24472509083445,5.75));
#8365=CARTESIAN_POINT('',(5.67120517828526,0.686354614739362,5.75));
#8366=CARTESIAN_POINT('Ctrl Pts',(5.07732371794872,1.24472509083445,5.75));
#8367=CARTESIAN_POINT('Ctrl Pts',(5.07780065549645,1.22517188360175,5.75));
#8368=CARTESIAN_POINT('Ctrl Pts',(5.07873705910878,1.1867817548045,5.75));
#8369=CARTESIAN_POINT('Ctrl Pts',(5.08707080443086,1.1305500061773,5.75));
#8370=CARTESIAN_POINT('Ctrl Pts',(5.0997349311977,1.07668058483773,5.75));
#8371=CARTESIAN_POINT('Ctrl Pts',(5.11871522367042,1.02551022777379,5.75));
#8372=CARTESIAN_POINT('Ctrl Pts',(5.14211915051918,0.976407961484005,5.75));
#8373=CARTESIAN_POINT('Ctrl Pts',(5.17169223879648,0.930204585345266,5.75));
#8374=CARTESIAN_POINT('Ctrl Pts',(5.20594313238355,0.886201895782868,5.75));
#8375=CARTESIAN_POINT('Ctrl Pts',(5.24535638021557,0.845439829223189,5.75));
#8376=CARTESIAN_POINT('Ctrl Pts',(5.28859905471151,0.808203986625397,5.75));
#8377=CARTESIAN_POINT('Ctrl Pts',(5.33499484272469,0.775414332304155,5.75));
#8378=CARTESIAN_POINT('Ctrl Pts',(5.38442818959546,0.748081028514779,5.75));
#8379=CARTESIAN_POINT('Ctrl Pts',(5.43635328493385,0.725335953492244,5.75));
#8380=CARTESIAN_POINT('Ctrl Pts',(5.49116970299237,0.707852011789103,5.75));
#8381=CARTESIAN_POINT('Ctrl Pts',(5.54877886938095,0.695543548441146,5.75));
#8382=CARTESIAN_POINT('Ctrl Pts',(5.60905548663321,0.687514509962617,5.75));
#8383=CARTESIAN_POINT('Ctrl Pts',(5.65024332528211,0.686745824293628,5.75));
#8384=CARTESIAN_POINT('Ctrl Pts',(5.67120517828526,0.686354614739362,5.75));
#8385=CARTESIAN_POINT('',(6.14371327457265,0.906840725850474,5.75));
#8386=CARTESIAN_POINT('Ctrl Pts',(5.67120517828526,0.686354614739362,5.75));
#8387=CARTESIAN_POINT('Ctrl Pts',(5.69430053989891,0.686992933276164,5.75));
#8388=CARTESIAN_POINT('Ctrl Pts',(5.73975773642519,0.688249296855099,5.75));
#8389=CARTESIAN_POINT('Ctrl Pts',(5.80642065114348,0.69889282256523,5.75));
#8390=CARTESIAN_POINT('Ctrl Pts',(5.87023655065197,0.716150428413586,5.75));
#8391=CARTESIAN_POINT('Ctrl Pts',(5.93120886758876,0.740302321671134,5.75));
#8392=CARTESIAN_POINT('Ctrl Pts',(5.98916571302928,0.771699022753418,5.75));
#8393=CARTESIAN_POINT('Ctrl Pts',(6.04419778403894,0.809760422844909,5.75));
#8394=CARTESIAN_POINT('Ctrl Pts',(6.09635153241394,0.854848572430023,5.75));
#8395=CARTESIAN_POINT('Ctrl Pts',(6.12771270159258,0.889275826265329,5.75));
#8396=CARTESIAN_POINT('Ctrl Pts',(6.14371327457265,0.906840725850474,5.75));
#8397=CARTESIAN_POINT('',(6.24759615384616,0.82813354436009,5.75));
#8398=CARTESIAN_POINT('',(6.14371327457265,0.906840725850474,5.75));
#8399=CARTESIAN_POINT('',(5.67200020032052,0.550670854055602,5.75));
#8400=CARTESIAN_POINT('Ctrl Pts',(6.24759615384616,0.82813354436009,5.75));
#8401=CARTESIAN_POINT('Ctrl Pts',(6.23923603493276,0.817346689020027,5.75));
#8402=CARTESIAN_POINT('Ctrl Pts',(6.22255584160327,0.795824646767598,5.75));
#8403=CARTESIAN_POINT('Ctrl Pts',(6.19554641256377,0.765483851723088,5.75));
#8404=CARTESIAN_POINT('Ctrl Pts',(6.1670933864648,0.736945124019547,5.75));
#8405=CARTESIAN_POINT('Ctrl Pts',(6.13698542464673,0.710438552900825,5.75));
#8406=CARTESIAN_POINT('Ctrl Pts',(6.10556887842086,0.68543374000852,5.75));
#8407=CARTESIAN_POINT('Ctrl Pts',(6.0722796413144,0.662641083544193,5.75));
#8408=CARTESIAN_POINT('Ctrl Pts',(6.03755533438532,0.641742445735083,5.75));
#8409=CARTESIAN_POINT('Ctrl Pts',(6.00151361170373,0.622606673672477,5.75));
#8410=CARTESIAN_POINT('Ctrl Pts',(5.96419276698483,0.605629023755485,5.75));
#8411=CARTESIAN_POINT('Ctrl Pts',(5.92563751925377,0.591094415096004,5.75));
#8412=CARTESIAN_POINT('Ctrl Pts',(5.88601405767935,0.578573995540553,5.75));
#8413=CARTESIAN_POINT('Ctrl Pts',(5.84532057086883,0.568273412314562,5.75));
#8414=CARTESIAN_POINT('Ctrl Pts',(5.8034726508777,0.560233449064773,5.75));
#8415=CARTESIAN_POINT('Ctrl Pts',(5.76062131096748,0.554858750537143,5.75));
#8416=CARTESIAN_POINT('Ctrl Pts',(5.71667406646505,0.551176538831115,5.75));
#8417=CARTESIAN_POINT('Ctrl Pts',(5.6870250769324,0.550840927792494,5.75));
#8418=CARTESIAN_POINT('Ctrl Pts',(5.67200020032052,0.550670854055602,5.75));
#8419=CARTESIAN_POINT('',(5.12635007678953,0.782022266315217,5.75));
#8420=CARTESIAN_POINT('Ctrl Pts',(5.67200020032052,0.550670854055602,5.75));
#8421=CARTESIAN_POINT('Ctrl Pts',(5.65777179045049,0.550769881003772,5.75));
#8422=CARTESIAN_POINT('Ctrl Pts',(5.62963687187226,0.550965694531024,5.75));
#8423=CARTESIAN_POINT('Ctrl Pts',(5.58809776039982,0.554137733998856,5.75));
#8424=CARTESIAN_POINT('Ctrl Pts',(5.54765824622777,0.558465461938048,5.75));
#8425=CARTESIAN_POINT('Ctrl Pts',(5.50843390847458,0.564981821000919,5.75));
#8426=CARTESIAN_POINT('Ctrl Pts',(5.47021069766833,0.572671497152239,5.75));
#8427=CARTESIAN_POINT('Ctrl Pts',(5.43333511960185,0.582979382840939,5.75));
#8428=CARTESIAN_POINT('Ctrl Pts',(5.3974443109247,0.594526240453171,5.75));
#8429=CARTESIAN_POINT('Ctrl Pts',(5.36268246786396,0.608097470562042,5.75));
#8430=CARTESIAN_POINT('Ctrl Pts',(5.32902002180989,0.623411622890159,5.75));
#8431=CARTESIAN_POINT('Ctrl Pts',(5.29656554548928,0.640719741879568,5.75));
#8432=CARTESIAN_POINT('Ctrl Pts',(5.26533396538609,0.65987628001047,5.75));
#8433=CARTESIAN_POINT('Ctrl Pts',(5.23501822595568,0.680458977402741,5.75));
#8434=CARTESIAN_POINT('Ctrl Pts',(5.20606616307852,0.703128969478772,5.75));
#8435=CARTESIAN_POINT('Ctrl Pts',(5.17822688415256,0.727571417639373,5.75));
#8436=CARTESIAN_POINT('Ctrl Pts',(5.15134428152893,0.753703939560272,5.75));
#8437=CARTESIAN_POINT('Ctrl Pts',(5.13471231428502,0.772547887103369,5.75));
#8438=CARTESIAN_POINT('Ctrl Pts',(5.12635007678953,0.782022266315217,5.75));
#8439=CARTESIAN_POINT('',(4.95860042735043,1.25373534056735,5.75));
#8440=CARTESIAN_POINT('Ctrl Pts',(5.12635007678953,0.782022266315217,5.75));
#8441=CARTESIAN_POINT('Ctrl Pts',(5.11295624725241,0.798479799030916,5.75));
#8442=CARTESIAN_POINT('Ctrl Pts',(5.08633029023715,0.831196174691123,5.75));
#8443=CARTESIAN_POINT('Ctrl Pts',(5.05226492770442,0.884220935464405,5.75));
#8444=CARTESIAN_POINT('Ctrl Pts',(5.02310498868187,0.93958243108116,5.75));
#8445=CARTESIAN_POINT('Ctrl Pts',(4.99952837576869,0.99757151130392,5.75));
#8446=CARTESIAN_POINT('Ctrl Pts',(4.9810972236537,1.05805805350493,5.75));
#8447=CARTESIAN_POINT('Ctrl Pts',(4.96832873622772,1.12107254853516,5.75));
#8448=CARTESIAN_POINT('Ctrl Pts',(4.96003155239236,1.18655614573658,5.75));
#8449=CARTESIAN_POINT('Ctrl Pts',(4.95908272300186,1.2310956462122,5.75));
#8450=CARTESIAN_POINT('Ctrl Pts',(4.95860042735043,1.25373534056735,5.75));
#8451=CARTESIAN_POINT('Ctrl Pts',(4.95860042735043,1.25373534056735,5.75));
#8452=CARTESIAN_POINT('Ctrl Pts',(4.95918825348659,1.27753100306659,5.75));
#8453=CARTESIAN_POINT('Ctrl Pts',(4.96034476471175,1.32434748348144,5.75));
#8454=CARTESIAN_POINT('Ctrl Pts',(4.97017055645256,1.39305370987346,5.75));
#8455=CARTESIAN_POINT('Ctrl Pts',(4.98597706572732,1.45887879217811,5.75));
#8456=CARTESIAN_POINT('Ctrl Pts',(5.00842767540459,1.52169985040032,5.75));
#8457=CARTESIAN_POINT('Ctrl Pts',(5.03689130521347,1.58184730751184,5.75));
#8458=CARTESIAN_POINT('Ctrl Pts',(5.07205315032543,1.63886169148665,5.75));
#8459=CARTESIAN_POINT('Ctrl Pts',(5.11350471896269,1.69310762469016,5.75));
#8460=CARTESIAN_POINT('Ctrl Pts',(5.16092091270025,1.74376200985322,5.75));
#8461=CARTESIAN_POINT('Ctrl Pts',(5.21291809003081,1.7900789675408,5.75));
#8462=CARTESIAN_POINT('Ctrl Pts',(5.26860109409005,1.83082714574329,5.75));
#8463=CARTESIAN_POINT('Ctrl Pts',(5.32786093714221,1.86473823065962,5.75));
#8464=CARTESIAN_POINT('Ctrl Pts',(5.39004476798387,1.89308499443377,5.75));
#8465=CARTESIAN_POINT('Ctrl Pts',(5.45561822500459,1.9148732290119,5.75));
#8466=CARTESIAN_POINT('Ctrl Pts',(5.52444140321569,1.93012577278979,5.75));
#8467=CARTESIAN_POINT('Ctrl Pts',(5.59638498112408,1.93961944472079,5.75));
#8468=CARTESIAN_POINT('Ctrl Pts',(5.64546988605702,1.94081959770787,5.75));
#8469=CARTESIAN_POINT('Ctrl Pts',(5.67041015625,1.94142940106415,5.75));
#8470=CARTESIAN_POINT('',(3.788327991453,0.584591794226542,5.75));
#8471=CARTESIAN_POINT('',(3.6696047008547,0.584591794226542,5.75));
#8472=CARTESIAN_POINT('',(3.788327991453,0.584591794226542,5.75));
#8473=CARTESIAN_POINT('',(3.6696047008547,1.90750846089321,5.75));
#8474=CARTESIAN_POINT('',(3.6696047008547,0.584591794226542,5.75));
#8475=CARTESIAN_POINT('',(3.69451539129274,1.90750846089321,5.75));
#8476=CARTESIAN_POINT('',(3.6696047008547,1.90750846089321,5.75));
#8477=CARTESIAN_POINT('',(4.56850961538462,0.866294602052397,5.75));
#8478=CARTESIAN_POINT('',(3.69451539129274,1.90750846089321,5.75));
#8479=CARTESIAN_POINT('',(4.56850961538462,1.90750846089321,5.75));
#8480=CARTESIAN_POINT('',(4.56850961538462,0.866294602052397,5.75));
#8481=CARTESIAN_POINT('',(4.68723290598291,1.90750846089321,5.75));
#8482=CARTESIAN_POINT('',(4.56850961538462,1.90750846089321,5.75));
#8483=CARTESIAN_POINT('',(4.68723290598291,0.584591794226542,5.75));
#8484=CARTESIAN_POINT('',(4.68723290598291,1.90750846089321,5.75));
#8485=CARTESIAN_POINT('',(4.66020215678419,0.584591794226542,5.75));
#8486=CARTESIAN_POINT('',(4.68723290598291,0.584591794226542,5.75));
#8487=CARTESIAN_POINT('',(3.78832799145299,1.62342058696158,5.75));
#8488=CARTESIAN_POINT('',(4.66020215678419,0.584591794226542,5.75));
#8489=CARTESIAN_POINT('',(3.788327991453,1.62342058696158,5.75));
#8490=CARTESIAN_POINT('',(0.458600427350427,1.24021996596799,5.75));
#8491=CARTESIAN_POINT('',(1.14549946581197,1.94142940106415,5.75));
#8492=CARTESIAN_POINT('Ctrl Pts',(0.458600427350427,1.24021996596799,5.75));
#8493=CARTESIAN_POINT('Ctrl Pts',(0.458802506841943,1.25595612364762,5.75));
#8494=CARTESIAN_POINT('Ctrl Pts',(0.459204116501687,1.28722992033018,5.75));
#8495=CARTESIAN_POINT('Ctrl Pts',(0.464039071690795,1.33367056979252,5.75));
#8496=CARTESIAN_POINT('Ctrl Pts',(0.47105495280167,1.37936436007945,5.75));
#8497=CARTESIAN_POINT('Ctrl Pts',(0.481109842366473,1.42418135529216,5.75));
#8498=CARTESIAN_POINT('Ctrl Pts',(0.494260264114343,1.4680118465338,5.75));
#8499=CARTESIAN_POINT('Ctrl Pts',(0.50977695303864,1.51115811701063,5.75));
#8500=CARTESIAN_POINT('Ctrl Pts',(0.528728620777939,1.55318291735488,5.75));
#8501=CARTESIAN_POINT('Ctrl Pts',(0.550152556197383,1.59428533029332,5.75));
#8502=CARTESIAN_POINT('Ctrl Pts',(0.574064013396489,1.63382462803501,5.75));
#8503=CARTESIAN_POINT('Ctrl Pts',(0.600475382981017,1.67119875619034,5.75));
#8504=CARTESIAN_POINT('Ctrl Pts',(0.628458989515004,1.70672133533125,5.75));
#8505=CARTESIAN_POINT('Ctrl Pts',(0.659136819844653,1.73947183975851,5.75));
#8506=CARTESIAN_POINT('Ctrl Pts',(0.691497797641753,1.77040301345351,5.75));
#8507=CARTESIAN_POINT('Ctrl Pts',(0.726066886996058,1.79903951661294,5.75));
#8508=CARTESIAN_POINT('Ctrl Pts',(0.762633151979467,1.82563957248045,5.75));
#8509=CARTESIAN_POINT('Ctrl Pts',(0.801353932426577,1.84961095140073,5.75));
#8510=CARTESIAN_POINT('Ctrl Pts',(0.84127512561022,1.87129133859184,5.75));
#8511=CARTESIAN_POINT('Ctrl Pts',(0.882427955306591,1.88989602631448,5.75));
#8512=CARTESIAN_POINT('Ctrl Pts',(0.924253504655451,1.90586403170686,5.75));
#8513=CARTESIAN_POINT('Ctrl Pts',(0.966947672174907,1.91880624837359,5.75));
#8514=CARTESIAN_POINT('Ctrl Pts',(1.01039708305051,1.92902371435867,5.75));
#8515=CARTESIAN_POINT('Ctrl Pts',(1.05469656710038,1.93598125579028,5.75));
#8516=CARTESIAN_POINT('Ctrl Pts',(1.09981083239052,1.94082854261085,5.75));
#8517=CARTESIAN_POINT('Ctrl Pts',(1.1302043963984,1.94122825318419,5.75));
#8518=CARTESIAN_POINT('Ctrl Pts',(1.14549946581197,1.94142940106415,5.75));
#8519=CARTESIAN_POINT('',(1.84935897435897,1.24658014225005,5.75));
#8520=CARTESIAN_POINT('Ctrl Pts',(1.14549946581197,1.94142940106415,5.75));
#8521=CARTESIAN_POINT('Ctrl Pts',(1.16999538679506,1.94080896094473,5.75));
#8522=CARTESIAN_POINT('Ctrl Pts',(1.21810739662667,1.93959036536116,5.75));
#8523=CARTESIAN_POINT('Ctrl Pts',(1.2888172538021,1.93026225181493,5.75));
#8524=CARTESIAN_POINT('Ctrl Pts',(1.35632194755549,1.91412441096428,5.75));
#8525=CARTESIAN_POINT('Ctrl Pts',(1.42117137501926,1.8926315574671,5.75));
#8526=CARTESIAN_POINT('Ctrl Pts',(1.48258985128202,1.86396040584996,5.75));
#8527=CARTESIAN_POINT('Ctrl Pts',(1.54103967076507,1.82930560275735,5.75));
#8528=CARTESIAN_POINT('Ctrl Pts',(1.59638176295509,1.78830408411955,5.75));
#8529=CARTESIAN_POINT('Ctrl Pts',(1.64787020180661,1.74127279897028,5.75));
#8530=CARTESIAN_POINT('Ctrl Pts',(1.69498756099103,1.69010107681106,5.75));
#8531=CARTESIAN_POINT('Ctrl Pts',(1.73649913109877,1.63549186675374,5.75));
#8532=CARTESIAN_POINT('Ctrl Pts',(1.77128892664617,1.57777535516758,5.75));
#8533=CARTESIAN_POINT('Ctrl Pts',(1.79985855453303,1.51712498168098,5.75));
#8534=CARTESIAN_POINT('Ctrl Pts',(1.82227201712564,1.45367791045247,5.75));
#8535=CARTESIAN_POINT('Ctrl Pts',(1.83773844137774,1.38709589155915,5.75));
#8536=CARTESIAN_POINT('Ctrl Pts',(1.84761803979864,1.31781032715692,5.75));
#8537=CARTESIAN_POINT('Ctrl Pts',(1.84877305090206,1.27055314912145,5.75));
#8538=CARTESIAN_POINT('Ctrl Pts',(1.84935897435897,1.24658014225005,5.75));
#8539=CARTESIAN_POINT('',(1.15609975961538,0.550670854055602,5.75));
#8540=CARTESIAN_POINT('Ctrl Pts',(1.84935897435897,1.24658014225005,5.75));
#8541=CARTESIAN_POINT('Ctrl Pts',(1.84877313676802,1.22278372651408,5.75));
#8542=CARTESIAN_POINT('Ctrl Pts',(1.84761838300658,1.17587823426747,5.75));
#8543=CARTESIAN_POINT('Ctrl Pts',(1.83772720816428,1.10703234911961,5.75));
#8544=CARTESIAN_POINT('Ctrl Pts',(1.82221468734076,1.04085223467544,5.75));
#8545=CARTESIAN_POINT('Ctrl Pts',(1.80006669387293,0.977448371870633,5.75));
#8546=CARTESIAN_POINT('Ctrl Pts',(1.77163325409663,0.916753876042786,5.75));
#8547=CARTESIAN_POINT('Ctrl Pts',(1.73661180548464,0.858928450021966,5.75));
#8548=CARTESIAN_POINT('Ctrl Pts',(1.69535902642436,0.803953136643957,5.75));
#8549=CARTESIAN_POINT('Ctrl Pts',(1.64841179403974,0.752430194729054,5.75));
#8550=CARTESIAN_POINT('Ctrl Pts',(1.59723342399277,0.705184126937126,5.75));
#8551=CARTESIAN_POINT('Ctrl Pts',(1.54233984100248,0.664015385235262,5.75));
#8552=CARTESIAN_POINT('Ctrl Pts',(1.48496558019862,0.628589897663658,5.75));
#8553=CARTESIAN_POINT('Ctrl Pts',(1.42437232741219,0.600323449468463,5.75));
#8554=CARTESIAN_POINT('Ctrl Pts',(1.36136368254029,0.577731086681186,5.75));
#8555=CARTESIAN_POINT('Ctrl Pts',(1.29537572113482,0.562327562830039,5.75));
#8556=CARTESIAN_POINT('Ctrl Pts',(1.2267176486255,0.552391686362742,5.75));
#8557=CARTESIAN_POINT('Ctrl Pts',(1.17989735849774,0.551250759198097,5.75));
#8558=CARTESIAN_POINT('Ctrl Pts',(1.15609975961538,0.550670854055602,5.75));
#8559=CARTESIAN_POINT('Ctrl Pts',(1.15609975961538,0.550670854055602,5.75));
#8560=CARTESIAN_POINT('Ctrl Pts',(1.13212687714394,0.55125648539636,5.75));
#8561=CARTESIAN_POINT('Ctrl Pts',(1.0848699443339,0.552410920661066,5.75));
#8562=CARTESIAN_POINT('Ctrl Pts',(1.01549731488977,0.562306868309456,5.75));
#8563=CARTESIAN_POINT('Ctrl Pts',(0.948868524804446,0.577781706353367,5.75));
#8564=CARTESIAN_POINT('Ctrl Pts',(0.885174112292635,0.599896880162163,5.75));
#8565=CARTESIAN_POINT('Ctrl Pts',(0.824378558545588,0.628478392965897,5.75));
#8566=CARTESIAN_POINT('Ctrl Pts',(0.766362961812827,0.663329452910117,5.75));
#8567=CARTESIAN_POINT('Ctrl Pts',(0.711360188897082,0.704682747344459,5.75));
#8568=CARTESIAN_POINT('Ctrl Pts',(0.659826254957992,0.751614756189057,5.75));
#8569=CARTESIAN_POINT('Ctrl Pts',(0.612674028264032,0.802706384480741,5.75));
#8570=CARTESIAN_POINT('Ctrl Pts',(0.571565573761063,0.857450284465654,5.75));
#8571=CARTESIAN_POINT('Ctrl Pts',(0.536706676762439,0.914772436232678,5.75));
#8572=CARTESIAN_POINT('Ctrl Pts',(0.508221131444288,0.974831917072892,5.75));
#8573=CARTESIAN_POINT('Ctrl Pts',(0.485669386394353,1.03733838499886,5.75));
#8574=CARTESIAN_POINT('Ctrl Pts',(0.470283934300115,1.10270879166898,5.75));
#8575=CARTESIAN_POINT('Ctrl Pts',(0.460329571464568,1.17057045011683,5.75));
#8576=CARTESIAN_POINT('Ctrl Pts',(0.459182471752726,1.2167753551386,5.75));
#8577=CARTESIAN_POINT('Ctrl Pts',(0.458600427350427,1.24021996596799,5.75));
#8578=CARTESIAN_POINT('',(-0.711672008547009,0.584591794226542,5.75));
#8579=CARTESIAN_POINT('',(-0.830395299145299,0.584591794226542,5.75));
#8580=CARTESIAN_POINT('',(-0.711672008547009,0.584591794226542,5.75));
#8581=CARTESIAN_POINT('',(-0.830395299145299,1.90750846089321,5.75));
#8582=CARTESIAN_POINT('',(-0.830395299145299,0.584591794226542,5.75));
#8583=CARTESIAN_POINT('',(-0.805484608707265,1.90750846089321,5.75));
#8584=CARTESIAN_POINT('',(-0.830395299145299,1.90750846089321,5.75));
#8585=CARTESIAN_POINT('',(0.0685096153846156,0.866294602052397,5.75));
#8586=CARTESIAN_POINT('',(-0.805484608707265,1.90750846089321,5.75));
#8587=CARTESIAN_POINT('',(0.0685096153846155,1.90750846089321,5.75));
#8588=CARTESIAN_POINT('',(0.0685096153846155,0.866294602052397,5.75));
#8589=CARTESIAN_POINT('',(0.187232905982906,1.90750846089321,5.75));
#8590=CARTESIAN_POINT('',(0.0685096153846155,1.90750846089321,5.75));
#8591=CARTESIAN_POINT('',(0.187232905982906,0.584591794226542,5.75));
#8592=CARTESIAN_POINT('',(0.187232905982906,1.90750846089321,5.75));
#8593=CARTESIAN_POINT('',(0.160202156784188,0.584591794226542,5.75));
#8594=CARTESIAN_POINT('',(0.187232905982906,0.584591794226542,5.75));
#8595=CARTESIAN_POINT('',(-0.711672008547008,1.62342058696158,5.75));
#8596=CARTESIAN_POINT('',(0.160202156784188,0.584591794226542,5.75));
#8597=CARTESIAN_POINT('',(-0.711672008547009,1.62342058696158,5.75));
#8598=CARTESIAN_POINT('',(-5.38642745058761,1.94142940106415,5.75));
#8599=CARTESIAN_POINT('',(-4.80924145299145,1.66476173279492,5.75));
#8600=CARTESIAN_POINT('Ctrl Pts',(-5.38642745058761,1.94142940106415,5.75));
#8601=CARTESIAN_POINT('Ctrl Pts',(-5.37122733767929,1.94124716430748,5.75));
#8602=CARTESIAN_POINT('Ctrl Pts',(-5.34114024495178,1.94088644500038,5.75));
#8603=CARTESIAN_POINT('Ctrl Pts',(-5.29663254597449,1.93736894485586,5.75));
#8604=CARTESIAN_POINT('Ctrl Pts',(-5.25330047596916,1.93150517107358,5.75));
#8605=CARTESIAN_POINT('Ctrl Pts',(-5.21111418216451,1.92352379944779,5.75));
#8606=CARTESIAN_POINT('Ctrl Pts',(-5.16986843139734,1.91361805591614,5.75));
#8607=CARTESIAN_POINT('Ctrl Pts',(-5.1298784593986,1.90071383601671,5.75));
#8608=CARTESIAN_POINT('Ctrl Pts',(-5.09090961049442,1.88595895662064,5.75));
#8609=CARTESIAN_POINT('Ctrl Pts',(-5.05320765413012,1.86896572693578,5.75));
#8610=CARTESIAN_POINT('Ctrl Pts',(-5.01695348190446,1.84989050027307,5.75));
#8611=CARTESIAN_POINT('Ctrl Pts',(-4.98215838532431,1.82894471399218,5.75));
#8612=CARTESIAN_POINT('Ctrl Pts',(-4.94909875122945,1.80615433512592,5.75));
#8613=CARTESIAN_POINT('Ctrl Pts',(-4.91754195435015,1.78171319442049,5.75));
#8614=CARTESIAN_POINT('Ctrl Pts',(-4.88801588647319,1.755104215163,5.75));
#8615=CARTESIAN_POINT('Ctrl Pts',(-4.859682232384,1.72705929049438,5.75));
#8616=CARTESIAN_POINT('Ctrl Pts',(-4.8335031939122,1.6967706129111,5.75));
#8617=CARTESIAN_POINT('Ctrl Pts',(-4.81734350413763,1.67545089086814,5.75));
#8618=CARTESIAN_POINT('Ctrl Pts',(-4.80924145299145,1.66476173279492,5.75));
#8619=CARTESIAN_POINT('',(-4.91312433226495,1.58525952926928,5.75));
#8620=CARTESIAN_POINT('',(-4.80924145299145,1.66476173279492,5.75));
#8621=CARTESIAN_POINT('',(-5.39384765625,1.80574564038039,5.75));
#8622=CARTESIAN_POINT('Ctrl Pts',(-4.91312433226495,1.58525952926928,5.75));
#8623=CARTESIAN_POINT('Ctrl Pts',(-4.92053489125674,1.59409130953283,5.75));
#8624=CARTESIAN_POINT('Ctrl Pts',(-4.9352560988364,1.61163579851159,5.75));
#8625=CARTESIAN_POINT('Ctrl Pts',(-4.95893978550466,1.63627211442918,5.75));
#8626=CARTESIAN_POINT('Ctrl Pts',(-4.98362225171838,1.65935332931217,5.75));
#8627=CARTESIAN_POINT('Ctrl Pts',(-5.00929406241609,1.68098939691,5.75));
#8628=CARTESIAN_POINT('Ctrl Pts',(-5.03641730103169,1.70042371014903,5.75));
#8629=CARTESIAN_POINT('Ctrl Pts',(-5.06433492433697,1.71866903774948,5.75));
#8630=CARTESIAN_POINT('Ctrl Pts',(-5.09351394737636,1.73502321250752,5.75));
#8631=CARTESIAN_POINT('Ctrl Pts',(-5.13386356136437,1.75485297214063,5.75));
#8632=CARTESIAN_POINT('Ctrl Pts',(-5.18664712306558,1.77554571525536,5.75));
#8633=CARTESIAN_POINT('Ctrl Pts',(-5.25309338664381,1.79289604375276,5.75));
#8634=CARTESIAN_POINT('Ctrl Pts',(-5.32245621255916,1.80394095241915,5.75));
#8635=CARTESIAN_POINT('Ctrl Pts',(-5.36977792432293,1.80513718713735,5.75));
#8636=CARTESIAN_POINT('Ctrl Pts',(-5.39384765625,1.80574564038039,5.75));
#8637=CARTESIAN_POINT('',(-5.97951388888889,1.24472509083445,5.75));
#8638=CARTESIAN_POINT('Ctrl Pts',(-5.39384765625,1.80574564038039,5.75));
#8639=CARTESIAN_POINT('Ctrl Pts',(-5.40710830808402,1.80559295216982,5.75));
#8640=CARTESIAN_POINT('Ctrl Pts',(-5.43350654039504,1.80528899283931,5.75));
#8641=CARTESIAN_POINT('Ctrl Pts',(-5.47268319555743,1.80127899611007,5.75));
#8642=CARTESIAN_POINT('Ctrl Pts',(-5.51112830714577,1.79564291374203,5.75));
#8643=CARTESIAN_POINT('Ctrl Pts',(-5.54881686729389,1.78728006835698,5.75));
#8644=CARTESIAN_POINT('Ctrl Pts',(-5.58570090221795,1.77670708436042,5.75));
#8645=CARTESIAN_POINT('Ctrl Pts',(-5.62202154228443,1.76407307374045,5.75));
#8646=CARTESIAN_POINT('Ctrl Pts',(-5.65725292970774,1.74844192891244,5.75));
#8647=CARTESIAN_POINT('Ctrl Pts',(-5.69188244236609,1.73116529494063,5.75));
#8648=CARTESIAN_POINT('Ctrl Pts',(-5.7250608941411,1.71165135005254,5.75));
#8649=CARTESIAN_POINT('Ctrl Pts',(-5.7564537246998,1.69036624383541,5.75));
#8650=CARTESIAN_POINT('Ctrl Pts',(-5.78594643876524,1.66754816274062,5.75));
#8651=CARTESIAN_POINT('Ctrl Pts',(-5.81356236656559,1.64311158384186,5.75));
#8652=CARTESIAN_POINT('Ctrl Pts',(-5.83932973989477,1.6171665571145,5.75));
#8653=CARTESIAN_POINT('Ctrl Pts',(-5.86306184844317,1.58943658276387,5.75));
#8654=CARTESIAN_POINT('Ctrl Pts',(-5.88467657196609,1.56001031479753,5.75));
#8655=CARTESIAN_POINT('Ctrl Pts',(-5.9046023522728,1.52927578277398,5.75));
#8656=CARTESIAN_POINT('Ctrl Pts',(-5.92244764136819,1.49732251034056,5.75));
#8657=CARTESIAN_POINT('Ctrl Pts',(-5.93738899459034,1.46403223074029,5.75));
#8658=CARTESIAN_POINT('Ctrl Pts',(-5.95062009732878,1.42997502513033,5.75));
#8659=CARTESIAN_POINT('Ctrl Pts',(-5.9610897515432,1.39476610422187,5.75));
#8660=CARTESIAN_POINT('Ctrl Pts',(-5.96937669689315,1.35865321356088,5.75));
#8661=CARTESIAN_POINT('Ctrl Pts',(-5.97509459342806,1.32153943359169,5.75));
#8662=CARTESIAN_POINT('Ctrl Pts',(-5.979058985814,1.28350229874392,5.75));
#8663=CARTESIAN_POINT('Ctrl Pts',(-5.97936143363065,1.25772080260692,5.75));
#8664=CARTESIAN_POINT('Ctrl Pts',(-5.97951388888889,1.24472509083445,5.75));
#8665=CARTESIAN_POINT('',(-5.38563242855235,0.686354614739362,5.75));
#8666=CARTESIAN_POINT('Ctrl Pts',(-5.97951388888889,1.24472509083445,5.75));
#8667=CARTESIAN_POINT('Ctrl Pts',(-5.97903695134116,1.22517188360175,5.75));
#8668=CARTESIAN_POINT('Ctrl Pts',(-5.97810054772883,1.1867817548045,5.75));
#8669=CARTESIAN_POINT('Ctrl Pts',(-5.96976680240675,1.1305500061773,5.75));
#8670=CARTESIAN_POINT('Ctrl Pts',(-5.95710267563991,1.07668058483773,5.75));
#8671=CARTESIAN_POINT('Ctrl Pts',(-5.93812238316719,1.02551022777379,5.75));
#8672=CARTESIAN_POINT('Ctrl Pts',(-5.91471845631844,0.976407961484005,5.75));
#8673=CARTESIAN_POINT('Ctrl Pts',(-5.88514536804113,0.930204585345266,5.75));
#8674=CARTESIAN_POINT('Ctrl Pts',(-5.85089447445406,0.886201895782868,5.75));
#8675=CARTESIAN_POINT('Ctrl Pts',(-5.81148122662204,0.845439829223189,5.75));
#8676=CARTESIAN_POINT('Ctrl Pts',(-5.7682385521261,0.808203986625397,5.75));
#8677=CARTESIAN_POINT('Ctrl Pts',(-5.72184276411293,0.775414332304155,5.75));
#8678=CARTESIAN_POINT('Ctrl Pts',(-5.67240941724215,0.748081028514779,5.75));
#8679=CARTESIAN_POINT('Ctrl Pts',(-5.62048432190376,0.725335953492244,5.75));
#8680=CARTESIAN_POINT('Ctrl Pts',(-5.56566790384524,0.707852011789103,5.75));
#8681=CARTESIAN_POINT('Ctrl Pts',(-5.50805873745666,0.695543548441146,5.75));
#8682=CARTESIAN_POINT('Ctrl Pts',(-5.4477821202044,0.687514509962617,5.75));
#8683=CARTESIAN_POINT('Ctrl Pts',(-5.40659428155549,0.686745824293628,5.75));
#8684=CARTESIAN_POINT('Ctrl Pts',(-5.38563242855235,0.686354614739362,5.75));
#8685=CARTESIAN_POINT('',(-4.91312433226495,0.906840725850474,5.75));
#8686=CARTESIAN_POINT('Ctrl Pts',(-5.38563242855235,0.686354614739362,5.75));
#8687=CARTESIAN_POINT('Ctrl Pts',(-5.3625370669387,0.686992933276163,5.75));
#8688=CARTESIAN_POINT('Ctrl Pts',(-5.31707987041242,0.688249296855099,5.75));
#8689=CARTESIAN_POINT('Ctrl Pts',(-5.25041695569413,0.69889282256523,5.75));
#8690=CARTESIAN_POINT('Ctrl Pts',(-5.18660105618564,0.716150428413587,5.75));
#8691=CARTESIAN_POINT('Ctrl Pts',(-5.12562873924885,0.740302321671134,5.75));
#8692=CARTESIAN_POINT('Ctrl Pts',(-5.06767189380833,0.771699022753418,5.75));
#8693=CARTESIAN_POINT('Ctrl Pts',(-5.01263982279867,0.809760422844909,5.75));
#8694=CARTESIAN_POINT('Ctrl Pts',(-4.96048607442367,0.854848572430023,5.75));
#8695=CARTESIAN_POINT('Ctrl Pts',(-4.92912490524503,0.88927582626533,5.75));
#8696=CARTESIAN_POINT('Ctrl Pts',(-4.91312433226495,0.906840725850474,5.75));
#8697=CARTESIAN_POINT('',(-4.80924145299145,0.82813354436009,5.75));
#8698=CARTESIAN_POINT('',(-4.91312433226495,0.906840725850474,5.75));
#8699=CARTESIAN_POINT('',(-5.38483740651709,0.550670854055602,5.75));
#8700=CARTESIAN_POINT('Ctrl Pts',(-4.80924145299145,0.82813354436009,5.75));
#8701=CARTESIAN_POINT('Ctrl Pts',(-4.81760157190485,0.817346689020027,5.75));
#8702=CARTESIAN_POINT('Ctrl Pts',(-4.83428176523434,0.795824646767598,5.75));
#8703=CARTESIAN_POINT('Ctrl Pts',(-4.86129119427384,0.765483851723088,5.75));
#8704=CARTESIAN_POINT('Ctrl Pts',(-4.88974422037281,0.736945124019547,5.75));
#8705=CARTESIAN_POINT('Ctrl Pts',(-4.91985218219089,0.710438552900826,5.75));
#8706=CARTESIAN_POINT('Ctrl Pts',(-4.95126872841675,0.685433740008519,5.75));
#8707=CARTESIAN_POINT('Ctrl Pts',(-4.98455796552321,0.662641083544193,5.75));
#8708=CARTESIAN_POINT('Ctrl Pts',(-5.01928227245229,0.641742445735083,5.75));
#8709=CARTESIAN_POINT('Ctrl Pts',(-5.05532399513388,0.622606673672477,5.75));
#8710=CARTESIAN_POINT('Ctrl Pts',(-5.09264483985278,0.605629023755485,5.75));
#8711=CARTESIAN_POINT('Ctrl Pts',(-5.13120008758383,0.591094415096004,5.75));
#8712=CARTESIAN_POINT('Ctrl Pts',(-5.17082354915826,0.578573995540553,5.75));
#8713=CARTESIAN_POINT('Ctrl Pts',(-5.21151703596878,0.568273412314562,5.75));
#8714=CARTESIAN_POINT('Ctrl Pts',(-5.2533649559599,0.560233449064773,5.75));
#8715=CARTESIAN_POINT('Ctrl Pts',(-5.29621629587013,0.554858750537142,5.75));
#8716=CARTESIAN_POINT('Ctrl Pts',(-5.34016354037257,0.551176538831115,5.75));
#8717=CARTESIAN_POINT('Ctrl Pts',(-5.36981252990521,0.550840927792494,5.75));
#8718=CARTESIAN_POINT('Ctrl Pts',(-5.38483740651709,0.550670854055602,5.75));
#8719=CARTESIAN_POINT('',(-5.93048753004808,0.782022266315217,5.75));
#8720=CARTESIAN_POINT('Ctrl Pts',(-5.38483740651709,0.550670854055602,5.75));
#8721=CARTESIAN_POINT('Ctrl Pts',(-5.39906581638712,0.550769881003772,5.75));
#8722=CARTESIAN_POINT('Ctrl Pts',(-5.42720073496535,0.550965694531023,5.75));
#8723=CARTESIAN_POINT('Ctrl Pts',(-5.46873984643779,0.554137733998856,5.75));
#8724=CARTESIAN_POINT('Ctrl Pts',(-5.50917936060984,0.558465461938048,5.75));
#8725=CARTESIAN_POINT('Ctrl Pts',(-5.54840369836303,0.564981821000919,5.75));
#8726=CARTESIAN_POINT('Ctrl Pts',(-5.58662690916928,0.572671497152239,5.75));
#8727=CARTESIAN_POINT('Ctrl Pts',(-5.62350248723576,0.582979382840939,5.75));
#8728=CARTESIAN_POINT('Ctrl Pts',(-5.65939329591291,0.594526240453171,5.75));
#8729=CARTESIAN_POINT('Ctrl Pts',(-5.69415513897365,0.608097470562042,5.75));
#8730=CARTESIAN_POINT('Ctrl Pts',(-5.72781758502772,0.623411622890159,5.75));
#8731=CARTESIAN_POINT('Ctrl Pts',(-5.76027206134833,0.640719741879568,5.75));
#8732=CARTESIAN_POINT('Ctrl Pts',(-5.79150364145152,0.65987628001047,5.75));
#8733=CARTESIAN_POINT('Ctrl Pts',(-5.82181938088193,0.680458977402741,5.75));
#8734=CARTESIAN_POINT('Ctrl Pts',(-5.8507714437591,0.703128969478772,5.75));
#8735=CARTESIAN_POINT('Ctrl Pts',(-5.87861072268505,0.727571417639373,5.75));
#8736=CARTESIAN_POINT('Ctrl Pts',(-5.90549332530868,0.753703939560272,5.75));
#8737=CARTESIAN_POINT('Ctrl Pts',(-5.92212529255259,0.772547887103369,5.75));
#8738=CARTESIAN_POINT('Ctrl Pts',(-5.93048753004808,0.782022266315217,5.75));
#8739=CARTESIAN_POINT('',(-6.09823717948718,1.25373534056735,5.75));
#8740=CARTESIAN_POINT('Ctrl Pts',(-5.93048753004808,0.782022266315217,5.75));
#8741=CARTESIAN_POINT('Ctrl Pts',(-5.9438813595852,0.798479799030916,5.75));
#8742=CARTESIAN_POINT('Ctrl Pts',(-5.97050731660046,0.831196174691122,5.75));
#8743=CARTESIAN_POINT('Ctrl Pts',(-6.00457267913318,0.884220935464406,5.75));
#8744=CARTESIAN_POINT('Ctrl Pts',(-6.03373261815574,0.93958243108116,5.75));
#8745=CARTESIAN_POINT('Ctrl Pts',(-6.05730923106892,0.997571511303921,5.75));
#8746=CARTESIAN_POINT('Ctrl Pts',(-6.07574038318391,1.05805805350493,5.75));
#8747=CARTESIAN_POINT('Ctrl Pts',(-6.08850887060989,1.12107254853516,5.75));
#8748=CARTESIAN_POINT('Ctrl Pts',(-6.09680605444524,1.18655614573658,5.75));
#8749=CARTESIAN_POINT('Ctrl Pts',(-6.09775488383575,1.2310956462122,5.75));
#8750=CARTESIAN_POINT('Ctrl Pts',(-6.09823717948718,1.25373534056735,5.75));
#8751=CARTESIAN_POINT('Ctrl Pts',(-6.09823717948718,1.25373534056735,5.75));
#8752=CARTESIAN_POINT('Ctrl Pts',(-6.09764935335102,1.27753100306659,5.75));
#8753=CARTESIAN_POINT('Ctrl Pts',(-6.09649284212586,1.32434748348144,5.75));
#8754=CARTESIAN_POINT('Ctrl Pts',(-6.08666705038505,1.39305370987346,5.75));
#8755=CARTESIAN_POINT('Ctrl Pts',(-6.07086054111029,1.45887879217811,5.75));
#8756=CARTESIAN_POINT('Ctrl Pts',(-6.04840993143302,1.52169985040032,5.75));
#8757=CARTESIAN_POINT('Ctrl Pts',(-6.01994630162413,1.58184730751184,5.75));
#8758=CARTESIAN_POINT('Ctrl Pts',(-5.98478445651218,1.63886169148665,5.75));
#8759=CARTESIAN_POINT('Ctrl Pts',(-5.94333288787491,1.69310762469016,5.75));
#8760=CARTESIAN_POINT('Ctrl Pts',(-5.89591669413736,1.74376200985322,5.75));
#8761=CARTESIAN_POINT('Ctrl Pts',(-5.8439195168068,1.7900789675408,5.75));
#8762=CARTESIAN_POINT('Ctrl Pts',(-5.78823651274755,1.83082714574329,5.75));
#8763=CARTESIAN_POINT('Ctrl Pts',(-5.7289766696954,1.86473823065962,5.75));
#8764=CARTESIAN_POINT('Ctrl Pts',(-5.66679283885374,1.89308499443377,5.75));
#8765=CARTESIAN_POINT('Ctrl Pts',(-5.60121938183302,1.9148732290119,5.75));
#8766=CARTESIAN_POINT('Ctrl Pts',(-5.53239620362192,1.93012577278979,5.75));
#8767=CARTESIAN_POINT('Ctrl Pts',(-5.46045262571352,1.93961944472079,5.75));
#8768=CARTESIAN_POINT('Ctrl Pts',(-5.41136772078059,1.94081959770787,5.75));
#8769=CARTESIAN_POINT('Ctrl Pts',(-5.38642745058761,1.94142940106415,5.75));
#8770=CARTESIAN_POINT('',(0.500000000000007,-1.625,5.75));
#8771=CARTESIAN_POINT('',(0.500000000000007,-0.665408205773458,5.75));
#8772=CARTESIAN_POINT('',(0.500000000000007,-0.665408205773458,5.75));
#8773=CARTESIAN_POINT('',(-0.499999999999997,-1.625,5.75));
#8774=CARTESIAN_POINT('',(-0.499999999999997,-1.625,5.75));
#8775=CARTESIAN_POINT('',(-0.499999999999998,-0.665408205773458,5.75));
#8776=CARTESIAN_POINT('',(-0.499999999999998,-0.665408205773458,5.75));
#8777=CARTESIAN_POINT('',(-0.499999999999998,-0.665408205773458,5.75));
#8778=CARTESIAN_POINT('Origin',(6.5,3.375,5.75));
#8779=CARTESIAN_POINT('',(6.5,-0.415408205773458,5.74));
#8780=CARTESIAN_POINT('',(6.5,3.375,5.75));
#8781=CARTESIAN_POINT('Origin',(-6.5,3.375,5.75));
#8782=CARTESIAN_POINT('',(-6.5,-0.415408205773458,5.74));
#8783=CARTESIAN_POINT('',(-6.5,3.375,5.75));
#8784=CARTESIAN_POINT('Origin',(4.5,-2.875,-13.0688317147838));
#8785=CARTESIAN_POINT('',(4.5,-2.875,0.00999999999999959));
#8786=CARTESIAN_POINT('',(6.49,-2.875,0.01));
#8787=CARTESIAN_POINT('',(4.5,-2.875,0.00999999999999959));
#8788=CARTESIAN_POINT('',(6.49,-2.875,5.74));
#8789=CARTESIAN_POINT('',(6.49,-2.875,5.74));
#8790=CARTESIAN_POINT('',(4.5,-2.875,5.74));
#8791=CARTESIAN_POINT('',(4.5,-2.875,5.74));
#8792=CARTESIAN_POINT('',(4.5,-2.875,-13.0688317147838));
#8793=CARTESIAN_POINT('',(6.,-2.875,2.625));
#8794=CARTESIAN_POINT('',(5.,-2.875,2.625));
#8795=CARTESIAN_POINT('',(6.,-2.875,2.625));
#8796=CARTESIAN_POINT('',(5.,-2.875,3.125));
#8797=CARTESIAN_POINT('',(5.,-2.875,2.625));
#8798=CARTESIAN_POINT('',(6.,-2.875,3.125));
#8799=CARTESIAN_POINT('',(6.,-2.875,3.125));
#8800=CARTESIAN_POINT('',(6.,-2.875,2.625));
#8801=CARTESIAN_POINT('Origin',(-1.5,-2.875,-13.0688317147838));
#8802=CARTESIAN_POINT('',(-1.5,-2.875,0.00999999999999959));
#8803=CARTESIAN_POINT('',(-1.5,-2.875,5.74));
#8804=CARTESIAN_POINT('',(-1.5,-2.875,-13.0688317147838));
#8805=CARTESIAN_POINT('',(1.50000000000001,-2.875,0.00999999999999959));
#8806=CARTESIAN_POINT('',(-1.5,-2.875,0.00999999999999959));
#8807=CARTESIAN_POINT('',(1.50000000000001,-2.875,5.74));
#8808=CARTESIAN_POINT('',(1.50000000000001,-2.875,-13.0688317147838));
#8809=CARTESIAN_POINT('',(-1.5,-2.875,5.74));
#8810=CARTESIAN_POINT('',(0.500000000000002,-2.875,2.625));
#8811=CARTESIAN_POINT('',(-0.499999999999999,-2.875,2.625));
#8812=CARTESIAN_POINT('',(0.500000000000002,-2.875,2.625));
#8813=CARTESIAN_POINT('',(-0.499999999999999,-2.875,3.125));
#8814=CARTESIAN_POINT('',(-0.499999999999999,-2.875,2.625));
#8815=CARTESIAN_POINT('',(0.500000000000004,-2.875,3.125));
#8816=CARTESIAN_POINT('',(0.500000000000002,-2.875,3.125));
#8817=CARTESIAN_POINT('',(0.500000000000002,-2.875,2.625));
#8818=CARTESIAN_POINT('Origin',(-6.5,-2.875,-13.0688317147838));
#8819=CARTESIAN_POINT('',(-4.5,-2.875,5.74));
#8820=CARTESIAN_POINT('',(-6.49,-2.875,5.74));
#8821=CARTESIAN_POINT('',(-6.5,-2.875,5.74));
#8822=CARTESIAN_POINT('',(-6.49,-2.875,0.01));
#8823=CARTESIAN_POINT('',(-6.49,-2.875,0.01));
#8824=CARTESIAN_POINT('',(-4.5,-2.875,0.00999999999999959));
#8825=CARTESIAN_POINT('',(-6.5,-2.875,0.00999999999999959));
#8826=CARTESIAN_POINT('',(-4.5,-2.875,-13.0688317147838));
#8827=CARTESIAN_POINT('',(-5.,-2.875,2.625));
#8828=CARTESIAN_POINT('',(-6.,-2.875,2.625));
#8829=CARTESIAN_POINT('',(-5.,-2.875,2.625));
#8830=CARTESIAN_POINT('',(-6.,-2.875,3.125));
#8831=CARTESIAN_POINT('',(-6.,-2.875,2.625));
#8832=CARTESIAN_POINT('',(-5.,-2.875,3.125));
#8833=CARTESIAN_POINT('',(-5.,-2.875,3.125));
#8834=CARTESIAN_POINT('',(-5.,-2.875,2.625));
#8835=CARTESIAN_POINT('Origin',(-6.5,-3.375,5.75));
#8836=CARTESIAN_POINT('',(-4.,-3.375,0.00999999999999959));
#8837=CARTESIAN_POINT('',(-4.,-3.375,5.74));
#8838=CARTESIAN_POINT('',(-4.,-3.375,-13.0688317147838));
#8839=CARTESIAN_POINT('',(-2.,-3.375,0.00999999999999959));
#8840=CARTESIAN_POINT('',(-6.5,-3.375,0.00999999999999959));
#8841=CARTESIAN_POINT('',(-2.,-3.375,5.74));
#8842=CARTESIAN_POINT('',(-2.,-3.375,-13.0688317147838));
#8843=CARTESIAN_POINT('',(-6.5,-3.375,5.74));
#8844=CARTESIAN_POINT('Origin',(-6.5,3.375,5.75));
#8845=CARTESIAN_POINT('',(-6.,3.375,4.875));
#8846=CARTESIAN_POINT('',(-5.5,3.375,4.875));
#8847=CARTESIAN_POINT('',(-6.,3.375,4.875));
#8848=CARTESIAN_POINT('',(-6.,3.375,0.875));
#8849=CARTESIAN_POINT('',(-6.,3.375,0.875));
#8850=CARTESIAN_POINT('',(-5.5,3.375,0.875));
#8851=CARTESIAN_POINT('',(-6.,3.375,0.875));
#8852=CARTESIAN_POINT('',(-5.5,3.375,0.875));
#8853=CARTESIAN_POINT('',(-2.55,3.375,1.325));
#8854=CARTESIAN_POINT('',(-2.55,3.375,4.425));
#8855=CARTESIAN_POINT('',(-2.55,3.375,1.325));
#8856=CARTESIAN_POINT('',(-1.7,3.375,1.325));
#8857=CARTESIAN_POINT('',(-1.7,3.375,1.325));
#8858=CARTESIAN_POINT('',(-1.7,3.375,4.425));
#8859=CARTESIAN_POINT('',(-1.7,3.375,4.425));
#8860=CARTESIAN_POINT('',(-2.55,3.375,4.425));
#8861=CARTESIAN_POINT('',(-0.999999999999998,3.375,1.375));
#8862=CARTESIAN_POINT('',(-0.999999999999998,3.375,4.375));
#8863=CARTESIAN_POINT('',(-0.999999999999998,3.375,1.375));
#8864=CARTESIAN_POINT('',(-0.749999999999998,3.375,1.375));
#8865=CARTESIAN_POINT('',(-0.749999999999998,3.375,1.375));
#8866=CARTESIAN_POINT('',(-0.749999999999998,3.375,4.375));
#8867=CARTESIAN_POINT('',(-0.749999999999998,3.375,1.375));
#8868=CARTESIAN_POINT('',(-0.749999999999998,3.375,4.375));
#8869=CARTESIAN_POINT('',(-3.5,3.375,1.375));
#8870=CARTESIAN_POINT('',(-3.5,3.375,4.375));
#8871=CARTESIAN_POINT('',(-3.5,3.375,1.375));
#8872=CARTESIAN_POINT('',(-3.25,3.375,1.375));
#8873=CARTESIAN_POINT('',(-3.25,3.375,1.375));
#8874=CARTESIAN_POINT('',(-3.25,3.375,4.375));
#8875=CARTESIAN_POINT('',(-3.25,3.375,1.375));
#8876=CARTESIAN_POINT('',(-3.25,3.375,4.375));
#8877=CARTESIAN_POINT('Origin',(-6.5,-3.375,5.75));
#8878=CARTESIAN_POINT('',(2.00000000000001,-3.375,0.00999999999999959));
#8879=CARTESIAN_POINT('',(2.00000000000001,-3.375,5.74));
#8880=CARTESIAN_POINT('',(2.00000000000001,-3.375,-13.0688317147838));
#8881=CARTESIAN_POINT('',(4.00000000000001,-3.375,0.00999999999999959));
#8882=CARTESIAN_POINT('',(-6.5,-3.375,0.00999999999999959));
#8883=CARTESIAN_POINT('',(4.00000000000001,-3.375,5.74));
#8884=CARTESIAN_POINT('',(4.00000000000001,-3.375,-13.0688317147838));
#8885=CARTESIAN_POINT('',(-6.5,-3.375,5.74));
#8886=CARTESIAN_POINT('Origin',(4.00000000000001,-3.375,-13.0688317147838));
#8887=CARTESIAN_POINT('',(4.00000000000001,-3.375,0.00999999999999959));
#8888=CARTESIAN_POINT('',(4.00000000000001,-3.375,5.74));
#8889=CARTESIAN_POINT('Origin',(1.50000000000001,-2.875,-13.0688317147838));
#8890=CARTESIAN_POINT('',(1.50000000000001,-2.875,0.00999999999999959));
#8891=CARTESIAN_POINT('',(1.50000000000001,-2.875,5.74));
#8892=CARTESIAN_POINT('Origin',(-2.,-3.375,-13.0688317147838));
#8893=CARTESIAN_POINT('',(-2.,-3.375,0.00999999999999959));
#8894=CARTESIAN_POINT('',(-2.,-3.375,5.74));
#8895=CARTESIAN_POINT('Origin',(-4.5,-2.875,-13.0688317147838));
#8896=CARTESIAN_POINT('',(-4.5,-2.875,0.00999999999999959));
#8897=CARTESIAN_POINT('',(-4.5,-2.875,5.74));
#8898=CARTESIAN_POINT('Origin',(-5.,-6.125,2.625));
#8899=CARTESIAN_POINT('',(-5.,-5.825,3.05124659905778));
#8900=CARTESIAN_POINT('',(-5.,-5.825,2.69875340094222));
#8901=CARTESIAN_POINT('',(-5.,-5.825,2.625));
#8902=CARTESIAN_POINT('',(-5.,-4.98199476972383,2.625));
#8903=CARTESIAN_POINT('',(-5.,-6.11631759111666,2.72424038765061));
#8904=CARTESIAN_POINT('',(-5.,-6.125,2.625));
#8905=CARTESIAN_POINT('',(-5.,-4.98199476972383,3.125));
#8906=CARTESIAN_POINT('',(-5.,-6.125,3.125));
#8907=CARTESIAN_POINT('',(-5.,-6.15972963553339,3.02196155060244));
#8908=CARTESIAN_POINT('Origin',(-6.,-6.125,2.625));
#8909=CARTESIAN_POINT('',(-5.7,-6.125,3.025));
#8910=CARTESIAN_POINT('',(-5.7,-6.125,2.725));
#8911=CARTESIAN_POINT('',(-5.7,-6.125,2.625));
#8912=CARTESIAN_POINT('',(-5.29999999999999,-6.125,2.725));
#8913=CARTESIAN_POINT('',(-5.29999999999999,-6.125,2.725));
#8914=CARTESIAN_POINT('',(-5.29999999999999,-6.125,3.025));
#8915=CARTESIAN_POINT('',(-5.29999999999999,-6.125,2.625));
#8916=CARTESIAN_POINT('',(-6.,-6.125,3.025));
#8917=CARTESIAN_POINT('Origin',(-6.,-2.875,2.625));
#8918=CARTESIAN_POINT('',(-6.,-4.98199476972383,2.625));
#8919=CARTESIAN_POINT('',(-6.,-2.875,2.625));
#8920=CARTESIAN_POINT('',(-6.,-5.825,2.69875340094222));
#8921=CARTESIAN_POINT('',(-6.,-2.89100499247181,2.44206209894186));
#8922=CARTESIAN_POINT('',(-6.,-5.825,3.05124659905778));
#8923=CARTESIAN_POINT('',(-6.,-5.825,2.625));
#8924=CARTESIAN_POINT('',(-6.,-4.98199476972383,3.125));
#8925=CARTESIAN_POINT('',(-6.,-2.93441703688855,3.3041398393112));
#8926=CARTESIAN_POINT('',(-6.,-2.875,3.125));
#8927=CARTESIAN_POINT('Origin',(0.,0.,2.625));
#8928=CARTESIAN_POINT('',(-5.7,-4.98199476972383,2.625));
#8929=CARTESIAN_POINT('Origin',(0.,0.,3.125));
#8930=CARTESIAN_POINT('',(0.,-4.98199476972383,3.125));
#8931=CARTESIAN_POINT('Origin',(-5.29999999999999,-6.125,2.625));
#8932=CARTESIAN_POINT('',(-5.29564224453398,-6.12064224453399,2.72461874579831));
#8933=CARTESIAN_POINT('',(-5.31743102186404,-6.14243102186404,3.02347498319322));
#8934=CARTESIAN_POINT('Origin',(-6.,-5.825,2.625));
#8935=CARTESIAN_POINT('',(-6.00321399286093,-5.82178600713907,2.69847221300224));
#8936=CARTESIAN_POINT('',(-5.98142521553087,-5.84357478446913,3.04962151598929));
#8937=CARTESIAN_POINT('Origin',(-6.,-6.125,2.725));
#8938=CARTESIAN_POINT('Origin',(0.,-4.98199476972383,3.125));
#8939=CARTESIAN_POINT('Origin',(0.500000000000004,-6.125,2.625));
#8940=CARTESIAN_POINT('',(0.500000000000004,-5.825,3.05124659905778));
#8941=CARTESIAN_POINT('',(0.500000000000004,-5.825,2.69875340094222));
#8942=CARTESIAN_POINT('',(0.500000000000004,-5.825,2.625));
#8943=CARTESIAN_POINT('',(0.500000000000003,-4.98199476972383,2.625));
#8944=CARTESIAN_POINT('',(0.500000000000004,-6.11631759111666,2.72424038765061));
#8945=CARTESIAN_POINT('',(0.500000000000004,-6.125,2.625));
#8946=CARTESIAN_POINT('',(0.500000000000003,-4.98199476972383,3.125));
#8947=CARTESIAN_POINT('',(0.500000000000004,-6.125,3.125));
#8948=CARTESIAN_POINT('',(0.500000000000004,-6.15972963553339,3.02196155060244));
#8949=CARTESIAN_POINT('Origin',(-0.5,-6.125,2.625));
#8950=CARTESIAN_POINT('',(-0.2,-6.125,3.025));
#8951=CARTESIAN_POINT('',(-0.2,-6.125,2.725));
#8952=CARTESIAN_POINT('',(-0.2,-6.125,2.625));
#8953=CARTESIAN_POINT('',(0.200000000000004,-6.125,2.725));
#8954=CARTESIAN_POINT('',(0.200000000000004,-6.125,2.725));
#8955=CARTESIAN_POINT('',(0.200000000000004,-6.125,3.025));
#8956=CARTESIAN_POINT('',(0.200000000000004,-6.125,2.625));
#8957=CARTESIAN_POINT('',(-0.5,-6.125,3.025));
#8958=CARTESIAN_POINT('Origin',(-0.499999999999999,-2.875,2.625));
#8959=CARTESIAN_POINT('',(-0.499999999999999,-4.98199476972383,2.625));
#8960=CARTESIAN_POINT('',(-0.499999999999999,-2.875,2.625));
#8961=CARTESIAN_POINT('',(-0.499999999999999,-5.825,2.69875340094222));
#8962=CARTESIAN_POINT('',(-0.499999999999999,-2.89100499247181,2.44206209894186));
#8963=CARTESIAN_POINT('',(-0.499999999999999,-5.825,3.05124659905778));
#8964=CARTESIAN_POINT('',(-0.499999999999999,-5.825,2.625));
#8965=CARTESIAN_POINT('',(-0.499999999999999,-4.98199476972383,3.125));
#8966=CARTESIAN_POINT('',(-0.499999999999999,-2.93441703688855,3.3041398393112));
#8967=CARTESIAN_POINT('',(-0.499999999999999,-2.875,3.125));
#8968=CARTESIAN_POINT('Origin',(5.5,0.,2.625));
#8969=CARTESIAN_POINT('',(-0.2,-4.98199476972383,2.625));
#8970=CARTESIAN_POINT('Origin',(5.5,0.,3.125));
#8971=CARTESIAN_POINT('',(5.5,-4.98199476972383,3.125));
#8972=CARTESIAN_POINT('Origin',(6.,-6.125,2.625));
#8973=CARTESIAN_POINT('',(6.,-5.825,3.05124659905778));
#8974=CARTESIAN_POINT('',(6.,-5.825,2.69875340094222));
#8975=CARTESIAN_POINT('',(6.,-5.825,2.625));
#8976=CARTESIAN_POINT('',(6.,-4.98199476972383,2.625));
#8977=CARTESIAN_POINT('',(6.,-6.11631759111666,2.72424038765061));
#8978=CARTESIAN_POINT('',(6.,-6.125,2.625));
#8979=CARTESIAN_POINT('',(6.,-4.98199476972383,3.125));
#8980=CARTESIAN_POINT('',(6.,-6.125,3.125));
#8981=CARTESIAN_POINT('',(6.,-6.15972963553339,3.02196155060244));
#8982=CARTESIAN_POINT('Origin',(5.,-6.125,2.625));
#8983=CARTESIAN_POINT('',(5.3,-6.125,3.025));
#8984=CARTESIAN_POINT('',(5.3,-6.125,2.725));
#8985=CARTESIAN_POINT('',(5.3,-6.125,2.625));
#8986=CARTESIAN_POINT('',(5.7,-6.125,2.725));
#8987=CARTESIAN_POINT('',(5.7,-6.125,2.725));
#8988=CARTESIAN_POINT('',(5.7,-6.125,3.025));
#8989=CARTESIAN_POINT('',(5.7,-6.125,2.625));
#8990=CARTESIAN_POINT('',(5.,-6.125,3.025));
#8991=CARTESIAN_POINT('Origin',(5.,-2.875,2.625));
#8992=CARTESIAN_POINT('',(5.,-4.98199476972383,2.625));
#8993=CARTESIAN_POINT('',(5.,-2.875,2.625));
#8994=CARTESIAN_POINT('',(5.,-5.825,2.69875340094222));
#8995=CARTESIAN_POINT('',(5.,-2.89100499247181,2.44206209894186));
#8996=CARTESIAN_POINT('',(5.,-5.825,3.05124659905778));
#8997=CARTESIAN_POINT('',(5.,-5.825,2.625));
#8998=CARTESIAN_POINT('',(5.,-4.98199476972383,3.125));
#8999=CARTESIAN_POINT('',(5.,-2.93441703688855,3.3041398393112));
#9000=CARTESIAN_POINT('',(5.,-2.875,3.125));
#9001=CARTESIAN_POINT('Origin',(11.,0.,2.625));
#9002=CARTESIAN_POINT('',(5.3,-4.98199476972383,2.625));
#9003=CARTESIAN_POINT('Origin',(11.,0.,3.125));
#9004=CARTESIAN_POINT('',(11.,-4.98199476972383,3.125));
#9005=CARTESIAN_POINT('Origin',(0.200000000000004,-6.125,2.625));
#9006=CARTESIAN_POINT('',(0.204357755466015,-6.12064224453399,2.72461874579831));
#9007=CARTESIAN_POINT('',(0.182568978135959,-6.14243102186404,3.02347498319322));
#9008=CARTESIAN_POINT('Origin',(-0.499999999999999,-5.825,2.625));
#9009=CARTESIAN_POINT('',(-0.503213992860928,-5.82178600713907,2.69847221300224));
#9010=CARTESIAN_POINT('',(-0.481425215530873,-5.84357478446913,3.04962151598929));
#9011=CARTESIAN_POINT('Origin',(5.7,-6.125,2.625));
#9012=CARTESIAN_POINT('',(5.70435775546601,-6.12064224453399,2.72461874579831));
#9013=CARTESIAN_POINT('',(5.68256897813596,-6.14243102186404,3.02347498319322));
#9014=CARTESIAN_POINT('Origin',(5.,-5.825,2.625));
#9015=CARTESIAN_POINT('',(4.99678600713907,-5.82178600713907,2.69847221300224));
#9016=CARTESIAN_POINT('',(5.01857478446913,-5.84357478446913,3.04962151598929));
#9017=CARTESIAN_POINT('Origin',(-0.5,-6.125,2.725));
#9018=CARTESIAN_POINT('Origin',(5.5,-4.98199476972383,3.125));
#9019=CARTESIAN_POINT('Origin',(5.,-6.125,2.725));
#9020=CARTESIAN_POINT('Origin',(11.,-4.98199476972383,3.125));
#9021=CARTESIAN_POINT('Origin',(-3.5,-1.89520410288673,-3.1112698372208));
#9022=CARTESIAN_POINT('',(-4.,-2.875,0.01));
#9023=CARTESIAN_POINT('',(-4.,-2.875,5.74));
#9024=CARTESIAN_POINT('',(-4.,-2.875,-3.1112698372208));
#9025=CARTESIAN_POINT('',(-4.,-0.915408205773458,0.01));
#9026=CARTESIAN_POINT('Origin',(-3.5,-1.89520410288673,0.01));
#9027=CARTESIAN_POINT('',(-4.,-0.915408205773458,5.74));
#9028=CARTESIAN_POINT('',(-4.,-0.915408205773458,-3.1112698372208));
#9029=CARTESIAN_POINT('Origin',(-3.5,-1.89520410288673,5.74));
#9030=CARTESIAN_POINT('Origin',(-4.,-0.915408205773458,-3.1112698372208));
#9031=CARTESIAN_POINT('',(-4.,-0.915408205773458,0.01));
#9032=CARTESIAN_POINT('',(-4.,-0.915408205773458,5.74));
#9033=CARTESIAN_POINT('Origin',(-4.,-2.875,-3.1112698372208));
#9034=CARTESIAN_POINT('',(-4.,-2.875,0.01));
#9035=CARTESIAN_POINT('',(-4.,-2.875,5.74));
#9036=CARTESIAN_POINT('Origin',(0.,0.,5.74));
#9037=CARTESIAN_POINT('',(6.49,-0.415408205773458,5.74));
#9038=CARTESIAN_POINT('',(6.49,-2.875,5.74));
#9039=CARTESIAN_POINT('',(1.50000000000001,-0.415408205773458,5.74));
#9040=CARTESIAN_POINT('',(1.50000000000001,-0.415408205773458,5.74));
#9041=CARTESIAN_POINT('',(1.50000000000001,-2.375,5.74));
#9042=CARTESIAN_POINT('',(1.50000000000001,-2.375,5.74));
#9043=CARTESIAN_POINT('',(-1.5,-2.375,5.74));
#9044=CARTESIAN_POINT('',(-1.5,-2.375,5.74));
#9045=CARTESIAN_POINT('',(-1.5,-0.415408205773458,5.74));
#9046=CARTESIAN_POINT('',(-1.5,-0.415408205773458,5.74));
#9047=CARTESIAN_POINT('',(-6.49,-0.415408205773458,5.74));
#9048=CARTESIAN_POINT('',(-6.5,-0.415408205773458,5.74));
#9049=CARTESIAN_POINT('',(-6.49,-2.875,5.74));
#9050=CARTESIAN_POINT('Origin',(-6.5,-0.415408205773458,5.74));
#9051=CARTESIAN_POINT('',(-1.5,-0.415408205773458,0.01));
#9052=CARTESIAN_POINT('',(-1.5,-0.415408205773458,0.01));
#9053=CARTESIAN_POINT('',(-6.49,-0.415408205773458,0.01));
#9054=CARTESIAN_POINT('',(-6.5,-0.415408205773458,0.01));
#9055=CARTESIAN_POINT('',(-6.49,-0.415408205773458,0.01));
#9056=CARTESIAN_POINT('',(-1.5,-0.415408205773458,5.74));
#9057=CARTESIAN_POINT('Origin',(-1.5,-0.415408205773458,5.74));
#9058=CARTESIAN_POINT('',(-1.5,-2.375,5.74));
#9059=CARTESIAN_POINT('Origin',(-1.5,-2.375,5.74));
#9060=CARTESIAN_POINT('',(1.50000000000001,-2.375,5.74));
#9061=CARTESIAN_POINT('Origin',(1.50000000000001,-2.375,5.74));
#9062=CARTESIAN_POINT('',(1.50000000000001,-0.415408205773458,5.74));
#9063=CARTESIAN_POINT('Origin',(1.50000000000001,-0.415408205773458,5.74));
#9064=CARTESIAN_POINT('',(6.49,-0.415408205773458,0.01));
#9065=CARTESIAN_POINT('',(6.49,-0.415408205773458,5.74));
#9066=CARTESIAN_POINT('',(1.50000000000001,-0.415408205773458,0.01));
#9067=CARTESIAN_POINT('',(1.50000000000001,-0.415408205773458,0.01));
#9068=CARTESIAN_POINT('',(1.50000000000001,-0.415408205773458,0.01));
#9069=CARTESIAN_POINT('Origin',(0.500000000000007,-0.665408205773458,5.74));
#9070=CARTESIAN_POINT('',(0.500000000000007,-0.665408205773458,5.74));
#9071=CARTESIAN_POINT('',(0.500000000000007,-0.665408205773458,5.74));
#9072=CARTESIAN_POINT('',(0.500000000000007,-1.625,5.74));
#9073=CARTESIAN_POINT('',(0.500000000000007,-0.665408205773458,5.74));
#9074=CARTESIAN_POINT('',(0.500000000000007,-1.625,5.74));
#9075=CARTESIAN_POINT('Origin',(-0.499999999999997,-1.625,5.74));
#9076=CARTESIAN_POINT('',(-0.499999999999997,-1.625,5.74));
#9077=CARTESIAN_POINT('',(-0.499999999999997,-1.625,5.74));
#9078=CARTESIAN_POINT('',(-0.499999999999997,-1.625,5.74));
#9079=CARTESIAN_POINT('Origin',(-0.499999999999998,-0.665408205773458,5.74));
#9080=CARTESIAN_POINT('',(-0.499999999999998,-0.665408205773458,5.74));
#9081=CARTESIAN_POINT('',(-0.499999999999998,-0.665408205773458,5.74));
#9082=CARTESIAN_POINT('',(-0.499999999999998,-0.665408205773458,5.74));
#9083=CARTESIAN_POINT('Origin',(-0.499999999999998,-0.665408205773458,5.74));
#9084=CARTESIAN_POINT('',(-0.499999999999998,-0.665408205773458,5.74));
#9085=CARTESIAN_POINT('Origin',(0.,0.,5.74));
#9086=CARTESIAN_POINT('Origin',(5.5,-1.89520410288673,5.69));
#9087=CARTESIAN_POINT('Origin',(-5.5,-1.89520410288673,5.69));
#9088=CARTESIAN_POINT('Origin',(0.,0.,0.01));
#9089=CARTESIAN_POINT('',(6.49,-2.875,0.01));
#9090=CARTESIAN_POINT('',(-6.49,-2.875,0.01));
#9091=CARTESIAN_POINT('',(-1.5,-2.375,0.01));
#9092=CARTESIAN_POINT('',(-1.5,-0.415408205773458,0.01));
#9093=CARTESIAN_POINT('',(1.50000000000001,-2.375,0.01));
#9094=CARTESIAN_POINT('',(-1.5,-2.375,0.01));
#9095=CARTESIAN_POINT('',(1.50000000000001,-2.375,0.01));
#9096=CARTESIAN_POINT('Origin',(1.50000000000001,-2.375,0.01));
#9097=CARTESIAN_POINT('',(1.50000000000001,-2.375,0.01));
#9098=CARTESIAN_POINT('Origin',(-1.5,-2.375,0.01));
#9099=CARTESIAN_POINT('',(-1.5,-2.375,0.01));
#9100=CARTESIAN_POINT('Origin',(-1.5,-0.415408205773458,0.01));
#9101=CARTESIAN_POINT('Origin',(0.500000000000007,-0.665408205773458,0.01));
#9102=CARTESIAN_POINT('',(0.500000000000007,-1.625,0.01));
#9103=CARTESIAN_POINT('',(0.500000000000007,-1.625,0.01));
#9104=CARTESIAN_POINT('',(0.500000000000007,-0.665408205773458,0.01));
#9105=CARTESIAN_POINT('',(0.500000000000007,-0.665408205773458,0.01));
#9106=CARTESIAN_POINT('',(0.500000000000007,-0.665408205773458,0.01));
#9107=CARTESIAN_POINT('Origin',(-0.499999999999998,-0.665408205773458,0.01));
#9108=CARTESIAN_POINT('',(-0.499999999999998,-0.665408205773458,0.01));
#9109=CARTESIAN_POINT('',(-0.499999999999998,-0.665408205773458,0.01));
#9110=CARTESIAN_POINT('',(-0.499999999999998,-0.665408205773458,0.01));
#9111=CARTESIAN_POINT('Origin',(-0.499999999999998,-0.665408205773458,0.01));
#9112=CARTESIAN_POINT('',(-0.499999999999997,-1.625,0.01));
#9113=CARTESIAN_POINT('',(-0.499999999999998,-0.665408205773458,0.01));
#9114=CARTESIAN_POINT('',(-0.499999999999997,-1.625,0.01));
#9115=CARTESIAN_POINT('Origin',(-0.499999999999997,-1.625,0.01));
#9116=CARTESIAN_POINT('',(-0.499999999999997,-1.625,0.01));
#9117=CARTESIAN_POINT('Origin',(0.,0.,0.01));
#9118=CARTESIAN_POINT('Origin',(5.5,-1.89520410288673,0.0599999999999996));
#9119=CARTESIAN_POINT('Origin',(-5.5,-1.89520410288673,0.0599999999999996));
#9120=CARTESIAN_POINT('Origin',(-6.49,1.28498035257541E-18,0.));
#9121=CARTESIAN_POINT('Origin',(6.49,2.28961986939531E-15,0.));
#9122=CARTESIAN_POINT('Ctrl Pts',(-5.38642745058761,1.94142940106415,5.76));
#9123=CARTESIAN_POINT('Ctrl Pts',(-5.38642745058761,1.94142940106415,5.748));
#9124=CARTESIAN_POINT('Ctrl Pts',(-5.37122733767929,1.94124716430748,5.76));
#9125=CARTESIAN_POINT('Ctrl Pts',(-5.37122733767929,1.94124716430748,5.748));
#9126=CARTESIAN_POINT('Ctrl Pts',(-5.34114024495178,1.94088644500038,5.76));
#9127=CARTESIAN_POINT('Ctrl Pts',(-5.34114024495178,1.94088644500038,5.748));
#9128=CARTESIAN_POINT('Ctrl Pts',(-5.29663254597449,1.93736894485586,5.76));
#9129=CARTESIAN_POINT('Ctrl Pts',(-5.29663254597449,1.93736894485586,5.748));
#9130=CARTESIAN_POINT('Ctrl Pts',(-5.25330047596916,1.93150517107358,5.76));
#9131=CARTESIAN_POINT('Ctrl Pts',(-5.25330047596916,1.93150517107358,5.748));
#9132=CARTESIAN_POINT('Ctrl Pts',(-5.21111418216451,1.92352379944779,5.76));
#9133=CARTESIAN_POINT('Ctrl Pts',(-5.21111418216451,1.92352379944779,5.748));
#9134=CARTESIAN_POINT('Ctrl Pts',(-5.16986843139734,1.91361805591614,5.76));
#9135=CARTESIAN_POINT('Ctrl Pts',(-5.16986843139734,1.91361805591614,5.748));
#9136=CARTESIAN_POINT('Ctrl Pts',(-5.1298784593986,1.90071383601671,5.76));
#9137=CARTESIAN_POINT('Ctrl Pts',(-5.1298784593986,1.90071383601671,5.748));
#9138=CARTESIAN_POINT('Ctrl Pts',(-5.09090961049442,1.88595895662064,5.76));
#9139=CARTESIAN_POINT('Ctrl Pts',(-5.09090961049442,1.88595895662064,5.748));
#9140=CARTESIAN_POINT('Ctrl Pts',(-5.05320765413012,1.86896572693578,5.76));
#9141=CARTESIAN_POINT('Ctrl Pts',(-5.05320765413012,1.86896572693578,5.748));
#9142=CARTESIAN_POINT('Ctrl Pts',(-5.01695348190446,1.84989050027307,5.76));
#9143=CARTESIAN_POINT('Ctrl Pts',(-5.01695348190446,1.84989050027307,5.748));
#9144=CARTESIAN_POINT('Ctrl Pts',(-4.98215838532431,1.82894471399218,5.76));
#9145=CARTESIAN_POINT('Ctrl Pts',(-4.98215838532431,1.82894471399218,5.748));
#9146=CARTESIAN_POINT('Ctrl Pts',(-4.94909875122945,1.80615433512592,5.76));
#9147=CARTESIAN_POINT('Ctrl Pts',(-4.94909875122945,1.80615433512592,5.748));
#9148=CARTESIAN_POINT('Ctrl Pts',(-4.91754195435015,1.78171319442049,5.76));
#9149=CARTESIAN_POINT('Ctrl Pts',(-4.91754195435015,1.78171319442049,5.748));
#9150=CARTESIAN_POINT('Ctrl Pts',(-4.88801588647319,1.755104215163,5.76));
#9151=CARTESIAN_POINT('Ctrl Pts',(-4.88801588647319,1.755104215163,5.748));
#9152=CARTESIAN_POINT('Ctrl Pts',(-4.859682232384,1.72705929049438,5.76));
#9153=CARTESIAN_POINT('Ctrl Pts',(-4.859682232384,1.72705929049438,5.748));
#9154=CARTESIAN_POINT('Ctrl Pts',(-4.8335031939122,1.6967706129111,5.76));
#9155=CARTESIAN_POINT('Ctrl Pts',(-4.8335031939122,1.6967706129111,5.748));
#9156=CARTESIAN_POINT('Ctrl Pts',(-4.81734350413763,1.67545089086814,5.76));
#9157=CARTESIAN_POINT('Ctrl Pts',(-4.81734350413763,1.67545089086814,5.748));
#9158=CARTESIAN_POINT('Ctrl Pts',(-4.80924145299145,1.66476173279492,5.76));
#9159=CARTESIAN_POINT('Ctrl Pts',(-4.80924145299145,1.66476173279492,5.748));
#9160=CARTESIAN_POINT('',(-5.38642745058761,1.94142940106415,5.76));
#9161=CARTESIAN_POINT('',(-5.38642745058761,1.94142940106415,5.76));
#9162=CARTESIAN_POINT('',(-4.80924145299145,1.66476173279492,5.76));
#9163=CARTESIAN_POINT('Ctrl Pts',(-5.38642745058761,1.94142940106415,5.76));
#9164=CARTESIAN_POINT('Ctrl Pts',(-5.37122733767929,1.94124716430748,5.76));
#9165=CARTESIAN_POINT('Ctrl Pts',(-5.34114024495178,1.94088644500038,5.76));
#9166=CARTESIAN_POINT('Ctrl Pts',(-5.29663254597449,1.93736894485586,5.76));
#9167=CARTESIAN_POINT('Ctrl Pts',(-5.25330047596916,1.93150517107358,5.76));
#9168=CARTESIAN_POINT('Ctrl Pts',(-5.21111418216451,1.92352379944779,5.76));
#9169=CARTESIAN_POINT('Ctrl Pts',(-5.16986843139734,1.91361805591614,5.76));
#9170=CARTESIAN_POINT('Ctrl Pts',(-5.1298784593986,1.90071383601671,5.76));
#9171=CARTESIAN_POINT('Ctrl Pts',(-5.09090961049442,1.88595895662064,5.76));
#9172=CARTESIAN_POINT('Ctrl Pts',(-5.05320765413012,1.86896572693578,5.76));
#9173=CARTESIAN_POINT('Ctrl Pts',(-5.01695348190446,1.84989050027307,5.76));
#9174=CARTESIAN_POINT('Ctrl Pts',(-4.98215838532431,1.82894471399218,5.76));
#9175=CARTESIAN_POINT('Ctrl Pts',(-4.94909875122945,1.80615433512592,5.76));
#9176=CARTESIAN_POINT('Ctrl Pts',(-4.91754195435015,1.78171319442049,5.76));
#9177=CARTESIAN_POINT('Ctrl Pts',(-4.88801588647319,1.755104215163,5.76));
#9178=CARTESIAN_POINT('Ctrl Pts',(-4.859682232384,1.72705929049438,5.76));
#9179=CARTESIAN_POINT('Ctrl Pts',(-4.8335031939122,1.6967706129111,5.76));
#9180=CARTESIAN_POINT('Ctrl Pts',(-4.81734350413763,1.67545089086814,5.76));
#9181=CARTESIAN_POINT('Ctrl Pts',(-4.80924145299145,1.66476173279492,5.76));
#9182=CARTESIAN_POINT('',(-4.80924145299145,1.66476173279492,5.76));
#9183=CARTESIAN_POINT('Ctrl Pts',(-6.09823717948718,1.25373534056735,5.76));
#9184=CARTESIAN_POINT('Ctrl Pts',(-6.09823717948718,1.25373534056735,5.748));
#9185=CARTESIAN_POINT('Ctrl Pts',(-6.09764935335102,1.27753100306659,5.76));
#9186=CARTESIAN_POINT('Ctrl Pts',(-6.09764935335102,1.27753100306659,5.748));
#9187=CARTESIAN_POINT('Ctrl Pts',(-6.09649284212586,1.32434748348144,5.76));
#9188=CARTESIAN_POINT('Ctrl Pts',(-6.09649284212586,1.32434748348144,5.748));
#9189=CARTESIAN_POINT('Ctrl Pts',(-6.08666705038505,1.39305370987346,5.76));
#9190=CARTESIAN_POINT('Ctrl Pts',(-6.08666705038505,1.39305370987346,5.748));
#9191=CARTESIAN_POINT('Ctrl Pts',(-6.07086054111029,1.45887879217811,5.76));
#9192=CARTESIAN_POINT('Ctrl Pts',(-6.07086054111029,1.45887879217811,5.748));
#9193=CARTESIAN_POINT('Ctrl Pts',(-6.04840993143302,1.52169985040032,5.76));
#9194=CARTESIAN_POINT('Ctrl Pts',(-6.04840993143302,1.52169985040032,5.748));
#9195=CARTESIAN_POINT('Ctrl Pts',(-6.01994630162413,1.58184730751184,5.76));
#9196=CARTESIAN_POINT('Ctrl Pts',(-6.01994630162413,1.58184730751184,5.748));
#9197=CARTESIAN_POINT('Ctrl Pts',(-5.98478445651218,1.63886169148665,5.76));
#9198=CARTESIAN_POINT('Ctrl Pts',(-5.98478445651218,1.63886169148665,5.748));
#9199=CARTESIAN_POINT('Ctrl Pts',(-5.94333288787491,1.69310762469016,5.76));
#9200=CARTESIAN_POINT('Ctrl Pts',(-5.94333288787491,1.69310762469016,5.748));
#9201=CARTESIAN_POINT('Ctrl Pts',(-5.89591669413736,1.74376200985322,5.76));
#9202=CARTESIAN_POINT('Ctrl Pts',(-5.89591669413736,1.74376200985322,5.748));
#9203=CARTESIAN_POINT('Ctrl Pts',(-5.8439195168068,1.7900789675408,5.76));
#9204=CARTESIAN_POINT('Ctrl Pts',(-5.8439195168068,1.7900789675408,5.748));
#9205=CARTESIAN_POINT('Ctrl Pts',(-5.78823651274755,1.83082714574329,5.76));
#9206=CARTESIAN_POINT('Ctrl Pts',(-5.78823651274755,1.83082714574329,5.748));
#9207=CARTESIAN_POINT('Ctrl Pts',(-5.7289766696954,1.86473823065962,5.76));
#9208=CARTESIAN_POINT('Ctrl Pts',(-5.7289766696954,1.86473823065962,5.748));
#9209=CARTESIAN_POINT('Ctrl Pts',(-5.66679283885374,1.89308499443377,5.76));
#9210=CARTESIAN_POINT('Ctrl Pts',(-5.66679283885374,1.89308499443377,5.748));
#9211=CARTESIAN_POINT('Ctrl Pts',(-5.60121938183302,1.9148732290119,5.76));
#9212=CARTESIAN_POINT('Ctrl Pts',(-5.60121938183302,1.9148732290119,5.748));
#9213=CARTESIAN_POINT('Ctrl Pts',(-5.53239620362192,1.93012577278979,5.76));
#9214=CARTESIAN_POINT('Ctrl Pts',(-5.53239620362192,1.93012577278979,5.748));
#9215=CARTESIAN_POINT('Ctrl Pts',(-5.46045262571352,1.93961944472079,5.76));
#9216=CARTESIAN_POINT('Ctrl Pts',(-5.46045262571352,1.93961944472079,5.748));
#9217=CARTESIAN_POINT('Ctrl Pts',(-5.41136772078059,1.94081959770787,5.76));
#9218=CARTESIAN_POINT('Ctrl Pts',(-5.41136772078059,1.94081959770787,5.748));
#9219=CARTESIAN_POINT('Ctrl Pts',(-5.38642745058761,1.94142940106415,5.76));
#9220=CARTESIAN_POINT('Ctrl Pts',(-5.38642745058761,1.94142940106415,5.748));
#9221=CARTESIAN_POINT('',(-6.09823717948718,1.25373534056735,5.76));
#9222=CARTESIAN_POINT('',(-6.09823717948718,1.25373534056735,5.76));
#9223=CARTESIAN_POINT('Ctrl Pts',(-6.09823717948718,1.25373534056735,5.76));
#9224=CARTESIAN_POINT('Ctrl Pts',(-6.09764935335102,1.27753100306659,5.76));
#9225=CARTESIAN_POINT('Ctrl Pts',(-6.09649284212586,1.32434748348144,5.76));
#9226=CARTESIAN_POINT('Ctrl Pts',(-6.08666705038505,1.39305370987346,5.76));
#9227=CARTESIAN_POINT('Ctrl Pts',(-6.07086054111029,1.45887879217811,5.76));
#9228=CARTESIAN_POINT('Ctrl Pts',(-6.04840993143302,1.52169985040032,5.76));
#9229=CARTESIAN_POINT('Ctrl Pts',(-6.01994630162413,1.58184730751184,5.76));
#9230=CARTESIAN_POINT('Ctrl Pts',(-5.98478445651218,1.63886169148665,5.76));
#9231=CARTESIAN_POINT('Ctrl Pts',(-5.94333288787491,1.69310762469016,5.76));
#9232=CARTESIAN_POINT('Ctrl Pts',(-5.89591669413736,1.74376200985322,5.76));
#9233=CARTESIAN_POINT('Ctrl Pts',(-5.8439195168068,1.7900789675408,5.76));
#9234=CARTESIAN_POINT('Ctrl Pts',(-5.78823651274755,1.83082714574329,5.76));
#9235=CARTESIAN_POINT('Ctrl Pts',(-5.7289766696954,1.86473823065962,5.76));
#9236=CARTESIAN_POINT('Ctrl Pts',(-5.66679283885374,1.89308499443377,5.76));
#9237=CARTESIAN_POINT('Ctrl Pts',(-5.60121938183302,1.9148732290119,5.76));
#9238=CARTESIAN_POINT('Ctrl Pts',(-5.53239620362192,1.93012577278979,5.76));
#9239=CARTESIAN_POINT('Ctrl Pts',(-5.46045262571352,1.93961944472079,5.76));
#9240=CARTESIAN_POINT('Ctrl Pts',(-5.41136772078059,1.94081959770787,5.76));
#9241=CARTESIAN_POINT('Ctrl Pts',(-5.38642745058761,1.94142940106415,5.76));
#9242=CARTESIAN_POINT('Ctrl Pts',(-5.93048753004808,0.782022266315217,5.76));
#9243=CARTESIAN_POINT('Ctrl Pts',(-5.93048753004808,0.782022266315217,5.748));
#9244=CARTESIAN_POINT('Ctrl Pts',(-5.9438813595852,0.798479799030916,5.76));
#9245=CARTESIAN_POINT('Ctrl Pts',(-5.9438813595852,0.798479799030916,5.748));
#9246=CARTESIAN_POINT('Ctrl Pts',(-5.97050731660046,0.831196174691122,5.76));
#9247=CARTESIAN_POINT('Ctrl Pts',(-5.97050731660046,0.831196174691122,5.748));
#9248=CARTESIAN_POINT('Ctrl Pts',(-6.00457267913318,0.884220935464406,5.76));
#9249=CARTESIAN_POINT('Ctrl Pts',(-6.00457267913318,0.884220935464406,5.748));
#9250=CARTESIAN_POINT('Ctrl Pts',(-6.03373261815574,0.93958243108116,5.76));
#9251=CARTESIAN_POINT('Ctrl Pts',(-6.03373261815574,0.93958243108116,5.748));
#9252=CARTESIAN_POINT('Ctrl Pts',(-6.05730923106892,0.997571511303921,5.76));
#9253=CARTESIAN_POINT('Ctrl Pts',(-6.05730923106892,0.997571511303921,5.748));
#9254=CARTESIAN_POINT('Ctrl Pts',(-6.07574038318391,1.05805805350493,5.76));
#9255=CARTESIAN_POINT('Ctrl Pts',(-6.07574038318391,1.05805805350493,5.748));
#9256=CARTESIAN_POINT('Ctrl Pts',(-6.08850887060989,1.12107254853516,5.76));
#9257=CARTESIAN_POINT('Ctrl Pts',(-6.08850887060989,1.12107254853516,5.748));
#9258=CARTESIAN_POINT('Ctrl Pts',(-6.09680605444524,1.18655614573658,5.76));
#9259=CARTESIAN_POINT('Ctrl Pts',(-6.09680605444524,1.18655614573658,5.748));
#9260=CARTESIAN_POINT('Ctrl Pts',(-6.09775488383575,1.2310956462122,5.76));
#9261=CARTESIAN_POINT('Ctrl Pts',(-6.09775488383575,1.2310956462122,5.748));
#9262=CARTESIAN_POINT('Ctrl Pts',(-6.09823717948718,1.25373534056735,5.76));
#9263=CARTESIAN_POINT('Ctrl Pts',(-6.09823717948718,1.25373534056735,5.748));
#9264=CARTESIAN_POINT('',(-5.93048753004808,0.782022266315217,5.76));
#9265=CARTESIAN_POINT('',(-5.93048753004808,0.782022266315217,5.76));
#9266=CARTESIAN_POINT('Ctrl Pts',(-5.93048753004808,0.782022266315217,5.76));
#9267=CARTESIAN_POINT('Ctrl Pts',(-5.9438813595852,0.798479799030916,5.76));
#9268=CARTESIAN_POINT('Ctrl Pts',(-5.97050731660046,0.831196174691122,5.76));
#9269=CARTESIAN_POINT('Ctrl Pts',(-6.00457267913318,0.884220935464406,5.76));
#9270=CARTESIAN_POINT('Ctrl Pts',(-6.03373261815574,0.93958243108116,5.76));
#9271=CARTESIAN_POINT('Ctrl Pts',(-6.05730923106892,0.997571511303921,5.76));
#9272=CARTESIAN_POINT('Ctrl Pts',(-6.07574038318391,1.05805805350493,5.76));
#9273=CARTESIAN_POINT('Ctrl Pts',(-6.08850887060989,1.12107254853516,5.76));
#9274=CARTESIAN_POINT('Ctrl Pts',(-6.09680605444524,1.18655614573658,5.76));
#9275=CARTESIAN_POINT('Ctrl Pts',(-6.09775488383575,1.2310956462122,5.76));
#9276=CARTESIAN_POINT('Ctrl Pts',(-6.09823717948718,1.25373534056735,5.76));
#9277=CARTESIAN_POINT('Ctrl Pts',(-5.38483740651709,0.550670854055602,5.76));
#9278=CARTESIAN_POINT('Ctrl Pts',(-5.38483740651709,0.550670854055602,5.748));
#9279=CARTESIAN_POINT('Ctrl Pts',(-5.39906581638712,0.550769881003772,5.76));
#9280=CARTESIAN_POINT('Ctrl Pts',(-5.39906581638712,0.550769881003772,5.748));
#9281=CARTESIAN_POINT('Ctrl Pts',(-5.42720073496535,0.550965694531023,5.76));
#9282=CARTESIAN_POINT('Ctrl Pts',(-5.42720073496535,0.550965694531023,5.748));
#9283=CARTESIAN_POINT('Ctrl Pts',(-5.46873984643779,0.554137733998856,5.76));
#9284=CARTESIAN_POINT('Ctrl Pts',(-5.46873984643779,0.554137733998856,5.748));
#9285=CARTESIAN_POINT('Ctrl Pts',(-5.50917936060984,0.558465461938048,5.76));
#9286=CARTESIAN_POINT('Ctrl Pts',(-5.50917936060984,0.558465461938048,5.74799999999999));
#9287=CARTESIAN_POINT('Ctrl Pts',(-5.54840369836303,0.564981821000919,5.76));
#9288=CARTESIAN_POINT('Ctrl Pts',(-5.54840369836303,0.564981821000919,5.748));
#9289=CARTESIAN_POINT('Ctrl Pts',(-5.58662690916928,0.572671497152239,5.76));
#9290=CARTESIAN_POINT('Ctrl Pts',(-5.58662690916928,0.572671497152239,5.748));
#9291=CARTESIAN_POINT('Ctrl Pts',(-5.62350248723576,0.582979382840939,5.76));
#9292=CARTESIAN_POINT('Ctrl Pts',(-5.62350248723576,0.582979382840939,5.748));
#9293=CARTESIAN_POINT('Ctrl Pts',(-5.65939329591291,0.594526240453171,5.76));
#9294=CARTESIAN_POINT('Ctrl Pts',(-5.65939329591291,0.594526240453171,5.748));
#9295=CARTESIAN_POINT('Ctrl Pts',(-5.69415513897365,0.608097470562042,5.76));
#9296=CARTESIAN_POINT('Ctrl Pts',(-5.69415513897365,0.608097470562042,5.748));
#9297=CARTESIAN_POINT('Ctrl Pts',(-5.72781758502772,0.623411622890159,5.76));
#9298=CARTESIAN_POINT('Ctrl Pts',(-5.72781758502772,0.623411622890159,5.748));
#9299=CARTESIAN_POINT('Ctrl Pts',(-5.76027206134833,0.640719741879568,5.76));
#9300=CARTESIAN_POINT('Ctrl Pts',(-5.76027206134833,0.640719741879568,5.748));
#9301=CARTESIAN_POINT('Ctrl Pts',(-5.79150364145152,0.65987628001047,5.76));
#9302=CARTESIAN_POINT('Ctrl Pts',(-5.79150364145152,0.65987628001047,5.748));
#9303=CARTESIAN_POINT('Ctrl Pts',(-5.82181938088193,0.680458977402741,5.76));
#9304=CARTESIAN_POINT('Ctrl Pts',(-5.82181938088193,0.680458977402741,5.748));
#9305=CARTESIAN_POINT('Ctrl Pts',(-5.8507714437591,0.703128969478772,5.76));
#9306=CARTESIAN_POINT('Ctrl Pts',(-5.8507714437591,0.703128969478772,5.748));
#9307=CARTESIAN_POINT('Ctrl Pts',(-5.87861072268505,0.727571417639373,5.76));
#9308=CARTESIAN_POINT('Ctrl Pts',(-5.87861072268505,0.727571417639373,5.748));
#9309=CARTESIAN_POINT('Ctrl Pts',(-5.90549332530868,0.753703939560272,5.76));
#9310=CARTESIAN_POINT('Ctrl Pts',(-5.90549332530868,0.753703939560272,5.748));
#9311=CARTESIAN_POINT('Ctrl Pts',(-5.92212529255259,0.772547887103369,5.76));
#9312=CARTESIAN_POINT('Ctrl Pts',(-5.92212529255259,0.772547887103369,5.748));
#9313=CARTESIAN_POINT('Ctrl Pts',(-5.93048753004808,0.782022266315217,5.76));
#9314=CARTESIAN_POINT('Ctrl Pts',(-5.93048753004808,0.782022266315217,5.748));
#9315=CARTESIAN_POINT('',(-5.38483740651709,0.550670854055602,5.76));
#9316=CARTESIAN_POINT('',(-5.38483740651709,0.550670854055602,5.76));
#9317=CARTESIAN_POINT('Ctrl Pts',(-5.38483740651709,0.550670854055602,5.76));
#9318=CARTESIAN_POINT('Ctrl Pts',(-5.39906581638712,0.550769881003772,5.76));
#9319=CARTESIAN_POINT('Ctrl Pts',(-5.42720073496535,0.550965694531023,5.76));
#9320=CARTESIAN_POINT('Ctrl Pts',(-5.46873984643779,0.554137733998856,5.76));
#9321=CARTESIAN_POINT('Ctrl Pts',(-5.50917936060984,0.558465461938048,5.76));
#9322=CARTESIAN_POINT('Ctrl Pts',(-5.54840369836303,0.564981821000919,5.76));
#9323=CARTESIAN_POINT('Ctrl Pts',(-5.58662690916928,0.572671497152239,5.76));
#9324=CARTESIAN_POINT('Ctrl Pts',(-5.62350248723576,0.582979382840939,5.76));
#9325=CARTESIAN_POINT('Ctrl Pts',(-5.65939329591291,0.594526240453171,5.76));
#9326=CARTESIAN_POINT('Ctrl Pts',(-5.69415513897365,0.608097470562042,5.76));
#9327=CARTESIAN_POINT('Ctrl Pts',(-5.72781758502772,0.623411622890159,5.76));
#9328=CARTESIAN_POINT('Ctrl Pts',(-5.76027206134833,0.640719741879568,5.76));
#9329=CARTESIAN_POINT('Ctrl Pts',(-5.79150364145152,0.65987628001047,5.76));
#9330=CARTESIAN_POINT('Ctrl Pts',(-5.82181938088193,0.680458977402741,5.76));
#9331=CARTESIAN_POINT('Ctrl Pts',(-5.8507714437591,0.703128969478772,5.76));
#9332=CARTESIAN_POINT('Ctrl Pts',(-5.87861072268505,0.727571417639373,5.76));
#9333=CARTESIAN_POINT('Ctrl Pts',(-5.90549332530868,0.753703939560272,5.76));
#9334=CARTESIAN_POINT('Ctrl Pts',(-5.92212529255259,0.772547887103369,5.76));
#9335=CARTESIAN_POINT('Ctrl Pts',(-5.93048753004808,0.782022266315217,5.76));
#9336=CARTESIAN_POINT('Ctrl Pts',(-4.80924145299145,0.828133544360089,5.76));
#9337=CARTESIAN_POINT('Ctrl Pts',(-4.80924145299145,0.828133544360089,5.748));
#9338=CARTESIAN_POINT('Ctrl Pts',(-4.81760157190485,0.817346689020027,5.76));
#9339=CARTESIAN_POINT('Ctrl Pts',(-4.81760157190485,0.817346689020027,5.748));
#9340=CARTESIAN_POINT('Ctrl Pts',(-4.83428176523434,0.795824646767598,5.76));
#9341=CARTESIAN_POINT('Ctrl Pts',(-4.83428176523434,0.795824646767598,5.748));
#9342=CARTESIAN_POINT('Ctrl Pts',(-4.86129119427384,0.765483851723088,5.76));
#9343=CARTESIAN_POINT('Ctrl Pts',(-4.86129119427384,0.765483851723088,5.748));
#9344=CARTESIAN_POINT('Ctrl Pts',(-4.88974422037281,0.736945124019547,5.76));
#9345=CARTESIAN_POINT('Ctrl Pts',(-4.88974422037281,0.736945124019547,5.748));
#9346=CARTESIAN_POINT('Ctrl Pts',(-4.91985218219089,0.710438552900826,5.76));
#9347=CARTESIAN_POINT('Ctrl Pts',(-4.91985218219089,0.710438552900826,5.748));
#9348=CARTESIAN_POINT('Ctrl Pts',(-4.95126872841675,0.685433740008519,5.76));
#9349=CARTESIAN_POINT('Ctrl Pts',(-4.95126872841675,0.685433740008519,5.748));
#9350=CARTESIAN_POINT('Ctrl Pts',(-4.98455796552321,0.662641083544193,5.76));
#9351=CARTESIAN_POINT('Ctrl Pts',(-4.98455796552321,0.662641083544193,5.748));
#9352=CARTESIAN_POINT('Ctrl Pts',(-5.01928227245229,0.641742445735083,5.76));
#9353=CARTESIAN_POINT('Ctrl Pts',(-5.01928227245229,0.641742445735083,5.748));
#9354=CARTESIAN_POINT('Ctrl Pts',(-5.05532399513388,0.622606673672477,5.76));
#9355=CARTESIAN_POINT('Ctrl Pts',(-5.05532399513388,0.622606673672477,5.748));
#9356=CARTESIAN_POINT('Ctrl Pts',(-5.09264483985278,0.605629023755485,5.76));
#9357=CARTESIAN_POINT('Ctrl Pts',(-5.09264483985278,0.605629023755485,5.748));
#9358=CARTESIAN_POINT('Ctrl Pts',(-5.13120008758383,0.591094415096004,5.76));
#9359=CARTESIAN_POINT('Ctrl Pts',(-5.13120008758383,0.591094415096004,5.748));
#9360=CARTESIAN_POINT('Ctrl Pts',(-5.17082354915826,0.578573995540553,5.76));
#9361=CARTESIAN_POINT('Ctrl Pts',(-5.17082354915826,0.578573995540553,5.748));
#9362=CARTESIAN_POINT('Ctrl Pts',(-5.21151703596878,0.568273412314562,5.76));
#9363=CARTESIAN_POINT('Ctrl Pts',(-5.21151703596878,0.568273412314562,5.748));
#9364=CARTESIAN_POINT('Ctrl Pts',(-5.2533649559599,0.560233449064773,5.76));
#9365=CARTESIAN_POINT('Ctrl Pts',(-5.2533649559599,0.560233449064773,5.748));
#9366=CARTESIAN_POINT('Ctrl Pts',(-5.29621629587013,0.554858750537142,5.76));
#9367=CARTESIAN_POINT('Ctrl Pts',(-5.29621629587013,0.554858750537142,5.748));
#9368=CARTESIAN_POINT('Ctrl Pts',(-5.34016354037257,0.551176538831115,5.76));
#9369=CARTESIAN_POINT('Ctrl Pts',(-5.34016354037257,0.551176538831115,5.748));
#9370=CARTESIAN_POINT('Ctrl Pts',(-5.36981252990521,0.550840927792494,5.76));
#9371=CARTESIAN_POINT('Ctrl Pts',(-5.36981252990521,0.550840927792494,5.748));
#9372=CARTESIAN_POINT('Ctrl Pts',(-5.38483740651709,0.550670854055602,5.76));
#9373=CARTESIAN_POINT('Ctrl Pts',(-5.38483740651709,0.550670854055602,5.748));
#9374=CARTESIAN_POINT('',(-4.80924145299145,0.828133544360089,5.76));
#9375=CARTESIAN_POINT('',(-4.80924145299145,0.828133544360089,5.76));
#9376=CARTESIAN_POINT('Ctrl Pts',(-4.80924145299145,0.828133544360089,5.76));
#9377=CARTESIAN_POINT('Ctrl Pts',(-4.81760157190485,0.817346689020027,5.76));
#9378=CARTESIAN_POINT('Ctrl Pts',(-4.83428176523434,0.795824646767598,5.76));
#9379=CARTESIAN_POINT('Ctrl Pts',(-4.86129119427384,0.765483851723088,5.76));
#9380=CARTESIAN_POINT('Ctrl Pts',(-4.88974422037281,0.736945124019547,5.76));
#9381=CARTESIAN_POINT('Ctrl Pts',(-4.91985218219089,0.710438552900826,5.76));
#9382=CARTESIAN_POINT('Ctrl Pts',(-4.95126872841675,0.685433740008519,5.76));
#9383=CARTESIAN_POINT('Ctrl Pts',(-4.98455796552321,0.662641083544193,5.76));
#9384=CARTESIAN_POINT('Ctrl Pts',(-5.01928227245229,0.641742445735083,5.76));
#9385=CARTESIAN_POINT('Ctrl Pts',(-5.05532399513388,0.622606673672477,5.76));
#9386=CARTESIAN_POINT('Ctrl Pts',(-5.09264483985278,0.605629023755485,5.76));
#9387=CARTESIAN_POINT('Ctrl Pts',(-5.13120008758383,0.591094415096004,5.76));
#9388=CARTESIAN_POINT('Ctrl Pts',(-5.17082354915826,0.578573995540553,5.76));
#9389=CARTESIAN_POINT('Ctrl Pts',(-5.21151703596878,0.568273412314562,5.76));
#9390=CARTESIAN_POINT('Ctrl Pts',(-5.2533649559599,0.560233449064773,5.76));
#9391=CARTESIAN_POINT('Ctrl Pts',(-5.29621629587013,0.554858750537142,5.76));
#9392=CARTESIAN_POINT('Ctrl Pts',(-5.34016354037257,0.551176538831115,5.76));
#9393=CARTESIAN_POINT('Ctrl Pts',(-5.36981252990521,0.550840927792494,5.76));
#9394=CARTESIAN_POINT('Ctrl Pts',(-5.38483740651709,0.550670854055602,5.76));
#9395=CARTESIAN_POINT('Origin',(-4.91312433226495,0.906840725850474,5.76));
#9396=CARTESIAN_POINT('',(-4.91312433226495,0.906840725850474,5.76));
#9397=CARTESIAN_POINT('',(-4.91312433226495,0.906840725850474,5.76));
#9398=CARTESIAN_POINT('',(-4.91312433226495,0.906840725850474,5.76));
#9399=CARTESIAN_POINT('Ctrl Pts',(-5.38563242855235,0.686354614739362,5.76));
#9400=CARTESIAN_POINT('Ctrl Pts',(-5.38563242855235,0.686354614739362,5.748));
#9401=CARTESIAN_POINT('Ctrl Pts',(-5.3625370669387,0.686992933276163,5.76));
#9402=CARTESIAN_POINT('Ctrl Pts',(-5.3625370669387,0.686992933276163,5.748));
#9403=CARTESIAN_POINT('Ctrl Pts',(-5.31707987041242,0.688249296855099,5.76));
#9404=CARTESIAN_POINT('Ctrl Pts',(-5.31707987041242,0.688249296855099,5.748));
#9405=CARTESIAN_POINT('Ctrl Pts',(-5.25041695569413,0.69889282256523,5.76));
#9406=CARTESIAN_POINT('Ctrl Pts',(-5.25041695569413,0.69889282256523,5.748));
#9407=CARTESIAN_POINT('Ctrl Pts',(-5.18660105618564,0.716150428413587,5.76));
#9408=CARTESIAN_POINT('Ctrl Pts',(-5.18660105618564,0.716150428413587,5.748));
#9409=CARTESIAN_POINT('Ctrl Pts',(-5.12562873924885,0.740302321671134,5.76));
#9410=CARTESIAN_POINT('Ctrl Pts',(-5.12562873924885,0.740302321671134,5.748));
#9411=CARTESIAN_POINT('Ctrl Pts',(-5.06767189380833,0.771699022753418,5.76));
#9412=CARTESIAN_POINT('Ctrl Pts',(-5.06767189380833,0.771699022753418,5.748));
#9413=CARTESIAN_POINT('Ctrl Pts',(-5.01263982279867,0.809760422844909,5.76));
#9414=CARTESIAN_POINT('Ctrl Pts',(-5.01263982279867,0.809760422844909,5.748));
#9415=CARTESIAN_POINT('Ctrl Pts',(-4.96048607442367,0.854848572430023,5.76));
#9416=CARTESIAN_POINT('Ctrl Pts',(-4.96048607442367,0.854848572430023,5.748));
#9417=CARTESIAN_POINT('Ctrl Pts',(-4.92912490524503,0.88927582626533,5.76));
#9418=CARTESIAN_POINT('Ctrl Pts',(-4.92912490524503,0.88927582626533,5.748));
#9419=CARTESIAN_POINT('Ctrl Pts',(-4.91312433226495,0.906840725850474,5.76));
#9420=CARTESIAN_POINT('Ctrl Pts',(-4.91312433226495,0.906840725850474,5.748));
#9421=CARTESIAN_POINT('',(-5.38563242855235,0.686354614739362,5.76));
#9422=CARTESIAN_POINT('',(-5.38563242855235,0.686354614739362,5.76));
#9423=CARTESIAN_POINT('Ctrl Pts',(-5.38563242855235,0.686354614739362,5.76));
#9424=CARTESIAN_POINT('Ctrl Pts',(-5.3625370669387,0.686992933276163,5.76));
#9425=CARTESIAN_POINT('Ctrl Pts',(-5.31707987041242,0.688249296855099,5.76));
#9426=CARTESIAN_POINT('Ctrl Pts',(-5.25041695569413,0.69889282256523,5.76));
#9427=CARTESIAN_POINT('Ctrl Pts',(-5.18660105618564,0.716150428413587,5.76));
#9428=CARTESIAN_POINT('Ctrl Pts',(-5.12562873924885,0.740302321671134,5.76));
#9429=CARTESIAN_POINT('Ctrl Pts',(-5.06767189380833,0.771699022753418,5.76));
#9430=CARTESIAN_POINT('Ctrl Pts',(-5.01263982279867,0.809760422844909,5.76));
#9431=CARTESIAN_POINT('Ctrl Pts',(-4.96048607442367,0.854848572430023,5.76));
#9432=CARTESIAN_POINT('Ctrl Pts',(-4.92912490524503,0.88927582626533,5.76));
#9433=CARTESIAN_POINT('Ctrl Pts',(-4.91312433226495,0.906840725850474,5.76));
#9434=CARTESIAN_POINT('Ctrl Pts',(-5.97951388888889,1.24472509083445,5.76));
#9435=CARTESIAN_POINT('Ctrl Pts',(-5.97951388888889,1.24472509083445,5.748));
#9436=CARTESIAN_POINT('Ctrl Pts',(-5.97903695134116,1.22517188360175,5.76));
#9437=CARTESIAN_POINT('Ctrl Pts',(-5.97903695134116,1.22517188360175,5.748));
#9438=CARTESIAN_POINT('Ctrl Pts',(-5.97810054772883,1.1867817548045,5.76));
#9439=CARTESIAN_POINT('Ctrl Pts',(-5.97810054772883,1.1867817548045,5.748));
#9440=CARTESIAN_POINT('Ctrl Pts',(-5.96976680240675,1.1305500061773,5.76));
#9441=CARTESIAN_POINT('Ctrl Pts',(-5.96976680240675,1.1305500061773,5.748));
#9442=CARTESIAN_POINT('Ctrl Pts',(-5.95710267563991,1.07668058483773,5.76));
#9443=CARTESIAN_POINT('Ctrl Pts',(-5.95710267563991,1.07668058483773,5.748));
#9444=CARTESIAN_POINT('Ctrl Pts',(-5.93812238316719,1.02551022777379,5.76));
#9445=CARTESIAN_POINT('Ctrl Pts',(-5.93812238316719,1.02551022777379,5.748));
#9446=CARTESIAN_POINT('Ctrl Pts',(-5.91471845631844,0.976407961484005,5.76));
#9447=CARTESIAN_POINT('Ctrl Pts',(-5.91471845631844,0.976407961484005,5.748));
#9448=CARTESIAN_POINT('Ctrl Pts',(-5.88514536804113,0.930204585345266,5.76));
#9449=CARTESIAN_POINT('Ctrl Pts',(-5.88514536804113,0.930204585345266,5.748));
#9450=CARTESIAN_POINT('Ctrl Pts',(-5.85089447445406,0.886201895782868,5.76));
#9451=CARTESIAN_POINT('Ctrl Pts',(-5.85089447445406,0.886201895782868,5.748));
#9452=CARTESIAN_POINT('Ctrl Pts',(-5.81148122662204,0.845439829223189,5.76));
#9453=CARTESIAN_POINT('Ctrl Pts',(-5.81148122662204,0.845439829223189,5.748));
#9454=CARTESIAN_POINT('Ctrl Pts',(-5.7682385521261,0.808203986625397,5.76));
#9455=CARTESIAN_POINT('Ctrl Pts',(-5.7682385521261,0.808203986625397,5.748));
#9456=CARTESIAN_POINT('Ctrl Pts',(-5.72184276411293,0.775414332304155,5.76));
#9457=CARTESIAN_POINT('Ctrl Pts',(-5.72184276411293,0.775414332304155,5.748));
#9458=CARTESIAN_POINT('Ctrl Pts',(-5.67240941724215,0.748081028514779,5.76));
#9459=CARTESIAN_POINT('Ctrl Pts',(-5.67240941724215,0.748081028514779,5.748));
#9460=CARTESIAN_POINT('Ctrl Pts',(-5.62048432190376,0.725335953492244,5.76));
#9461=CARTESIAN_POINT('Ctrl Pts',(-5.62048432190376,0.725335953492244,5.748));
#9462=CARTESIAN_POINT('Ctrl Pts',(-5.56566790384524,0.707852011789103,5.76));
#9463=CARTESIAN_POINT('Ctrl Pts',(-5.56566790384524,0.707852011789103,5.748));
#9464=CARTESIAN_POINT('Ctrl Pts',(-5.50805873745666,0.695543548441146,5.76));
#9465=CARTESIAN_POINT('Ctrl Pts',(-5.50805873745666,0.695543548441146,5.748));
#9466=CARTESIAN_POINT('Ctrl Pts',(-5.4477821202044,0.687514509962617,5.76));
#9467=CARTESIAN_POINT('Ctrl Pts',(-5.4477821202044,0.687514509962617,5.748));
#9468=CARTESIAN_POINT('Ctrl Pts',(-5.40659428155549,0.686745824293628,5.76));
#9469=CARTESIAN_POINT('Ctrl Pts',(-5.40659428155549,0.686745824293628,5.748));
#9470=CARTESIAN_POINT('Ctrl Pts',(-5.38563242855235,0.686354614739362,5.76));
#9471=CARTESIAN_POINT('Ctrl Pts',(-5.38563242855235,0.686354614739362,5.748));
#9472=CARTESIAN_POINT('',(-5.97951388888889,1.24472509083445,5.76));
#9473=CARTESIAN_POINT('',(-5.97951388888889,1.24472509083445,5.76));
#9474=CARTESIAN_POINT('Ctrl Pts',(-5.97951388888889,1.24472509083445,5.76));
#9475=CARTESIAN_POINT('Ctrl Pts',(-5.97903695134116,1.22517188360175,5.76));
#9476=CARTESIAN_POINT('Ctrl Pts',(-5.97810054772883,1.1867817548045,5.76));
#9477=CARTESIAN_POINT('Ctrl Pts',(-5.96976680240675,1.1305500061773,5.76));
#9478=CARTESIAN_POINT('Ctrl Pts',(-5.95710267563991,1.07668058483773,5.76));
#9479=CARTESIAN_POINT('Ctrl Pts',(-5.93812238316719,1.02551022777379,5.76));
#9480=CARTESIAN_POINT('Ctrl Pts',(-5.91471845631844,0.976407961484005,5.76));
#9481=CARTESIAN_POINT('Ctrl Pts',(-5.88514536804113,0.930204585345266,5.76));
#9482=CARTESIAN_POINT('Ctrl Pts',(-5.85089447445406,0.886201895782868,5.76));
#9483=CARTESIAN_POINT('Ctrl Pts',(-5.81148122662204,0.845439829223189,5.76));
#9484=CARTESIAN_POINT('Ctrl Pts',(-5.7682385521261,0.808203986625397,5.76));
#9485=CARTESIAN_POINT('Ctrl Pts',(-5.72184276411293,0.775414332304155,5.76));
#9486=CARTESIAN_POINT('Ctrl Pts',(-5.67240941724215,0.748081028514779,5.76));
#9487=CARTESIAN_POINT('Ctrl Pts',(-5.62048432190376,0.725335953492244,5.76));
#9488=CARTESIAN_POINT('Ctrl Pts',(-5.56566790384524,0.707852011789103,5.76));
#9489=CARTESIAN_POINT('Ctrl Pts',(-5.50805873745666,0.695543548441146,5.76));
#9490=CARTESIAN_POINT('Ctrl Pts',(-5.4477821202044,0.687514509962617,5.76));
#9491=CARTESIAN_POINT('Ctrl Pts',(-5.40659428155549,0.686745824293628,5.76));
#9492=CARTESIAN_POINT('Ctrl Pts',(-5.38563242855235,0.686354614739362,5.76));
#9493=CARTESIAN_POINT('Ctrl Pts',(-5.39384765625,1.80574564038039,5.76));
#9494=CARTESIAN_POINT('Ctrl Pts',(-5.39384765625,1.80574564038039,5.748));
#9495=CARTESIAN_POINT('Ctrl Pts',(-5.40710830808402,1.80559295216982,5.76));
#9496=CARTESIAN_POINT('Ctrl Pts',(-5.40710830808402,1.80559295216982,5.748));
#9497=CARTESIAN_POINT('Ctrl Pts',(-5.43350654039504,1.80528899283931,5.76));
#9498=CARTESIAN_POINT('Ctrl Pts',(-5.43350654039504,1.80528899283931,5.748));
#9499=CARTESIAN_POINT('Ctrl Pts',(-5.47268319555743,1.80127899611007,5.76));
#9500=CARTESIAN_POINT('Ctrl Pts',(-5.47268319555743,1.80127899611007,5.748));
#9501=CARTESIAN_POINT('Ctrl Pts',(-5.51112830714577,1.79564291374203,5.76));
#9502=CARTESIAN_POINT('Ctrl Pts',(-5.51112830714577,1.79564291374203,5.748));
#9503=CARTESIAN_POINT('Ctrl Pts',(-5.54881686729389,1.78728006835698,5.76));
#9504=CARTESIAN_POINT('Ctrl Pts',(-5.54881686729389,1.78728006835698,5.748));
#9505=CARTESIAN_POINT('Ctrl Pts',(-5.58570090221795,1.77670708436042,5.76));
#9506=CARTESIAN_POINT('Ctrl Pts',(-5.58570090221795,1.77670708436042,5.748));
#9507=CARTESIAN_POINT('Ctrl Pts',(-5.62202154228443,1.76407307374045,5.76));
#9508=CARTESIAN_POINT('Ctrl Pts',(-5.62202154228443,1.76407307374045,5.748));
#9509=CARTESIAN_POINT('Ctrl Pts',(-5.65725292970774,1.74844192891244,5.76));
#9510=CARTESIAN_POINT('Ctrl Pts',(-5.65725292970774,1.74844192891244,5.748));
#9511=CARTESIAN_POINT('Ctrl Pts',(-5.69188244236609,1.73116529494063,5.76));
#9512=CARTESIAN_POINT('Ctrl Pts',(-5.69188244236609,1.73116529494063,5.748));
#9513=CARTESIAN_POINT('Ctrl Pts',(-5.7250608941411,1.71165135005254,5.76));
#9514=CARTESIAN_POINT('Ctrl Pts',(-5.7250608941411,1.71165135005254,5.748));
#9515=CARTESIAN_POINT('Ctrl Pts',(-5.7564537246998,1.69036624383541,5.76));
#9516=CARTESIAN_POINT('Ctrl Pts',(-5.7564537246998,1.69036624383541,5.748));
#9517=CARTESIAN_POINT('Ctrl Pts',(-5.78594643876524,1.66754816274062,5.76));
#9518=CARTESIAN_POINT('Ctrl Pts',(-5.78594643876524,1.66754816274062,5.748));
#9519=CARTESIAN_POINT('Ctrl Pts',(-5.81356236656559,1.64311158384186,5.76));
#9520=CARTESIAN_POINT('Ctrl Pts',(-5.81356236656559,1.64311158384186,5.748));
#9521=CARTESIAN_POINT('Ctrl Pts',(-5.83932973989477,1.6171665571145,5.76));
#9522=CARTESIAN_POINT('Ctrl Pts',(-5.83932973989477,1.6171665571145,5.748));
#9523=CARTESIAN_POINT('Ctrl Pts',(-5.86306184844317,1.58943658276387,5.76));
#9524=CARTESIAN_POINT('Ctrl Pts',(-5.86306184844317,1.58943658276387,5.748));
#9525=CARTESIAN_POINT('Ctrl Pts',(-5.88467657196609,1.56001031479753,5.76));
#9526=CARTESIAN_POINT('Ctrl Pts',(-5.88467657196609,1.56001031479753,5.748));
#9527=CARTESIAN_POINT('Ctrl Pts',(-5.9046023522728,1.52927578277398,5.76));
#9528=CARTESIAN_POINT('Ctrl Pts',(-5.9046023522728,1.52927578277398,5.748));
#9529=CARTESIAN_POINT('Ctrl Pts',(-5.92244764136819,1.49732251034056,5.76));
#9530=CARTESIAN_POINT('Ctrl Pts',(-5.92244764136819,1.49732251034056,5.748));
#9531=CARTESIAN_POINT('Ctrl Pts',(-5.93738899459034,1.46403223074029,5.76));
#9532=CARTESIAN_POINT('Ctrl Pts',(-5.93738899459034,1.46403223074029,5.748));
#9533=CARTESIAN_POINT('Ctrl Pts',(-5.95062009732878,1.42997502513033,5.76));
#9534=CARTESIAN_POINT('Ctrl Pts',(-5.95062009732878,1.42997502513033,5.748));
#9535=CARTESIAN_POINT('Ctrl Pts',(-5.9610897515432,1.39476610422187,5.76));
#9536=CARTESIAN_POINT('Ctrl Pts',(-5.9610897515432,1.39476610422187,5.748));
#9537=CARTESIAN_POINT('Ctrl Pts',(-5.96937669689315,1.35865321356088,5.76));
#9538=CARTESIAN_POINT('Ctrl Pts',(-5.96937669689315,1.35865321356088,5.748));
#9539=CARTESIAN_POINT('Ctrl Pts',(-5.97509459342806,1.32153943359169,5.76));
#9540=CARTESIAN_POINT('Ctrl Pts',(-5.97509459342806,1.32153943359169,5.748));
#9541=CARTESIAN_POINT('Ctrl Pts',(-5.979058985814,1.28350229874392,5.76));
#9542=CARTESIAN_POINT('Ctrl Pts',(-5.979058985814,1.28350229874392,5.748));
#9543=CARTESIAN_POINT('Ctrl Pts',(-5.97936143363065,1.25772080260692,5.76));
#9544=CARTESIAN_POINT('Ctrl Pts',(-5.97936143363065,1.25772080260692,5.748));
#9545=CARTESIAN_POINT('Ctrl Pts',(-5.97951388888889,1.24472509083445,5.76));
#9546=CARTESIAN_POINT('Ctrl Pts',(-5.97951388888889,1.24472509083445,5.748));
#9547=CARTESIAN_POINT('',(-5.39384765625,1.80574564038039,5.76));
#9548=CARTESIAN_POINT('',(-5.39384765625,1.80574564038039,5.76));
#9549=CARTESIAN_POINT('Ctrl Pts',(-5.39384765625,1.80574564038039,5.76));
#9550=CARTESIAN_POINT('Ctrl Pts',(-5.40710830808402,1.80559295216982,5.76));
#9551=CARTESIAN_POINT('Ctrl Pts',(-5.43350654039504,1.80528899283931,5.76));
#9552=CARTESIAN_POINT('Ctrl Pts',(-5.47268319555743,1.80127899611007,5.76));
#9553=CARTESIAN_POINT('Ctrl Pts',(-5.51112830714577,1.79564291374203,5.76));
#9554=CARTESIAN_POINT('Ctrl Pts',(-5.54881686729389,1.78728006835698,5.76));
#9555=CARTESIAN_POINT('Ctrl Pts',(-5.58570090221795,1.77670708436042,5.76));
#9556=CARTESIAN_POINT('Ctrl Pts',(-5.62202154228443,1.76407307374045,5.76));
#9557=CARTESIAN_POINT('Ctrl Pts',(-5.65725292970774,1.74844192891244,5.76));
#9558=CARTESIAN_POINT('Ctrl Pts',(-5.69188244236609,1.73116529494063,5.76));
#9559=CARTESIAN_POINT('Ctrl Pts',(-5.7250608941411,1.71165135005254,5.76));
#9560=CARTESIAN_POINT('Ctrl Pts',(-5.7564537246998,1.69036624383541,5.76));
#9561=CARTESIAN_POINT('Ctrl Pts',(-5.78594643876524,1.66754816274062,5.76));
#9562=CARTESIAN_POINT('Ctrl Pts',(-5.81356236656559,1.64311158384186,5.76));
#9563=CARTESIAN_POINT('Ctrl Pts',(-5.83932973989477,1.6171665571145,5.76));
#9564=CARTESIAN_POINT('Ctrl Pts',(-5.86306184844317,1.58943658276387,5.76));
#9565=CARTESIAN_POINT('Ctrl Pts',(-5.88467657196609,1.56001031479753,5.76));
#9566=CARTESIAN_POINT('Ctrl Pts',(-5.9046023522728,1.52927578277398,5.76));
#9567=CARTESIAN_POINT('Ctrl Pts',(-5.92244764136819,1.49732251034056,5.76));
#9568=CARTESIAN_POINT('Ctrl Pts',(-5.93738899459034,1.46403223074029,5.76));
#9569=CARTESIAN_POINT('Ctrl Pts',(-5.95062009732878,1.42997502513033,5.76));
#9570=CARTESIAN_POINT('Ctrl Pts',(-5.9610897515432,1.39476610422187,5.76));
#9571=CARTESIAN_POINT('Ctrl Pts',(-5.96937669689315,1.35865321356088,5.76));
#9572=CARTESIAN_POINT('Ctrl Pts',(-5.97509459342806,1.32153943359169,5.76));
#9573=CARTESIAN_POINT('Ctrl Pts',(-5.979058985814,1.28350229874392,5.76));
#9574=CARTESIAN_POINT('Ctrl Pts',(-5.97936143363065,1.25772080260692,5.76));
#9575=CARTESIAN_POINT('Ctrl Pts',(-5.97951388888889,1.24472509083445,5.76));
#9576=CARTESIAN_POINT('Ctrl Pts',(-4.91312433226495,1.58525952926928,5.76));
#9577=CARTESIAN_POINT('Ctrl Pts',(-4.91312433226495,1.58525952926928,5.748));
#9578=CARTESIAN_POINT('Ctrl Pts',(-4.92053489125674,1.59409130953283,5.76));
#9579=CARTESIAN_POINT('Ctrl Pts',(-4.92053489125674,1.59409130953283,5.748));
#9580=CARTESIAN_POINT('Ctrl Pts',(-4.9352560988364,1.61163579851159,5.76));
#9581=CARTESIAN_POINT('Ctrl Pts',(-4.9352560988364,1.61163579851159,5.748));
#9582=CARTESIAN_POINT('Ctrl Pts',(-4.95893978550466,1.63627211442918,5.76));
#9583=CARTESIAN_POINT('Ctrl Pts',(-4.95893978550466,1.63627211442918,5.748));
#9584=CARTESIAN_POINT('Ctrl Pts',(-4.98362225171838,1.65935332931217,5.76));
#9585=CARTESIAN_POINT('Ctrl Pts',(-4.98362225171838,1.65935332931217,5.748));
#9586=CARTESIAN_POINT('Ctrl Pts',(-5.00929406241609,1.68098939691,5.76));
#9587=CARTESIAN_POINT('Ctrl Pts',(-5.00929406241609,1.68098939691,5.748));
#9588=CARTESIAN_POINT('Ctrl Pts',(-5.03641730103169,1.70042371014903,5.76));
#9589=CARTESIAN_POINT('Ctrl Pts',(-5.03641730103169,1.70042371014903,5.748));
#9590=CARTESIAN_POINT('Ctrl Pts',(-5.06433492433697,1.71866903774948,5.76));
#9591=CARTESIAN_POINT('Ctrl Pts',(-5.06433492433697,1.71866903774948,5.748));
#9592=CARTESIAN_POINT('Ctrl Pts',(-5.09351394737636,1.73502321250752,5.76));
#9593=CARTESIAN_POINT('Ctrl Pts',(-5.09351394737636,1.73502321250752,5.748));
#9594=CARTESIAN_POINT('Ctrl Pts',(-5.13386356136437,1.75485297214063,5.76));
#9595=CARTESIAN_POINT('Ctrl Pts',(-5.13386356136437,1.75485297214063,5.748));
#9596=CARTESIAN_POINT('Ctrl Pts',(-5.18664712306558,1.77554571525536,5.76));
#9597=CARTESIAN_POINT('Ctrl Pts',(-5.18664712306558,1.77554571525536,5.748));
#9598=CARTESIAN_POINT('Ctrl Pts',(-5.25309338664381,1.79289604375276,5.76));
#9599=CARTESIAN_POINT('Ctrl Pts',(-5.25309338664381,1.79289604375276,5.748));
#9600=CARTESIAN_POINT('Ctrl Pts',(-5.32245621255916,1.80394095241915,5.76));
#9601=CARTESIAN_POINT('Ctrl Pts',(-5.32245621255916,1.80394095241915,5.748));
#9602=CARTESIAN_POINT('Ctrl Pts',(-5.36977792432293,1.80513718713735,5.76));
#9603=CARTESIAN_POINT('Ctrl Pts',(-5.36977792432293,1.80513718713735,5.748));
#9604=CARTESIAN_POINT('Ctrl Pts',(-5.39384765625,1.80574564038039,5.76));
#9605=CARTESIAN_POINT('Ctrl Pts',(-5.39384765625,1.80574564038039,5.748));
#9606=CARTESIAN_POINT('',(-4.91312433226495,1.58525952926928,5.76));
#9607=CARTESIAN_POINT('',(-4.91312433226495,1.58525952926928,5.76));
#9608=CARTESIAN_POINT('Ctrl Pts',(-4.91312433226495,1.58525952926928,5.76));
#9609=CARTESIAN_POINT('Ctrl Pts',(-4.92053489125674,1.59409130953283,5.76));
#9610=CARTESIAN_POINT('Ctrl Pts',(-4.9352560988364,1.61163579851159,5.76));
#9611=CARTESIAN_POINT('Ctrl Pts',(-4.95893978550466,1.63627211442918,5.76));
#9612=CARTESIAN_POINT('Ctrl Pts',(-4.98362225171838,1.65935332931217,5.76));
#9613=CARTESIAN_POINT('Ctrl Pts',(-5.00929406241609,1.68098939691,5.76));
#9614=CARTESIAN_POINT('Ctrl Pts',(-5.03641730103169,1.70042371014903,5.76));
#9615=CARTESIAN_POINT('Ctrl Pts',(-5.06433492433697,1.71866903774948,5.76));
#9616=CARTESIAN_POINT('Ctrl Pts',(-5.09351394737636,1.73502321250752,5.76));
#9617=CARTESIAN_POINT('Ctrl Pts',(-5.13386356136437,1.75485297214063,5.76));
#9618=CARTESIAN_POINT('Ctrl Pts',(-5.18664712306558,1.77554571525536,5.76));
#9619=CARTESIAN_POINT('Ctrl Pts',(-5.25309338664381,1.79289604375276,5.76));
#9620=CARTESIAN_POINT('Ctrl Pts',(-5.32245621255916,1.80394095241915,5.76));
#9621=CARTESIAN_POINT('Ctrl Pts',(-5.36977792432293,1.80513718713735,5.76));
#9622=CARTESIAN_POINT('Ctrl Pts',(-5.39384765625,1.80574564038039,5.76));
#9623=CARTESIAN_POINT('Origin',(-4.80924145299145,1.66476173279492,5.76));
#9624=CARTESIAN_POINT('',(-4.80924145299145,1.66476173279492,5.76));
#9625=CARTESIAN_POINT('Origin',(-5.06359435681626,1.87346263817153,5.76));
#9626=CARTESIAN_POINT('Origin',(-0.711672008547009,0.584591794226542,5.76));
#9627=CARTESIAN_POINT('',(-0.711672008547009,0.584591794226542,5.76));
#9628=CARTESIAN_POINT('',(-0.711672008547009,0.584591794226542,5.76));
#9629=CARTESIAN_POINT('',(-0.830395299145299,0.584591794226542,5.76));
#9630=CARTESIAN_POINT('',(-0.711672008547009,0.584591794226542,5.76));
#9631=CARTESIAN_POINT('',(-0.830395299145299,0.584591794226542,5.76));
#9632=CARTESIAN_POINT('Origin',(-0.711672008547009,1.62342058696158,5.76));
#9633=CARTESIAN_POINT('',(-0.711672008547009,1.62342058696158,5.76));
#9634=CARTESIAN_POINT('',(-0.711672008547009,1.62342058696158,5.76));
#9635=CARTESIAN_POINT('',(-0.711672008547009,1.62342058696158,5.76));
#9636=CARTESIAN_POINT('Origin',(0.160202156784188,0.584591794226542,5.76));
#9637=CARTESIAN_POINT('',(0.160202156784188,0.584591794226542,5.76));
#9638=CARTESIAN_POINT('',(0.160202156784188,0.584591794226542,5.76));
#9639=CARTESIAN_POINT('',(0.160202156784188,0.584591794226542,5.76));
#9640=CARTESIAN_POINT('Origin',(0.187232905982906,0.584591794226542,5.76));
#9641=CARTESIAN_POINT('',(0.187232905982906,0.584591794226542,5.76));
#9642=CARTESIAN_POINT('',(0.187232905982906,0.584591794226542,5.76));
#9643=CARTESIAN_POINT('',(0.187232905982906,0.584591794226542,5.76));
#9644=CARTESIAN_POINT('Origin',(0.187232905982906,1.90750846089321,5.76));
#9645=CARTESIAN_POINT('',(0.187232905982906,1.90750846089321,5.76));
#9646=CARTESIAN_POINT('',(0.187232905982906,1.90750846089321,5.76));
#9647=CARTESIAN_POINT('',(0.187232905982906,1.90750846089321,5.76));
#9648=CARTESIAN_POINT('Origin',(0.0685096153846155,1.90750846089321,5.76));
#9649=CARTESIAN_POINT('',(0.0685096153846155,1.90750846089321,5.76));
#9650=CARTESIAN_POINT('',(0.0685096153846155,1.90750846089321,5.76));
#9651=CARTESIAN_POINT('',(0.0685096153846155,1.90750846089321,5.76));
#9652=CARTESIAN_POINT('Origin',(0.0685096153846155,0.866294602052397,5.76));
#9653=CARTESIAN_POINT('',(0.0685096153846155,0.866294602052397,5.76));
#9654=CARTESIAN_POINT('',(0.0685096153846155,0.866294602052397,5.76));
#9655=CARTESIAN_POINT('',(0.0685096153846155,0.866294602052397,5.76));
#9656=CARTESIAN_POINT('Origin',(-0.805484608707265,1.90750846089321,5.76));
#9657=CARTESIAN_POINT('',(-0.805484608707265,1.90750846089321,5.76));
#9658=CARTESIAN_POINT('',(-0.805484608707265,1.90750846089321,5.76));
#9659=CARTESIAN_POINT('',(-0.805484608707265,1.90750846089321,5.76));
#9660=CARTESIAN_POINT('Origin',(-0.830395299145299,1.90750846089321,5.76));
#9661=CARTESIAN_POINT('',(-0.830395299145299,1.90750846089321,5.76));
#9662=CARTESIAN_POINT('',(-0.830395299145299,1.90750846089321,5.76));
#9663=CARTESIAN_POINT('',(-0.830395299145299,1.90750846089321,5.76));
#9664=CARTESIAN_POINT('Origin',(-0.830395299145299,0.584591794226542,5.76));
#9665=CARTESIAN_POINT('',(-0.830395299145299,0.584591794226542,5.76));
#9666=CARTESIAN_POINT('Origin',(0.,0.,5.76));
#9667=CARTESIAN_POINT('Origin',(0.655549922409223,1.73523526818878,5.76));
#9668=CARTESIAN_POINT('',(0.458600427350427,1.24021996596799,5.76));
#9669=CARTESIAN_POINT('',(1.14549946581197,1.94142940106415,5.76));
#9670=CARTESIAN_POINT('Ctrl Pts',(0.458600427350427,1.24021996596799,5.76));
#9671=CARTESIAN_POINT('Ctrl Pts',(0.458802506841943,1.25595612364762,5.76));
#9672=CARTESIAN_POINT('Ctrl Pts',(0.459204116501687,1.28722992033018,5.76));
#9673=CARTESIAN_POINT('Ctrl Pts',(0.464039071690795,1.33367056979252,5.76));
#9674=CARTESIAN_POINT('Ctrl Pts',(0.47105495280167,1.37936436007945,5.76));
#9675=CARTESIAN_POINT('Ctrl Pts',(0.481109842366473,1.42418135529216,5.76));
#9676=CARTESIAN_POINT('Ctrl Pts',(0.494260264114343,1.4680118465338,5.76));
#9677=CARTESIAN_POINT('Ctrl Pts',(0.50977695303864,1.51115811701063,5.76));
#9678=CARTESIAN_POINT('Ctrl Pts',(0.528728620777939,1.55318291735488,5.76));
#9679=CARTESIAN_POINT('Ctrl Pts',(0.550152556197383,1.59428533029332,5.76));
#9680=CARTESIAN_POINT('Ctrl Pts',(0.574064013396489,1.63382462803501,5.76));
#9681=CARTESIAN_POINT('Ctrl Pts',(0.600475382981017,1.67119875619034,5.76));
#9682=CARTESIAN_POINT('Ctrl Pts',(0.628458989515004,1.70672133533125,5.76));
#9683=CARTESIAN_POINT('Ctrl Pts',(0.659136819844653,1.73947183975851,5.76));
#9684=CARTESIAN_POINT('Ctrl Pts',(0.691497797641753,1.77040301345351,5.76));
#9685=CARTESIAN_POINT('Ctrl Pts',(0.726066886996058,1.79903951661294,5.76));
#9686=CARTESIAN_POINT('Ctrl Pts',(0.762633151979467,1.82563957248045,5.76));
#9687=CARTESIAN_POINT('Ctrl Pts',(0.801353932426577,1.84961095140073,5.76));
#9688=CARTESIAN_POINT('Ctrl Pts',(0.84127512561022,1.87129133859184,5.76));
#9689=CARTESIAN_POINT('Ctrl Pts',(0.882427955306591,1.88989602631448,5.76));
#9690=CARTESIAN_POINT('Ctrl Pts',(0.924253504655451,1.90586403170686,5.76));
#9691=CARTESIAN_POINT('Ctrl Pts',(0.966947672174907,1.91880624837359,5.76));
#9692=CARTESIAN_POINT('Ctrl Pts',(1.01039708305051,1.92902371435867,5.76));
#9693=CARTESIAN_POINT('Ctrl Pts',(1.05469656710038,1.93598125579028,5.76));
#9694=CARTESIAN_POINT('Ctrl Pts',(1.09981083239052,1.94082854261085,5.76));
#9695=CARTESIAN_POINT('Ctrl Pts',(1.1302043963984,1.94122825318419,5.76));
#9696=CARTESIAN_POINT('Ctrl Pts',(1.14549946581197,1.94142940106415,5.76));
#9697=CARTESIAN_POINT('',(1.15609975961538,0.550670854055602,5.76));
#9698=CARTESIAN_POINT('Ctrl Pts',(1.15609975961538,0.550670854055602,5.76));
#9699=CARTESIAN_POINT('Ctrl Pts',(1.13212687714394,0.55125648539636,5.76));
#9700=CARTESIAN_POINT('Ctrl Pts',(1.0848699443339,0.552410920661066,5.76));
#9701=CARTESIAN_POINT('Ctrl Pts',(1.01549731488977,0.562306868309456,5.76));
#9702=CARTESIAN_POINT('Ctrl Pts',(0.948868524804446,0.577781706353367,5.76));
#9703=CARTESIAN_POINT('Ctrl Pts',(0.885174112292635,0.599896880162163,5.76));
#9704=CARTESIAN_POINT('Ctrl Pts',(0.824378558545588,0.628478392965897,5.76));
#9705=CARTESIAN_POINT('Ctrl Pts',(0.766362961812827,0.663329452910117,5.76));
#9706=CARTESIAN_POINT('Ctrl Pts',(0.711360188897082,0.704682747344459,5.76));
#9707=CARTESIAN_POINT('Ctrl Pts',(0.659826254957992,0.751614756189057,5.76));
#9708=CARTESIAN_POINT('Ctrl Pts',(0.612674028264032,0.802706384480741,5.76));
#9709=CARTESIAN_POINT('Ctrl Pts',(0.571565573761063,0.857450284465654,5.76));
#9710=CARTESIAN_POINT('Ctrl Pts',(0.536706676762439,0.914772436232678,5.76));
#9711=CARTESIAN_POINT('Ctrl Pts',(0.508221131444288,0.974831917072892,5.76));
#9712=CARTESIAN_POINT('Ctrl Pts',(0.485669386394353,1.03733838499886,5.76));
#9713=CARTESIAN_POINT('Ctrl Pts',(0.470283934300115,1.10270879166898,5.76));
#9714=CARTESIAN_POINT('Ctrl Pts',(0.460329571464568,1.17057045011683,5.76));
#9715=CARTESIAN_POINT('Ctrl Pts',(0.459182471752726,1.2167753551386,5.76));
#9716=CARTESIAN_POINT('Ctrl Pts',(0.458600427350427,1.24021996596799,5.76));
#9717=CARTESIAN_POINT('',(1.84935897435897,1.24658014225005,5.76));
#9718=CARTESIAN_POINT('Ctrl Pts',(1.84935897435897,1.24658014225005,5.76));
#9719=CARTESIAN_POINT('Ctrl Pts',(1.84877313676802,1.22278372651408,5.76));
#9720=CARTESIAN_POINT('Ctrl Pts',(1.84761838300658,1.17587823426747,5.76));
#9721=CARTESIAN_POINT('Ctrl Pts',(1.83772720816428,1.10703234911961,5.76));
#9722=CARTESIAN_POINT('Ctrl Pts',(1.82221468734076,1.04085223467544,5.76));
#9723=CARTESIAN_POINT('Ctrl Pts',(1.80006669387293,0.977448371870633,5.76));
#9724=CARTESIAN_POINT('Ctrl Pts',(1.77163325409663,0.916753876042786,5.76));
#9725=CARTESIAN_POINT('Ctrl Pts',(1.73661180548464,0.858928450021966,5.76));
#9726=CARTESIAN_POINT('Ctrl Pts',(1.69535902642436,0.803953136643957,5.76));
#9727=CARTESIAN_POINT('Ctrl Pts',(1.64841179403974,0.752430194729054,5.76));
#9728=CARTESIAN_POINT('Ctrl Pts',(1.59723342399277,0.705184126937126,5.76));
#9729=CARTESIAN_POINT('Ctrl Pts',(1.54233984100248,0.664015385235262,5.76));
#9730=CARTESIAN_POINT('Ctrl Pts',(1.48496558019862,0.628589897663658,5.76));
#9731=CARTESIAN_POINT('Ctrl Pts',(1.42437232741219,0.600323449468463,5.76));
#9732=CARTESIAN_POINT('Ctrl Pts',(1.36136368254029,0.577731086681186,5.76));
#9733=CARTESIAN_POINT('Ctrl Pts',(1.29537572113482,0.562327562830039,5.76));
#9734=CARTESIAN_POINT('Ctrl Pts',(1.2267176486255,0.552391686362742,5.76));
#9735=CARTESIAN_POINT('Ctrl Pts',(1.17989735849774,0.551250759198097,5.76));
#9736=CARTESIAN_POINT('Ctrl Pts',(1.15609975961538,0.550670854055602,5.76));
#9737=CARTESIAN_POINT('Ctrl Pts',(1.14549946581197,1.94142940106415,5.76));
#9738=CARTESIAN_POINT('Ctrl Pts',(1.16999538679506,1.94080896094473,5.76));
#9739=CARTESIAN_POINT('Ctrl Pts',(1.21810739662667,1.93959036536116,5.76));
#9740=CARTESIAN_POINT('Ctrl Pts',(1.2888172538021,1.93026225181493,5.76));
#9741=CARTESIAN_POINT('Ctrl Pts',(1.35632194755549,1.91412441096428,5.76));
#9742=CARTESIAN_POINT('Ctrl Pts',(1.42117137501926,1.8926315574671,5.76));
#9743=CARTESIAN_POINT('Ctrl Pts',(1.48258985128202,1.86396040584996,5.76));
#9744=CARTESIAN_POINT('Ctrl Pts',(1.54103967076507,1.82930560275735,5.76));
#9745=CARTESIAN_POINT('Ctrl Pts',(1.59638176295509,1.78830408411955,5.76));
#9746=CARTESIAN_POINT('Ctrl Pts',(1.64787020180661,1.74127279897028,5.76));
#9747=CARTESIAN_POINT('Ctrl Pts',(1.69498756099103,1.69010107681106,5.76));
#9748=CARTESIAN_POINT('Ctrl Pts',(1.73649913109877,1.63549186675374,5.76));
#9749=CARTESIAN_POINT('Ctrl Pts',(1.77128892664617,1.57777535516758,5.76));
#9750=CARTESIAN_POINT('Ctrl Pts',(1.79985855453303,1.51712498168098,5.76));
#9751=CARTESIAN_POINT('Ctrl Pts',(1.82227201712564,1.45367791045247,5.76));
#9752=CARTESIAN_POINT('Ctrl Pts',(1.83773844137774,1.38709589155915,5.76));
#9753=CARTESIAN_POINT('Ctrl Pts',(1.84761803979864,1.31781032715692,5.76));
#9754=CARTESIAN_POINT('Ctrl Pts',(1.84877305090206,1.27055314912145,5.76));
#9755=CARTESIAN_POINT('Ctrl Pts',(1.84935897435897,1.24658014225005,5.76));
#9756=CARTESIAN_POINT('',(1.15132962740385,1.80574564038039,5.76));
#9757=CARTESIAN_POINT('',(0.577323717948718,1.24074998065817,5.76));
#9758=CARTESIAN_POINT('Ctrl Pts',(1.15132962740385,1.80574564038039,5.76));
#9759=CARTESIAN_POINT('Ctrl Pts',(1.13877528674793,1.80559260150491,5.76));
#9760=CARTESIAN_POINT('Ctrl Pts',(1.11378662578792,1.80528798681602,5.76));
#9761=CARTESIAN_POINT('Ctrl Pts',(1.07663741119466,1.80127549908488,5.76));
#9762=CARTESIAN_POINT('Ctrl Pts',(1.03997676953837,1.79555676128916,5.76));
#9763=CARTESIAN_POINT('Ctrl Pts',(1.00379712966993,1.7873994602859,5.76));
#9764=CARTESIAN_POINT('Ctrl Pts',(0.968249871482487,1.77628542843396,5.76));
#9765=CARTESIAN_POINT('Ctrl Pts',(0.933003651753371,1.76349437087427,5.76));
#9766=CARTESIAN_POINT('Ctrl Pts',(0.898379878416078,1.74791378008374,5.76));
#9767=CARTESIAN_POINT('Ctrl Pts',(0.864492854762038,1.73031040670593,5.76));
#9768=CARTESIAN_POINT('Ctrl Pts',(0.831641025763405,1.71082614199737,5.76));
#9769=CARTESIAN_POINT('Ctrl Pts',(0.800642177296873,1.68929217052874,5.76));
#9770=CARTESIAN_POINT('Ctrl Pts',(0.771416058893908,1.66621349079837,5.76));
#9771=CARTESIAN_POINT('Ctrl Pts',(0.744034228938863,1.64153624274206,5.76));
#9772=CARTESIAN_POINT('Ctrl Pts',(0.718577089456239,1.61513475635075,5.76));
#9773=CARTESIAN_POINT('Ctrl Pts',(0.694543586228557,1.58740928198483,5.76));
#9774=CARTESIAN_POINT('Ctrl Pts',(0.672897047927809,1.55756734697726,5.76));
#9775=CARTESIAN_POINT('Ctrl Pts',(0.653058749543829,1.52641817533412,5.76));
#9776=CARTESIAN_POINT('Ctrl Pts',(0.6353060242009,1.49400233958074,5.76));
#9777=CARTESIAN_POINT('Ctrl Pts',(0.619519714529002,1.46066111187828,5.76));
#9778=CARTESIAN_POINT('Ctrl Pts',(0.606606532629303,1.42612252193526,5.76));
#9779=CARTESIAN_POINT('Ctrl Pts',(0.596075217783799,1.39076127785138,5.76));
#9780=CARTESIAN_POINT('Ctrl Pts',(0.587344039279221,1.35463338387144,5.76));
#9781=CARTESIAN_POINT('Ctrl Pts',(0.581812764398326,1.31746477433995,5.76));
#9782=CARTESIAN_POINT('Ctrl Pts',(0.577756188059104,1.27944221711446,5.76));
#9783=CARTESIAN_POINT('Ctrl Pts',(0.577468984569583,1.25374669490209,5.76));
#9784=CARTESIAN_POINT('Ctrl Pts',(0.577323717948718,1.24074998065817,5.76));
#9785=CARTESIAN_POINT('',(1.73063568376068,1.24684514959513,5.76));
#9786=CARTESIAN_POINT('Ctrl Pts',(1.73063568376068,1.24684514959513,5.76));
#9787=CARTESIAN_POINT('Ctrl Pts',(1.73048407260525,1.2596644026966,5.76));
#9788=CARTESIAN_POINT('Ctrl Pts',(1.73018332395067,1.28509375261317,5.76));
#9789=CARTESIAN_POINT('Ctrl Pts',(1.72619851955397,1.32268757383903,5.76));
#9790=CARTESIAN_POINT('Ctrl Pts',(1.72049074253918,1.35944697222348,5.76));
#9791=CARTESIAN_POINT('Ctrl Pts',(1.71226495705995,1.39522763585591,5.76));
#9792=CARTESIAN_POINT('Ctrl Pts',(1.70166266680869,1.43003868550912,5.76));
#9793=CARTESIAN_POINT('Ctrl Pts',(1.68858947942958,1.4638474264557,5.76));
#9794=CARTESIAN_POINT('Ctrl Pts',(1.67317360730703,1.49677980971633,5.76));
#9795=CARTESIAN_POINT('Ctrl Pts',(1.65548121297229,1.52875443983232,5.76));
#9796=CARTESIAN_POINT('Ctrl Pts',(1.63559368445591,1.55943655805974,5.76));
#9797=CARTESIAN_POINT('Ctrl Pts',(1.61386222939494,1.58876842231786,5.76));
#9798=CARTESIAN_POINT('Ctrl Pts',(1.58991163649636,1.61619919061085,5.76));
#9799=CARTESIAN_POINT('Ctrl Pts',(1.56442620447561,1.6424060541332,5.76));
#9800=CARTESIAN_POINT('Ctrl Pts',(1.53676935198515,1.66683007788377,5.76));
#9801=CARTESIAN_POINT('Ctrl Pts',(1.50706635987786,1.68947936396564,5.76));
#9802=CARTESIAN_POINT('Ctrl Pts',(1.47567782691445,1.71090051228318,5.76));
#9803=CARTESIAN_POINT('Ctrl Pts',(1.44244342542638,1.73022475738366,5.76));
#9804=CARTESIAN_POINT('Ctrl Pts',(1.40814437148606,1.74807061320086,5.76));
#9805=CARTESIAN_POINT('Ctrl Pts',(1.37294951237143,1.76336012927039,5.76));
#9806=CARTESIAN_POINT('Ctrl Pts',(1.33725756102838,1.77635197201502,5.76));
#9807=CARTESIAN_POINT('Ctrl Pts',(1.30115928047426,1.78743308678116,5.76));
#9808=CARTESIAN_POINT('Ctrl Pts',(1.26435083330583,1.79552481246063,5.76));
#9809=CARTESIAN_POINT('Ctrl Pts',(1.22708093371191,1.8012806527351,5.76));
#9810=CARTESIAN_POINT('Ctrl Pts',(1.1894011455003,1.80528659026029,5.76));
#9811=CARTESIAN_POINT('Ctrl Pts',(1.16406040471193,1.80559213809983,5.76));
#9812=CARTESIAN_POINT('Ctrl Pts',(1.15132962740385,1.80574564038039,5.76));
#9813=CARTESIAN_POINT('',(1.15132962740385,0.686354614739362,5.76));
#9814=CARTESIAN_POINT('Ctrl Pts',(1.15132962740385,0.686354614739362,5.76));
#9815=CARTESIAN_POINT('Ctrl Pts',(1.16441119497751,0.686534344068245,5.76));
#9816=CARTESIAN_POINT('Ctrl Pts',(1.19035587241669,0.686890801307636,5.76));
#9817=CARTESIAN_POINT('Ctrl Pts',(1.22894554902028,0.690481074992992,5.76));
#9818=CARTESIAN_POINT('Ctrl Pts',(1.26684001000192,0.696238358969499,5.76));
#9819=CARTESIAN_POINT('Ctrl Pts',(1.30398610388524,0.704527624631179,5.76));
#9820=CARTESIAN_POINT('Ctrl Pts',(1.34034167247477,0.714902015156077,5.76));
#9821=CARTESIAN_POINT('Ctrl Pts',(1.37605845817595,0.727226959950135,5.76));
#9822=CARTESIAN_POINT('Ctrl Pts',(1.41075602624316,0.742603486342278,5.76));
#9823=CARTESIAN_POINT('Ctrl Pts',(1.44487209588824,0.759592741849824,5.76));
#9824=CARTESIAN_POINT('Ctrl Pts',(1.47752781819413,0.778960301393688,5.76));
#9825=CARTESIAN_POINT('Ctrl Pts',(1.50870160569692,0.799763411532771,5.76));
#9826=CARTESIAN_POINT('Ctrl Pts',(1.5376077052254,0.822808098527258,5.76));
#9827=CARTESIAN_POINT('Ctrl Pts',(1.56496905067319,0.847118700292404,5.76));
#9828=CARTESIAN_POINT('Ctrl Pts',(1.59053070692932,0.873185392786049,5.76));
#9829=CARTESIAN_POINT('Ctrl Pts',(1.61411981703823,0.900974286162701,5.76));
#9830=CARTESIAN_POINT('Ctrl Pts',(1.63565695032117,0.930660784581187,5.76));
#9831=CARTESIAN_POINT('Ctrl Pts',(1.65548771555732,0.961762708774685,5.76));
#9832=CARTESIAN_POINT('Ctrl Pts',(1.67317823451561,0.994267244759868,5.76));
#9833=CARTESIAN_POINT('Ctrl Pts',(1.68859176302524,1.02772935517488,5.76));
#9834=CARTESIAN_POINT('Ctrl Pts',(1.70166827109297,1.0620666435367,5.76));
#9835=CARTESIAN_POINT('Ctrl Pts',(1.71222458095403,1.09732863632876,5.76));
#9836=CARTESIAN_POINT('Ctrl Pts',(1.72049676438784,1.13344836190583,5.76));
#9837=CARTESIAN_POINT('Ctrl Pts',(1.72619661506735,1.17047418311563,5.76));
#9838=CARTESIAN_POINT('Ctrl Pts',(1.73018367372261,1.20833202983064,5.76));
#9839=CARTESIAN_POINT('Ctrl Pts',(1.73048419396876,1.23393759443522,5.76));
#9840=CARTESIAN_POINT('Ctrl Pts',(1.73063568376068,1.24684514959513,5.76));
#9841=CARTESIAN_POINT('Ctrl Pts',(0.577323717948718,1.24074998065817,5.76));
#9842=CARTESIAN_POINT('Ctrl Pts',(0.577805585414813,1.22163866505703,5.76));
#9843=CARTESIAN_POINT('Ctrl Pts',(0.578753567791257,1.1840407949884,5.76));
#9844=CARTESIAN_POINT('Ctrl Pts',(0.587053006495558,1.12894390726999,5.76));
#9845=CARTESIAN_POINT('Ctrl Pts',(0.599836907553622,1.07599387046735,5.76));
#9846=CARTESIAN_POINT('Ctrl Pts',(0.618681804986545,1.02548041070462,5.76));
#9847=CARTESIAN_POINT('Ctrl Pts',(0.64224885278869,0.976969327610542,5.76));
#9848=CARTESIAN_POINT('Ctrl Pts',(0.671363183338937,0.930890966612612,5.76));
#9849=CARTESIAN_POINT('Ctrl Pts',(0.70585694484866,0.887232874219195,5.76));
#9850=CARTESIAN_POINT('Ctrl Pts',(0.745039289724937,0.846299841007422,5.76));
#9851=CARTESIAN_POINT('Ctrl Pts',(0.787872574659899,0.808938480476414,5.76));
#9852=CARTESIAN_POINT('Ctrl Pts',(0.833355481508057,0.776143977804016,5.76));
#9853=CARTESIAN_POINT('Ctrl Pts',(0.881000743861887,0.748396651233827,5.76));
#9854=CARTESIAN_POINT('Ctrl Pts',(0.930932609172854,0.725791757803205,5.76));
#9855=CARTESIAN_POINT('Ctrl Pts',(0.982884506365489,0.707879565242273,5.76));
#9856=CARTESIAN_POINT('Ctrl Pts',(1.03719119976357,0.695603415976804,5.76));
#9857=CARTESIAN_POINT('Ctrl Pts',(1.09349092704666,0.687524002787155,5.76));
#9858=CARTESIAN_POINT('Ctrl Pts',(1.13186709730063,0.686748109924108,5.76));
#9859=CARTESIAN_POINT('Ctrl Pts',(1.15132962740385,0.686354614739362,5.76));
#9860=CARTESIAN_POINT('Ctrl Pts',(0.458600427350427,1.24021996596799,5.76));
#9861=CARTESIAN_POINT('Ctrl Pts',(0.458600427350427,1.24021996596799,5.748));
#9862=CARTESIAN_POINT('Ctrl Pts',(0.458802506841943,1.25595612364762,5.76));
#9863=CARTESIAN_POINT('Ctrl Pts',(0.458802506841943,1.25595612364762,5.748));
#9864=CARTESIAN_POINT('Ctrl Pts',(0.459204116501687,1.28722992033018,5.76));
#9865=CARTESIAN_POINT('Ctrl Pts',(0.459204116501687,1.28722992033018,5.748));
#9866=CARTESIAN_POINT('Ctrl Pts',(0.464039071690795,1.33367056979252,5.76));
#9867=CARTESIAN_POINT('Ctrl Pts',(0.464039071690795,1.33367056979252,5.74799999999999));
#9868=CARTESIAN_POINT('Ctrl Pts',(0.47105495280167,1.37936436007945,5.76));
#9869=CARTESIAN_POINT('Ctrl Pts',(0.47105495280167,1.37936436007945,5.748));
#9870=CARTESIAN_POINT('Ctrl Pts',(0.481109842366473,1.42418135529216,5.76));
#9871=CARTESIAN_POINT('Ctrl Pts',(0.481109842366473,1.42418135529216,5.748));
#9872=CARTESIAN_POINT('Ctrl Pts',(0.494260264114343,1.4680118465338,5.76));
#9873=CARTESIAN_POINT('Ctrl Pts',(0.494260264114343,1.4680118465338,5.748));
#9874=CARTESIAN_POINT('Ctrl Pts',(0.50977695303864,1.51115811701063,5.76));
#9875=CARTESIAN_POINT('Ctrl Pts',(0.50977695303864,1.51115811701063,5.748));
#9876=CARTESIAN_POINT('Ctrl Pts',(0.528728620777939,1.55318291735488,5.76));
#9877=CARTESIAN_POINT('Ctrl Pts',(0.528728620777939,1.55318291735488,5.748));
#9878=CARTESIAN_POINT('Ctrl Pts',(0.550152556197383,1.59428533029332,5.76));
#9879=CARTESIAN_POINT('Ctrl Pts',(0.550152556197383,1.59428533029332,5.74799999999999));
#9880=CARTESIAN_POINT('Ctrl Pts',(0.574064013396489,1.63382462803501,5.76));
#9881=CARTESIAN_POINT('Ctrl Pts',(0.574064013396489,1.63382462803501,5.748));
#9882=CARTESIAN_POINT('Ctrl Pts',(0.600475382981017,1.67119875619034,5.76));
#9883=CARTESIAN_POINT('Ctrl Pts',(0.600475382981017,1.67119875619034,5.748));
#9884=CARTESIAN_POINT('Ctrl Pts',(0.628458989515004,1.70672133533125,5.76));
#9885=CARTESIAN_POINT('Ctrl Pts',(0.628458989515004,1.70672133533125,5.748));
#9886=CARTESIAN_POINT('Ctrl Pts',(0.659136819844653,1.73947183975851,5.76));
#9887=CARTESIAN_POINT('Ctrl Pts',(0.659136819844653,1.73947183975851,5.748));
#9888=CARTESIAN_POINT('Ctrl Pts',(0.691497797641753,1.77040301345351,5.76));
#9889=CARTESIAN_POINT('Ctrl Pts',(0.691497797641753,1.77040301345351,5.74799999999999));
#9890=CARTESIAN_POINT('Ctrl Pts',(0.726066886996058,1.79903951661294,5.76));
#9891=CARTESIAN_POINT('Ctrl Pts',(0.726066886996058,1.79903951661294,5.748));
#9892=CARTESIAN_POINT('Ctrl Pts',(0.762633151979467,1.82563957248045,5.76));
#9893=CARTESIAN_POINT('Ctrl Pts',(0.762633151979467,1.82563957248045,5.748));
#9894=CARTESIAN_POINT('Ctrl Pts',(0.801353932426577,1.84961095140073,5.76));
#9895=CARTESIAN_POINT('Ctrl Pts',(0.801353932426577,1.84961095140073,5.748));
#9896=CARTESIAN_POINT('Ctrl Pts',(0.84127512561022,1.87129133859184,5.76));
#9897=CARTESIAN_POINT('Ctrl Pts',(0.84127512561022,1.87129133859184,5.748));
#9898=CARTESIAN_POINT('Ctrl Pts',(0.882427955306591,1.88989602631448,5.76));
#9899=CARTESIAN_POINT('Ctrl Pts',(0.882427955306591,1.88989602631448,5.748));
#9900=CARTESIAN_POINT('Ctrl Pts',(0.924253504655451,1.90586403170686,5.76));
#9901=CARTESIAN_POINT('Ctrl Pts',(0.924253504655451,1.90586403170686,5.748));
#9902=CARTESIAN_POINT('Ctrl Pts',(0.966947672174907,1.91880624837359,5.76));
#9903=CARTESIAN_POINT('Ctrl Pts',(0.966947672174907,1.91880624837359,5.748));
#9904=CARTESIAN_POINT('Ctrl Pts',(1.01039708305051,1.92902371435867,5.76));
#9905=CARTESIAN_POINT('Ctrl Pts',(1.01039708305051,1.92902371435867,5.748));
#9906=CARTESIAN_POINT('Ctrl Pts',(1.05469656710038,1.93598125579028,5.76));
#9907=CARTESIAN_POINT('Ctrl Pts',(1.05469656710038,1.93598125579028,5.748));
#9908=CARTESIAN_POINT('Ctrl Pts',(1.09981083239052,1.94082854261085,5.76));
#9909=CARTESIAN_POINT('Ctrl Pts',(1.09981083239052,1.94082854261085,5.748));
#9910=CARTESIAN_POINT('Ctrl Pts',(1.1302043963984,1.94122825318419,5.76));
#9911=CARTESIAN_POINT('Ctrl Pts',(1.1302043963984,1.94122825318419,5.748));
#9912=CARTESIAN_POINT('Ctrl Pts',(1.14549946581197,1.94142940106415,5.76));
#9913=CARTESIAN_POINT('Ctrl Pts',(1.14549946581197,1.94142940106415,5.748));
#9914=CARTESIAN_POINT('',(0.458600427350427,1.24021996596799,5.76));
#9915=CARTESIAN_POINT('',(1.14549946581197,1.94142940106415,5.76));
#9916=CARTESIAN_POINT('Ctrl Pts',(1.15609975961538,0.550670854055602,5.76));
#9917=CARTESIAN_POINT('Ctrl Pts',(1.15609975961538,0.550670854055602,5.748));
#9918=CARTESIAN_POINT('Ctrl Pts',(1.13212687714394,0.55125648539636,5.76));
#9919=CARTESIAN_POINT('Ctrl Pts',(1.13212687714394,0.55125648539636,5.748));
#9920=CARTESIAN_POINT('Ctrl Pts',(1.0848699443339,0.552410920661066,5.76));
#9921=CARTESIAN_POINT('Ctrl Pts',(1.0848699443339,0.552410920661066,5.748));
#9922=CARTESIAN_POINT('Ctrl Pts',(1.01549731488977,0.562306868309456,5.76));
#9923=CARTESIAN_POINT('Ctrl Pts',(1.01549731488977,0.562306868309456,5.748));
#9924=CARTESIAN_POINT('Ctrl Pts',(0.948868524804446,0.577781706353367,5.76));
#9925=CARTESIAN_POINT('Ctrl Pts',(0.948868524804446,0.577781706353367,5.748));
#9926=CARTESIAN_POINT('Ctrl Pts',(0.885174112292635,0.599896880162163,5.76));
#9927=CARTESIAN_POINT('Ctrl Pts',(0.885174112292635,0.599896880162163,5.748));
#9928=CARTESIAN_POINT('Ctrl Pts',(0.824378558545588,0.628478392965897,5.76));
#9929=CARTESIAN_POINT('Ctrl Pts',(0.824378558545588,0.628478392965897,5.748));
#9930=CARTESIAN_POINT('Ctrl Pts',(0.766362961812827,0.663329452910117,5.76));
#9931=CARTESIAN_POINT('Ctrl Pts',(0.766362961812827,0.663329452910117,5.748));
#9932=CARTESIAN_POINT('Ctrl Pts',(0.711360188897082,0.704682747344459,5.76));
#9933=CARTESIAN_POINT('Ctrl Pts',(0.711360188897082,0.704682747344459,5.74799999999999));
#9934=CARTESIAN_POINT('Ctrl Pts',(0.659826254957992,0.751614756189057,5.76));
#9935=CARTESIAN_POINT('Ctrl Pts',(0.659826254957992,0.751614756189057,5.748));
#9936=CARTESIAN_POINT('Ctrl Pts',(0.612674028264032,0.802706384480741,5.76));
#9937=CARTESIAN_POINT('Ctrl Pts',(0.612674028264032,0.802706384480741,5.748));
#9938=CARTESIAN_POINT('Ctrl Pts',(0.571565573761063,0.857450284465654,5.76));
#9939=CARTESIAN_POINT('Ctrl Pts',(0.571565573761063,0.857450284465654,5.748));
#9940=CARTESIAN_POINT('Ctrl Pts',(0.536706676762439,0.914772436232678,5.76));
#9941=CARTESIAN_POINT('Ctrl Pts',(0.536706676762439,0.914772436232678,5.748));
#9942=CARTESIAN_POINT('Ctrl Pts',(0.508221131444288,0.974831917072892,5.76));
#9943=CARTESIAN_POINT('Ctrl Pts',(0.508221131444288,0.974831917072892,5.748));
#9944=CARTESIAN_POINT('Ctrl Pts',(0.485669386394353,1.03733838499886,5.76));
#9945=CARTESIAN_POINT('Ctrl Pts',(0.485669386394353,1.03733838499886,5.748));
#9946=CARTESIAN_POINT('Ctrl Pts',(0.470283934300115,1.10270879166898,5.76));
#9947=CARTESIAN_POINT('Ctrl Pts',(0.470283934300115,1.10270879166898,5.74799999999999));
#9948=CARTESIAN_POINT('Ctrl Pts',(0.460329571464568,1.17057045011683,5.76));
#9949=CARTESIAN_POINT('Ctrl Pts',(0.460329571464568,1.17057045011683,5.748));
#9950=CARTESIAN_POINT('Ctrl Pts',(0.459182471752726,1.2167753551386,5.76));
#9951=CARTESIAN_POINT('Ctrl Pts',(0.459182471752726,1.2167753551386,5.748));
#9952=CARTESIAN_POINT('Ctrl Pts',(0.458600427350427,1.24021996596799,5.76));
#9953=CARTESIAN_POINT('Ctrl Pts',(0.458600427350427,1.24021996596799,5.748));
#9954=CARTESIAN_POINT('',(1.15609975961538,0.550670854055602,5.76));
#9955=CARTESIAN_POINT('Ctrl Pts',(1.84935897435897,1.24658014225005,5.76));
#9956=CARTESIAN_POINT('Ctrl Pts',(1.84935897435897,1.24658014225005,5.748));
#9957=CARTESIAN_POINT('Ctrl Pts',(1.84877313676802,1.22278372651408,5.76));
#9958=CARTESIAN_POINT('Ctrl Pts',(1.84877313676802,1.22278372651408,5.748));
#9959=CARTESIAN_POINT('Ctrl Pts',(1.84761838300658,1.17587823426747,5.76));
#9960=CARTESIAN_POINT('Ctrl Pts',(1.84761838300658,1.17587823426747,5.748));
#9961=CARTESIAN_POINT('Ctrl Pts',(1.83772720816428,1.10703234911961,5.76));
#9962=CARTESIAN_POINT('Ctrl Pts',(1.83772720816428,1.10703234911961,5.748));
#9963=CARTESIAN_POINT('Ctrl Pts',(1.82221468734076,1.04085223467544,5.76));
#9964=CARTESIAN_POINT('Ctrl Pts',(1.82221468734076,1.04085223467544,5.748));
#9965=CARTESIAN_POINT('Ctrl Pts',(1.80006669387293,0.977448371870633,5.76));
#9966=CARTESIAN_POINT('Ctrl Pts',(1.80006669387293,0.977448371870633,5.748));
#9967=CARTESIAN_POINT('Ctrl Pts',(1.77163325409663,0.916753876042786,5.76));
#9968=CARTESIAN_POINT('Ctrl Pts',(1.77163325409663,0.916753876042786,5.748));
#9969=CARTESIAN_POINT('Ctrl Pts',(1.73661180548464,0.858928450021966,5.76));
#9970=CARTESIAN_POINT('Ctrl Pts',(1.73661180548464,0.858928450021966,5.748));
#9971=CARTESIAN_POINT('Ctrl Pts',(1.69535902642436,0.803953136643957,5.76));
#9972=CARTESIAN_POINT('Ctrl Pts',(1.69535902642436,0.803953136643957,5.748));
#9973=CARTESIAN_POINT('Ctrl Pts',(1.64841179403974,0.752430194729054,5.76));
#9974=CARTESIAN_POINT('Ctrl Pts',(1.64841179403974,0.752430194729054,5.748));
#9975=CARTESIAN_POINT('Ctrl Pts',(1.59723342399277,0.705184126937126,5.76));
#9976=CARTESIAN_POINT('Ctrl Pts',(1.59723342399277,0.705184126937126,5.748));
#9977=CARTESIAN_POINT('Ctrl Pts',(1.54233984100248,0.664015385235262,5.76));
#9978=CARTESIAN_POINT('Ctrl Pts',(1.54233984100248,0.664015385235262,5.748));
#9979=CARTESIAN_POINT('Ctrl Pts',(1.48496558019862,0.628589897663658,5.76));
#9980=CARTESIAN_POINT('Ctrl Pts',(1.48496558019862,0.628589897663658,5.748));
#9981=CARTESIAN_POINT('Ctrl Pts',(1.42437232741219,0.600323449468463,5.76));
#9982=CARTESIAN_POINT('Ctrl Pts',(1.42437232741219,0.600323449468463,5.748));
#9983=CARTESIAN_POINT('Ctrl Pts',(1.36136368254029,0.577731086681186,5.76));
#9984=CARTESIAN_POINT('Ctrl Pts',(1.36136368254029,0.577731086681186,5.748));
#9985=CARTESIAN_POINT('Ctrl Pts',(1.29537572113482,0.562327562830039,5.76));
#9986=CARTESIAN_POINT('Ctrl Pts',(1.29537572113482,0.562327562830039,5.748));
#9987=CARTESIAN_POINT('Ctrl Pts',(1.2267176486255,0.552391686362742,5.76));
#9988=CARTESIAN_POINT('Ctrl Pts',(1.2267176486255,0.552391686362742,5.748));
#9989=CARTESIAN_POINT('Ctrl Pts',(1.17989735849774,0.551250759198097,5.76));
#9990=CARTESIAN_POINT('Ctrl Pts',(1.17989735849774,0.551250759198097,5.748));
#9991=CARTESIAN_POINT('Ctrl Pts',(1.15609975961538,0.550670854055602,5.76));
#9992=CARTESIAN_POINT('Ctrl Pts',(1.15609975961538,0.550670854055602,5.748));
#9993=CARTESIAN_POINT('',(1.84935897435897,1.24658014225005,5.76));
#9994=CARTESIAN_POINT('Ctrl Pts',(1.14549946581197,1.94142940106415,5.76));
#9995=CARTESIAN_POINT('Ctrl Pts',(1.14549946581197,1.94142940106415,5.748));
#9996=CARTESIAN_POINT('Ctrl Pts',(1.16999538679506,1.94080896094473,5.76));
#9997=CARTESIAN_POINT('Ctrl Pts',(1.16999538679506,1.94080896094473,5.748));
#9998=CARTESIAN_POINT('Ctrl Pts',(1.21810739662667,1.93959036536116,5.76));
#9999=CARTESIAN_POINT('Ctrl Pts',(1.21810739662667,1.93959036536116,5.748));
#10000=CARTESIAN_POINT('Ctrl Pts',(1.2888172538021,1.93026225181493,5.76));
#10001=CARTESIAN_POINT('Ctrl Pts',(1.2888172538021,1.93026225181493,5.748));
#10002=CARTESIAN_POINT('Ctrl Pts',(1.35632194755549,1.91412441096428,5.76));
#10003=CARTESIAN_POINT('Ctrl Pts',(1.35632194755549,1.91412441096428,5.748));
#10004=CARTESIAN_POINT('Ctrl Pts',(1.42117137501926,1.8926315574671,5.76));
#10005=CARTESIAN_POINT('Ctrl Pts',(1.42117137501926,1.8926315574671,5.74799999999999));
#10006=CARTESIAN_POINT('Ctrl Pts',(1.48258985128202,1.86396040584996,5.76));
#10007=CARTESIAN_POINT('Ctrl Pts',(1.48258985128202,1.86396040584996,5.748));
#10008=CARTESIAN_POINT('Ctrl Pts',(1.54103967076507,1.82930560275735,5.76));
#10009=CARTESIAN_POINT('Ctrl Pts',(1.54103967076507,1.82930560275735,5.74799999999999));
#10010=CARTESIAN_POINT('Ctrl Pts',(1.59638176295509,1.78830408411955,5.76));
#10011=CARTESIAN_POINT('Ctrl Pts',(1.59638176295509,1.78830408411955,5.748));
#10012=CARTESIAN_POINT('Ctrl Pts',(1.64787020180661,1.74127279897028,5.76));
#10013=CARTESIAN_POINT('Ctrl Pts',(1.64787020180661,1.74127279897028,5.748));
#10014=CARTESIAN_POINT('Ctrl Pts',(1.69498756099103,1.69010107681106,5.76));
#10015=CARTESIAN_POINT('Ctrl Pts',(1.69498756099103,1.69010107681106,5.74799999999999));
#10016=CARTESIAN_POINT('Ctrl Pts',(1.73649913109877,1.63549186675374,5.76));
#10017=CARTESIAN_POINT('Ctrl Pts',(1.73649913109877,1.63549186675374,5.748));
#10018=CARTESIAN_POINT('Ctrl Pts',(1.77128892664617,1.57777535516758,5.76));
#10019=CARTESIAN_POINT('Ctrl Pts',(1.77128892664617,1.57777535516758,5.74799999999999));
#10020=CARTESIAN_POINT('Ctrl Pts',(1.79985855453303,1.51712498168098,5.76));
#10021=CARTESIAN_POINT('Ctrl Pts',(1.79985855453303,1.51712498168098,5.748));
#10022=CARTESIAN_POINT('Ctrl Pts',(1.82227201712564,1.45367791045247,5.76));
#10023=CARTESIAN_POINT('Ctrl Pts',(1.82227201712564,1.45367791045247,5.748));
#10024=CARTESIAN_POINT('Ctrl Pts',(1.83773844137774,1.38709589155915,5.76));
#10025=CARTESIAN_POINT('Ctrl Pts',(1.83773844137774,1.38709589155915,5.74799999999999));
#10026=CARTESIAN_POINT('Ctrl Pts',(1.84761803979864,1.31781032715692,5.76));
#10027=CARTESIAN_POINT('Ctrl Pts',(1.84761803979864,1.31781032715692,5.748));
#10028=CARTESIAN_POINT('Ctrl Pts',(1.84877305090206,1.27055314912145,5.76));
#10029=CARTESIAN_POINT('Ctrl Pts',(1.84877305090206,1.27055314912145,5.748));
#10030=CARTESIAN_POINT('Ctrl Pts',(1.84935897435897,1.24658014225005,5.76));
#10031=CARTESIAN_POINT('Ctrl Pts',(1.84935897435897,1.24658014225005,5.748));
#10032=CARTESIAN_POINT('Ctrl Pts',(1.73063568376068,1.24684514959513,5.76));
#10033=CARTESIAN_POINT('Ctrl Pts',(1.73063568376068,1.24684514959513,5.748));
#10034=CARTESIAN_POINT('Ctrl Pts',(1.73048407260525,1.2596644026966,5.76));
#10035=CARTESIAN_POINT('Ctrl Pts',(1.73048407260525,1.2596644026966,5.748));
#10036=CARTESIAN_POINT('Ctrl Pts',(1.73018332395067,1.28509375261317,5.76));
#10037=CARTESIAN_POINT('Ctrl Pts',(1.73018332395067,1.28509375261317,5.74799999999999));
#10038=CARTESIAN_POINT('Ctrl Pts',(1.72619851955397,1.32268757383903,5.76));
#10039=CARTESIAN_POINT('Ctrl Pts',(1.72619851955397,1.32268757383903,5.748));
#10040=CARTESIAN_POINT('Ctrl Pts',(1.72049074253918,1.35944697222348,5.76));
#10041=CARTESIAN_POINT('Ctrl Pts',(1.72049074253918,1.35944697222348,5.748));
#10042=CARTESIAN_POINT('Ctrl Pts',(1.71226495705995,1.39522763585591,5.76));
#10043=CARTESIAN_POINT('Ctrl Pts',(1.71226495705995,1.39522763585591,5.748));
#10044=CARTESIAN_POINT('Ctrl Pts',(1.70166266680869,1.43003868550912,5.76));
#10045=CARTESIAN_POINT('Ctrl Pts',(1.70166266680869,1.43003868550912,5.748));
#10046=CARTESIAN_POINT('Ctrl Pts',(1.68858947942958,1.4638474264557,5.76));
#10047=CARTESIAN_POINT('Ctrl Pts',(1.68858947942958,1.4638474264557,5.748));
#10048=CARTESIAN_POINT('Ctrl Pts',(1.67317360730703,1.49677980971633,5.76));
#10049=CARTESIAN_POINT('Ctrl Pts',(1.67317360730703,1.49677980971633,5.748));
#10050=CARTESIAN_POINT('Ctrl Pts',(1.65548121297229,1.52875443983232,5.76));
#10051=CARTESIAN_POINT('Ctrl Pts',(1.65548121297229,1.52875443983232,5.748));
#10052=CARTESIAN_POINT('Ctrl Pts',(1.63559368445591,1.55943655805974,5.76));
#10053=CARTESIAN_POINT('Ctrl Pts',(1.63559368445591,1.55943655805974,5.74799999999999));
#10054=CARTESIAN_POINT('Ctrl Pts',(1.61386222939494,1.58876842231786,5.76));
#10055=CARTESIAN_POINT('Ctrl Pts',(1.61386222939494,1.58876842231786,5.748));
#10056=CARTESIAN_POINT('Ctrl Pts',(1.58991163649636,1.61619919061085,5.76));
#10057=CARTESIAN_POINT('Ctrl Pts',(1.58991163649636,1.61619919061085,5.748));
#10058=CARTESIAN_POINT('Ctrl Pts',(1.56442620447561,1.6424060541332,5.76));
#10059=CARTESIAN_POINT('Ctrl Pts',(1.56442620447561,1.6424060541332,5.748));
#10060=CARTESIAN_POINT('Ctrl Pts',(1.53676935198515,1.66683007788377,5.76));
#10061=CARTESIAN_POINT('Ctrl Pts',(1.53676935198515,1.66683007788377,5.748));
#10062=CARTESIAN_POINT('Ctrl Pts',(1.50706635987786,1.68947936396564,5.76));
#10063=CARTESIAN_POINT('Ctrl Pts',(1.50706635987786,1.68947936396564,5.748));
#10064=CARTESIAN_POINT('Ctrl Pts',(1.47567782691445,1.71090051228318,5.76));
#10065=CARTESIAN_POINT('Ctrl Pts',(1.47567782691445,1.71090051228318,5.748));
#10066=CARTESIAN_POINT('Ctrl Pts',(1.44244342542638,1.73022475738366,5.76));
#10067=CARTESIAN_POINT('Ctrl Pts',(1.44244342542638,1.73022475738366,5.748));
#10068=CARTESIAN_POINT('Ctrl Pts',(1.40814437148606,1.74807061320086,5.76));
#10069=CARTESIAN_POINT('Ctrl Pts',(1.40814437148606,1.74807061320086,5.748));
#10070=CARTESIAN_POINT('Ctrl Pts',(1.37294951237143,1.76336012927039,5.76));
#10071=CARTESIAN_POINT('Ctrl Pts',(1.37294951237143,1.76336012927039,5.748));
#10072=CARTESIAN_POINT('Ctrl Pts',(1.33725756102838,1.77635197201502,5.76));
#10073=CARTESIAN_POINT('Ctrl Pts',(1.33725756102838,1.77635197201502,5.748));
#10074=CARTESIAN_POINT('Ctrl Pts',(1.30115928047426,1.78743308678116,5.76));
#10075=CARTESIAN_POINT('Ctrl Pts',(1.30115928047426,1.78743308678116,5.748));
#10076=CARTESIAN_POINT('Ctrl Pts',(1.26435083330583,1.79552481246063,5.76));
#10077=CARTESIAN_POINT('Ctrl Pts',(1.26435083330583,1.79552481246063,5.748));
#10078=CARTESIAN_POINT('Ctrl Pts',(1.22708093371191,1.8012806527351,5.76));
#10079=CARTESIAN_POINT('Ctrl Pts',(1.22708093371191,1.8012806527351,5.748));
#10080=CARTESIAN_POINT('Ctrl Pts',(1.1894011455003,1.80528659026029,5.76));
#10081=CARTESIAN_POINT('Ctrl Pts',(1.1894011455003,1.80528659026029,5.748));
#10082=CARTESIAN_POINT('Ctrl Pts',(1.16406040471193,1.80559213809983,5.76));
#10083=CARTESIAN_POINT('Ctrl Pts',(1.16406040471193,1.80559213809983,5.748));
#10084=CARTESIAN_POINT('Ctrl Pts',(1.15132962740385,1.80574564038039,5.76));
#10085=CARTESIAN_POINT('Ctrl Pts',(1.15132962740385,1.80574564038039,5.748));
#10086=CARTESIAN_POINT('',(1.73063568376068,1.24684514959513,5.75));
#10087=CARTESIAN_POINT('',(1.15132962740385,1.80574564038039,5.75));
#10088=CARTESIAN_POINT('Ctrl Pts',(1.73063568376068,1.24684514959513,5.75));
#10089=CARTESIAN_POINT('Ctrl Pts',(1.73048407260525,1.2596644026966,5.75));
#10090=CARTESIAN_POINT('Ctrl Pts',(1.73018332395067,1.28509375261317,5.75));
#10091=CARTESIAN_POINT('Ctrl Pts',(1.72619851955397,1.32268757383903,5.75));
#10092=CARTESIAN_POINT('Ctrl Pts',(1.72049074253918,1.35944697222348,5.75));
#10093=CARTESIAN_POINT('Ctrl Pts',(1.71226495705995,1.39522763585591,5.75));
#10094=CARTESIAN_POINT('Ctrl Pts',(1.70166266680869,1.43003868550912,5.75));
#10095=CARTESIAN_POINT('Ctrl Pts',(1.68858947942958,1.4638474264557,5.75));
#10096=CARTESIAN_POINT('Ctrl Pts',(1.67317360730703,1.49677980971633,5.75));
#10097=CARTESIAN_POINT('Ctrl Pts',(1.65548121297229,1.52875443983232,5.75));
#10098=CARTESIAN_POINT('Ctrl Pts',(1.63559368445591,1.55943655805974,5.75));
#10099=CARTESIAN_POINT('Ctrl Pts',(1.61386222939494,1.58876842231786,5.75));
#10100=CARTESIAN_POINT('Ctrl Pts',(1.58991163649636,1.61619919061085,5.75));
#10101=CARTESIAN_POINT('Ctrl Pts',(1.56442620447561,1.6424060541332,5.75));
#10102=CARTESIAN_POINT('Ctrl Pts',(1.53676935198515,1.66683007788377,5.75));
#10103=CARTESIAN_POINT('Ctrl Pts',(1.50706635987786,1.68947936396564,5.75));
#10104=CARTESIAN_POINT('Ctrl Pts',(1.47567782691445,1.71090051228318,5.75));
#10105=CARTESIAN_POINT('Ctrl Pts',(1.44244342542638,1.73022475738366,5.75));
#10106=CARTESIAN_POINT('Ctrl Pts',(1.40814437148606,1.74807061320086,5.75));
#10107=CARTESIAN_POINT('Ctrl Pts',(1.37294951237143,1.76336012927039,5.75));
#10108=CARTESIAN_POINT('Ctrl Pts',(1.33725756102838,1.77635197201502,5.75));
#10109=CARTESIAN_POINT('Ctrl Pts',(1.30115928047426,1.78743308678116,5.75));
#10110=CARTESIAN_POINT('Ctrl Pts',(1.26435083330583,1.79552481246063,5.75));
#10111=CARTESIAN_POINT('Ctrl Pts',(1.22708093371191,1.8012806527351,5.75));
#10112=CARTESIAN_POINT('Ctrl Pts',(1.1894011455003,1.80528659026029,5.75));
#10113=CARTESIAN_POINT('Ctrl Pts',(1.16406040471193,1.80559213809983,5.75));
#10114=CARTESIAN_POINT('Ctrl Pts',(1.15132962740385,1.80574564038039,5.75));
#10115=CARTESIAN_POINT('',(1.73063568376068,1.24684514959513,5.76));
#10116=CARTESIAN_POINT('',(1.15132962740385,1.80574564038039,5.76));
#10117=CARTESIAN_POINT('Ctrl Pts',(1.15132962740385,1.80574564038039,5.76));
#10118=CARTESIAN_POINT('Ctrl Pts',(1.15132962740385,1.80574564038039,5.748));
#10119=CARTESIAN_POINT('Ctrl Pts',(1.13877528674793,1.80559260150491,5.76));
#10120=CARTESIAN_POINT('Ctrl Pts',(1.13877528674793,1.80559260150491,5.748));
#10121=CARTESIAN_POINT('Ctrl Pts',(1.11378662578792,1.80528798681602,5.76));
#10122=CARTESIAN_POINT('Ctrl Pts',(1.11378662578792,1.80528798681602,5.748));
#10123=CARTESIAN_POINT('Ctrl Pts',(1.07663741119466,1.80127549908488,5.76));
#10124=CARTESIAN_POINT('Ctrl Pts',(1.07663741119466,1.80127549908488,5.748));
#10125=CARTESIAN_POINT('Ctrl Pts',(1.03997676953837,1.79555676128916,5.76));
#10126=CARTESIAN_POINT('Ctrl Pts',(1.03997676953837,1.79555676128916,5.748));
#10127=CARTESIAN_POINT('Ctrl Pts',(1.00379712966993,1.7873994602859,5.76));
#10128=CARTESIAN_POINT('Ctrl Pts',(1.00379712966993,1.7873994602859,5.748));
#10129=CARTESIAN_POINT('Ctrl Pts',(0.968249871482487,1.77628542843396,5.76));
#10130=CARTESIAN_POINT('Ctrl Pts',(0.968249871482487,1.77628542843396,5.748));
#10131=CARTESIAN_POINT('Ctrl Pts',(0.933003651753371,1.76349437087427,5.76));
#10132=CARTESIAN_POINT('Ctrl Pts',(0.933003651753371,1.76349437087427,5.748));
#10133=CARTESIAN_POINT('Ctrl Pts',(0.898379878416078,1.74791378008374,5.76));
#10134=CARTESIAN_POINT('Ctrl Pts',(0.898379878416078,1.74791378008374,5.748));
#10135=CARTESIAN_POINT('Ctrl Pts',(0.864492854762038,1.73031040670593,5.76));
#10136=CARTESIAN_POINT('Ctrl Pts',(0.864492854762038,1.73031040670593,5.748));
#10137=CARTESIAN_POINT('Ctrl Pts',(0.831641025763405,1.71082614199737,5.76));
#10138=CARTESIAN_POINT('Ctrl Pts',(0.831641025763405,1.71082614199737,5.748));
#10139=CARTESIAN_POINT('Ctrl Pts',(0.800642177296873,1.68929217052874,5.76));
#10140=CARTESIAN_POINT('Ctrl Pts',(0.800642177296873,1.68929217052874,5.748));
#10141=CARTESIAN_POINT('Ctrl Pts',(0.771416058893908,1.66621349079837,5.76));
#10142=CARTESIAN_POINT('Ctrl Pts',(0.771416058893908,1.66621349079837,5.748));
#10143=CARTESIAN_POINT('Ctrl Pts',(0.744034228938863,1.64153624274206,5.76));
#10144=CARTESIAN_POINT('Ctrl Pts',(0.744034228938863,1.64153624274206,5.748));
#10145=CARTESIAN_POINT('Ctrl Pts',(0.718577089456239,1.61513475635075,5.76));
#10146=CARTESIAN_POINT('Ctrl Pts',(0.718577089456239,1.61513475635075,5.748));
#10147=CARTESIAN_POINT('Ctrl Pts',(0.694543586228557,1.58740928198483,5.76));
#10148=CARTESIAN_POINT('Ctrl Pts',(0.694543586228557,1.58740928198483,5.748));
#10149=CARTESIAN_POINT('Ctrl Pts',(0.672897047927809,1.55756734697726,5.76));
#10150=CARTESIAN_POINT('Ctrl Pts',(0.672897047927809,1.55756734697726,5.748));
#10151=CARTESIAN_POINT('Ctrl Pts',(0.653058749543829,1.52641817533412,5.76));
#10152=CARTESIAN_POINT('Ctrl Pts',(0.653058749543829,1.52641817533412,5.748));
#10153=CARTESIAN_POINT('Ctrl Pts',(0.6353060242009,1.49400233958074,5.76));
#10154=CARTESIAN_POINT('Ctrl Pts',(0.6353060242009,1.49400233958074,5.748));
#10155=CARTESIAN_POINT('Ctrl Pts',(0.619519714529002,1.46066111187828,5.76));
#10156=CARTESIAN_POINT('Ctrl Pts',(0.619519714529002,1.46066111187828,5.74799999999999));
#10157=CARTESIAN_POINT('Ctrl Pts',(0.606606532629303,1.42612252193526,5.76));
#10158=CARTESIAN_POINT('Ctrl Pts',(0.606606532629303,1.42612252193526,5.748));
#10159=CARTESIAN_POINT('Ctrl Pts',(0.596075217783799,1.39076127785138,5.76));
#10160=CARTESIAN_POINT('Ctrl Pts',(0.596075217783799,1.39076127785138,5.748));
#10161=CARTESIAN_POINT('Ctrl Pts',(0.587344039279221,1.35463338387144,5.76));
#10162=CARTESIAN_POINT('Ctrl Pts',(0.587344039279221,1.35463338387144,5.74799999999999));
#10163=CARTESIAN_POINT('Ctrl Pts',(0.581812764398326,1.31746477433995,5.76));
#10164=CARTESIAN_POINT('Ctrl Pts',(0.581812764398326,1.31746477433995,5.748));
#10165=CARTESIAN_POINT('Ctrl Pts',(0.577756188059104,1.27944221711446,5.76));
#10166=CARTESIAN_POINT('Ctrl Pts',(0.577756188059104,1.27944221711446,5.748));
#10167=CARTESIAN_POINT('Ctrl Pts',(0.577468984569583,1.25374669490209,5.76));
#10168=CARTESIAN_POINT('Ctrl Pts',(0.577468984569583,1.25374669490209,5.748));
#10169=CARTESIAN_POINT('Ctrl Pts',(0.577323717948718,1.24074998065817,5.76));
#10170=CARTESIAN_POINT('Ctrl Pts',(0.577323717948718,1.24074998065817,5.748));
#10171=CARTESIAN_POINT('',(0.577323717948718,1.24074998065817,5.75));
#10172=CARTESIAN_POINT('Ctrl Pts',(1.15132962740385,1.80574564038039,5.75));
#10173=CARTESIAN_POINT('Ctrl Pts',(1.13877528674793,1.80559260150491,5.75));
#10174=CARTESIAN_POINT('Ctrl Pts',(1.11378662578792,1.80528798681602,5.75));
#10175=CARTESIAN_POINT('Ctrl Pts',(1.07663741119466,1.80127549908488,5.75));
#10176=CARTESIAN_POINT('Ctrl Pts',(1.03997676953837,1.79555676128916,5.75));
#10177=CARTESIAN_POINT('Ctrl Pts',(1.00379712966993,1.7873994602859,5.75));
#10178=CARTESIAN_POINT('Ctrl Pts',(0.968249871482487,1.77628542843396,5.75));
#10179=CARTESIAN_POINT('Ctrl Pts',(0.933003651753371,1.76349437087427,5.75));
#10180=CARTESIAN_POINT('Ctrl Pts',(0.898379878416078,1.74791378008374,5.75));
#10181=CARTESIAN_POINT('Ctrl Pts',(0.864492854762038,1.73031040670593,5.75));
#10182=CARTESIAN_POINT('Ctrl Pts',(0.831641025763405,1.71082614199737,5.75));
#10183=CARTESIAN_POINT('Ctrl Pts',(0.800642177296873,1.68929217052874,5.75));
#10184=CARTESIAN_POINT('Ctrl Pts',(0.771416058893908,1.66621349079837,5.75));
#10185=CARTESIAN_POINT('Ctrl Pts',(0.744034228938863,1.64153624274206,5.75));
#10186=CARTESIAN_POINT('Ctrl Pts',(0.718577089456239,1.61513475635075,5.75));
#10187=CARTESIAN_POINT('Ctrl Pts',(0.694543586228557,1.58740928198483,5.75));
#10188=CARTESIAN_POINT('Ctrl Pts',(0.672897047927809,1.55756734697726,5.75));
#10189=CARTESIAN_POINT('Ctrl Pts',(0.653058749543829,1.52641817533412,5.75));
#10190=CARTESIAN_POINT('Ctrl Pts',(0.6353060242009,1.49400233958074,5.75));
#10191=CARTESIAN_POINT('Ctrl Pts',(0.619519714529002,1.46066111187828,5.75));
#10192=CARTESIAN_POINT('Ctrl Pts',(0.606606532629303,1.42612252193526,5.75));
#10193=CARTESIAN_POINT('Ctrl Pts',(0.596075217783799,1.39076127785138,5.75));
#10194=CARTESIAN_POINT('Ctrl Pts',(0.587344039279221,1.35463338387144,5.75));
#10195=CARTESIAN_POINT('Ctrl Pts',(0.581812764398326,1.31746477433995,5.75));
#10196=CARTESIAN_POINT('Ctrl Pts',(0.577756188059104,1.27944221711446,5.75));
#10197=CARTESIAN_POINT('Ctrl Pts',(0.577468984569583,1.25374669490209,5.75));
#10198=CARTESIAN_POINT('Ctrl Pts',(0.577323717948718,1.24074998065817,5.75));
#10199=CARTESIAN_POINT('',(0.577323717948718,1.24074998065817,5.76));
#10200=CARTESIAN_POINT('Ctrl Pts',(0.577323717948718,1.24074998065817,5.76));
#10201=CARTESIAN_POINT('Ctrl Pts',(0.577323717948718,1.24074998065817,5.748));
#10202=CARTESIAN_POINT('Ctrl Pts',(0.577805585414813,1.22163866505703,5.76));
#10203=CARTESIAN_POINT('Ctrl Pts',(0.577805585414813,1.22163866505703,5.748));
#10204=CARTESIAN_POINT('Ctrl Pts',(0.578753567791257,1.1840407949884,5.76));
#10205=CARTESIAN_POINT('Ctrl Pts',(0.578753567791257,1.1840407949884,5.748));
#10206=CARTESIAN_POINT('Ctrl Pts',(0.587053006495558,1.12894390726999,5.76));
#10207=CARTESIAN_POINT('Ctrl Pts',(0.587053006495558,1.12894390726999,5.748));
#10208=CARTESIAN_POINT('Ctrl Pts',(0.599836907553622,1.07599387046735,5.76));
#10209=CARTESIAN_POINT('Ctrl Pts',(0.599836907553622,1.07599387046735,5.748));
#10210=CARTESIAN_POINT('Ctrl Pts',(0.618681804986545,1.02548041070462,5.76));
#10211=CARTESIAN_POINT('Ctrl Pts',(0.618681804986545,1.02548041070462,5.748));
#10212=CARTESIAN_POINT('Ctrl Pts',(0.64224885278869,0.976969327610542,5.76));
#10213=CARTESIAN_POINT('Ctrl Pts',(0.64224885278869,0.976969327610542,5.748));
#10214=CARTESIAN_POINT('Ctrl Pts',(0.671363183338937,0.930890966612612,
5.76));
#10215=CARTESIAN_POINT('Ctrl Pts',(0.671363183338937,0.930890966612612,
5.748));
#10216=CARTESIAN_POINT('Ctrl Pts',(0.70585694484866,0.887232874219195,5.76));
#10217=CARTESIAN_POINT('Ctrl Pts',(0.70585694484866,0.887232874219195,5.748));
#10218=CARTESIAN_POINT('Ctrl Pts',(0.745039289724937,0.846299841007422,
5.76));
#10219=CARTESIAN_POINT('Ctrl Pts',(0.745039289724937,0.846299841007422,
5.748));
#10220=CARTESIAN_POINT('Ctrl Pts',(0.787872574659899,0.808938480476414,
5.76));
#10221=CARTESIAN_POINT('Ctrl Pts',(0.787872574659899,0.808938480476414,
5.748));
#10222=CARTESIAN_POINT('Ctrl Pts',(0.833355481508057,0.776143977804016,
5.76));
#10223=CARTESIAN_POINT('Ctrl Pts',(0.833355481508057,0.776143977804016,
5.748));
#10224=CARTESIAN_POINT('Ctrl Pts',(0.881000743861887,0.748396651233827,
5.76));
#10225=CARTESIAN_POINT('Ctrl Pts',(0.881000743861887,0.748396651233827,
5.748));
#10226=CARTESIAN_POINT('Ctrl Pts',(0.930932609172854,0.725791757803205,
5.76));
#10227=CARTESIAN_POINT('Ctrl Pts',(0.930932609172854,0.725791757803205,
5.748));
#10228=CARTESIAN_POINT('Ctrl Pts',(0.982884506365489,0.707879565242273,
5.76));
#10229=CARTESIAN_POINT('Ctrl Pts',(0.982884506365489,0.707879565242273,
5.748));
#10230=CARTESIAN_POINT('Ctrl Pts',(1.03719119976357,0.695603415976804,5.76));
#10231=CARTESIAN_POINT('Ctrl Pts',(1.03719119976357,0.695603415976804,5.748));
#10232=CARTESIAN_POINT('Ctrl Pts',(1.09349092704666,0.687524002787155,5.76));
#10233=CARTESIAN_POINT('Ctrl Pts',(1.09349092704666,0.687524002787155,5.748));
#10234=CARTESIAN_POINT('Ctrl Pts',(1.13186709730063,0.686748109924108,5.76));
#10235=CARTESIAN_POINT('Ctrl Pts',(1.13186709730063,0.686748109924108,5.748));
#10236=CARTESIAN_POINT('Ctrl Pts',(1.15132962740385,0.686354614739362,5.76));
#10237=CARTESIAN_POINT('Ctrl Pts',(1.15132962740385,0.686354614739362,5.748));
#10238=CARTESIAN_POINT('',(1.15132962740385,0.686354614739362,5.75));
#10239=CARTESIAN_POINT('Ctrl Pts',(0.577323717948718,1.24074998065817,5.75));
#10240=CARTESIAN_POINT('Ctrl Pts',(0.577805585414813,1.22163866505703,5.75));
#10241=CARTESIAN_POINT('Ctrl Pts',(0.578753567791257,1.1840407949884,5.75));
#10242=CARTESIAN_POINT('Ctrl Pts',(0.587053006495558,1.12894390726999,5.75));
#10243=CARTESIAN_POINT('Ctrl Pts',(0.599836907553622,1.07599387046735,5.75));
#10244=CARTESIAN_POINT('Ctrl Pts',(0.618681804986545,1.02548041070462,5.75));
#10245=CARTESIAN_POINT('Ctrl Pts',(0.64224885278869,0.976969327610542,5.75));
#10246=CARTESIAN_POINT('Ctrl Pts',(0.671363183338937,0.930890966612612,
5.75));
#10247=CARTESIAN_POINT('Ctrl Pts',(0.70585694484866,0.887232874219195,5.75));
#10248=CARTESIAN_POINT('Ctrl Pts',(0.745039289724937,0.846299841007422,
5.75));
#10249=CARTESIAN_POINT('Ctrl Pts',(0.787872574659899,0.808938480476414,
5.75));
#10250=CARTESIAN_POINT('Ctrl Pts',(0.833355481508057,0.776143977804016,
5.75));
#10251=CARTESIAN_POINT('Ctrl Pts',(0.881000743861887,0.748396651233827,
5.75));
#10252=CARTESIAN_POINT('Ctrl Pts',(0.930932609172854,0.725791757803205,
5.75));
#10253=CARTESIAN_POINT('Ctrl Pts',(0.982884506365489,0.707879565242273,
5.75));
#10254=CARTESIAN_POINT('Ctrl Pts',(1.03719119976357,0.695603415976804,5.75));
#10255=CARTESIAN_POINT('Ctrl Pts',(1.09349092704666,0.687524002787155,5.75));
#10256=CARTESIAN_POINT('Ctrl Pts',(1.13186709730063,0.686748109924108,5.75));
#10257=CARTESIAN_POINT('Ctrl Pts',(1.15132962740385,0.686354614739362,5.75));
#10258=CARTESIAN_POINT('',(1.15132962740385,0.686354614739362,5.76));
#10259=CARTESIAN_POINT('Ctrl Pts',(1.15132962740385,0.686354614739362,5.76));
#10260=CARTESIAN_POINT('Ctrl Pts',(1.15132962740385,0.686354614739362,5.748));
#10261=CARTESIAN_POINT('Ctrl Pts',(1.16441119497751,0.686534344068245,5.76));
#10262=CARTESIAN_POINT('Ctrl Pts',(1.16441119497751,0.686534344068245,5.748));
#10263=CARTESIAN_POINT('Ctrl Pts',(1.19035587241669,0.686890801307636,5.76));
#10264=CARTESIAN_POINT('Ctrl Pts',(1.19035587241669,0.686890801307636,5.748));
#10265=CARTESIAN_POINT('Ctrl Pts',(1.22894554902028,0.690481074992992,5.76));
#10266=CARTESIAN_POINT('Ctrl Pts',(1.22894554902028,0.690481074992992,5.748));
#10267=CARTESIAN_POINT('Ctrl Pts',(1.26684001000192,0.696238358969499,5.76));
#10268=CARTESIAN_POINT('Ctrl Pts',(1.26684001000192,0.696238358969499,5.748));
#10269=CARTESIAN_POINT('Ctrl Pts',(1.30398610388524,0.704527624631179,5.76));
#10270=CARTESIAN_POINT('Ctrl Pts',(1.30398610388524,0.704527624631179,5.748));
#10271=CARTESIAN_POINT('Ctrl Pts',(1.34034167247477,0.714902015156077,5.76));
#10272=CARTESIAN_POINT('Ctrl Pts',(1.34034167247477,0.714902015156077,5.748));
#10273=CARTESIAN_POINT('Ctrl Pts',(1.37605845817595,0.727226959950135,5.76));
#10274=CARTESIAN_POINT('Ctrl Pts',(1.37605845817595,0.727226959950135,5.748));
#10275=CARTESIAN_POINT('Ctrl Pts',(1.41075602624316,0.742603486342278,5.76));
#10276=CARTESIAN_POINT('Ctrl Pts',(1.41075602624316,0.742603486342278,5.748));
#10277=CARTESIAN_POINT('Ctrl Pts',(1.44487209588824,0.759592741849824,5.76));
#10278=CARTESIAN_POINT('Ctrl Pts',(1.44487209588824,0.759592741849824,5.748));
#10279=CARTESIAN_POINT('Ctrl Pts',(1.47752781819413,0.778960301393688,5.76));
#10280=CARTESIAN_POINT('Ctrl Pts',(1.47752781819413,0.778960301393688,5.74799999999999));
#10281=CARTESIAN_POINT('Ctrl Pts',(1.50870160569692,0.799763411532771,5.76));
#10282=CARTESIAN_POINT('Ctrl Pts',(1.50870160569692,0.799763411532771,5.748));
#10283=CARTESIAN_POINT('Ctrl Pts',(1.5376077052254,0.822808098527258,5.76));
#10284=CARTESIAN_POINT('Ctrl Pts',(1.5376077052254,0.822808098527258,5.74799999999999));
#10285=CARTESIAN_POINT('Ctrl Pts',(1.56496905067319,0.847118700292404,5.76));
#10286=CARTESIAN_POINT('Ctrl Pts',(1.56496905067319,0.847118700292404,5.748));
#10287=CARTESIAN_POINT('Ctrl Pts',(1.59053070692932,0.873185392786049,5.76));
#10288=CARTESIAN_POINT('Ctrl Pts',(1.59053070692932,0.873185392786049,5.748));
#10289=CARTESIAN_POINT('Ctrl Pts',(1.61411981703823,0.900974286162701,5.76));
#10290=CARTESIAN_POINT('Ctrl Pts',(1.61411981703823,0.900974286162701,5.748));
#10291=CARTESIAN_POINT('Ctrl Pts',(1.63565695032117,0.930660784581187,5.76));
#10292=CARTESIAN_POINT('Ctrl Pts',(1.63565695032117,0.930660784581187,5.748));
#10293=CARTESIAN_POINT('Ctrl Pts',(1.65548771555732,0.961762708774685,5.76));
#10294=CARTESIAN_POINT('Ctrl Pts',(1.65548771555732,0.961762708774685,5.748));
#10295=CARTESIAN_POINT('Ctrl Pts',(1.67317823451561,0.994267244759868,5.76));
#10296=CARTESIAN_POINT('Ctrl Pts',(1.67317823451561,0.994267244759868,5.748));
#10297=CARTESIAN_POINT('Ctrl Pts',(1.68859176302524,1.02772935517488,5.76));
#10298=CARTESIAN_POINT('Ctrl Pts',(1.68859176302524,1.02772935517488,5.748));
#10299=CARTESIAN_POINT('Ctrl Pts',(1.70166827109297,1.0620666435367,5.76));
#10300=CARTESIAN_POINT('Ctrl Pts',(1.70166827109297,1.0620666435367,5.748));
#10301=CARTESIAN_POINT('Ctrl Pts',(1.71222458095403,1.09732863632876,5.76));
#10302=CARTESIAN_POINT('Ctrl Pts',(1.71222458095403,1.09732863632876,5.748));
#10303=CARTESIAN_POINT('Ctrl Pts',(1.72049676438784,1.13344836190583,5.76));
#10304=CARTESIAN_POINT('Ctrl Pts',(1.72049676438784,1.13344836190583,5.748));
#10305=CARTESIAN_POINT('Ctrl Pts',(1.72619661506735,1.17047418311563,5.76));
#10306=CARTESIAN_POINT('Ctrl Pts',(1.72619661506735,1.17047418311563,5.748));
#10307=CARTESIAN_POINT('Ctrl Pts',(1.73018367372261,1.20833202983064,5.76));
#10308=CARTESIAN_POINT('Ctrl Pts',(1.73018367372261,1.20833202983064,5.748));
#10309=CARTESIAN_POINT('Ctrl Pts',(1.73048419396876,1.23393759443522,5.76));
#10310=CARTESIAN_POINT('Ctrl Pts',(1.73048419396876,1.23393759443522,5.748));
#10311=CARTESIAN_POINT('Ctrl Pts',(1.73063568376068,1.24684514959513,5.76));
#10312=CARTESIAN_POINT('Ctrl Pts',(1.73063568376068,1.24684514959513,5.748));
#10313=CARTESIAN_POINT('Ctrl Pts',(1.15132962740385,0.686354614739362,5.75));
#10314=CARTESIAN_POINT('Ctrl Pts',(1.16441119497751,0.686534344068245,5.75));
#10315=CARTESIAN_POINT('Ctrl Pts',(1.19035587241669,0.686890801307636,5.75));
#10316=CARTESIAN_POINT('Ctrl Pts',(1.22894554902028,0.690481074992992,5.75));
#10317=CARTESIAN_POINT('Ctrl Pts',(1.26684001000192,0.696238358969499,5.75));
#10318=CARTESIAN_POINT('Ctrl Pts',(1.30398610388524,0.704527624631179,5.75));
#10319=CARTESIAN_POINT('Ctrl Pts',(1.34034167247477,0.714902015156077,5.75));
#10320=CARTESIAN_POINT('Ctrl Pts',(1.37605845817595,0.727226959950135,5.75));
#10321=CARTESIAN_POINT('Ctrl Pts',(1.41075602624316,0.742603486342278,5.75));
#10322=CARTESIAN_POINT('Ctrl Pts',(1.44487209588824,0.759592741849824,5.75));
#10323=CARTESIAN_POINT('Ctrl Pts',(1.47752781819413,0.778960301393688,5.75));
#10324=CARTESIAN_POINT('Ctrl Pts',(1.50870160569692,0.799763411532771,5.75));
#10325=CARTESIAN_POINT('Ctrl Pts',(1.5376077052254,0.822808098527258,5.75));
#10326=CARTESIAN_POINT('Ctrl Pts',(1.56496905067319,0.847118700292404,5.75));
#10327=CARTESIAN_POINT('Ctrl Pts',(1.59053070692932,0.873185392786049,5.75));
#10328=CARTESIAN_POINT('Ctrl Pts',(1.61411981703823,0.900974286162701,5.75));
#10329=CARTESIAN_POINT('Ctrl Pts',(1.63565695032117,0.930660784581187,5.75));
#10330=CARTESIAN_POINT('Ctrl Pts',(1.65548771555732,0.961762708774685,5.75));
#10331=CARTESIAN_POINT('Ctrl Pts',(1.67317823451561,0.994267244759868,5.75));
#10332=CARTESIAN_POINT('Ctrl Pts',(1.68859176302524,1.02772935517488,5.75));
#10333=CARTESIAN_POINT('Ctrl Pts',(1.70166827109297,1.0620666435367,5.75));
#10334=CARTESIAN_POINT('Ctrl Pts',(1.71222458095403,1.09732863632876,5.75));
#10335=CARTESIAN_POINT('Ctrl Pts',(1.72049676438784,1.13344836190583,5.75));
#10336=CARTESIAN_POINT('Ctrl Pts',(1.72619661506735,1.17047418311563,5.75));
#10337=CARTESIAN_POINT('Ctrl Pts',(1.73018367372261,1.20833202983064,5.75));
#10338=CARTESIAN_POINT('Ctrl Pts',(1.73048419396876,1.23393759443522,5.75));
#10339=CARTESIAN_POINT('Ctrl Pts',(1.73063568376068,1.24684514959513,5.75));
#10340=CARTESIAN_POINT('Origin',(0.,0.,5.75));
#10341=CARTESIAN_POINT('Origin',(3.788327991453,0.584591794226542,5.76));
#10342=CARTESIAN_POINT('',(3.788327991453,0.584591794226542,5.76));
#10343=CARTESIAN_POINT('',(3.788327991453,0.584591794226542,5.76));
#10344=CARTESIAN_POINT('',(3.6696047008547,0.584591794226542,5.76));
#10345=CARTESIAN_POINT('',(3.788327991453,0.584591794226542,5.76));
#10346=CARTESIAN_POINT('',(3.6696047008547,0.584591794226542,5.76));
#10347=CARTESIAN_POINT('Origin',(3.788327991453,1.62342058696158,5.76));
#10348=CARTESIAN_POINT('',(3.788327991453,1.62342058696158,5.76));
#10349=CARTESIAN_POINT('',(3.788327991453,1.62342058696158,5.76));
#10350=CARTESIAN_POINT('',(3.788327991453,1.62342058696158,5.76));
#10351=CARTESIAN_POINT('Origin',(4.66020215678419,0.584591794226542,5.76));
#10352=CARTESIAN_POINT('',(4.66020215678419,0.584591794226542,5.76));
#10353=CARTESIAN_POINT('',(4.66020215678419,0.584591794226542,5.76));
#10354=CARTESIAN_POINT('',(4.66020215678419,0.584591794226542,5.76));
#10355=CARTESIAN_POINT('Origin',(4.68723290598291,0.584591794226542,5.76));
#10356=CARTESIAN_POINT('',(4.68723290598291,0.584591794226542,5.76));
#10357=CARTESIAN_POINT('',(4.68723290598291,0.584591794226542,5.76));
#10358=CARTESIAN_POINT('',(4.68723290598291,0.584591794226542,5.76));
#10359=CARTESIAN_POINT('Origin',(4.68723290598291,1.90750846089321,5.76));
#10360=CARTESIAN_POINT('',(4.68723290598291,1.90750846089321,5.76));
#10361=CARTESIAN_POINT('',(4.68723290598291,1.90750846089321,5.76));
#10362=CARTESIAN_POINT('',(4.68723290598291,1.90750846089321,5.76));
#10363=CARTESIAN_POINT('Origin',(4.56850961538462,1.90750846089321,5.76));
#10364=CARTESIAN_POINT('',(4.56850961538462,1.90750846089321,5.76));
#10365=CARTESIAN_POINT('',(4.56850961538462,1.90750846089321,5.76));
#10366=CARTESIAN_POINT('',(4.56850961538462,1.90750846089321,5.76));
#10367=CARTESIAN_POINT('Origin',(4.56850961538462,0.866294602052397,5.76));
#10368=CARTESIAN_POINT('',(4.56850961538462,0.866294602052397,5.76));
#10369=CARTESIAN_POINT('',(4.56850961538462,0.866294602052397,5.76));
#10370=CARTESIAN_POINT('',(4.56850961538462,0.866294602052397,5.76));
#10371=CARTESIAN_POINT('Origin',(3.69451539129274,1.90750846089321,5.76));
#10372=CARTESIAN_POINT('',(3.69451539129274,1.90750846089321,5.76));
#10373=CARTESIAN_POINT('',(3.69451539129274,1.90750846089321,5.76));
#10374=CARTESIAN_POINT('',(3.69451539129274,1.90750846089321,5.76));
#10375=CARTESIAN_POINT('Origin',(3.6696047008547,1.90750846089321,5.76));
#10376=CARTESIAN_POINT('',(3.6696047008547,1.90750846089321,5.76));
#10377=CARTESIAN_POINT('',(3.6696047008547,1.90750846089321,5.76));
#10378=CARTESIAN_POINT('',(3.6696047008547,1.90750846089321,5.76));
#10379=CARTESIAN_POINT('Origin',(3.6696047008547,0.584591794226542,5.76));
#10380=CARTESIAN_POINT('',(3.6696047008547,0.584591794226542,5.76));
#10381=CARTESIAN_POINT('Origin',(0.,0.,5.76));
#10382=CARTESIAN_POINT('Ctrl Pts',(5.67041015625,1.94142940106415,5.76));
#10383=CARTESIAN_POINT('Ctrl Pts',(5.67041015625,1.94142940106415,5.748));
#10384=CARTESIAN_POINT('Ctrl Pts',(5.68561026915832,1.94124716430748,5.76));
#10385=CARTESIAN_POINT('Ctrl Pts',(5.68561026915832,1.94124716430748,5.748));
#10386=CARTESIAN_POINT('Ctrl Pts',(5.71569736188583,1.94088644500038,5.76));
#10387=CARTESIAN_POINT('Ctrl Pts',(5.71569736188583,1.94088644500038,5.748));
#10388=CARTESIAN_POINT('Ctrl Pts',(5.76020506086312,1.93736894485586,5.76));
#10389=CARTESIAN_POINT('Ctrl Pts',(5.76020506086312,1.93736894485586,5.748));
#10390=CARTESIAN_POINT('Ctrl Pts',(5.80353713086844,1.93150517107358,5.76));
#10391=CARTESIAN_POINT('Ctrl Pts',(5.80353713086844,1.93150517107358,5.748));
#10392=CARTESIAN_POINT('Ctrl Pts',(5.84572342467309,1.92352379944779,5.76));
#10393=CARTESIAN_POINT('Ctrl Pts',(5.84572342467309,1.92352379944779,5.748));
#10394=CARTESIAN_POINT('Ctrl Pts',(5.88696917544027,1.91361805591614,5.76));
#10395=CARTESIAN_POINT('Ctrl Pts',(5.88696917544027,1.91361805591614,5.748));
#10396=CARTESIAN_POINT('Ctrl Pts',(5.92695914743901,1.90071383601671,5.76));
#10397=CARTESIAN_POINT('Ctrl Pts',(5.92695914743901,1.90071383601671,5.748));
#10398=CARTESIAN_POINT('Ctrl Pts',(5.96592799634319,1.88595895662064,5.76));
#10399=CARTESIAN_POINT('Ctrl Pts',(5.96592799634319,1.88595895662064,5.748));
#10400=CARTESIAN_POINT('Ctrl Pts',(6.00362995270749,1.86896572693578,5.76));
#10401=CARTESIAN_POINT('Ctrl Pts',(6.00362995270749,1.86896572693578,5.748));
#10402=CARTESIAN_POINT('Ctrl Pts',(6.03988412493315,1.84989050027307,5.76));
#10403=CARTESIAN_POINT('Ctrl Pts',(6.03988412493315,1.84989050027307,5.748));
#10404=CARTESIAN_POINT('Ctrl Pts',(6.0746792215133,1.82894471399218,5.76));
#10405=CARTESIAN_POINT('Ctrl Pts',(6.0746792215133,1.82894471399218,5.748));
#10406=CARTESIAN_POINT('Ctrl Pts',(6.10773885560817,1.80615433512592,5.76));
#10407=CARTESIAN_POINT('Ctrl Pts',(6.10773885560817,1.80615433512592,5.748));
#10408=CARTESIAN_POINT('Ctrl Pts',(6.13929565248745,1.78171319442049,5.76));
#10409=CARTESIAN_POINT('Ctrl Pts',(6.13929565248745,1.78171319442049,5.748));
#10410=CARTESIAN_POINT('Ctrl Pts',(6.16882172036442,1.755104215163,5.76));
#10411=CARTESIAN_POINT('Ctrl Pts',(6.16882172036442,1.755104215163,5.748));
#10412=CARTESIAN_POINT('Ctrl Pts',(6.19715537445362,1.72705929049438,5.76));
#10413=CARTESIAN_POINT('Ctrl Pts',(6.19715537445362,1.72705929049438,5.748));
#10414=CARTESIAN_POINT('Ctrl Pts',(6.22333441292541,1.6967706129111,5.76));
#10415=CARTESIAN_POINT('Ctrl Pts',(6.22333441292541,1.6967706129111,5.748));
#10416=CARTESIAN_POINT('Ctrl Pts',(6.23949410269998,1.67545089086814,5.76));
#10417=CARTESIAN_POINT('Ctrl Pts',(6.23949410269998,1.67545089086814,5.748));
#10418=CARTESIAN_POINT('Ctrl Pts',(6.24759615384616,1.66476173279492,5.76));
#10419=CARTESIAN_POINT('Ctrl Pts',(6.24759615384616,1.66476173279492,5.748));
#10420=CARTESIAN_POINT('',(5.67041015625,1.94142940106415,5.76));
#10421=CARTESIAN_POINT('',(5.67041015625,1.94142940106415,5.76));
#10422=CARTESIAN_POINT('',(6.24759615384616,1.66476173279492,5.76));
#10423=CARTESIAN_POINT('Ctrl Pts',(5.67041015625,1.94142940106415,5.76));
#10424=CARTESIAN_POINT('Ctrl Pts',(5.68561026915832,1.94124716430748,5.76));
#10425=CARTESIAN_POINT('Ctrl Pts',(5.71569736188583,1.94088644500038,5.76));
#10426=CARTESIAN_POINT('Ctrl Pts',(5.76020506086312,1.93736894485586,5.76));
#10427=CARTESIAN_POINT('Ctrl Pts',(5.80353713086844,1.93150517107358,5.76));
#10428=CARTESIAN_POINT('Ctrl Pts',(5.84572342467309,1.92352379944779,5.76));
#10429=CARTESIAN_POINT('Ctrl Pts',(5.88696917544027,1.91361805591614,5.76));
#10430=CARTESIAN_POINT('Ctrl Pts',(5.92695914743901,1.90071383601671,5.76));
#10431=CARTESIAN_POINT('Ctrl Pts',(5.96592799634319,1.88595895662064,5.76));
#10432=CARTESIAN_POINT('Ctrl Pts',(6.00362995270749,1.86896572693578,5.76));
#10433=CARTESIAN_POINT('Ctrl Pts',(6.03988412493315,1.84989050027307,5.76));
#10434=CARTESIAN_POINT('Ctrl Pts',(6.0746792215133,1.82894471399218,5.76));
#10435=CARTESIAN_POINT('Ctrl Pts',(6.10773885560817,1.80615433512592,5.76));
#10436=CARTESIAN_POINT('Ctrl Pts',(6.13929565248745,1.78171319442049,5.76));
#10437=CARTESIAN_POINT('Ctrl Pts',(6.16882172036442,1.755104215163,5.76));
#10438=CARTESIAN_POINT('Ctrl Pts',(6.19715537445362,1.72705929049438,5.76));
#10439=CARTESIAN_POINT('Ctrl Pts',(6.22333441292541,1.6967706129111,5.76));
#10440=CARTESIAN_POINT('Ctrl Pts',(6.23949410269998,1.67545089086814,5.76));
#10441=CARTESIAN_POINT('Ctrl Pts',(6.24759615384616,1.66476173279492,5.76));
#10442=CARTESIAN_POINT('',(6.24759615384616,1.66476173279492,5.76));
#10443=CARTESIAN_POINT('Ctrl Pts',(4.95860042735043,1.25373534056735,5.76));
#10444=CARTESIAN_POINT('Ctrl Pts',(4.95860042735043,1.25373534056735,5.748));
#10445=CARTESIAN_POINT('Ctrl Pts',(4.95918825348659,1.27753100306659,5.76));
#10446=CARTESIAN_POINT('Ctrl Pts',(4.95918825348659,1.27753100306659,5.748));
#10447=CARTESIAN_POINT('Ctrl Pts',(4.96034476471175,1.32434748348144,5.76));
#10448=CARTESIAN_POINT('Ctrl Pts',(4.96034476471175,1.32434748348144,5.748));
#10449=CARTESIAN_POINT('Ctrl Pts',(4.97017055645256,1.39305370987346,5.76));
#10450=CARTESIAN_POINT('Ctrl Pts',(4.97017055645256,1.39305370987346,5.748));
#10451=CARTESIAN_POINT('Ctrl Pts',(4.98597706572732,1.45887879217811,5.76));
#10452=CARTESIAN_POINT('Ctrl Pts',(4.98597706572732,1.45887879217811,5.748));
#10453=CARTESIAN_POINT('Ctrl Pts',(5.00842767540459,1.52169985040032,5.76));
#10454=CARTESIAN_POINT('Ctrl Pts',(5.00842767540459,1.52169985040032,5.748));
#10455=CARTESIAN_POINT('Ctrl Pts',(5.03689130521347,1.58184730751184,5.76));
#10456=CARTESIAN_POINT('Ctrl Pts',(5.03689130521347,1.58184730751184,5.748));
#10457=CARTESIAN_POINT('Ctrl Pts',(5.07205315032543,1.63886169148665,5.76));
#10458=CARTESIAN_POINT('Ctrl Pts',(5.07205315032543,1.63886169148665,5.748));
#10459=CARTESIAN_POINT('Ctrl Pts',(5.11350471896269,1.69310762469016,5.76));
#10460=CARTESIAN_POINT('Ctrl Pts',(5.11350471896269,1.69310762469016,5.748));
#10461=CARTESIAN_POINT('Ctrl Pts',(5.16092091270025,1.74376200985322,5.76));
#10462=CARTESIAN_POINT('Ctrl Pts',(5.16092091270025,1.74376200985322,5.748));
#10463=CARTESIAN_POINT('Ctrl Pts',(5.21291809003081,1.7900789675408,5.76));
#10464=CARTESIAN_POINT('Ctrl Pts',(5.21291809003081,1.7900789675408,5.748));
#10465=CARTESIAN_POINT('Ctrl Pts',(5.26860109409005,1.83082714574329,5.76));
#10466=CARTESIAN_POINT('Ctrl Pts',(5.26860109409005,1.83082714574329,5.748));
#10467=CARTESIAN_POINT('Ctrl Pts',(5.32786093714221,1.86473823065962,5.76));
#10468=CARTESIAN_POINT('Ctrl Pts',(5.32786093714221,1.86473823065962,5.748));
#10469=CARTESIAN_POINT('Ctrl Pts',(5.39004476798387,1.89308499443377,5.76));
#10470=CARTESIAN_POINT('Ctrl Pts',(5.39004476798387,1.89308499443377,5.748));
#10471=CARTESIAN_POINT('Ctrl Pts',(5.45561822500459,1.9148732290119,5.76));
#10472=CARTESIAN_POINT('Ctrl Pts',(5.45561822500459,1.9148732290119,5.748));
#10473=CARTESIAN_POINT('Ctrl Pts',(5.52444140321569,1.93012577278979,5.76));
#10474=CARTESIAN_POINT('Ctrl Pts',(5.52444140321569,1.93012577278979,5.748));
#10475=CARTESIAN_POINT('Ctrl Pts',(5.59638498112408,1.93961944472079,5.76));
#10476=CARTESIAN_POINT('Ctrl Pts',(5.59638498112408,1.93961944472079,5.748));
#10477=CARTESIAN_POINT('Ctrl Pts',(5.64546988605702,1.94081959770787,5.76));
#10478=CARTESIAN_POINT('Ctrl Pts',(5.64546988605702,1.94081959770787,5.748));
#10479=CARTESIAN_POINT('Ctrl Pts',(5.67041015625,1.94142940106415,5.76));
#10480=CARTESIAN_POINT('Ctrl Pts',(5.67041015625,1.94142940106415,5.748));
#10481=CARTESIAN_POINT('',(4.95860042735043,1.25373534056735,5.76));
#10482=CARTESIAN_POINT('',(4.95860042735043,1.25373534056735,5.76));
#10483=CARTESIAN_POINT('Ctrl Pts',(4.95860042735043,1.25373534056735,5.76));
#10484=CARTESIAN_POINT('Ctrl Pts',(4.95918825348659,1.27753100306659,5.76));
#10485=CARTESIAN_POINT('Ctrl Pts',(4.96034476471175,1.32434748348144,5.76));
#10486=CARTESIAN_POINT('Ctrl Pts',(4.97017055645256,1.39305370987346,5.76));
#10487=CARTESIAN_POINT('Ctrl Pts',(4.98597706572732,1.45887879217811,5.76));
#10488=CARTESIAN_POINT('Ctrl Pts',(5.00842767540459,1.52169985040032,5.76));
#10489=CARTESIAN_POINT('Ctrl Pts',(5.03689130521347,1.58184730751184,5.76));
#10490=CARTESIAN_POINT('Ctrl Pts',(5.07205315032543,1.63886169148665,5.76));
#10491=CARTESIAN_POINT('Ctrl Pts',(5.11350471896269,1.69310762469016,5.76));
#10492=CARTESIAN_POINT('Ctrl Pts',(5.16092091270025,1.74376200985322,5.76));
#10493=CARTESIAN_POINT('Ctrl Pts',(5.21291809003081,1.7900789675408,5.76));
#10494=CARTESIAN_POINT('Ctrl Pts',(5.26860109409005,1.83082714574329,5.76));
#10495=CARTESIAN_POINT('Ctrl Pts',(5.32786093714221,1.86473823065962,5.76));
#10496=CARTESIAN_POINT('Ctrl Pts',(5.39004476798387,1.89308499443377,5.76));
#10497=CARTESIAN_POINT('Ctrl Pts',(5.45561822500459,1.9148732290119,5.76));
#10498=CARTESIAN_POINT('Ctrl Pts',(5.52444140321569,1.93012577278979,5.76));
#10499=CARTESIAN_POINT('Ctrl Pts',(5.59638498112408,1.93961944472079,5.76));
#10500=CARTESIAN_POINT('Ctrl Pts',(5.64546988605702,1.94081959770787,5.76));
#10501=CARTESIAN_POINT('Ctrl Pts',(5.67041015625,1.94142940106415,5.76));
#10502=CARTESIAN_POINT('Ctrl Pts',(5.12635007678953,0.782022266315217,5.76));
#10503=CARTESIAN_POINT('Ctrl Pts',(5.12635007678953,0.782022266315217,5.748));
#10504=CARTESIAN_POINT('Ctrl Pts',(5.11295624725241,0.798479799030916,5.76));
#10505=CARTESIAN_POINT('Ctrl Pts',(5.11295624725241,0.798479799030916,5.748));
#10506=CARTESIAN_POINT('Ctrl Pts',(5.08633029023715,0.831196174691123,5.76));
#10507=CARTESIAN_POINT('Ctrl Pts',(5.08633029023715,0.831196174691123,5.748));
#10508=CARTESIAN_POINT('Ctrl Pts',(5.05226492770442,0.884220935464405,5.76));
#10509=CARTESIAN_POINT('Ctrl Pts',(5.05226492770442,0.884220935464405,5.748));
#10510=CARTESIAN_POINT('Ctrl Pts',(5.02310498868187,0.93958243108116,5.76));
#10511=CARTESIAN_POINT('Ctrl Pts',(5.02310498868187,0.93958243108116,5.748));
#10512=CARTESIAN_POINT('Ctrl Pts',(4.99952837576869,0.99757151130392,5.76));
#10513=CARTESIAN_POINT('Ctrl Pts',(4.99952837576869,0.99757151130392,5.748));
#10514=CARTESIAN_POINT('Ctrl Pts',(4.9810972236537,1.05805805350493,5.76));
#10515=CARTESIAN_POINT('Ctrl Pts',(4.9810972236537,1.05805805350493,5.748));
#10516=CARTESIAN_POINT('Ctrl Pts',(4.96832873622772,1.12107254853516,5.76));
#10517=CARTESIAN_POINT('Ctrl Pts',(4.96832873622772,1.12107254853516,5.748));
#10518=CARTESIAN_POINT('Ctrl Pts',(4.96003155239236,1.18655614573658,5.76));
#10519=CARTESIAN_POINT('Ctrl Pts',(4.96003155239236,1.18655614573658,5.748));
#10520=CARTESIAN_POINT('Ctrl Pts',(4.95908272300186,1.2310956462122,5.76));
#10521=CARTESIAN_POINT('Ctrl Pts',(4.95908272300186,1.2310956462122,5.748));
#10522=CARTESIAN_POINT('Ctrl Pts',(4.95860042735043,1.25373534056735,5.76));
#10523=CARTESIAN_POINT('Ctrl Pts',(4.95860042735043,1.25373534056735,5.748));
#10524=CARTESIAN_POINT('',(5.12635007678953,0.782022266315217,5.76));
#10525=CARTESIAN_POINT('',(5.12635007678953,0.782022266315217,5.76));
#10526=CARTESIAN_POINT('Ctrl Pts',(5.12635007678953,0.782022266315217,5.76));
#10527=CARTESIAN_POINT('Ctrl Pts',(5.11295624725241,0.798479799030916,5.76));
#10528=CARTESIAN_POINT('Ctrl Pts',(5.08633029023715,0.831196174691123,5.76));
#10529=CARTESIAN_POINT('Ctrl Pts',(5.05226492770442,0.884220935464405,5.76));
#10530=CARTESIAN_POINT('Ctrl Pts',(5.02310498868187,0.93958243108116,5.76));
#10531=CARTESIAN_POINT('Ctrl Pts',(4.99952837576869,0.99757151130392,5.76));
#10532=CARTESIAN_POINT('Ctrl Pts',(4.9810972236537,1.05805805350493,5.76));
#10533=CARTESIAN_POINT('Ctrl Pts',(4.96832873622772,1.12107254853516,5.76));
#10534=CARTESIAN_POINT('Ctrl Pts',(4.96003155239236,1.18655614573658,5.76));
#10535=CARTESIAN_POINT('Ctrl Pts',(4.95908272300186,1.2310956462122,5.76));
#10536=CARTESIAN_POINT('Ctrl Pts',(4.95860042735043,1.25373534056735,5.76));
#10537=CARTESIAN_POINT('Ctrl Pts',(5.67200020032052,0.550670854055602,5.76));
#10538=CARTESIAN_POINT('Ctrl Pts',(5.67200020032052,0.550670854055602,5.748));
#10539=CARTESIAN_POINT('Ctrl Pts',(5.65777179045049,0.550769881003772,5.76));
#10540=CARTESIAN_POINT('Ctrl Pts',(5.65777179045049,0.550769881003772,5.748));
#10541=CARTESIAN_POINT('Ctrl Pts',(5.62963687187226,0.550965694531024,5.76));
#10542=CARTESIAN_POINT('Ctrl Pts',(5.62963687187226,0.550965694531024,5.748));
#10543=CARTESIAN_POINT('Ctrl Pts',(5.58809776039982,0.554137733998856,5.76));
#10544=CARTESIAN_POINT('Ctrl Pts',(5.58809776039982,0.554137733998856,5.748));
#10545=CARTESIAN_POINT('Ctrl Pts',(5.54765824622777,0.558465461938048,5.76));
#10546=CARTESIAN_POINT('Ctrl Pts',(5.54765824622777,0.558465461938048,5.748));
#10547=CARTESIAN_POINT('Ctrl Pts',(5.50843390847458,0.564981821000919,5.76));
#10548=CARTESIAN_POINT('Ctrl Pts',(5.50843390847458,0.564981821000919,5.748));
#10549=CARTESIAN_POINT('Ctrl Pts',(5.47021069766833,0.572671497152239,5.76));
#10550=CARTESIAN_POINT('Ctrl Pts',(5.47021069766833,0.572671497152239,5.748));
#10551=CARTESIAN_POINT('Ctrl Pts',(5.43333511960185,0.582979382840939,5.76));
#10552=CARTESIAN_POINT('Ctrl Pts',(5.43333511960185,0.582979382840939,5.748));
#10553=CARTESIAN_POINT('Ctrl Pts',(5.3974443109247,0.594526240453171,5.76));
#10554=CARTESIAN_POINT('Ctrl Pts',(5.3974443109247,0.594526240453171,5.748));
#10555=CARTESIAN_POINT('Ctrl Pts',(5.36268246786396,0.608097470562042,5.76));
#10556=CARTESIAN_POINT('Ctrl Pts',(5.36268246786396,0.608097470562042,5.748));
#10557=CARTESIAN_POINT('Ctrl Pts',(5.32902002180989,0.623411622890159,5.76));
#10558=CARTESIAN_POINT('Ctrl Pts',(5.32902002180989,0.623411622890159,5.748));
#10559=CARTESIAN_POINT('Ctrl Pts',(5.29656554548928,0.640719741879568,5.76));
#10560=CARTESIAN_POINT('Ctrl Pts',(5.29656554548928,0.640719741879568,5.748));
#10561=CARTESIAN_POINT('Ctrl Pts',(5.26533396538609,0.65987628001047,5.76));
#10562=CARTESIAN_POINT('Ctrl Pts',(5.26533396538609,0.65987628001047,5.748));
#10563=CARTESIAN_POINT('Ctrl Pts',(5.23501822595568,0.680458977402741,5.76));
#10564=CARTESIAN_POINT('Ctrl Pts',(5.23501822595568,0.680458977402741,5.748));
#10565=CARTESIAN_POINT('Ctrl Pts',(5.20606616307852,0.703128969478772,5.76));
#10566=CARTESIAN_POINT('Ctrl Pts',(5.20606616307852,0.703128969478772,5.748));
#10567=CARTESIAN_POINT('Ctrl Pts',(5.17822688415256,0.727571417639373,5.76));
#10568=CARTESIAN_POINT('Ctrl Pts',(5.17822688415256,0.727571417639373,5.748));
#10569=CARTESIAN_POINT('Ctrl Pts',(5.15134428152893,0.753703939560272,5.76));
#10570=CARTESIAN_POINT('Ctrl Pts',(5.15134428152893,0.753703939560272,5.748));
#10571=CARTESIAN_POINT('Ctrl Pts',(5.13471231428502,0.772547887103369,5.76));
#10572=CARTESIAN_POINT('Ctrl Pts',(5.13471231428502,0.772547887103369,5.748));
#10573=CARTESIAN_POINT('Ctrl Pts',(5.12635007678953,0.782022266315217,5.76));
#10574=CARTESIAN_POINT('Ctrl Pts',(5.12635007678953,0.782022266315217,5.748));
#10575=CARTESIAN_POINT('',(5.67200020032052,0.550670854055602,5.76));
#10576=CARTESIAN_POINT('',(5.67200020032052,0.550670854055602,5.76));
#10577=CARTESIAN_POINT('Ctrl Pts',(5.67200020032052,0.550670854055602,5.76));
#10578=CARTESIAN_POINT('Ctrl Pts',(5.65777179045049,0.550769881003772,5.76));
#10579=CARTESIAN_POINT('Ctrl Pts',(5.62963687187226,0.550965694531024,5.76));
#10580=CARTESIAN_POINT('Ctrl Pts',(5.58809776039982,0.554137733998856,5.76));
#10581=CARTESIAN_POINT('Ctrl Pts',(5.54765824622777,0.558465461938048,5.76));
#10582=CARTESIAN_POINT('Ctrl Pts',(5.50843390847458,0.564981821000919,5.76));
#10583=CARTESIAN_POINT('Ctrl Pts',(5.47021069766833,0.572671497152239,5.76));
#10584=CARTESIAN_POINT('Ctrl Pts',(5.43333511960185,0.582979382840939,5.76));
#10585=CARTESIAN_POINT('Ctrl Pts',(5.3974443109247,0.594526240453171,5.76));
#10586=CARTESIAN_POINT('Ctrl Pts',(5.36268246786396,0.608097470562042,5.76));
#10587=CARTESIAN_POINT('Ctrl Pts',(5.32902002180989,0.623411622890159,5.76));
#10588=CARTESIAN_POINT('Ctrl Pts',(5.29656554548928,0.640719741879568,5.76));
#10589=CARTESIAN_POINT('Ctrl Pts',(5.26533396538609,0.65987628001047,5.76));
#10590=CARTESIAN_POINT('Ctrl Pts',(5.23501822595568,0.680458977402741,5.76));
#10591=CARTESIAN_POINT('Ctrl Pts',(5.20606616307852,0.703128969478772,5.76));
#10592=CARTESIAN_POINT('Ctrl Pts',(5.17822688415256,0.727571417639373,5.76));
#10593=CARTESIAN_POINT('Ctrl Pts',(5.15134428152893,0.753703939560272,5.76));
#10594=CARTESIAN_POINT('Ctrl Pts',(5.13471231428502,0.772547887103369,5.76));
#10595=CARTESIAN_POINT('Ctrl Pts',(5.12635007678953,0.782022266315217,5.76));
#10596=CARTESIAN_POINT('Ctrl Pts',(6.24759615384616,0.828133544360089,5.76));
#10597=CARTESIAN_POINT('Ctrl Pts',(6.24759615384616,0.828133544360089,5.748));
#10598=CARTESIAN_POINT('Ctrl Pts',(6.23923603493276,0.817346689020027,5.76));
#10599=CARTESIAN_POINT('Ctrl Pts',(6.23923603493276,0.817346689020027,5.748));
#10600=CARTESIAN_POINT('Ctrl Pts',(6.22255584160327,0.795824646767598,5.76));
#10601=CARTESIAN_POINT('Ctrl Pts',(6.22255584160327,0.795824646767598,5.748));
#10602=CARTESIAN_POINT('Ctrl Pts',(6.19554641256377,0.765483851723088,5.76));
#10603=CARTESIAN_POINT('Ctrl Pts',(6.19554641256377,0.765483851723088,5.748));
#10604=CARTESIAN_POINT('Ctrl Pts',(6.1670933864648,0.736945124019547,5.76));
#10605=CARTESIAN_POINT('Ctrl Pts',(6.1670933864648,0.736945124019547,5.748));
#10606=CARTESIAN_POINT('Ctrl Pts',(6.13698542464673,0.710438552900825,5.76));
#10607=CARTESIAN_POINT('Ctrl Pts',(6.13698542464673,0.710438552900825,5.748));
#10608=CARTESIAN_POINT('Ctrl Pts',(6.10556887842086,0.68543374000852,5.76));
#10609=CARTESIAN_POINT('Ctrl Pts',(6.10556887842086,0.68543374000852,5.74799999999999));
#10610=CARTESIAN_POINT('Ctrl Pts',(6.0722796413144,0.662641083544193,5.76));
#10611=CARTESIAN_POINT('Ctrl Pts',(6.0722796413144,0.662641083544193,5.748));
#10612=CARTESIAN_POINT('Ctrl Pts',(6.03755533438532,0.641742445735083,5.76));
#10613=CARTESIAN_POINT('Ctrl Pts',(6.03755533438532,0.641742445735083,5.748));
#10614=CARTESIAN_POINT('Ctrl Pts',(6.00151361170373,0.622606673672477,5.76));
#10615=CARTESIAN_POINT('Ctrl Pts',(6.00151361170373,0.622606673672477,5.748));
#10616=CARTESIAN_POINT('Ctrl Pts',(5.96419276698483,0.605629023755485,5.76));
#10617=CARTESIAN_POINT('Ctrl Pts',(5.96419276698483,0.605629023755485,5.748));
#10618=CARTESIAN_POINT('Ctrl Pts',(5.92563751925377,0.591094415096004,5.76));
#10619=CARTESIAN_POINT('Ctrl Pts',(5.92563751925377,0.591094415096004,5.748));
#10620=CARTESIAN_POINT('Ctrl Pts',(5.88601405767935,0.578573995540553,5.76));
#10621=CARTESIAN_POINT('Ctrl Pts',(5.88601405767935,0.578573995540553,5.748));
#10622=CARTESIAN_POINT('Ctrl Pts',(5.84532057086883,0.568273412314562,5.76));
#10623=CARTESIAN_POINT('Ctrl Pts',(5.84532057086883,0.568273412314562,5.748));
#10624=CARTESIAN_POINT('Ctrl Pts',(5.8034726508777,0.560233449064773,5.76));
#10625=CARTESIAN_POINT('Ctrl Pts',(5.8034726508777,0.560233449064773,5.748));
#10626=CARTESIAN_POINT('Ctrl Pts',(5.76062131096748,0.554858750537143,5.76));
#10627=CARTESIAN_POINT('Ctrl Pts',(5.76062131096748,0.554858750537143,5.748));
#10628=CARTESIAN_POINT('Ctrl Pts',(5.71667406646505,0.551176538831115,5.76));
#10629=CARTESIAN_POINT('Ctrl Pts',(5.71667406646505,0.551176538831115,5.748));
#10630=CARTESIAN_POINT('Ctrl Pts',(5.6870250769324,0.550840927792494,5.76));
#10631=CARTESIAN_POINT('Ctrl Pts',(5.6870250769324,0.550840927792494,5.748));
#10632=CARTESIAN_POINT('Ctrl Pts',(5.67200020032052,0.550670854055602,5.76));
#10633=CARTESIAN_POINT('Ctrl Pts',(5.67200020032052,0.550670854055602,5.748));
#10634=CARTESIAN_POINT('',(6.24759615384616,0.828133544360089,5.76));
#10635=CARTESIAN_POINT('',(6.24759615384616,0.828133544360089,5.76));
#10636=CARTESIAN_POINT('Ctrl Pts',(6.24759615384616,0.828133544360089,5.76));
#10637=CARTESIAN_POINT('Ctrl Pts',(6.23923603493276,0.817346689020027,5.76));
#10638=CARTESIAN_POINT('Ctrl Pts',(6.22255584160327,0.795824646767598,5.76));
#10639=CARTESIAN_POINT('Ctrl Pts',(6.19554641256377,0.765483851723088,5.76));
#10640=CARTESIAN_POINT('Ctrl Pts',(6.1670933864648,0.736945124019547,5.76));
#10641=CARTESIAN_POINT('Ctrl Pts',(6.13698542464673,0.710438552900825,5.76));
#10642=CARTESIAN_POINT('Ctrl Pts',(6.10556887842086,0.68543374000852,5.76));
#10643=CARTESIAN_POINT('Ctrl Pts',(6.0722796413144,0.662641083544193,5.76));
#10644=CARTESIAN_POINT('Ctrl Pts',(6.03755533438532,0.641742445735083,5.76));
#10645=CARTESIAN_POINT('Ctrl Pts',(6.00151361170373,0.622606673672477,5.76));
#10646=CARTESIAN_POINT('Ctrl Pts',(5.96419276698483,0.605629023755485,5.76));
#10647=CARTESIAN_POINT('Ctrl Pts',(5.92563751925377,0.591094415096004,5.76));
#10648=CARTESIAN_POINT('Ctrl Pts',(5.88601405767935,0.578573995540553,5.76));
#10649=CARTESIAN_POINT('Ctrl Pts',(5.84532057086883,0.568273412314562,5.76));
#10650=CARTESIAN_POINT('Ctrl Pts',(5.8034726508777,0.560233449064773,5.76));
#10651=CARTESIAN_POINT('Ctrl Pts',(5.76062131096748,0.554858750537143,5.76));
#10652=CARTESIAN_POINT('Ctrl Pts',(5.71667406646505,0.551176538831115,5.76));
#10653=CARTESIAN_POINT('Ctrl Pts',(5.6870250769324,0.550840927792494,5.76));
#10654=CARTESIAN_POINT('Ctrl Pts',(5.67200020032052,0.550670854055602,5.76));
#10655=CARTESIAN_POINT('Origin',(6.14371327457265,0.906840725850474,5.76));
#10656=CARTESIAN_POINT('',(6.14371327457265,0.906840725850474,5.76));
#10657=CARTESIAN_POINT('',(6.14371327457265,0.906840725850474,5.76));
#10658=CARTESIAN_POINT('',(6.14371327457265,0.906840725850474,5.76));
#10659=CARTESIAN_POINT('Ctrl Pts',(5.67120517828526,0.686354614739362,5.76));
#10660=CARTESIAN_POINT('Ctrl Pts',(5.67120517828526,0.686354614739362,5.748));
#10661=CARTESIAN_POINT('Ctrl Pts',(5.69430053989891,0.686992933276164,5.76));
#10662=CARTESIAN_POINT('Ctrl Pts',(5.69430053989891,0.686992933276164,5.748));
#10663=CARTESIAN_POINT('Ctrl Pts',(5.73975773642519,0.688249296855099,5.76));
#10664=CARTESIAN_POINT('Ctrl Pts',(5.73975773642519,0.688249296855099,5.748));
#10665=CARTESIAN_POINT('Ctrl Pts',(5.80642065114348,0.69889282256523,5.76));
#10666=CARTESIAN_POINT('Ctrl Pts',(5.80642065114348,0.69889282256523,5.748));
#10667=CARTESIAN_POINT('Ctrl Pts',(5.87023655065197,0.716150428413586,5.76));
#10668=CARTESIAN_POINT('Ctrl Pts',(5.87023655065197,0.716150428413586,5.748));
#10669=CARTESIAN_POINT('Ctrl Pts',(5.93120886758876,0.740302321671134,5.76));
#10670=CARTESIAN_POINT('Ctrl Pts',(5.93120886758876,0.740302321671134,5.748));
#10671=CARTESIAN_POINT('Ctrl Pts',(5.98916571302928,0.771699022753418,5.76));
#10672=CARTESIAN_POINT('Ctrl Pts',(5.98916571302928,0.771699022753418,5.748));
#10673=CARTESIAN_POINT('Ctrl Pts',(6.04419778403894,0.809760422844909,5.76));
#10674=CARTESIAN_POINT('Ctrl Pts',(6.04419778403894,0.809760422844909,5.748));
#10675=CARTESIAN_POINT('Ctrl Pts',(6.09635153241394,0.854848572430023,5.76));
#10676=CARTESIAN_POINT('Ctrl Pts',(6.09635153241394,0.854848572430023,5.748));
#10677=CARTESIAN_POINT('Ctrl Pts',(6.12771270159258,0.889275826265329,5.76));
#10678=CARTESIAN_POINT('Ctrl Pts',(6.12771270159258,0.889275826265329,5.748));
#10679=CARTESIAN_POINT('Ctrl Pts',(6.14371327457265,0.906840725850474,5.76));
#10680=CARTESIAN_POINT('Ctrl Pts',(6.14371327457265,0.906840725850474,5.748));
#10681=CARTESIAN_POINT('',(5.67120517828526,0.686354614739362,5.76));
#10682=CARTESIAN_POINT('',(5.67120517828526,0.686354614739362,5.76));
#10683=CARTESIAN_POINT('Ctrl Pts',(5.67120517828526,0.686354614739362,5.76));
#10684=CARTESIAN_POINT('Ctrl Pts',(5.69430053989891,0.686992933276164,5.76));
#10685=CARTESIAN_POINT('Ctrl Pts',(5.73975773642519,0.688249296855099,5.76));
#10686=CARTESIAN_POINT('Ctrl Pts',(5.80642065114348,0.69889282256523,5.76));
#10687=CARTESIAN_POINT('Ctrl Pts',(5.87023655065197,0.716150428413586,5.76));
#10688=CARTESIAN_POINT('Ctrl Pts',(5.93120886758876,0.740302321671134,5.76));
#10689=CARTESIAN_POINT('Ctrl Pts',(5.98916571302928,0.771699022753418,5.76));
#10690=CARTESIAN_POINT('Ctrl Pts',(6.04419778403894,0.809760422844909,5.76));
#10691=CARTESIAN_POINT('Ctrl Pts',(6.09635153241394,0.854848572430023,5.76));
#10692=CARTESIAN_POINT('Ctrl Pts',(6.12771270159258,0.889275826265329,5.76));
#10693=CARTESIAN_POINT('Ctrl Pts',(6.14371327457265,0.906840725850474,5.76));
#10694=CARTESIAN_POINT('Ctrl Pts',(5.07732371794872,1.24472509083445,5.76));
#10695=CARTESIAN_POINT('Ctrl Pts',(5.07732371794872,1.24472509083445,5.748));
#10696=CARTESIAN_POINT('Ctrl Pts',(5.07780065549645,1.22517188360175,5.76));
#10697=CARTESIAN_POINT('Ctrl Pts',(5.07780065549645,1.22517188360175,5.748));
#10698=CARTESIAN_POINT('Ctrl Pts',(5.07873705910878,1.1867817548045,5.76));
#10699=CARTESIAN_POINT('Ctrl Pts',(5.07873705910878,1.1867817548045,5.748));
#10700=CARTESIAN_POINT('Ctrl Pts',(5.08707080443086,1.1305500061773,5.76));
#10701=CARTESIAN_POINT('Ctrl Pts',(5.08707080443086,1.1305500061773,5.748));
#10702=CARTESIAN_POINT('Ctrl Pts',(5.0997349311977,1.07668058483773,5.76));
#10703=CARTESIAN_POINT('Ctrl Pts',(5.0997349311977,1.07668058483773,5.748));
#10704=CARTESIAN_POINT('Ctrl Pts',(5.11871522367042,1.02551022777379,5.76));
#10705=CARTESIAN_POINT('Ctrl Pts',(5.11871522367042,1.02551022777379,5.748));
#10706=CARTESIAN_POINT('Ctrl Pts',(5.14211915051918,0.976407961484005,5.76));
#10707=CARTESIAN_POINT('Ctrl Pts',(5.14211915051918,0.976407961484005,5.748));
#10708=CARTESIAN_POINT('Ctrl Pts',(5.17169223879648,0.930204585345266,5.76));
#10709=CARTESIAN_POINT('Ctrl Pts',(5.17169223879648,0.930204585345266,5.748));
#10710=CARTESIAN_POINT('Ctrl Pts',(5.20594313238355,0.886201895782868,5.76));
#10711=CARTESIAN_POINT('Ctrl Pts',(5.20594313238355,0.886201895782868,5.748));
#10712=CARTESIAN_POINT('Ctrl Pts',(5.24535638021557,0.845439829223189,5.76));
#10713=CARTESIAN_POINT('Ctrl Pts',(5.24535638021557,0.845439829223189,5.748));
#10714=CARTESIAN_POINT('Ctrl Pts',(5.28859905471151,0.808203986625397,5.76));
#10715=CARTESIAN_POINT('Ctrl Pts',(5.28859905471151,0.808203986625397,5.748));
#10716=CARTESIAN_POINT('Ctrl Pts',(5.33499484272469,0.775414332304155,5.76));
#10717=CARTESIAN_POINT('Ctrl Pts',(5.33499484272469,0.775414332304155,5.748));
#10718=CARTESIAN_POINT('Ctrl Pts',(5.38442818959546,0.748081028514779,5.76));
#10719=CARTESIAN_POINT('Ctrl Pts',(5.38442818959546,0.748081028514779,5.748));
#10720=CARTESIAN_POINT('Ctrl Pts',(5.43635328493385,0.725335953492244,5.76));
#10721=CARTESIAN_POINT('Ctrl Pts',(5.43635328493385,0.725335953492244,5.748));
#10722=CARTESIAN_POINT('Ctrl Pts',(5.49116970299237,0.707852011789103,5.76));
#10723=CARTESIAN_POINT('Ctrl Pts',(5.49116970299237,0.707852011789103,5.748));
#10724=CARTESIAN_POINT('Ctrl Pts',(5.54877886938095,0.695543548441146,5.76));
#10725=CARTESIAN_POINT('Ctrl Pts',(5.54877886938095,0.695543548441146,5.748));
#10726=CARTESIAN_POINT('Ctrl Pts',(5.60905548663321,0.687514509962617,5.76));
#10727=CARTESIAN_POINT('Ctrl Pts',(5.60905548663321,0.687514509962617,5.748));
#10728=CARTESIAN_POINT('Ctrl Pts',(5.65024332528211,0.686745824293628,5.76));
#10729=CARTESIAN_POINT('Ctrl Pts',(5.65024332528211,0.686745824293628,5.748));
#10730=CARTESIAN_POINT('Ctrl Pts',(5.67120517828526,0.686354614739362,5.76));
#10731=CARTESIAN_POINT('Ctrl Pts',(5.67120517828526,0.686354614739362,5.748));
#10732=CARTESIAN_POINT('',(5.07732371794872,1.24472509083445,5.76));
#10733=CARTESIAN_POINT('',(5.07732371794872,1.24472509083445,5.76));
#10734=CARTESIAN_POINT('Ctrl Pts',(5.07732371794872,1.24472509083445,5.76));
#10735=CARTESIAN_POINT('Ctrl Pts',(5.07780065549645,1.22517188360175,5.76));
#10736=CARTESIAN_POINT('Ctrl Pts',(5.07873705910878,1.1867817548045,5.76));
#10737=CARTESIAN_POINT('Ctrl Pts',(5.08707080443086,1.1305500061773,5.76));
#10738=CARTESIAN_POINT('Ctrl Pts',(5.0997349311977,1.07668058483773,5.76));
#10739=CARTESIAN_POINT('Ctrl Pts',(5.11871522367042,1.02551022777379,5.76));
#10740=CARTESIAN_POINT('Ctrl Pts',(5.14211915051918,0.976407961484005,5.76));
#10741=CARTESIAN_POINT('Ctrl Pts',(5.17169223879648,0.930204585345266,5.76));
#10742=CARTESIAN_POINT('Ctrl Pts',(5.20594313238355,0.886201895782868,5.76));
#10743=CARTESIAN_POINT('Ctrl Pts',(5.24535638021557,0.845439829223189,5.76));
#10744=CARTESIAN_POINT('Ctrl Pts',(5.28859905471151,0.808203986625397,5.76));
#10745=CARTESIAN_POINT('Ctrl Pts',(5.33499484272469,0.775414332304155,5.76));
#10746=CARTESIAN_POINT('Ctrl Pts',(5.38442818959546,0.748081028514779,5.76));
#10747=CARTESIAN_POINT('Ctrl Pts',(5.43635328493385,0.725335953492244,5.76));
#10748=CARTESIAN_POINT('Ctrl Pts',(5.49116970299237,0.707852011789103,5.76));
#10749=CARTESIAN_POINT('Ctrl Pts',(5.54877886938095,0.695543548441146,5.76));
#10750=CARTESIAN_POINT('Ctrl Pts',(5.60905548663321,0.687514509962617,5.76));
#10751=CARTESIAN_POINT('Ctrl Pts',(5.65024332528211,0.686745824293628,5.76));
#10752=CARTESIAN_POINT('Ctrl Pts',(5.67120517828526,0.686354614739362,5.76));
#10753=CARTESIAN_POINT('Ctrl Pts',(5.66298995058761,1.80574564038039,5.76));
#10754=CARTESIAN_POINT('Ctrl Pts',(5.66298995058761,1.80574564038039,5.748));
#10755=CARTESIAN_POINT('Ctrl Pts',(5.64972929875359,1.80559295216982,5.76));
#10756=CARTESIAN_POINT('Ctrl Pts',(5.64972929875359,1.80559295216982,5.748));
#10757=CARTESIAN_POINT('Ctrl Pts',(5.62333106644257,1.80528899283931,5.76));
#10758=CARTESIAN_POINT('Ctrl Pts',(5.62333106644257,1.80528899283931,5.748));
#10759=CARTESIAN_POINT('Ctrl Pts',(5.58415441128018,1.80127899611007,5.76));
#10760=CARTESIAN_POINT('Ctrl Pts',(5.58415441128018,1.80127899611007,5.748));
#10761=CARTESIAN_POINT('Ctrl Pts',(5.54570929969183,1.79564291374203,5.76));
#10762=CARTESIAN_POINT('Ctrl Pts',(5.54570929969183,1.79564291374203,5.748));
#10763=CARTESIAN_POINT('Ctrl Pts',(5.50802073954372,1.78728006835698,5.76));
#10764=CARTESIAN_POINT('Ctrl Pts',(5.50802073954372,1.78728006835698,5.748));
#10765=CARTESIAN_POINT('Ctrl Pts',(5.47113670461965,1.77670708436042,5.76));
#10766=CARTESIAN_POINT('Ctrl Pts',(5.47113670461965,1.77670708436042,5.748));
#10767=CARTESIAN_POINT('Ctrl Pts',(5.43481606455318,1.76407307374045,5.76));
#10768=CARTESIAN_POINT('Ctrl Pts',(5.43481606455318,1.76407307374045,5.748));
#10769=CARTESIAN_POINT('Ctrl Pts',(5.39958467712987,1.74844192891244,5.76));
#10770=CARTESIAN_POINT('Ctrl Pts',(5.39958467712987,1.74844192891244,5.748));
#10771=CARTESIAN_POINT('Ctrl Pts',(5.36495516447152,1.73116529494063,5.76));
#10772=CARTESIAN_POINT('Ctrl Pts',(5.36495516447152,1.73116529494063,5.748));
#10773=CARTESIAN_POINT('Ctrl Pts',(5.3317767126965,1.71165135005254,5.76));
#10774=CARTESIAN_POINT('Ctrl Pts',(5.3317767126965,1.71165135005254,5.748));
#10775=CARTESIAN_POINT('Ctrl Pts',(5.30038388213781,1.69036624383541,5.76));
#10776=CARTESIAN_POINT('Ctrl Pts',(5.30038388213781,1.69036624383541,5.748));
#10777=CARTESIAN_POINT('Ctrl Pts',(5.27089116807237,1.66754816274062,5.76));
#10778=CARTESIAN_POINT('Ctrl Pts',(5.27089116807237,1.66754816274062,5.748));
#10779=CARTESIAN_POINT('Ctrl Pts',(5.24327524027202,1.64311158384186,5.76));
#10780=CARTESIAN_POINT('Ctrl Pts',(5.24327524027202,1.64311158384186,5.748));
#10781=CARTESIAN_POINT('Ctrl Pts',(5.21750786694284,1.6171665571145,5.76));
#10782=CARTESIAN_POINT('Ctrl Pts',(5.21750786694284,1.6171665571145,5.748));
#10783=CARTESIAN_POINT('Ctrl Pts',(5.19377575839444,1.58943658276387,5.76));
#10784=CARTESIAN_POINT('Ctrl Pts',(5.19377575839444,1.58943658276387,5.748));
#10785=CARTESIAN_POINT('Ctrl Pts',(5.17216103487152,1.56001031479753,5.76));
#10786=CARTESIAN_POINT('Ctrl Pts',(5.17216103487152,1.56001031479753,5.748));
#10787=CARTESIAN_POINT('Ctrl Pts',(5.15223525456482,1.52927578277398,5.76));
#10788=CARTESIAN_POINT('Ctrl Pts',(5.15223525456482,1.52927578277398,5.748));
#10789=CARTESIAN_POINT('Ctrl Pts',(5.13438996546942,1.49732251034056,5.76));
#10790=CARTESIAN_POINT('Ctrl Pts',(5.13438996546942,1.49732251034056,5.748));
#10791=CARTESIAN_POINT('Ctrl Pts',(5.11944861224727,1.46403223074029,5.76));
#10792=CARTESIAN_POINT('Ctrl Pts',(5.11944861224727,1.46403223074029,5.748));
#10793=CARTESIAN_POINT('Ctrl Pts',(5.10621750950883,1.42997502513033,5.76));
#10794=CARTESIAN_POINT('Ctrl Pts',(5.10621750950883,1.42997502513033,5.748));
#10795=CARTESIAN_POINT('Ctrl Pts',(5.09574785529441,1.39476610422187,5.76));
#10796=CARTESIAN_POINT('Ctrl Pts',(5.09574785529441,1.39476610422187,5.748));
#10797=CARTESIAN_POINT('Ctrl Pts',(5.08746090994446,1.35865321356088,5.76));
#10798=CARTESIAN_POINT('Ctrl Pts',(5.08746090994446,1.35865321356088,5.748));
#10799=CARTESIAN_POINT('Ctrl Pts',(5.08174301340955,1.32153943359169,5.76));
#10800=CARTESIAN_POINT('Ctrl Pts',(5.08174301340955,1.32153943359169,5.748));
#10801=CARTESIAN_POINT('Ctrl Pts',(5.0777786210236,1.28350229874392,5.76));
#10802=CARTESIAN_POINT('Ctrl Pts',(5.0777786210236,1.28350229874392,5.748));
#10803=CARTESIAN_POINT('Ctrl Pts',(5.07747617320696,1.25772080260692,5.76));
#10804=CARTESIAN_POINT('Ctrl Pts',(5.07747617320696,1.25772080260692,5.748));
#10805=CARTESIAN_POINT('Ctrl Pts',(5.07732371794872,1.24472509083445,5.76));
#10806=CARTESIAN_POINT('Ctrl Pts',(5.07732371794872,1.24472509083445,5.748));
#10807=CARTESIAN_POINT('',(5.66298995058761,1.80574564038039,5.76));
#10808=CARTESIAN_POINT('',(5.66298995058761,1.80574564038039,5.76));
#10809=CARTESIAN_POINT('Ctrl Pts',(5.66298995058761,1.80574564038039,5.76));
#10810=CARTESIAN_POINT('Ctrl Pts',(5.64972929875359,1.80559295216982,5.76));
#10811=CARTESIAN_POINT('Ctrl Pts',(5.62333106644257,1.80528899283931,5.76));
#10812=CARTESIAN_POINT('Ctrl Pts',(5.58415441128018,1.80127899611007,5.76));
#10813=CARTESIAN_POINT('Ctrl Pts',(5.54570929969183,1.79564291374203,5.76));
#10814=CARTESIAN_POINT('Ctrl Pts',(5.50802073954372,1.78728006835698,5.76));
#10815=CARTESIAN_POINT('Ctrl Pts',(5.47113670461965,1.77670708436042,5.76));
#10816=CARTESIAN_POINT('Ctrl Pts',(5.43481606455318,1.76407307374045,5.76));
#10817=CARTESIAN_POINT('Ctrl Pts',(5.39958467712987,1.74844192891244,5.76));
#10818=CARTESIAN_POINT('Ctrl Pts',(5.36495516447152,1.73116529494063,5.76));
#10819=CARTESIAN_POINT('Ctrl Pts',(5.3317767126965,1.71165135005254,5.76));
#10820=CARTESIAN_POINT('Ctrl Pts',(5.30038388213781,1.69036624383541,5.76));
#10821=CARTESIAN_POINT('Ctrl Pts',(5.27089116807237,1.66754816274062,5.76));
#10822=CARTESIAN_POINT('Ctrl Pts',(5.24327524027202,1.64311158384186,5.76));
#10823=CARTESIAN_POINT('Ctrl Pts',(5.21750786694284,1.6171665571145,5.76));
#10824=CARTESIAN_POINT('Ctrl Pts',(5.19377575839444,1.58943658276387,5.76));
#10825=CARTESIAN_POINT('Ctrl Pts',(5.17216103487152,1.56001031479753,5.76));
#10826=CARTESIAN_POINT('Ctrl Pts',(5.15223525456482,1.52927578277398,5.76));
#10827=CARTESIAN_POINT('Ctrl Pts',(5.13438996546942,1.49732251034056,5.76));
#10828=CARTESIAN_POINT('Ctrl Pts',(5.11944861224727,1.46403223074029,5.76));
#10829=CARTESIAN_POINT('Ctrl Pts',(5.10621750950883,1.42997502513033,5.76));
#10830=CARTESIAN_POINT('Ctrl Pts',(5.09574785529441,1.39476610422187,5.76));
#10831=CARTESIAN_POINT('Ctrl Pts',(5.08746090994446,1.35865321356088,5.76));
#10832=CARTESIAN_POINT('Ctrl Pts',(5.08174301340955,1.32153943359169,5.76));
#10833=CARTESIAN_POINT('Ctrl Pts',(5.0777786210236,1.28350229874392,5.76));
#10834=CARTESIAN_POINT('Ctrl Pts',(5.07747617320696,1.25772080260692,5.76));
#10835=CARTESIAN_POINT('Ctrl Pts',(5.07732371794872,1.24472509083445,5.76));
#10836=CARTESIAN_POINT('Ctrl Pts',(6.14371327457265,1.58525952926928,5.76));
#10837=CARTESIAN_POINT('Ctrl Pts',(6.14371327457265,1.58525952926928,5.748));
#10838=CARTESIAN_POINT('Ctrl Pts',(6.13630271558088,1.59409130953283,5.76));
#10839=CARTESIAN_POINT('Ctrl Pts',(6.13630271558088,1.59409130953283,5.748));
#10840=CARTESIAN_POINT('Ctrl Pts',(6.12158150800121,1.61163579851159,5.76));
#10841=CARTESIAN_POINT('Ctrl Pts',(6.12158150800121,1.61163579851159,5.748));
#10842=CARTESIAN_POINT('Ctrl Pts',(6.09789782133296,1.63627211442918,5.76));
#10843=CARTESIAN_POINT('Ctrl Pts',(6.09789782133296,1.63627211442918,5.748));
#10844=CARTESIAN_POINT('Ctrl Pts',(6.07321535511923,1.65935332931217,5.76));
#10845=CARTESIAN_POINT('Ctrl Pts',(6.07321535511923,1.65935332931217,5.748));
#10846=CARTESIAN_POINT('Ctrl Pts',(6.04754354442152,1.68098939691,5.76));
#10847=CARTESIAN_POINT('Ctrl Pts',(6.04754354442152,1.68098939691,5.748));
#10848=CARTESIAN_POINT('Ctrl Pts',(6.02042030580591,1.70042371014903,5.76));
#10849=CARTESIAN_POINT('Ctrl Pts',(6.02042030580591,1.70042371014903,5.74799999999999));
#10850=CARTESIAN_POINT('Ctrl Pts',(5.99250268250064,1.71866903774948,5.76));
#10851=CARTESIAN_POINT('Ctrl Pts',(5.99250268250064,1.71866903774948,5.748));
#10852=CARTESIAN_POINT('Ctrl Pts',(5.96332365946125,1.73502321250752,5.76));
#10853=CARTESIAN_POINT('Ctrl Pts',(5.96332365946125,1.73502321250752,5.748));
#10854=CARTESIAN_POINT('Ctrl Pts',(5.92297404547324,1.75485297214063,5.76));
#10855=CARTESIAN_POINT('Ctrl Pts',(5.92297404547324,1.75485297214063,5.748));
#10856=CARTESIAN_POINT('Ctrl Pts',(5.87019048377203,1.77554571525537,5.76));
#10857=CARTESIAN_POINT('Ctrl Pts',(5.87019048377203,1.77554571525537,5.748));
#10858=CARTESIAN_POINT('Ctrl Pts',(5.8037442201938,1.79289604375276,5.76));
#10859=CARTESIAN_POINT('Ctrl Pts',(5.8037442201938,1.79289604375276,5.748));
#10860=CARTESIAN_POINT('Ctrl Pts',(5.73438139427845,1.80394095241915,5.76));
#10861=CARTESIAN_POINT('Ctrl Pts',(5.73438139427845,1.80394095241915,5.748));
#10862=CARTESIAN_POINT('Ctrl Pts',(5.68705968251468,1.80513718713735,5.76));
#10863=CARTESIAN_POINT('Ctrl Pts',(5.68705968251468,1.80513718713735,5.748));
#10864=CARTESIAN_POINT('Ctrl Pts',(5.66298995058761,1.80574564038039,5.76));
#10865=CARTESIAN_POINT('Ctrl Pts',(5.66298995058761,1.80574564038039,5.748));
#10866=CARTESIAN_POINT('',(6.14371327457265,1.58525952926928,5.76));
#10867=CARTESIAN_POINT('',(6.14371327457265,1.58525952926928,5.76));
#10868=CARTESIAN_POINT('Ctrl Pts',(6.14371327457265,1.58525952926928,5.76));
#10869=CARTESIAN_POINT('Ctrl Pts',(6.13630271558088,1.59409130953283,5.76));
#10870=CARTESIAN_POINT('Ctrl Pts',(6.12158150800121,1.61163579851159,5.76));
#10871=CARTESIAN_POINT('Ctrl Pts',(6.09789782133296,1.63627211442918,5.76));
#10872=CARTESIAN_POINT('Ctrl Pts',(6.07321535511923,1.65935332931217,5.76));
#10873=CARTESIAN_POINT('Ctrl Pts',(6.04754354442152,1.68098939691,5.76));
#10874=CARTESIAN_POINT('Ctrl Pts',(6.02042030580591,1.70042371014903,5.76));
#10875=CARTESIAN_POINT('Ctrl Pts',(5.99250268250064,1.71866903774948,5.76));
#10876=CARTESIAN_POINT('Ctrl Pts',(5.96332365946125,1.73502321250752,5.76));
#10877=CARTESIAN_POINT('Ctrl Pts',(5.92297404547324,1.75485297214063,5.76));
#10878=CARTESIAN_POINT('Ctrl Pts',(5.87019048377203,1.77554571525537,5.76));
#10879=CARTESIAN_POINT('Ctrl Pts',(5.8037442201938,1.79289604375276,5.76));
#10880=CARTESIAN_POINT('Ctrl Pts',(5.73438139427845,1.80394095241915,5.76));
#10881=CARTESIAN_POINT('Ctrl Pts',(5.68705968251468,1.80513718713735,5.76));
#10882=CARTESIAN_POINT('Ctrl Pts',(5.66298995058761,1.80574564038039,5.76));
#10883=CARTESIAN_POINT('Origin',(6.24759615384616,1.66476173279492,5.76));
#10884=CARTESIAN_POINT('',(6.24759615384616,1.66476173279492,5.76));
#10885=CARTESIAN_POINT('Origin',(5.99324325002135,1.87346263817153,5.76));
#10886=CARTESIAN_POINT('Origin',(-3.5,3.375,1.375));
#10887=CARTESIAN_POINT('',(-3.5,3.475,4.375));
#10888=CARTESIAN_POINT('',(-3.5,3.375,4.375));
#10889=CARTESIAN_POINT('',(-3.5,3.475,1.375));
#10890=CARTESIAN_POINT('',(-3.5,3.475,1.375));
#10891=CARTESIAN_POINT('',(-3.5,3.375,1.375));
#10892=CARTESIAN_POINT('Origin',(-3.5,3.475,1.375));
#10893=CARTESIAN_POINT('',(-3.25,3.475,4.375));
#10894=CARTESIAN_POINT('',(-3.5,3.475,4.375));
#10895=CARTESIAN_POINT('',(-3.25,3.475,1.375));
#10896=CARTESIAN_POINT('',(-3.25,3.475,1.375));
#10897=CARTESIAN_POINT('',(-3.5,3.475,1.375));
#10898=CARTESIAN_POINT('Origin',(-3.25,3.475,1.375));
#10899=CARTESIAN_POINT('',(-3.25,3.475,4.375));
#10900=CARTESIAN_POINT('',(-3.25,3.475,1.375));
#10901=CARTESIAN_POINT('Origin',(0.,0.,1.375));
#10902=CARTESIAN_POINT('Origin',(0.,0.,4.375));
#10903=CARTESIAN_POINT('Origin',(-0.999999999999998,3.375,1.375));
#10904=CARTESIAN_POINT('',(-0.999999999999998,3.475,4.375));
#10905=CARTESIAN_POINT('',(-0.999999999999998,3.375,4.375));
#10906=CARTESIAN_POINT('',(-0.999999999999998,3.475,1.375));
#10907=CARTESIAN_POINT('',(-0.999999999999998,3.475,1.375));
#10908=CARTESIAN_POINT('',(-0.999999999999998,3.375,1.375));
#10909=CARTESIAN_POINT('Origin',(-0.999999999999998,3.475,1.375));
#10910=CARTESIAN_POINT('',(-0.749999999999998,3.475,4.375));
#10911=CARTESIAN_POINT('',(-0.999999999999998,3.475,4.375));
#10912=CARTESIAN_POINT('',(-0.749999999999998,3.475,1.375));
#10913=CARTESIAN_POINT('',(-0.749999999999998,3.475,1.375));
#10914=CARTESIAN_POINT('',(-0.999999999999998,3.475,1.375));
#10915=CARTESIAN_POINT('Origin',(-0.749999999999998,3.475,1.375));
#10916=CARTESIAN_POINT('',(-0.749999999999998,3.475,4.375));
#10917=CARTESIAN_POINT('',(-0.749999999999998,3.475,1.375));
#10918=CARTESIAN_POINT('Origin',(0.,0.,1.375));
#10919=CARTESIAN_POINT('Origin',(0.,0.,4.375));
#10920=CARTESIAN_POINT('Origin',(-1.7,1.375,1.325));
#10921=CARTESIAN_POINT('',(-2.55,1.375,1.325));
#10922=CARTESIAN_POINT('',(-2.55,1.375,1.325));
#10923=CARTESIAN_POINT('',(-1.7,1.375,1.325));
#10924=CARTESIAN_POINT('',(-1.7,1.375,1.325));
#10925=CARTESIAN_POINT('',(-1.7,1.375,1.325));
#10926=CARTESIAN_POINT('Origin',(-1.7,1.375,4.425));
#10927=CARTESIAN_POINT('',(-1.7,1.375,4.425));
#10928=CARTESIAN_POINT('',(-1.7,1.375,4.425));
#10929=CARTESIAN_POINT('',(-1.7,1.375,4.425));
#10930=CARTESIAN_POINT('Origin',(-2.55,1.375,4.425));
#10931=CARTESIAN_POINT('',(-2.55,1.375,4.425));
#10932=CARTESIAN_POINT('',(-2.55,1.375,4.425));
#10933=CARTESIAN_POINT('',(-2.55,1.375,4.425));
#10934=CARTESIAN_POINT('Origin',(-2.55,1.375,1.325));
#10935=CARTESIAN_POINT('',(-2.55,1.375,1.325));
#10936=CARTESIAN_POINT('Origin',(0.,1.375,0.));
#10937=CARTESIAN_POINT('',(-1.75,1.375,1.375));
#10938=CARTESIAN_POINT('',(-2.5,1.375,1.375));
#10939=CARTESIAN_POINT('',(-2.5,1.375,1.375));
#10940=CARTESIAN_POINT('',(-1.75,1.375,4.375));
#10941=CARTESIAN_POINT('',(-1.75,1.375,1.375));
#10942=CARTESIAN_POINT('',(-2.5,1.375,4.375));
#10943=CARTESIAN_POINT('',(-2.5,1.375,4.375));
#10944=CARTESIAN_POINT('',(-2.5,1.375,1.375));
#10945=CARTESIAN_POINT('Origin',(-6.,1.375,0.875));
#10946=CARTESIAN_POINT('',(-6.,1.375,4.875));
#10947=CARTESIAN_POINT('',(-6.,1.375,4.875));
#10948=CARTESIAN_POINT('',(-6.,1.375,0.875));
#10949=CARTESIAN_POINT('',(-6.,1.375,0.875));
#10950=CARTESIAN_POINT('',(-6.,1.375,0.875));
#10951=CARTESIAN_POINT('Origin',(-6.,1.375,0.875));
#10952=CARTESIAN_POINT('',(-5.5,1.375,0.875));
#10953=CARTESIAN_POINT('',(-6.,1.375,0.875));
#10954=CARTESIAN_POINT('',(-5.5,1.375,0.875));
#10955=CARTESIAN_POINT('Origin',(-5.5,1.375,0.875));
#10956=CARTESIAN_POINT('',(-5.5,1.375,4.875));
#10957=CARTESIAN_POINT('',(-5.5,1.375,0.875));
#10958=CARTESIAN_POINT('',(-5.5,1.375,4.875));
#10959=CARTESIAN_POINT('Origin',(-6.,1.375,4.875));
#10960=CARTESIAN_POINT('',(-6.,1.375,4.875));
#10961=CARTESIAN_POINT('Origin',(0.,1.375,0.));
#10962=CARTESIAN_POINT('Origin',(-2.125,4.,1.375));
#10963=CARTESIAN_POINT('',(-2.5,4.,1.375));
#10964=CARTESIAN_POINT('',(-2.5,4.,4.375));
#10965=CARTESIAN_POINT('',(-2.5,4.,1.375));
#10966=CARTESIAN_POINT('',(-1.75,4.,4.375));
#10967=CARTESIAN_POINT('Origin',(-2.125,4.,4.375));
#10968=CARTESIAN_POINT('',(-1.75,4.,1.375));
#10969=CARTESIAN_POINT('',(-1.75,4.,1.375));
#10970=CARTESIAN_POINT('Origin',(-2.125,4.,1.375));
#10971=CARTESIAN_POINT('Origin',(-2.125,4.,1.375));
#10972=CARTESIAN_POINT('',(-1.75,4.,1.375));
#10973=CARTESIAN_POINT('',(-2.5,3.375,1.375));
#10974=CARTESIAN_POINT('Origin',(-2.125,4.,4.375));
#10975=CARTESIAN_POINT('',(-2.5,3.375,4.375));
#10976=CARTESIAN_POINT('',(-1.75,4.,4.375));
#10977=CARTESIAN_POINT('Origin',(-1.75,4.,1.375));
#10978=CARTESIAN_POINT('Origin',(-2.5,3.375,1.375));
#10979=CARTESIAN_POINT('Ctrl Pts',(4.0783203125,0.811514871149619,-0.05));
#10980=CARTESIAN_POINT('Ctrl Pts',(4.0783203125,0.811514871149619,0.00999999999999998));
#10981=CARTESIAN_POINT('Ctrl Pts',(4.08659673097632,0.811298659012668,-0.05));
#10982=CARTESIAN_POINT('Ctrl Pts',(4.08659673097632,0.811298659012668,0.00999999999999998));
#10983=CARTESIAN_POINT('Ctrl Pts',(4.10285025030938,0.810874054075396,-0.05));
#10984=CARTESIAN_POINT('Ctrl Pts',(4.10285025030938,0.810874054075396,0.00999999999999998));
#10985=CARTESIAN_POINT('Ctrl Pts',(4.12671386264971,0.807903867582569,-0.05));
#10986=CARTESIAN_POINT('Ctrl Pts',(4.12671386264971,0.807903867582569,0.00999999999999998));
#10987=CARTESIAN_POINT('Ctrl Pts',(4.14947884775812,0.802779768224448,-0.05));
#10988=CARTESIAN_POINT('Ctrl Pts',(4.14947884775812,0.802779768224448,0.00999999999999998));
#10989=CARTESIAN_POINT('Ctrl Pts',(4.17120247079388,0.795771583350279,-0.05));
#10990=CARTESIAN_POINT('Ctrl Pts',(4.17120247079388,0.795771583350279,0.00999999999999998));
#10991=CARTESIAN_POINT('Ctrl Pts',(4.19192148840868,0.786863879301623,-0.05));
#10992=CARTESIAN_POINT('Ctrl Pts',(4.19192148840868,0.786863879301623,0.00999999999999998));
#10993=CARTESIAN_POINT('Ctrl Pts',(4.21153513981997,0.775768994601138,-0.05));
#10994=CARTESIAN_POINT('Ctrl Pts',(4.21153513981997,0.775768994601138,0.00999999999999998));
#10995=CARTESIAN_POINT('Ctrl Pts',(4.22999939442952,0.762529700243107,-0.05));
#10996=CARTESIAN_POINT('Ctrl Pts',(4.22999939442952,0.762529700243107,0.00999999999999998));
#10997=CARTESIAN_POINT('Ctrl Pts',(4.24734896220303,0.747519341545123,-0.05));
#10998=CARTESIAN_POINT('Ctrl Pts',(4.24734896220303,0.747519341545123,0.00999999999999998));
#10999=CARTESIAN_POINT('Ctrl Pts',(4.26333402253891,0.73080747165364,-0.05));
#11000=CARTESIAN_POINT('Ctrl Pts',(4.26333402253891,0.73080747165364,0.00999999999999998));
#11001=CARTESIAN_POINT('Ctrl Pts',(4.27737867309807,0.712177792345301,-0.05));
#11002=CARTESIAN_POINT('Ctrl Pts',(4.27737867309807,0.712177792345301,0.00999999999999998));
#11003=CARTESIAN_POINT('Ctrl Pts',(4.28965050594626,0.691970454840233,-0.05));
#11004=CARTESIAN_POINT('Ctrl Pts',(4.28965050594626,0.691970454840233,0.00999999999999998));
#11005=CARTESIAN_POINT('Ctrl Pts',(4.30035758368896,0.670239983596643,-0.05));
#11006=CARTESIAN_POINT('Ctrl Pts',(4.30035758368896,0.670239983596643,0.00999999999999998));
#11007=CARTESIAN_POINT('Ctrl Pts',(4.30905275664256,0.646789197744185,-0.05));
#11008=CARTESIAN_POINT('Ctrl Pts',(4.30905275664256,0.646789197744185,0.00999999999999998));
#11009=CARTESIAN_POINT('Ctrl Pts',(4.31569701879673,0.621701344135249,-0.05));
#11010=CARTESIAN_POINT('Ctrl Pts',(4.31569701879673,0.621701344135249,0.00999999999999998));
#11011=CARTESIAN_POINT('Ctrl Pts',(4.32095447006731,0.595085354985974,-0.05));
#11012=CARTESIAN_POINT('Ctrl Pts',(4.32095447006731,0.595085354985974,0.00999999999999998));
#11013=CARTESIAN_POINT('Ctrl Pts',(4.32271085605973,0.576705103136486,-0.05));
#11014=CARTESIAN_POINT('Ctrl Pts',(4.32271085605973,0.576705103136486,0.00999999999999998));
#11015=CARTESIAN_POINT('Ctrl Pts',(4.32361111111111,0.567284101918849,-0.05));
#11016=CARTESIAN_POINT('Ctrl Pts',(4.32361111111111,0.567284101918849,0.00999999999999998));
#11017=CARTESIAN_POINT('',(4.0783203125,0.811514871149619,-0.05));
#11018=CARTESIAN_POINT('',(4.0783203125,0.811514871149619,-0.05));
#11019=CARTESIAN_POINT('',(4.32361111111111,0.567284101918849,-0.05));
#11020=CARTESIAN_POINT('Ctrl Pts',(4.0783203125,0.811514871149619,-0.05));
#11021=CARTESIAN_POINT('Ctrl Pts',(4.08659673097632,0.811298659012668,-0.05));
#11022=CARTESIAN_POINT('Ctrl Pts',(4.10285025030938,0.810874054075396,-0.05));
#11023=CARTESIAN_POINT('Ctrl Pts',(4.12671386264971,0.807903867582569,-0.05));
#11024=CARTESIAN_POINT('Ctrl Pts',(4.14947884775812,0.802779768224448,-0.05));
#11025=CARTESIAN_POINT('Ctrl Pts',(4.17120247079388,0.795771583350279,-0.05));
#11026=CARTESIAN_POINT('Ctrl Pts',(4.19192148840868,0.786863879301623,-0.05));
#11027=CARTESIAN_POINT('Ctrl Pts',(4.21153513981997,0.775768994601138,-0.05));
#11028=CARTESIAN_POINT('Ctrl Pts',(4.22999939442952,0.762529700243107,-0.05));
#11029=CARTESIAN_POINT('Ctrl Pts',(4.24734896220303,0.747519341545123,-0.05));
#11030=CARTESIAN_POINT('Ctrl Pts',(4.26333402253891,0.73080747165364,-0.05));
#11031=CARTESIAN_POINT('Ctrl Pts',(4.27737867309807,0.712177792345301,-0.05));
#11032=CARTESIAN_POINT('Ctrl Pts',(4.28965050594626,0.691970454840233,-0.05));
#11033=CARTESIAN_POINT('Ctrl Pts',(4.30035758368896,0.670239983596643,-0.05));
#11034=CARTESIAN_POINT('Ctrl Pts',(4.30905275664256,0.646789197744185,-0.05));
#11035=CARTESIAN_POINT('Ctrl Pts',(4.31569701879673,0.621701344135249,-0.05));
#11036=CARTESIAN_POINT('Ctrl Pts',(4.32095447006731,0.595085354985974,-0.05));
#11037=CARTESIAN_POINT('Ctrl Pts',(4.32271085605973,0.576705103136486,-0.05));
#11038=CARTESIAN_POINT('Ctrl Pts',(4.32361111111111,0.567284101918849,-0.05));
#11039=CARTESIAN_POINT('',(4.32361111111111,0.567284101918849,-0.05));
#11040=CARTESIAN_POINT('Ctrl Pts',(3.84871794871795,0.596964924568422,-0.05));
#11041=CARTESIAN_POINT('Ctrl Pts',(3.84871794871795,0.596964924568422,0.00999999999999998));
#11042=CARTESIAN_POINT('Ctrl Pts',(3.84891018507992,0.604186204564072,-0.05));
#11043=CARTESIAN_POINT('Ctrl Pts',(3.84891018507992,0.604186204564072,0.00999999999999998));
#11044=CARTESIAN_POINT('Ctrl Pts',(3.84928904603452,0.618417960744753,-0.05));
#11045=CARTESIAN_POINT('Ctrl Pts',(3.84928904603452,0.618417960744753,0.00999999999999998));
#11046=CARTESIAN_POINT('Ctrl Pts',(3.85263268313384,0.639283987876573,-0.05));
#11047=CARTESIAN_POINT('Ctrl Pts',(3.85263268313384,0.639283987876573,0.00999999999999998));
#11048=CARTESIAN_POINT('Ctrl Pts',(3.85768562188146,0.659411919673253,-0.05));
#11049=CARTESIAN_POINT('Ctrl Pts',(3.85768562188146,0.659411919673253,0.00999999999999998));
#11050=CARTESIAN_POINT('Ctrl Pts',(3.864926211815,0.678863668787455,-0.05));
#11051=CARTESIAN_POINT('Ctrl Pts',(3.864926211815,0.678863668787455,0.00999999999999998));
#11052=CARTESIAN_POINT('Ctrl Pts',(3.87448348798367,0.697443663578895,-0.05));
#11053=CARTESIAN_POINT('Ctrl Pts',(3.87448348798367,0.697443663578895,0.00999999999999998));
#11054=CARTESIAN_POINT('Ctrl Pts',(3.88611710524446,0.715174520688079,-0.05));
#11055=CARTESIAN_POINT('Ctrl Pts',(3.88611710524446,0.715174520688079,0.00999999999999998));
#11056=CARTESIAN_POINT('Ctrl Pts',(3.89953981489701,0.73231618397477,-0.05));
#11057=CARTESIAN_POINT('Ctrl Pts',(3.89953981489701,0.73231618397477,0.00999999999999998));
#11058=CARTESIAN_POINT('Ctrl Pts',(3.91506746062324,0.748388728863759,-0.05));
#11059=CARTESIAN_POINT('Ctrl Pts',(3.91506746062324,0.748388728863759,0.00999999999999998));
#11060=CARTESIAN_POINT('Ctrl Pts',(3.93212522970762,0.763108998140599,-0.05));
#11061=CARTESIAN_POINT('Ctrl Pts',(3.93212522970762,0.763108998140599,0.00999999999999998));
#11062=CARTESIAN_POINT('Ctrl Pts',(3.95014539565363,0.776148900158753,-0.05));
#11063=CARTESIAN_POINT('Ctrl Pts',(3.95014539565363,0.776148900158753,0.00999999999999998));
#11064=CARTESIAN_POINT('Ctrl Pts',(3.96921054622746,0.787046440805063,-0.05));
#11065=CARTESIAN_POINT('Ctrl Pts',(3.96921054622746,0.787046440805063,0.00999999999999998));
#11066=CARTESIAN_POINT('Ctrl Pts',(3.98924029745681,0.795979831619145,-0.05));
#11067=CARTESIAN_POINT('Ctrl Pts',(3.98924029745681,0.795979831619145,0.00999999999999998));
#11068=CARTESIAN_POINT('Ctrl Pts',(4.01017880844458,0.802987625457087,-0.05));
#11069=CARTESIAN_POINT('Ctrl Pts',(4.01017880844458,0.802987625457087,0.00999999999999998));
#11070=CARTESIAN_POINT('Ctrl Pts',(4.03206657661254,0.80784343399693,-0.05));
#11071=CARTESIAN_POINT('Ctrl Pts',(4.03206657661254,0.80784343399693,0.00999999999999998));
#11072=CARTESIAN_POINT('Ctrl Pts',(4.0548431243932,0.81089218509508,-0.05));
#11073=CARTESIAN_POINT('Ctrl Pts',(4.0548431243932,0.81089218509508,0.00999999999999998));
#11074=CARTESIAN_POINT('Ctrl Pts',(4.07039563380442,0.811304684695943,-0.05));
#11075=CARTESIAN_POINT('Ctrl Pts',(4.07039563380442,0.811304684695943,0.00999999999999998));
#11076=CARTESIAN_POINT('Ctrl Pts',(4.0783203125,0.811514871149619,-0.05));
#11077=CARTESIAN_POINT('Ctrl Pts',(4.0783203125,0.811514871149619,0.00999999999999998));
#11078=CARTESIAN_POINT('',(3.84871794871795,0.596964924568422,-0.05));
#11079=CARTESIAN_POINT('',(3.84871794871795,0.596964924568422,-0.05));
#11080=CARTESIAN_POINT('Ctrl Pts',(3.84871794871795,0.596964924568422,-0.05));
#11081=CARTESIAN_POINT('Ctrl Pts',(3.84891018507992,0.604186204564072,-0.05));
#11082=CARTESIAN_POINT('Ctrl Pts',(3.84928904603452,0.618417960744753,-0.05));
#11083=CARTESIAN_POINT('Ctrl Pts',(3.85263268313384,0.639283987876573,-0.05));
#11084=CARTESIAN_POINT('Ctrl Pts',(3.85768562188146,0.659411919673253,-0.05));
#11085=CARTESIAN_POINT('Ctrl Pts',(3.864926211815,0.678863668787455,-0.05));
#11086=CARTESIAN_POINT('Ctrl Pts',(3.87448348798367,0.697443663578895,-0.05));
#11087=CARTESIAN_POINT('Ctrl Pts',(3.88611710524446,0.715174520688079,-0.05));
#11088=CARTESIAN_POINT('Ctrl Pts',(3.89953981489701,0.73231618397477,-0.05));
#11089=CARTESIAN_POINT('Ctrl Pts',(3.91506746062324,0.748388728863759,-0.05));
#11090=CARTESIAN_POINT('Ctrl Pts',(3.93212522970762,0.763108998140599,-0.05));
#11091=CARTESIAN_POINT('Ctrl Pts',(3.95014539565363,0.776148900158753,-0.05));
#11092=CARTESIAN_POINT('Ctrl Pts',(3.96921054622746,0.787046440805063,-0.05));
#11093=CARTESIAN_POINT('Ctrl Pts',(3.98924029745681,0.795979831619145,-0.05));
#11094=CARTESIAN_POINT('Ctrl Pts',(4.01017880844458,0.802987625457087,-0.05));
#11095=CARTESIAN_POINT('Ctrl Pts',(4.03206657661254,0.80784343399693,-0.05));
#11096=CARTESIAN_POINT('Ctrl Pts',(4.0548431243932,0.81089218509508,-0.05));
#11097=CARTESIAN_POINT('Ctrl Pts',(4.07039563380442,0.811304684695943,-0.05));
#11098=CARTESIAN_POINT('Ctrl Pts',(4.0783203125,0.811514871149619,-0.05));
#11099=CARTESIAN_POINT('Ctrl Pts',(4.0488514957265,0.272595934183807,-0.05));
#11100=CARTESIAN_POINT('Ctrl Pts',(4.0488514957265,0.272595934183807,0.01));
#11101=CARTESIAN_POINT('Ctrl Pts',(4.03885844423936,0.283027564973505,-0.05));
#11102=CARTESIAN_POINT('Ctrl Pts',(4.03885844423936,0.283027564973505,0.01));
#11103=CARTESIAN_POINT('Ctrl Pts',(4.01966383746769,0.303064592827631,-0.05));
#11104=CARTESIAN_POINT('Ctrl Pts',(4.01966383746769,0.303064592827631,0.01));
#11105=CARTESIAN_POINT('Ctrl Pts',(3.99251529638491,0.33231782124911,-0.05));
#11106=CARTESIAN_POINT('Ctrl Pts',(3.99251529638491,0.33231782124911,0.01));
#11107=CARTESIAN_POINT('Ctrl Pts',(3.96813160229997,0.359456372857489,-0.05));
#11108=CARTESIAN_POINT('Ctrl Pts',(3.96813160229997,0.359456372857489,0.01));
#11109=CARTESIAN_POINT('Ctrl Pts',(3.94635491448563,0.384428972029987,-0.05));
#11110=CARTESIAN_POINT('Ctrl Pts',(3.94635491448563,0.384428972029987,0.01));
#11111=CARTESIAN_POINT('Ctrl Pts',(3.92765764024406,0.407600898482441,-0.05));
#11112=CARTESIAN_POINT('Ctrl Pts',(3.92765764024406,0.407600898482441,0.01));
#11113=CARTESIAN_POINT('Ctrl Pts',(3.91106532248843,0.428221677900643,-0.05));
#11114=CARTESIAN_POINT('Ctrl Pts',(3.91106532248843,0.428221677900643,0.01));
#11115=CARTESIAN_POINT('Ctrl Pts',(3.89777096521527,0.447197428350891,-0.05));
#11116=CARTESIAN_POINT('Ctrl Pts',(3.89777096521527,0.447197428350891,0.01));
#11117=CARTESIAN_POINT('Ctrl Pts',(3.883342738424,0.469192804462537,-0.05));
#11118=CARTESIAN_POINT('Ctrl Pts',(3.883342738424,0.469192804462537,0.01));
#11119=CARTESIAN_POINT('Ctrl Pts',(3.86936851071549,0.496047957512787,-0.05));
#11120=CARTESIAN_POINT('Ctrl Pts',(3.86936851071549,0.496047957512787,0.01));
#11121=CARTESIAN_POINT('Ctrl Pts',(3.85736025067471,0.528866477836961,-0.05));
#11122=CARTESIAN_POINT('Ctrl Pts',(3.85736025067471,0.528866477836961,0.01));
#11123=CARTESIAN_POINT('Ctrl Pts',(3.85003814173905,0.562650670908034,-0.05));
#11124=CARTESIAN_POINT('Ctrl Pts',(3.85003814173905,0.562650670908034,0.01));
#11125=CARTESIAN_POINT('Ctrl Pts',(3.84915977481229,0.585481048777089,-0.05));
#11126=CARTESIAN_POINT('Ctrl Pts',(3.84915977481229,0.585481048777089,0.01));
#11127=CARTESIAN_POINT('Ctrl Pts',(3.84871794871795,0.596964924568422,-0.05));
#11128=CARTESIAN_POINT('Ctrl Pts',(3.84871794871795,0.596964924568422,0.01));
#11129=CARTESIAN_POINT('',(4.0488514957265,0.272595934183807,-0.05));
#11130=CARTESIAN_POINT('',(4.0488514957265,0.272595934183807,-0.05));
#11131=CARTESIAN_POINT('Ctrl Pts',(4.0488514957265,0.272595934183807,-0.05));
#11132=CARTESIAN_POINT('Ctrl Pts',(4.03885844423936,0.283027564973505,-0.05));
#11133=CARTESIAN_POINT('Ctrl Pts',(4.01966383746769,0.303064592827631,-0.05));
#11134=CARTESIAN_POINT('Ctrl Pts',(3.99251529638491,0.33231782124911,-0.05));
#11135=CARTESIAN_POINT('Ctrl Pts',(3.96813160229997,0.359456372857489,-0.05));
#11136=CARTESIAN_POINT('Ctrl Pts',(3.94635491448563,0.384428972029987,-0.05));
#11137=CARTESIAN_POINT('Ctrl Pts',(3.92765764024406,0.407600898482441,-0.05));
#11138=CARTESIAN_POINT('Ctrl Pts',(3.91106532248843,0.428221677900643,-0.05));
#11139=CARTESIAN_POINT('Ctrl Pts',(3.89777096521527,0.447197428350891,-0.05));
#11140=CARTESIAN_POINT('Ctrl Pts',(3.883342738424,0.469192804462537,-0.05));
#11141=CARTESIAN_POINT('Ctrl Pts',(3.86936851071549,0.496047957512787,-0.05));
#11142=CARTESIAN_POINT('Ctrl Pts',(3.85736025067471,0.528866477836961,-0.05));
#11143=CARTESIAN_POINT('Ctrl Pts',(3.85003814173905,0.562650670908034,-0.05));
#11144=CARTESIAN_POINT('Ctrl Pts',(3.84915977481229,0.585481048777089,-0.05));
#11145=CARTESIAN_POINT('Ctrl Pts',(3.84871794871795,0.596964924568422,-0.05));
#11146=CARTESIAN_POINT('Origin',(4.45929487179488,-0.165408205773458,-0.05));
#11147=CARTESIAN_POINT('',(4.45929487179488,-0.165408205773458,-0.05));
#11148=CARTESIAN_POINT('',(4.45929487179488,-0.165408205773458,-0.05));
#11149=CARTESIAN_POINT('',(4.45929487179488,-0.165408205773458,-0.05));
#11150=CARTESIAN_POINT('Origin',(3.74017094017094,-0.165408205773458,-0.05));
#11151=CARTESIAN_POINT('',(3.74017094017094,-0.165408205773458,-0.05));
#11152=CARTESIAN_POINT('',(3.74017094017094,-0.165408205773458,-0.05));
#11153=CARTESIAN_POINT('',(3.74017094017094,-0.165408205773458,-0.05));
#11154=CARTESIAN_POINT('Origin',(3.74017094017094,-0.0568611972264495,-0.05));
#11155=CARTESIAN_POINT('',(3.74017094017094,-0.0568611972264495,-0.05));
#11156=CARTESIAN_POINT('',(3.74017094017094,-0.0568611972264495,-0.05));
#11157=CARTESIAN_POINT('',(3.74017094017094,-0.0568611972264495,-0.05));
#11158=CARTESIAN_POINT('Origin',(4.23266059027778,-0.0568611972264495,-0.05));
#11159=CARTESIAN_POINT('',(4.23266059027778,-0.0568611972264495,-0.05));
#11160=CARTESIAN_POINT('',(4.23266059027778,-0.0568611972264495,-0.05));
#11161=CARTESIAN_POINT('',(4.23266059027778,-0.0568611972264495,-0.05));
#11162=CARTESIAN_POINT('Origin',(3.96786525106838,0.225742635572696,-0.05));
#11163=CARTESIAN_POINT('',(3.96786525106838,0.225742635572696,-0.05));
#11164=CARTESIAN_POINT('',(3.96786525106838,0.225742635572696,-0.05));
#11165=CARTESIAN_POINT('',(3.96786525106838,0.225742635572696,-0.05));
#11166=CARTESIAN_POINT('Ctrl Pts',(3.75373931623932,0.605445159611157,-0.05));
#11167=CARTESIAN_POINT('Ctrl Pts',(3.75373931623932,0.605445159611157,0.01));
#11168=CARTESIAN_POINT('Ctrl Pts',(3.75425132667449,0.590704742965912,-0.05));
#11169=CARTESIAN_POINT('Ctrl Pts',(3.75425132667449,0.590704742965912,0.01));
#11170=CARTESIAN_POINT('Ctrl Pts',(3.75526636248662,0.561482583117921,-0.05));
#11171=CARTESIAN_POINT('Ctrl Pts',(3.75526636248662,0.561482583117921,0.01));
#11172=CARTESIAN_POINT('Ctrl Pts',(3.76394904302009,0.518539993667571,-0.05));
#11173=CARTESIAN_POINT('Ctrl Pts',(3.76394904302009,0.518539993667571,0.01));
#11174=CARTESIAN_POINT('Ctrl Pts',(3.7775097737561,0.476934364562791,-0.05));
#11175=CARTESIAN_POINT('Ctrl Pts',(3.7775097737561,0.476934364562791,0.01));
#11176=CARTESIAN_POINT('Ctrl Pts',(3.79383754594626,0.443449513694399,-0.05));
#11177=CARTESIAN_POINT('Ctrl Pts',(3.79383754594626,0.443449513694399,0.01));
#11178=CARTESIAN_POINT('Ctrl Pts',(3.81030897546015,0.416467004867869,-0.05));
#11179=CARTESIAN_POINT('Ctrl Pts',(3.81030897546015,0.416467004867869,0.01));
#11180=CARTESIAN_POINT('Ctrl Pts',(3.82515210275632,0.394251467904042,-0.05));
#11181=CARTESIAN_POINT('Ctrl Pts',(3.82515210275632,0.394251467904042,0.01));
#11182=CARTESIAN_POINT('Ctrl Pts',(3.84252836704149,0.370331481033914,-0.05));
#11183=CARTESIAN_POINT('Ctrl Pts',(3.84252836704149,0.370331481033914,0.01));
#11184=CARTESIAN_POINT('Ctrl Pts',(3.86269067475878,0.344787143304171,-0.05));
#11185=CARTESIAN_POINT('Ctrl Pts',(3.86269067475878,0.344787143304171,0.01));
#11186=CARTESIAN_POINT('Ctrl Pts',(3.88522194800436,0.317418369619607,-0.05));
#11187=CARTESIAN_POINT('Ctrl Pts',(3.88522194800436,0.317418369619607,0.01));
#11188=CARTESIAN_POINT('Ctrl Pts',(3.91032626882886,0.288241693391992,-0.05));
#11189=CARTESIAN_POINT('Ctrl Pts',(3.91032626882886,0.288241693391992,0.01));
#11190=CARTESIAN_POINT('Ctrl Pts',(3.93818265505914,0.257558562994024,-0.05));
#11191=CARTESIAN_POINT('Ctrl Pts',(3.93818265505914,0.257558562994024,0.01));
#11192=CARTESIAN_POINT('Ctrl Pts',(3.95773415409677,0.236601869241038,-0.05));
#11193=CARTESIAN_POINT('Ctrl Pts',(3.95773415409677,0.236601869241038,0.01));
#11194=CARTESIAN_POINT('Ctrl Pts',(3.96786525106838,0.225742635572696,-0.05));
#11195=CARTESIAN_POINT('Ctrl Pts',(3.96786525106838,0.225742635572696,0.01));
#11196=CARTESIAN_POINT('',(3.75373931623932,0.605445159611157,-0.05));
#11197=CARTESIAN_POINT('',(3.75373931623932,0.605445159611157,-0.05));
#11198=CARTESIAN_POINT('Ctrl Pts',(3.75373931623932,0.605445159611157,-0.05));
#11199=CARTESIAN_POINT('Ctrl Pts',(3.75425132667449,0.590704742965912,-0.05));
#11200=CARTESIAN_POINT('Ctrl Pts',(3.75526636248662,0.561482583117921,-0.05));
#11201=CARTESIAN_POINT('Ctrl Pts',(3.76394904302009,0.518539993667571,-0.05));
#11202=CARTESIAN_POINT('Ctrl Pts',(3.7775097737561,0.476934364562791,-0.05));
#11203=CARTESIAN_POINT('Ctrl Pts',(3.79383754594626,0.443449513694399,-0.05));
#11204=CARTESIAN_POINT('Ctrl Pts',(3.81030897546015,0.416467004867869,-0.05));
#11205=CARTESIAN_POINT('Ctrl Pts',(3.82515210275632,0.394251467904042,-0.05));
#11206=CARTESIAN_POINT('Ctrl Pts',(3.84252836704149,0.370331481033914,-0.05));
#11207=CARTESIAN_POINT('Ctrl Pts',(3.86269067475878,0.344787143304171,-0.05));
#11208=CARTESIAN_POINT('Ctrl Pts',(3.88522194800436,0.317418369619607,-0.05));
#11209=CARTESIAN_POINT('Ctrl Pts',(3.91032626882886,0.288241693391992,-0.05));
#11210=CARTESIAN_POINT('Ctrl Pts',(3.93818265505914,0.257558562994024,-0.05));
#11211=CARTESIAN_POINT('Ctrl Pts',(3.95773415409677,0.236601869241038,-0.05));
#11212=CARTESIAN_POINT('Ctrl Pts',(3.96786525106838,0.225742635572696,-0.05));
#11213=CARTESIAN_POINT('Ctrl Pts',(4.07344417735043,0.920061879696627,-0.05));
#11214=CARTESIAN_POINT('Ctrl Pts',(4.07344417735043,0.920061879696627,0.00999999999999998));
#11215=CARTESIAN_POINT('Ctrl Pts',(4.06183937875735,0.919790203580986,-0.05));
#11216=CARTESIAN_POINT('Ctrl Pts',(4.06183937875735,0.919790203580986,0.00999999999999998));
#11217=CARTESIAN_POINT('Ctrl Pts',(4.03903636406363,0.919256369718449,-0.05));
#11218=CARTESIAN_POINT('Ctrl Pts',(4.03903636406363,0.919256369718449,0.00999999999999998));
#11219=CARTESIAN_POINT('Ctrl Pts',(4.0057557073124,0.914671963249549,-0.05));
#11220=CARTESIAN_POINT('Ctrl Pts',(4.0057557073124,0.914671963249549,0.00999999999999998));
#11221=CARTESIAN_POINT('Ctrl Pts',(3.97407304922466,0.907491748636021,-0.05));
#11222=CARTESIAN_POINT('Ctrl Pts',(3.97407304922466,0.907491748636021,0.00999999999999998));
#11223=CARTESIAN_POINT('Ctrl Pts',(3.94405031982399,0.897417801322239,-0.05));
#11224=CARTESIAN_POINT('Ctrl Pts',(3.94405031982399,0.897417801322239,0.00999999999999998));
#11225=CARTESIAN_POINT('Ctrl Pts',(3.91592705744173,0.88387584351545,-0.05));
#11226=CARTESIAN_POINT('Ctrl Pts',(3.91592705744173,0.88387584351545,0.00999999999999998));
#11227=CARTESIAN_POINT('Ctrl Pts',(3.88949199396874,0.867608492540248,-0.05));
#11228=CARTESIAN_POINT('Ctrl Pts',(3.88949199396874,0.867608492540248,0.00999999999999998));
#11229=CARTESIAN_POINT('Ctrl Pts',(3.86443041546765,0.848794400672949,-0.05));
#11230=CARTESIAN_POINT('Ctrl Pts',(3.86443041546765,0.848794400672949,0.00999999999999998));
#11231=CARTESIAN_POINT('Ctrl Pts',(3.84187074518493,0.826643842796889,-0.05));
#11232=CARTESIAN_POINT('Ctrl Pts',(3.84187074518493,0.826643842796889,0.00999999999999998));
#11233=CARTESIAN_POINT('Ctrl Pts',(3.82115520693968,0.802996931302279,-0.05));
#11234=CARTESIAN_POINT('Ctrl Pts',(3.82115520693968,0.802996931302279,0.00999999999999998));
#11235=CARTESIAN_POINT('Ctrl Pts',(3.80328381074129,0.777751779495748,-0.05));
#11236=CARTESIAN_POINT('Ctrl Pts',(3.80328381074129,0.777751779495748,0.00999999999999998));
#11237=CARTESIAN_POINT('Ctrl Pts',(3.78797935416721,0.751677685958112,-0.05));
#11238=CARTESIAN_POINT('Ctrl Pts',(3.78797935416721,0.751677685958112,0.00999999999999998));
#11239=CARTESIAN_POINT('Ctrl Pts',(3.775222603346,0.724575825003703,-0.05));
#11240=CARTESIAN_POINT('Ctrl Pts',(3.775222603346,0.724575825003703,0.00999999999999998));
#11241=CARTESIAN_POINT('Ctrl Pts',(3.76583181847631,0.696191014031293,-0.05));
#11242=CARTESIAN_POINT('Ctrl Pts',(3.76583181847631,0.696191014031293,0.00999999999999998));
#11243=CARTESIAN_POINT('Ctrl Pts',(3.75870221747696,0.666936502710962,-0.05));
#11244=CARTESIAN_POINT('Ctrl Pts',(3.75870221747696,0.666936502710962,0.00999999999999998));
#11245=CARTESIAN_POINT('Ctrl Pts',(3.75467226143318,0.636509476525644,-0.05));
#11246=CARTESIAN_POINT('Ctrl Pts',(3.75467226143318,0.636509476525644,0.00999999999999998));
#11247=CARTESIAN_POINT('Ctrl Pts',(3.75405376432787,0.615915351365492,-0.05));
#11248=CARTESIAN_POINT('Ctrl Pts',(3.75405376432787,0.615915351365492,0.00999999999999998));
#11249=CARTESIAN_POINT('Ctrl Pts',(3.75373931623932,0.605445159611157,-0.05));
#11250=CARTESIAN_POINT('Ctrl Pts',(3.75373931623932,0.605445159611157,0.00999999999999998));
#11251=CARTESIAN_POINT('',(4.07344417735043,0.920061879696627,-0.05));
#11252=CARTESIAN_POINT('',(4.07344417735043,0.920061879696627,-0.05));
#11253=CARTESIAN_POINT('Ctrl Pts',(4.07344417735043,0.920061879696627,-0.05));
#11254=CARTESIAN_POINT('Ctrl Pts',(4.06183937875735,0.919790203580986,-0.05));
#11255=CARTESIAN_POINT('Ctrl Pts',(4.03903636406363,0.919256369718449,-0.05));
#11256=CARTESIAN_POINT('Ctrl Pts',(4.0057557073124,0.914671963249549,-0.05));
#11257=CARTESIAN_POINT('Ctrl Pts',(3.97407304922466,0.907491748636021,-0.05));
#11258=CARTESIAN_POINT('Ctrl Pts',(3.94405031982399,0.897417801322239,-0.05));
#11259=CARTESIAN_POINT('Ctrl Pts',(3.91592705744173,0.88387584351545,-0.05));
#11260=CARTESIAN_POINT('Ctrl Pts',(3.88949199396874,0.867608492540248,-0.05));
#11261=CARTESIAN_POINT('Ctrl Pts',(3.86443041546765,0.848794400672949,-0.05));
#11262=CARTESIAN_POINT('Ctrl Pts',(3.84187074518493,0.826643842796889,-0.05));
#11263=CARTESIAN_POINT('Ctrl Pts',(3.82115520693968,0.802996931302279,-0.05));
#11264=CARTESIAN_POINT('Ctrl Pts',(3.80328381074129,0.777751779495748,-0.05));
#11265=CARTESIAN_POINT('Ctrl Pts',(3.78797935416721,0.751677685958112,-0.05));
#11266=CARTESIAN_POINT('Ctrl Pts',(3.775222603346,0.724575825003703,-0.05));
#11267=CARTESIAN_POINT('Ctrl Pts',(3.76583181847631,0.696191014031293,-0.05));
#11268=CARTESIAN_POINT('Ctrl Pts',(3.75870221747696,0.666936502710962,-0.05));
#11269=CARTESIAN_POINT('Ctrl Pts',(3.75467226143318,0.636509476525644,-0.05));
#11270=CARTESIAN_POINT('Ctrl Pts',(3.75405376432787,0.615915351365492,-0.05));
#11271=CARTESIAN_POINT('Ctrl Pts',(3.75373931623932,0.605445159611157,-0.05));
#11272=CARTESIAN_POINT('Ctrl Pts',(4.41858974358975,0.567284101918849,-0.05));
#11273=CARTESIAN_POINT('Ctrl Pts',(4.41858974358975,0.567284101918849,0.01));
#11274=CARTESIAN_POINT('Ctrl Pts',(4.41797072351354,0.579884584648635,-0.05));
#11275=CARTESIAN_POINT('Ctrl Pts',(4.41797072351354,0.579884584648635,0.01));
#11276=CARTESIAN_POINT('Ctrl Pts',(4.41675498455805,0.604631597389142,-0.05));
#11277=CARTESIAN_POINT('Ctrl Pts',(4.41675498455805,0.604631597389142,0.01));
#11278=CARTESIAN_POINT('Ctrl Pts',(4.41106166851939,0.640712873847915,-0.05));
#11279=CARTESIAN_POINT('Ctrl Pts',(4.41106166851939,0.640712873847915,0.01));
#11280=CARTESIAN_POINT('Ctrl Pts',(4.4029152604122,0.675200872509956,-0.05));
#11281=CARTESIAN_POINT('Ctrl Pts',(4.4029152604122,0.675200872509956,0.01));
#11282=CARTESIAN_POINT('Ctrl Pts',(4.39139713026963,0.707818679829353,-0.05));
#11283=CARTESIAN_POINT('Ctrl Pts',(4.39139713026963,0.707818679829353,0.01));
#11284=CARTESIAN_POINT('Ctrl Pts',(4.377092612944,0.738854700110903,-0.05));
#11285=CARTESIAN_POINT('Ctrl Pts',(4.377092612944,0.738854700110903,0.01));
#11286=CARTESIAN_POINT('Ctrl Pts',(4.35993853323598,0.768185657236601,-0.05));
#11287=CARTESIAN_POINT('Ctrl Pts',(4.35993853323598,0.768185657236601,0.01));
#11288=CARTESIAN_POINT('Ctrl Pts',(4.33962039272358,0.795699659538397,-0.05));
#11289=CARTESIAN_POINT('Ctrl Pts',(4.33962039272358,0.795699659538397,0.01));
#11290=CARTESIAN_POINT('Ctrl Pts',(4.31657692790508,0.821141643106314,-0.05));
#11291=CARTESIAN_POINT('Ctrl Pts',(4.31657692790508,0.821141643106314,0.01));
#11292=CARTESIAN_POINT('Ctrl Pts',(4.29154926800036,0.844481694276589,-0.05));
#11293=CARTESIAN_POINT('Ctrl Pts',(4.29154926800036,0.844481694276589,0.01));
#11294=CARTESIAN_POINT('Ctrl Pts',(4.26454485296983,0.864636970077501,-0.05));
#11295=CARTESIAN_POINT('Ctrl Pts',(4.26454485296983,0.864636970077501,0.01));
#11296=CARTESIAN_POINT('Ctrl Pts',(4.23616790424278,0.881666361179812,-0.05));
#11297=CARTESIAN_POINT('Ctrl Pts',(4.23616790424278,0.881666361179812,0.01));
#11298=CARTESIAN_POINT('Ctrl Pts',(4.20650451455562,0.895902831921784,-0.05));
#11299=CARTESIAN_POINT('Ctrl Pts',(4.20650451455562,0.895902831921784,0.01));
#11300=CARTESIAN_POINT('Ctrl Pts',(4.17522001081265,0.906588928188835,-0.05));
#11301=CARTESIAN_POINT('Ctrl Pts',(4.17522001081265,0.906588928188835,0.01));
#11302=CARTESIAN_POINT('Ctrl Pts',(4.14259828951358,0.914517852545462,-0.05));
#11303=CARTESIAN_POINT('Ctrl Pts',(4.14259828951358,0.914517852545462,0.01));
#11304=CARTESIAN_POINT('Ctrl Pts',(4.10849602683739,0.919288318989843,-0.05));
#11305=CARTESIAN_POINT('Ctrl Pts',(4.10849602683739,0.919288318989843,0.01));
#11306=CARTESIAN_POINT('Ctrl Pts',(4.08526106778986,0.919801092255904,-0.05));
#11307=CARTESIAN_POINT('Ctrl Pts',(4.08526106778986,0.919801092255904,0.01));
#11308=CARTESIAN_POINT('Ctrl Pts',(4.07344417735043,0.920061879696627,-0.05));
#11309=CARTESIAN_POINT('Ctrl Pts',(4.07344417735043,0.920061879696627,0.01));
#11310=CARTESIAN_POINT('',(4.41858974358975,0.567284101918849,-0.05));
#11311=CARTESIAN_POINT('',(4.41858974358975,0.567284101918849,-0.05));
#11312=CARTESIAN_POINT('Ctrl Pts',(4.41858974358975,0.567284101918849,-0.05));
#11313=CARTESIAN_POINT('Ctrl Pts',(4.41797072351354,0.579884584648635,-0.05));
#11314=CARTESIAN_POINT('Ctrl Pts',(4.41675498455805,0.604631597389142,-0.05));
#11315=CARTESIAN_POINT('Ctrl Pts',(4.41106166851939,0.640712873847915,-0.05));
#11316=CARTESIAN_POINT('Ctrl Pts',(4.4029152604122,0.675200872509956,-0.05));
#11317=CARTESIAN_POINT('Ctrl Pts',(4.39139713026963,0.707818679829353,-0.05));
#11318=CARTESIAN_POINT('Ctrl Pts',(4.377092612944,0.738854700110903,-0.05));
#11319=CARTESIAN_POINT('Ctrl Pts',(4.35993853323598,0.768185657236601,-0.05));
#11320=CARTESIAN_POINT('Ctrl Pts',(4.33962039272358,0.795699659538397,-0.05));
#11321=CARTESIAN_POINT('Ctrl Pts',(4.31657692790508,0.821141643106314,-0.05));
#11322=CARTESIAN_POINT('Ctrl Pts',(4.29154926800036,0.844481694276589,-0.05));
#11323=CARTESIAN_POINT('Ctrl Pts',(4.26454485296983,0.864636970077501,-0.05));
#11324=CARTESIAN_POINT('Ctrl Pts',(4.23616790424278,0.881666361179812,-0.05));
#11325=CARTESIAN_POINT('Ctrl Pts',(4.20650451455562,0.895902831921784,-0.05));
#11326=CARTESIAN_POINT('Ctrl Pts',(4.17522001081265,0.906588928188835,-0.05));
#11327=CARTESIAN_POINT('Ctrl Pts',(4.14259828951358,0.914517852545462,-0.05));
#11328=CARTESIAN_POINT('Ctrl Pts',(4.10849602683739,0.919288318989843,-0.05));
#11329=CARTESIAN_POINT('Ctrl Pts',(4.08526106778986,0.919801092255904,-0.05));
#11330=CARTESIAN_POINT('Ctrl Pts',(4.07344417735043,0.920061879696627,-0.05));
#11331=CARTESIAN_POINT('Origin',(4.32361111111111,0.567284101918849,-0.05));
#11332=CARTESIAN_POINT('',(4.32361111111111,0.567284101918849,-0.05));
#11333=CARTESIAN_POINT('Origin',(4.25239790253294,0.742055299963584,-0.05));
#11334=CARTESIAN_POINT('Origin',(0.,0.,-0.05));
#11335=CARTESIAN_POINT('',(3.12959401709402,0.892925127559875,-0.05));
#11336=CARTESIAN_POINT('',(3.11602564102565,0.892925127559875,-0.05));
#11337=CARTESIAN_POINT('',(3.12959401709402,0.892925127559875,-0.05));
#11338=CARTESIAN_POINT('',(3.63162393162394,-0.165408205773458,-0.05));
#11339=CARTESIAN_POINT('',(3.63162393162394,-0.165408205773458,-0.05));
#11340=CARTESIAN_POINT('',(3.5279530582265,-0.165408205773458,-0.05));
#11341=CARTESIAN_POINT('',(3.5279530582265,-0.165408205773458,-0.05));
#11342=CARTESIAN_POINT('',(3.3670405982906,0.173801195935944,-0.05));
#11343=CARTESIAN_POINT('',(3.3670405982906,0.173801195935944,-0.05));
#11344=CARTESIAN_POINT('',(2.88727130074787,0.173801195935944,-0.05));
#11345=CARTESIAN_POINT('',(2.88727130074787,0.173801195935944,-0.05));
#11346=CARTESIAN_POINT('',(2.73081096420941,-0.165408205773458,-0.05));
#11347=CARTESIAN_POINT('',(2.73081096420941,-0.165408205773458,-0.05));
#11348=CARTESIAN_POINT('',(2.62756410256411,-0.165408205773458,-0.05));
#11349=CARTESIAN_POINT('',(2.62756410256411,-0.165408205773458,-0.05));
#11350=CARTESIAN_POINT('',(3.11602564102565,0.892925127559875,-0.05));
#11351=CARTESIAN_POINT('',(3.12386985844018,0.686643410145345,-0.05));
#11352=CARTESIAN_POINT('',(3.31552317040599,0.282348204482952,-0.05));
#11353=CARTESIAN_POINT('',(3.12386985844018,0.686643410145345,-0.05));
#11354=CARTESIAN_POINT('',(2.9373046875,0.282348204482952,-0.05));
#11355=CARTESIAN_POINT('',(2.9373046875,0.282348204482952,-0.05));
#11356=CARTESIAN_POINT('',(3.31552317040599,0.282348204482952,-0.05));
#11357=CARTESIAN_POINT('Origin',(3.12959401709402,0.892925127559875,-0.05));
#11358=CARTESIAN_POINT('',(3.12959401709402,0.892925127559875,-0.05));
#11359=CARTESIAN_POINT('',(3.11602564102565,0.892925127559875,-0.05));
#11360=CARTESIAN_POINT('Origin',(3.63162393162394,-0.165408205773458,-0.05));
#11361=CARTESIAN_POINT('',(3.63162393162394,-0.165408205773458,-0.05));
#11362=CARTESIAN_POINT('Origin',(3.5279530582265,-0.165408205773458,-0.05));
#11363=CARTESIAN_POINT('',(3.5279530582265,-0.165408205773458,-0.05));
#11364=CARTESIAN_POINT('Origin',(3.3670405982906,0.173801195935944,-0.05));
#11365=CARTESIAN_POINT('',(3.3670405982906,0.173801195935944,-0.05));
#11366=CARTESIAN_POINT('Origin',(2.88727130074787,0.173801195935944,-0.05));
#11367=CARTESIAN_POINT('',(2.88727130074787,0.173801195935944,-0.05));
#11368=CARTESIAN_POINT('Origin',(2.73081096420941,-0.165408205773458,-0.05));
#11369=CARTESIAN_POINT('',(2.73081096420941,-0.165408205773458,-0.05));
#11370=CARTESIAN_POINT('Origin',(2.62756410256411,-0.165408205773458,-0.05));
#11371=CARTESIAN_POINT('',(2.62756410256411,-0.165408205773458,-0.05));
#11372=CARTESIAN_POINT('Origin',(3.11602564102565,0.892925127559875,-0.05));
#11373=CARTESIAN_POINT('Origin',(2.9373046875,0.282348204482952,-0.05));
#11374=CARTESIAN_POINT('',(2.9373046875,0.282348204482952,0.));
#11375=CARTESIAN_POINT('',(3.12386985844018,0.686643410145345,0.));
#11376=CARTESIAN_POINT('',(2.9373046875,0.282348204482952,0.));
#11377=CARTESIAN_POINT('',(2.9373046875,0.282348204482952,-0.05));
#11378=CARTESIAN_POINT('',(3.12386985844018,0.686643410145345,-0.05));
#11379=CARTESIAN_POINT('Origin',(3.12386985844018,0.686643410145345,-0.05));
#11380=CARTESIAN_POINT('',(3.31552317040599,0.282348204482952,0.));
#11381=CARTESIAN_POINT('',(3.12386985844018,0.686643410145345,0.));
#11382=CARTESIAN_POINT('',(3.31552317040599,0.282348204482952,-0.05));
#11383=CARTESIAN_POINT('Origin',(3.31552317040599,0.282348204482952,-0.05));
#11384=CARTESIAN_POINT('',(3.31552317040599,0.282348204482952,0.));
#11385=CARTESIAN_POINT('Origin',(0.,0.,0.));
#11386=CARTESIAN_POINT('Origin',(2.36976495726496,0.784378119012867,-0.05));
#11387=CARTESIAN_POINT('',(2.36976495726496,0.784378119012867,-0.05));
#11388=CARTESIAN_POINT('',(2.36976495726496,0.784378119012867,-0.05));
#11389=CARTESIAN_POINT('',(2.30764723557693,0.892925127559875,-0.05));
#11390=CARTESIAN_POINT('',(2.36976495726496,0.784378119012867,-0.05));
#11391=CARTESIAN_POINT('',(2.30764723557693,0.892925127559875,-0.05));
#11392=CARTESIAN_POINT('Origin',(2.20694444444445,0.784378119012867,-0.05));
#11393=CARTESIAN_POINT('',(2.20694444444445,0.784378119012867,-0.05));
#11394=CARTESIAN_POINT('',(2.20694444444445,0.784378119012867,-0.05));
#11395=CARTESIAN_POINT('',(2.20694444444445,0.784378119012867,-0.05));
#11396=CARTESIAN_POINT('Origin',(2.20694444444445,-0.165408205773458,-0.05));
#11397=CARTESIAN_POINT('',(2.20694444444445,-0.165408205773458,-0.05));
#11398=CARTESIAN_POINT('',(2.20694444444445,-0.165408205773458,-0.05));
#11399=CARTESIAN_POINT('',(2.20694444444445,-0.165408205773458,-0.05));
#11400=CARTESIAN_POINT('Origin',(2.11196581196582,-0.165408205773458,-0.05));
#11401=CARTESIAN_POINT('',(2.11196581196582,-0.165408205773458,-0.05));
#11402=CARTESIAN_POINT('',(2.11196581196582,-0.165408205773458,-0.05));
#11403=CARTESIAN_POINT('',(2.11196581196582,-0.165408205773458,-0.05));
#11404=CARTESIAN_POINT('Origin',(2.11196581196582,0.892925127559875,-0.05));
#11405=CARTESIAN_POINT('',(2.11196581196582,0.892925127559875,-0.05));
#11406=CARTESIAN_POINT('',(2.11196581196582,0.892925127559875,-0.05));
#11407=CARTESIAN_POINT('',(2.11196581196582,0.892925127559875,-0.05));
#11408=CARTESIAN_POINT('Origin',(2.30764723557693,0.892925127559875,-0.05));
#11409=CARTESIAN_POINT('',(2.30764723557693,0.892925127559875,-0.05));
#11410=CARTESIAN_POINT('Origin',(0.,0.,-0.05));
#11411=CARTESIAN_POINT('Ctrl Pts',(1.33750834668804,0.811514871149619,-0.05));
#11412=CARTESIAN_POINT('Ctrl Pts',(1.33750834668804,0.811514871149619,0.00999999999999998));
#11413=CARTESIAN_POINT('Ctrl Pts',(1.34578476516436,0.811298659012668,-0.05));
#11414=CARTESIAN_POINT('Ctrl Pts',(1.34578476516436,0.811298659012668,0.00999999999999998));
#11415=CARTESIAN_POINT('Ctrl Pts',(1.36203828449741,0.810874054075396,-0.05));
#11416=CARTESIAN_POINT('Ctrl Pts',(1.36203828449741,0.810874054075396,0.00999999999999998));
#11417=CARTESIAN_POINT('Ctrl Pts',(1.38590189683775,0.807903867582569,-0.05));
#11418=CARTESIAN_POINT('Ctrl Pts',(1.38590189683775,0.807903867582569,0.00999999999999998));
#11419=CARTESIAN_POINT('Ctrl Pts',(1.40866688194615,0.802779768224449,-0.05));
#11420=CARTESIAN_POINT('Ctrl Pts',(1.40866688194615,0.802779768224449,0.00999999999999998));
#11421=CARTESIAN_POINT('Ctrl Pts',(1.43039050498192,0.795771583350279,-0.05));
#11422=CARTESIAN_POINT('Ctrl Pts',(1.43039050498192,0.795771583350279,0.00999999999999998));
#11423=CARTESIAN_POINT('Ctrl Pts',(1.45110952259672,0.786863879301623,-0.05));
#11424=CARTESIAN_POINT('Ctrl Pts',(1.45110952259672,0.786863879301623,0.00999999999999998));
#11425=CARTESIAN_POINT('Ctrl Pts',(1.470723174008,0.775768994601138,-0.05));
#11426=CARTESIAN_POINT('Ctrl Pts',(1.470723174008,0.775768994601138,0.00999999999999998));
#11427=CARTESIAN_POINT('Ctrl Pts',(1.48918742861755,0.762529700243108,-0.05));
#11428=CARTESIAN_POINT('Ctrl Pts',(1.48918742861755,0.762529700243108,0.00999999999999998));
#11429=CARTESIAN_POINT('Ctrl Pts',(1.50653699639107,0.747519341545122,-0.05));
#11430=CARTESIAN_POINT('Ctrl Pts',(1.50653699639107,0.747519341545122,0.00999999999999998));
#11431=CARTESIAN_POINT('Ctrl Pts',(1.52252205672695,0.73080747165364,-0.05));
#11432=CARTESIAN_POINT('Ctrl Pts',(1.52252205672695,0.73080747165364,0.00999999999999998));
#11433=CARTESIAN_POINT('Ctrl Pts',(1.5365667072861,0.712177792345302,-0.05));
#11434=CARTESIAN_POINT('Ctrl Pts',(1.5365667072861,0.712177792345302,0.00999999999999998));
#11435=CARTESIAN_POINT('Ctrl Pts',(1.5488385401343,0.691970454840233,-0.05));
#11436=CARTESIAN_POINT('Ctrl Pts',(1.5488385401343,0.691970454840233,0.00999999999999998));
#11437=CARTESIAN_POINT('Ctrl Pts',(1.559545617877,0.670239983596643,-0.05));
#11438=CARTESIAN_POINT('Ctrl Pts',(1.559545617877,0.670239983596643,0.00999999999999998));
#11439=CARTESIAN_POINT('Ctrl Pts',(1.5682407908306,0.646789197744185,-0.05));
#11440=CARTESIAN_POINT('Ctrl Pts',(1.5682407908306,0.646789197744185,0.00999999999999998));
#11441=CARTESIAN_POINT('Ctrl Pts',(1.57488505298476,0.621701344135249,-0.05));
#11442=CARTESIAN_POINT('Ctrl Pts',(1.57488505298476,0.621701344135249,0.00999999999999998));
#11443=CARTESIAN_POINT('Ctrl Pts',(1.58014250425535,0.595085354985974,-0.05));
#11444=CARTESIAN_POINT('Ctrl Pts',(1.58014250425535,0.595085354985974,0.00999999999999998));
#11445=CARTESIAN_POINT('Ctrl Pts',(1.58189889024776,0.576705103136486,-0.05));
#11446=CARTESIAN_POINT('Ctrl Pts',(1.58189889024776,0.576705103136486,0.00999999999999998));
#11447=CARTESIAN_POINT('Ctrl Pts',(1.58279914529915,0.567284101918849,-0.05));
#11448=CARTESIAN_POINT('Ctrl Pts',(1.58279914529915,0.567284101918849,0.00999999999999998));
#11449=CARTESIAN_POINT('',(1.33750834668804,0.811514871149619,-0.05));
#11450=CARTESIAN_POINT('',(1.33750834668804,0.811514871149619,-0.05));
#11451=CARTESIAN_POINT('',(1.58279914529915,0.567284101918849,-0.05));
#11452=CARTESIAN_POINT('Ctrl Pts',(1.33750834668804,0.811514871149619,-0.05));
#11453=CARTESIAN_POINT('Ctrl Pts',(1.34578476516436,0.811298659012668,-0.05));
#11454=CARTESIAN_POINT('Ctrl Pts',(1.36203828449741,0.810874054075396,-0.05));
#11455=CARTESIAN_POINT('Ctrl Pts',(1.38590189683775,0.807903867582569,-0.05));
#11456=CARTESIAN_POINT('Ctrl Pts',(1.40866688194615,0.802779768224449,-0.05));
#11457=CARTESIAN_POINT('Ctrl Pts',(1.43039050498192,0.795771583350279,-0.05));
#11458=CARTESIAN_POINT('Ctrl Pts',(1.45110952259672,0.786863879301623,-0.05));
#11459=CARTESIAN_POINT('Ctrl Pts',(1.470723174008,0.775768994601138,-0.05));
#11460=CARTESIAN_POINT('Ctrl Pts',(1.48918742861755,0.762529700243108,-0.05));
#11461=CARTESIAN_POINT('Ctrl Pts',(1.50653699639107,0.747519341545122,-0.05));
#11462=CARTESIAN_POINT('Ctrl Pts',(1.52252205672695,0.73080747165364,-0.05));
#11463=CARTESIAN_POINT('Ctrl Pts',(1.5365667072861,0.712177792345302,-0.05));
#11464=CARTESIAN_POINT('Ctrl Pts',(1.5488385401343,0.691970454840233,-0.05));
#11465=CARTESIAN_POINT('Ctrl Pts',(1.559545617877,0.670239983596643,-0.05));
#11466=CARTESIAN_POINT('Ctrl Pts',(1.5682407908306,0.646789197744185,-0.05));
#11467=CARTESIAN_POINT('Ctrl Pts',(1.57488505298476,0.621701344135249,-0.05));
#11468=CARTESIAN_POINT('Ctrl Pts',(1.58014250425535,0.595085354985974,-0.05));
#11469=CARTESIAN_POINT('Ctrl Pts',(1.58189889024776,0.576705103136486,-0.05));
#11470=CARTESIAN_POINT('Ctrl Pts',(1.58279914529915,0.567284101918849,-0.05));
#11471=CARTESIAN_POINT('',(1.58279914529915,0.567284101918849,-0.05));
#11472=CARTESIAN_POINT('Ctrl Pts',(1.10790598290599,0.596964924568422,-0.05));
#11473=CARTESIAN_POINT('Ctrl Pts',(1.10790598290599,0.596964924568422,0.01));
#11474=CARTESIAN_POINT('Ctrl Pts',(1.10809821926795,0.604186204564072,-0.05));
#11475=CARTESIAN_POINT('Ctrl Pts',(1.10809821926795,0.604186204564072,0.01));
#11476=CARTESIAN_POINT('Ctrl Pts',(1.10847708022255,0.618417960744753,-0.05));
#11477=CARTESIAN_POINT('Ctrl Pts',(1.10847708022255,0.618417960744753,0.01));
#11478=CARTESIAN_POINT('Ctrl Pts',(1.11182071732187,0.639283987876573,-0.05));
#11479=CARTESIAN_POINT('Ctrl Pts',(1.11182071732187,0.639283987876573,0.01));
#11480=CARTESIAN_POINT('Ctrl Pts',(1.11687365606949,0.659411919673253,-0.05));
#11481=CARTESIAN_POINT('Ctrl Pts',(1.11687365606949,0.659411919673253,0.01));
#11482=CARTESIAN_POINT('Ctrl Pts',(1.12411424600304,0.678863668787456,-0.05));
#11483=CARTESIAN_POINT('Ctrl Pts',(1.12411424600304,0.678863668787456,0.01));
#11484=CARTESIAN_POINT('Ctrl Pts',(1.1336715221717,0.697443663578895,-0.05));
#11485=CARTESIAN_POINT('Ctrl Pts',(1.1336715221717,0.697443663578895,0.01));
#11486=CARTESIAN_POINT('Ctrl Pts',(1.1453051394325,0.715174520688079,-0.05));
#11487=CARTESIAN_POINT('Ctrl Pts',(1.1453051394325,0.715174520688079,0.01));
#11488=CARTESIAN_POINT('Ctrl Pts',(1.15872784908504,0.73231618397477,-0.05));
#11489=CARTESIAN_POINT('Ctrl Pts',(1.15872784908504,0.73231618397477,0.01));
#11490=CARTESIAN_POINT('Ctrl Pts',(1.17425549481128,0.748388728863759,-0.05));
#11491=CARTESIAN_POINT('Ctrl Pts',(1.17425549481128,0.748388728863759,0.01));
#11492=CARTESIAN_POINT('Ctrl Pts',(1.19131326389565,0.763108998140599,-0.05));
#11493=CARTESIAN_POINT('Ctrl Pts',(1.19131326389565,0.763108998140599,0.01));
#11494=CARTESIAN_POINT('Ctrl Pts',(1.20933342984166,0.776148900158753,-0.05));
#11495=CARTESIAN_POINT('Ctrl Pts',(1.20933342984166,0.776148900158753,0.01));
#11496=CARTESIAN_POINT('Ctrl Pts',(1.22839858041549,0.787046440805064,-0.05));
#11497=CARTESIAN_POINT('Ctrl Pts',(1.22839858041549,0.787046440805064,0.01));
#11498=CARTESIAN_POINT('Ctrl Pts',(1.24842833164485,0.795979831619145,-0.05));
#11499=CARTESIAN_POINT('Ctrl Pts',(1.24842833164485,0.795979831619145,0.01));
#11500=CARTESIAN_POINT('Ctrl Pts',(1.26936684263261,0.802987625457086,-0.05));
#11501=CARTESIAN_POINT('Ctrl Pts',(1.26936684263261,0.802987625457086,0.01));
#11502=CARTESIAN_POINT('Ctrl Pts',(1.29125461080057,0.80784343399693,-0.05));
#11503=CARTESIAN_POINT('Ctrl Pts',(1.29125461080057,0.80784343399693,0.01));
#11504=CARTESIAN_POINT('Ctrl Pts',(1.31403115858123,0.81089218509508,-0.05));
#11505=CARTESIAN_POINT('Ctrl Pts',(1.31403115858123,0.81089218509508,0.01));
#11506=CARTESIAN_POINT('Ctrl Pts',(1.32958366799245,0.811304684695943,-0.05));
#11507=CARTESIAN_POINT('Ctrl Pts',(1.32958366799245,0.811304684695943,0.01));
#11508=CARTESIAN_POINT('Ctrl Pts',(1.33750834668804,0.811514871149619,-0.05));
#11509=CARTESIAN_POINT('Ctrl Pts',(1.33750834668804,0.811514871149619,0.01));
#11510=CARTESIAN_POINT('',(1.10790598290599,0.596964924568422,-0.05));
#11511=CARTESIAN_POINT('',(1.10790598290599,0.596964924568422,-0.05));
#11512=CARTESIAN_POINT('Ctrl Pts',(1.10790598290599,0.596964924568422,-0.05));
#11513=CARTESIAN_POINT('Ctrl Pts',(1.10809821926795,0.604186204564072,-0.05));
#11514=CARTESIAN_POINT('Ctrl Pts',(1.10847708022255,0.618417960744753,-0.05));
#11515=CARTESIAN_POINT('Ctrl Pts',(1.11182071732187,0.639283987876573,-0.05));
#11516=CARTESIAN_POINT('Ctrl Pts',(1.11687365606949,0.659411919673253,-0.05));
#11517=CARTESIAN_POINT('Ctrl Pts',(1.12411424600304,0.678863668787456,-0.05));
#11518=CARTESIAN_POINT('Ctrl Pts',(1.1336715221717,0.697443663578895,-0.05));
#11519=CARTESIAN_POINT('Ctrl Pts',(1.1453051394325,0.715174520688079,-0.05));
#11520=CARTESIAN_POINT('Ctrl Pts',(1.15872784908504,0.73231618397477,-0.05));
#11521=CARTESIAN_POINT('Ctrl Pts',(1.17425549481128,0.748388728863759,-0.05));
#11522=CARTESIAN_POINT('Ctrl Pts',(1.19131326389565,0.763108998140599,-0.05));
#11523=CARTESIAN_POINT('Ctrl Pts',(1.20933342984166,0.776148900158753,-0.05));
#11524=CARTESIAN_POINT('Ctrl Pts',(1.22839858041549,0.787046440805064,-0.05));
#11525=CARTESIAN_POINT('Ctrl Pts',(1.24842833164485,0.795979831619145,-0.05));
#11526=CARTESIAN_POINT('Ctrl Pts',(1.26936684263261,0.802987625457086,-0.05));
#11527=CARTESIAN_POINT('Ctrl Pts',(1.29125461080057,0.80784343399693,-0.05));
#11528=CARTESIAN_POINT('Ctrl Pts',(1.31403115858123,0.81089218509508,-0.05));
#11529=CARTESIAN_POINT('Ctrl Pts',(1.32958366799245,0.811304684695943,-0.05));
#11530=CARTESIAN_POINT('Ctrl Pts',(1.33750834668804,0.811514871149619,-0.05));
#11531=CARTESIAN_POINT('Ctrl Pts',(1.30803952991453,0.272595934183807,-0.05));
#11532=CARTESIAN_POINT('Ctrl Pts',(1.30803952991453,0.272595934183807,0.00999999999999999));
#11533=CARTESIAN_POINT('Ctrl Pts',(1.2980464784274,0.283027564973505,-0.05));
#11534=CARTESIAN_POINT('Ctrl Pts',(1.2980464784274,0.283027564973505,0.00999999999999999));
#11535=CARTESIAN_POINT('Ctrl Pts',(1.27885187165573,0.303064592827632,-0.05));
#11536=CARTESIAN_POINT('Ctrl Pts',(1.27885187165573,0.303064592827632,0.00999999999999999));
#11537=CARTESIAN_POINT('Ctrl Pts',(1.25170333057295,0.33231782124911,-0.05));
#11538=CARTESIAN_POINT('Ctrl Pts',(1.25170333057295,0.33231782124911,0.00999999999999999));
#11539=CARTESIAN_POINT('Ctrl Pts',(1.227319636488,0.359456372857489,-0.05));
#11540=CARTESIAN_POINT('Ctrl Pts',(1.227319636488,0.359456372857489,0.00999999999999999));
#11541=CARTESIAN_POINT('Ctrl Pts',(1.20554294867367,0.384428972029987,-0.05));
#11542=CARTESIAN_POINT('Ctrl Pts',(1.20554294867367,0.384428972029987,0.00999999999999999));
#11543=CARTESIAN_POINT('Ctrl Pts',(1.1868456744321,0.407600898482441,-0.05));
#11544=CARTESIAN_POINT('Ctrl Pts',(1.1868456744321,0.407600898482441,0.00999999999999999));
#11545=CARTESIAN_POINT('Ctrl Pts',(1.17025335667646,0.428221677900643,-0.05));
#11546=CARTESIAN_POINT('Ctrl Pts',(1.17025335667646,0.428221677900643,0.00999999999999999));
#11547=CARTESIAN_POINT('Ctrl Pts',(1.15695899940331,0.447197428350891,-0.05));
#11548=CARTESIAN_POINT('Ctrl Pts',(1.15695899940331,0.447197428350891,0.00999999999999999));
#11549=CARTESIAN_POINT('Ctrl Pts',(1.14253077261204,0.469192804462537,-0.05));
#11550=CARTESIAN_POINT('Ctrl Pts',(1.14253077261204,0.469192804462537,0.00999999999999999));
#11551=CARTESIAN_POINT('Ctrl Pts',(1.12855654490353,0.496047957512787,-0.05));
#11552=CARTESIAN_POINT('Ctrl Pts',(1.12855654490353,0.496047957512787,0.00999999999999999));
#11553=CARTESIAN_POINT('Ctrl Pts',(1.11654828486274,0.528866477836961,-0.05));
#11554=CARTESIAN_POINT('Ctrl Pts',(1.11654828486274,0.528866477836961,0.00999999999999999));
#11555=CARTESIAN_POINT('Ctrl Pts',(1.10922617592709,0.562650670908034,-0.05));
#11556=CARTESIAN_POINT('Ctrl Pts',(1.10922617592709,0.562650670908034,0.00999999999999999));
#11557=CARTESIAN_POINT('Ctrl Pts',(1.10834780900032,0.585481048777089,-0.05));
#11558=CARTESIAN_POINT('Ctrl Pts',(1.10834780900032,0.585481048777089,0.00999999999999999));
#11559=CARTESIAN_POINT('Ctrl Pts',(1.10790598290599,0.596964924568422,-0.05));
#11560=CARTESIAN_POINT('Ctrl Pts',(1.10790598290599,0.596964924568422,0.00999999999999999));
#11561=CARTESIAN_POINT('',(1.30803952991453,0.272595934183807,-0.05));
#11562=CARTESIAN_POINT('',(1.30803952991453,0.272595934183807,-0.05));
#11563=CARTESIAN_POINT('Ctrl Pts',(1.30803952991453,0.272595934183807,-0.05));
#11564=CARTESIAN_POINT('Ctrl Pts',(1.2980464784274,0.283027564973505,-0.05));
#11565=CARTESIAN_POINT('Ctrl Pts',(1.27885187165573,0.303064592827632,-0.05));
#11566=CARTESIAN_POINT('Ctrl Pts',(1.25170333057295,0.33231782124911,-0.05));
#11567=CARTESIAN_POINT('Ctrl Pts',(1.227319636488,0.359456372857489,-0.05));
#11568=CARTESIAN_POINT('Ctrl Pts',(1.20554294867367,0.384428972029987,-0.05));
#11569=CARTESIAN_POINT('Ctrl Pts',(1.1868456744321,0.407600898482441,-0.05));
#11570=CARTESIAN_POINT('Ctrl Pts',(1.17025335667646,0.428221677900643,-0.05));
#11571=CARTESIAN_POINT('Ctrl Pts',(1.15695899940331,0.447197428350891,-0.05));
#11572=CARTESIAN_POINT('Ctrl Pts',(1.14253077261204,0.469192804462537,-0.05));
#11573=CARTESIAN_POINT('Ctrl Pts',(1.12855654490353,0.496047957512787,-0.05));
#11574=CARTESIAN_POINT('Ctrl Pts',(1.11654828486274,0.528866477836961,-0.05));
#11575=CARTESIAN_POINT('Ctrl Pts',(1.10922617592709,0.562650670908034,-0.05));
#11576=CARTESIAN_POINT('Ctrl Pts',(1.10834780900032,0.585481048777089,-0.05));
#11577=CARTESIAN_POINT('Ctrl Pts',(1.10790598290599,0.596964924568422,-0.05));
#11578=CARTESIAN_POINT('Origin',(1.71848290598291,-0.165408205773458,-0.05));
#11579=CARTESIAN_POINT('',(1.71848290598291,-0.165408205773458,-0.05));
#11580=CARTESIAN_POINT('',(1.71848290598291,-0.165408205773458,-0.05));
#11581=CARTESIAN_POINT('',(1.71848290598291,-0.165408205773458,-0.05));
#11582=CARTESIAN_POINT('Origin',(0.999358974358978,-0.165408205773458,-0.05));
#11583=CARTESIAN_POINT('',(0.999358974358978,-0.165408205773458,-0.05));
#11584=CARTESIAN_POINT('',(0.999358974358978,-0.165408205773458,-0.05));
#11585=CARTESIAN_POINT('',(0.999358974358978,-0.165408205773458,-0.05));
#11586=CARTESIAN_POINT('Origin',(0.999358974358978,-0.0568611972264495,
-0.05));
#11587=CARTESIAN_POINT('',(0.999358974358978,-0.0568611972264495,-0.05));
#11588=CARTESIAN_POINT('',(0.999358974358978,-0.0568611972264495,-0.05));
#11589=CARTESIAN_POINT('',(0.999358974358978,-0.0568611972264495,-0.05));
#11590=CARTESIAN_POINT('Origin',(1.49184862446582,-0.0568611972264495,-0.05));
#11591=CARTESIAN_POINT('',(1.49184862446582,-0.0568611972264495,-0.05));
#11592=CARTESIAN_POINT('',(1.49184862446582,-0.0568611972264495,-0.05));
#11593=CARTESIAN_POINT('',(1.49184862446582,-0.0568611972264495,-0.05));
#11594=CARTESIAN_POINT('Origin',(1.22705328525641,0.225742635572696,-0.05));
#11595=CARTESIAN_POINT('',(1.22705328525641,0.225742635572696,-0.05));
#11596=CARTESIAN_POINT('',(1.22705328525641,0.225742635572696,-0.05));
#11597=CARTESIAN_POINT('',(1.22705328525641,0.225742635572696,-0.05));
#11598=CARTESIAN_POINT('Ctrl Pts',(1.01292735042735,0.605445159611157,-0.05));
#11599=CARTESIAN_POINT('Ctrl Pts',(1.01292735042735,0.605445159611157,0.00999999999999998));
#11600=CARTESIAN_POINT('Ctrl Pts',(1.01343936086253,0.590704742965912,-0.05));
#11601=CARTESIAN_POINT('Ctrl Pts',(1.01343936086253,0.590704742965912,0.00999999999999998));
#11602=CARTESIAN_POINT('Ctrl Pts',(1.01445439667465,0.561482583117921,-0.05));
#11603=CARTESIAN_POINT('Ctrl Pts',(1.01445439667465,0.561482583117921,0.00999999999999998));
#11604=CARTESIAN_POINT('Ctrl Pts',(1.02313707720813,0.518539993667572,-0.05));
#11605=CARTESIAN_POINT('Ctrl Pts',(1.02313707720813,0.518539993667572,0.00999999999999998));
#11606=CARTESIAN_POINT('Ctrl Pts',(1.03669780794414,0.476934364562791,-0.05));
#11607=CARTESIAN_POINT('Ctrl Pts',(1.03669780794414,0.476934364562791,0.00999999999999998));
#11608=CARTESIAN_POINT('Ctrl Pts',(1.0530255801343,0.443449513694399,-0.05));
#11609=CARTESIAN_POINT('Ctrl Pts',(1.0530255801343,0.443449513694399,0.00999999999999998));
#11610=CARTESIAN_POINT('Ctrl Pts',(1.06949700964818,0.416467004867868,-0.05));
#11611=CARTESIAN_POINT('Ctrl Pts',(1.06949700964818,0.416467004867868,0.00999999999999998));
#11612=CARTESIAN_POINT('Ctrl Pts',(1.08434013694436,0.394251467904042,-0.05));
#11613=CARTESIAN_POINT('Ctrl Pts',(1.08434013694436,0.394251467904042,0.00999999999999998));
#11614=CARTESIAN_POINT('Ctrl Pts',(1.10171640122952,0.370331481033914,-0.05));
#11615=CARTESIAN_POINT('Ctrl Pts',(1.10171640122952,0.370331481033914,0.00999999999999998));
#11616=CARTESIAN_POINT('Ctrl Pts',(1.12187870894681,0.344787143304171,-0.05));
#11617=CARTESIAN_POINT('Ctrl Pts',(1.12187870894681,0.344787143304171,0.00999999999999998));
#11618=CARTESIAN_POINT('Ctrl Pts',(1.14440998219239,0.317418369619607,-0.05));
#11619=CARTESIAN_POINT('Ctrl Pts',(1.14440998219239,0.317418369619607,0.00999999999999998));
#11620=CARTESIAN_POINT('Ctrl Pts',(1.1695143030169,0.288241693391992,-0.05));
#11621=CARTESIAN_POINT('Ctrl Pts',(1.1695143030169,0.288241693391992,0.00999999999999998));
#11622=CARTESIAN_POINT('Ctrl Pts',(1.19737068924718,0.257558562994024,-0.05));
#11623=CARTESIAN_POINT('Ctrl Pts',(1.19737068924718,0.257558562994024,0.00999999999999998));
#11624=CARTESIAN_POINT('Ctrl Pts',(1.2169221882848,0.236601869241038,-0.05));
#11625=CARTESIAN_POINT('Ctrl Pts',(1.2169221882848,0.236601869241038,0.00999999999999998));
#11626=CARTESIAN_POINT('Ctrl Pts',(1.22705328525641,0.225742635572696,-0.05));
#11627=CARTESIAN_POINT('Ctrl Pts',(1.22705328525641,0.225742635572696,0.00999999999999998));
#11628=CARTESIAN_POINT('',(1.01292735042735,0.605445159611157,-0.05));
#11629=CARTESIAN_POINT('',(1.01292735042735,0.605445159611157,-0.05));
#11630=CARTESIAN_POINT('Ctrl Pts',(1.01292735042735,0.605445159611157,-0.05));
#11631=CARTESIAN_POINT('Ctrl Pts',(1.01343936086253,0.590704742965912,-0.05));
#11632=CARTESIAN_POINT('Ctrl Pts',(1.01445439667465,0.561482583117921,-0.05));
#11633=CARTESIAN_POINT('Ctrl Pts',(1.02313707720813,0.518539993667572,-0.05));
#11634=CARTESIAN_POINT('Ctrl Pts',(1.03669780794414,0.476934364562791,-0.05));
#11635=CARTESIAN_POINT('Ctrl Pts',(1.0530255801343,0.443449513694399,-0.05));
#11636=CARTESIAN_POINT('Ctrl Pts',(1.06949700964818,0.416467004867868,-0.05));
#11637=CARTESIAN_POINT('Ctrl Pts',(1.08434013694436,0.394251467904042,-0.05));
#11638=CARTESIAN_POINT('Ctrl Pts',(1.10171640122952,0.370331481033914,-0.05));
#11639=CARTESIAN_POINT('Ctrl Pts',(1.12187870894681,0.344787143304171,-0.05));
#11640=CARTESIAN_POINT('Ctrl Pts',(1.14440998219239,0.317418369619607,-0.05));
#11641=CARTESIAN_POINT('Ctrl Pts',(1.1695143030169,0.288241693391992,-0.05));
#11642=CARTESIAN_POINT('Ctrl Pts',(1.19737068924718,0.257558562994024,-0.05));
#11643=CARTESIAN_POINT('Ctrl Pts',(1.2169221882848,0.236601869241038,-0.05));
#11644=CARTESIAN_POINT('Ctrl Pts',(1.22705328525641,0.225742635572696,-0.05));
#11645=CARTESIAN_POINT('Ctrl Pts',(1.33263221153847,0.920061879696627,-0.05));
#11646=CARTESIAN_POINT('Ctrl Pts',(1.33263221153847,0.920061879696627,0.00999999999999998));
#11647=CARTESIAN_POINT('Ctrl Pts',(1.32102741294539,0.919790203580986,-0.05));
#11648=CARTESIAN_POINT('Ctrl Pts',(1.32102741294539,0.919790203580986,0.00999999999999998));
#11649=CARTESIAN_POINT('Ctrl Pts',(1.29822439825166,0.919256369718449,-0.05));
#11650=CARTESIAN_POINT('Ctrl Pts',(1.29822439825166,0.919256369718449,0.00999999999999998));
#11651=CARTESIAN_POINT('Ctrl Pts',(1.26494374150043,0.914671963249549,-0.05));
#11652=CARTESIAN_POINT('Ctrl Pts',(1.26494374150043,0.914671963249549,0.00999999999999998));
#11653=CARTESIAN_POINT('Ctrl Pts',(1.2332610834127,0.907491748636021,-0.05));
#11654=CARTESIAN_POINT('Ctrl Pts',(1.2332610834127,0.907491748636021,0.00999999999999998));
#11655=CARTESIAN_POINT('Ctrl Pts',(1.20323835401203,0.897417801322239,-0.05));
#11656=CARTESIAN_POINT('Ctrl Pts',(1.20323835401203,0.897417801322239,0.00999999999999998));
#11657=CARTESIAN_POINT('Ctrl Pts',(1.17511509162977,0.88387584351545,-0.05));
#11658=CARTESIAN_POINT('Ctrl Pts',(1.17511509162977,0.88387584351545,0.00999999999999998));
#11659=CARTESIAN_POINT('Ctrl Pts',(1.14868002815678,0.867608492540248,-0.05));
#11660=CARTESIAN_POINT('Ctrl Pts',(1.14868002815678,0.867608492540248,0.00999999999999998));
#11661=CARTESIAN_POINT('Ctrl Pts',(1.12361844965569,0.84879440067295,-0.05));
#11662=CARTESIAN_POINT('Ctrl Pts',(1.12361844965569,0.84879440067295,0.00999999999999998));
#11663=CARTESIAN_POINT('Ctrl Pts',(1.10105877937296,0.826643842796889,-0.05));
#11664=CARTESIAN_POINT('Ctrl Pts',(1.10105877937296,0.826643842796889,0.00999999999999998));
#11665=CARTESIAN_POINT('Ctrl Pts',(1.08034324112772,0.802996931302279,-0.05));
#11666=CARTESIAN_POINT('Ctrl Pts',(1.08034324112772,0.802996931302279,0.00999999999999998));
#11667=CARTESIAN_POINT('Ctrl Pts',(1.06247184492933,0.777751779495748,-0.05));
#11668=CARTESIAN_POINT('Ctrl Pts',(1.06247184492933,0.777751779495748,0.00999999999999998));
#11669=CARTESIAN_POINT('Ctrl Pts',(1.04716738835525,0.751677685958111,-0.05));
#11670=CARTESIAN_POINT('Ctrl Pts',(1.04716738835525,0.751677685958111,0.00999999999999998));
#11671=CARTESIAN_POINT('Ctrl Pts',(1.03441063753404,0.724575825003703,-0.05));
#11672=CARTESIAN_POINT('Ctrl Pts',(1.03441063753404,0.724575825003703,0.00999999999999998));
#11673=CARTESIAN_POINT('Ctrl Pts',(1.02501985266435,0.696191014031293,-0.05));
#11674=CARTESIAN_POINT('Ctrl Pts',(1.02501985266435,0.696191014031293,0.00999999999999998));
#11675=CARTESIAN_POINT('Ctrl Pts',(1.01789025166499,0.666936502710962,-0.05));
#11676=CARTESIAN_POINT('Ctrl Pts',(1.01789025166499,0.666936502710962,0.00999999999999998));
#11677=CARTESIAN_POINT('Ctrl Pts',(1.01386029562121,0.636509476525644,-0.05));
#11678=CARTESIAN_POINT('Ctrl Pts',(1.01386029562121,0.636509476525644,0.00999999999999998));
#11679=CARTESIAN_POINT('Ctrl Pts',(1.01324179851591,0.615915351365492,-0.05));
#11680=CARTESIAN_POINT('Ctrl Pts',(1.01324179851591,0.615915351365492,0.00999999999999998));
#11681=CARTESIAN_POINT('Ctrl Pts',(1.01292735042735,0.605445159611157,-0.05));
#11682=CARTESIAN_POINT('Ctrl Pts',(1.01292735042735,0.605445159611157,0.00999999999999998));
#11683=CARTESIAN_POINT('',(1.33263221153847,0.920061879696627,-0.05));
#11684=CARTESIAN_POINT('',(1.33263221153847,0.920061879696627,-0.05));
#11685=CARTESIAN_POINT('Ctrl Pts',(1.33263221153847,0.920061879696627,-0.05));
#11686=CARTESIAN_POINT('Ctrl Pts',(1.32102741294539,0.919790203580986,-0.05));
#11687=CARTESIAN_POINT('Ctrl Pts',(1.29822439825166,0.919256369718449,-0.05));
#11688=CARTESIAN_POINT('Ctrl Pts',(1.26494374150043,0.914671963249549,-0.05));
#11689=CARTESIAN_POINT('Ctrl Pts',(1.2332610834127,0.907491748636021,-0.05));
#11690=CARTESIAN_POINT('Ctrl Pts',(1.20323835401203,0.897417801322239,-0.05));
#11691=CARTESIAN_POINT('Ctrl Pts',(1.17511509162977,0.88387584351545,-0.05));
#11692=CARTESIAN_POINT('Ctrl Pts',(1.14868002815678,0.867608492540248,-0.05));
#11693=CARTESIAN_POINT('Ctrl Pts',(1.12361844965569,0.84879440067295,-0.05));
#11694=CARTESIAN_POINT('Ctrl Pts',(1.10105877937296,0.826643842796889,-0.05));
#11695=CARTESIAN_POINT('Ctrl Pts',(1.08034324112772,0.802996931302279,-0.05));
#11696=CARTESIAN_POINT('Ctrl Pts',(1.06247184492933,0.777751779495748,-0.05));
#11697=CARTESIAN_POINT('Ctrl Pts',(1.04716738835525,0.751677685958111,-0.05));
#11698=CARTESIAN_POINT('Ctrl Pts',(1.03441063753404,0.724575825003703,-0.05));
#11699=CARTESIAN_POINT('Ctrl Pts',(1.02501985266435,0.696191014031293,-0.05));
#11700=CARTESIAN_POINT('Ctrl Pts',(1.01789025166499,0.666936502710962,-0.05));
#11701=CARTESIAN_POINT('Ctrl Pts',(1.01386029562121,0.636509476525644,-0.05));
#11702=CARTESIAN_POINT('Ctrl Pts',(1.01324179851591,0.615915351365492,-0.05));
#11703=CARTESIAN_POINT('Ctrl Pts',(1.01292735042735,0.605445159611157,-0.05));
#11704=CARTESIAN_POINT('Ctrl Pts',(1.67777777777778,0.567284101918849,-0.05));
#11705=CARTESIAN_POINT('Ctrl Pts',(1.67777777777778,0.567284101918849,0.01));
#11706=CARTESIAN_POINT('Ctrl Pts',(1.67715875770157,0.579884584648636,-0.05));
#11707=CARTESIAN_POINT('Ctrl Pts',(1.67715875770157,0.579884584648636,0.01));
#11708=CARTESIAN_POINT('Ctrl Pts',(1.67594301874609,0.604631597389143,-0.05));
#11709=CARTESIAN_POINT('Ctrl Pts',(1.67594301874609,0.604631597389143,0.01));
#11710=CARTESIAN_POINT('Ctrl Pts',(1.67024970270742,0.640712873847914,-0.05));
#11711=CARTESIAN_POINT('Ctrl Pts',(1.67024970270742,0.640712873847914,0.01));
#11712=CARTESIAN_POINT('Ctrl Pts',(1.66210329460023,0.675200872509956,-0.05));
#11713=CARTESIAN_POINT('Ctrl Pts',(1.66210329460023,0.675200872509956,0.01));
#11714=CARTESIAN_POINT('Ctrl Pts',(1.65058516445766,0.707818679829353,-0.05));
#11715=CARTESIAN_POINT('Ctrl Pts',(1.65058516445766,0.707818679829353,0.01));
#11716=CARTESIAN_POINT('Ctrl Pts',(1.63628064713204,0.738854700110903,-0.05));
#11717=CARTESIAN_POINT('Ctrl Pts',(1.63628064713204,0.738854700110903,0.01));
#11718=CARTESIAN_POINT('Ctrl Pts',(1.61912656742401,0.768185657236601,-0.05));
#11719=CARTESIAN_POINT('Ctrl Pts',(1.61912656742401,0.768185657236601,0.01));
#11720=CARTESIAN_POINT('Ctrl Pts',(1.59880842691162,0.795699659538398,-0.05));
#11721=CARTESIAN_POINT('Ctrl Pts',(1.59880842691162,0.795699659538398,0.01));
#11722=CARTESIAN_POINT('Ctrl Pts',(1.57576496209312,0.821141643106313,-0.05));
#11723=CARTESIAN_POINT('Ctrl Pts',(1.57576496209312,0.821141643106313,0.01));
#11724=CARTESIAN_POINT('Ctrl Pts',(1.55073730218839,0.844481694276589,-0.05));
#11725=CARTESIAN_POINT('Ctrl Pts',(1.55073730218839,0.844481694276589,0.01));
#11726=CARTESIAN_POINT('Ctrl Pts',(1.52373288715786,0.864636970077501,-0.05));
#11727=CARTESIAN_POINT('Ctrl Pts',(1.52373288715786,0.864636970077501,0.01));
#11728=CARTESIAN_POINT('Ctrl Pts',(1.49535593843081,0.881666361179812,-0.05));
#11729=CARTESIAN_POINT('Ctrl Pts',(1.49535593843081,0.881666361179812,0.01));
#11730=CARTESIAN_POINT('Ctrl Pts',(1.46569254874366,0.895902831921784,-0.05));
#11731=CARTESIAN_POINT('Ctrl Pts',(1.46569254874366,0.895902831921784,0.01));
#11732=CARTESIAN_POINT('Ctrl Pts',(1.43440804500068,0.906588928188835,-0.05));
#11733=CARTESIAN_POINT('Ctrl Pts',(1.43440804500068,0.906588928188835,0.01));
#11734=CARTESIAN_POINT('Ctrl Pts',(1.40178632370161,0.914517852545462,-0.05));
#11735=CARTESIAN_POINT('Ctrl Pts',(1.40178632370161,0.914517852545462,0.01));
#11736=CARTESIAN_POINT('Ctrl Pts',(1.36768406102542,0.919288318989843,-0.05));
#11737=CARTESIAN_POINT('Ctrl Pts',(1.36768406102542,0.919288318989843,0.01));
#11738=CARTESIAN_POINT('Ctrl Pts',(1.3444491019779,0.919801092255904,-0.05));
#11739=CARTESIAN_POINT('Ctrl Pts',(1.3444491019779,0.919801092255904,0.01));
#11740=CARTESIAN_POINT('Ctrl Pts',(1.33263221153847,0.920061879696627,-0.05));
#11741=CARTESIAN_POINT('Ctrl Pts',(1.33263221153847,0.920061879696627,0.01));
#11742=CARTESIAN_POINT('',(1.67777777777778,0.567284101918849,-0.05));
#11743=CARTESIAN_POINT('',(1.67777777777778,0.567284101918849,-0.05));
#11744=CARTESIAN_POINT('Ctrl Pts',(1.67777777777778,0.567284101918849,-0.05));
#11745=CARTESIAN_POINT('Ctrl Pts',(1.67715875770157,0.579884584648636,-0.05));
#11746=CARTESIAN_POINT('Ctrl Pts',(1.67594301874609,0.604631597389143,-0.05));
#11747=CARTESIAN_POINT('Ctrl Pts',(1.67024970270742,0.640712873847914,-0.05));
#11748=CARTESIAN_POINT('Ctrl Pts',(1.66210329460023,0.675200872509956,-0.05));
#11749=CARTESIAN_POINT('Ctrl Pts',(1.65058516445766,0.707818679829353,-0.05));
#11750=CARTESIAN_POINT('Ctrl Pts',(1.63628064713204,0.738854700110903,-0.05));
#11751=CARTESIAN_POINT('Ctrl Pts',(1.61912656742401,0.768185657236601,-0.05));
#11752=CARTESIAN_POINT('Ctrl Pts',(1.59880842691162,0.795699659538398,-0.05));
#11753=CARTESIAN_POINT('Ctrl Pts',(1.57576496209312,0.821141643106313,-0.05));
#11754=CARTESIAN_POINT('Ctrl Pts',(1.55073730218839,0.844481694276589,-0.05));
#11755=CARTESIAN_POINT('Ctrl Pts',(1.52373288715786,0.864636970077501,-0.05));
#11756=CARTESIAN_POINT('Ctrl Pts',(1.49535593843081,0.881666361179812,-0.05));
#11757=CARTESIAN_POINT('Ctrl Pts',(1.46569254874366,0.895902831921784,-0.05));
#11758=CARTESIAN_POINT('Ctrl Pts',(1.43440804500068,0.906588928188835,-0.05));
#11759=CARTESIAN_POINT('Ctrl Pts',(1.40178632370161,0.914517852545462,-0.05));
#11760=CARTESIAN_POINT('Ctrl Pts',(1.36768406102542,0.919288318989843,-0.05));
#11761=CARTESIAN_POINT('Ctrl Pts',(1.3444491019779,0.919801092255904,-0.05));
#11762=CARTESIAN_POINT('Ctrl Pts',(1.33263221153847,0.920061879696627,-0.05));
#11763=CARTESIAN_POINT('Origin',(1.58279914529915,0.567284101918849,-0.05));
#11764=CARTESIAN_POINT('',(1.58279914529915,0.567284101918849,-0.05));
#11765=CARTESIAN_POINT('Origin',(1.51158593672097,0.742055299963584,-0.05));
#11766=CARTESIAN_POINT('Origin',(0.673717948717953,0.892925127559875,-0.05));
#11767=CARTESIAN_POINT('',(0.673717948717953,0.892925127559875,-0.05));
#11768=CARTESIAN_POINT('',(0.673717948717953,0.892925127559875,-0.05));
#11769=CARTESIAN_POINT('',(0.239529914529918,0.892925127559875,-0.05));
#11770=CARTESIAN_POINT('',(0.673717948717953,0.892925127559875,-0.05));
#11771=CARTESIAN_POINT('',(0.239529914529918,0.892925127559875,-0.05));
#11772=CARTESIAN_POINT('Origin',(0.782264957264961,0.363758460893209,-0.05));
#11773=CARTESIAN_POINT('',(0.782264957264961,0.363758460893209,-0.05));
#11774=CARTESIAN_POINT('',(0.782264957264961,0.363758460893209,-0.05));
#11775=CARTESIAN_POINT('',(0.782264957264961,0.363758460893209,-0.05));
#11776=CARTESIAN_POINT('Ctrl Pts',(0.549058493589747,0.418031965166713,
-0.05));
#11777=CARTESIAN_POINT('Ctrl Pts',(0.549058493589747,0.418031965166713,
0.01));
#11778=CARTESIAN_POINT('Ctrl Pts',(0.557261764919309,0.417856405459539,
-0.05));
#11779=CARTESIAN_POINT('Ctrl Pts',(0.557261764919309,0.417856405459539,
0.01));
#11780=CARTESIAN_POINT('Ctrl Pts',(0.574199439029397,0.417493919204055,
-0.05));
#11781=CARTESIAN_POINT('Ctrl Pts',(0.574199439029397,0.417493919204055,
0.01));
#11782=CARTESIAN_POINT('Ctrl Pts',(0.600180865207056,0.414824954687523,
-0.05));
#11783=CARTESIAN_POINT('Ctrl Pts',(0.600180865207056,0.414824954687523,
0.01));
#11784=CARTESIAN_POINT('Ctrl Pts',(0.627483362392875,0.41051926327711,-0.05));
#11785=CARTESIAN_POINT('Ctrl Pts',(0.627483362392875,0.41051926327711,0.01));
#11786=CARTESIAN_POINT('Ctrl Pts',(0.656002269382489,0.404596755113809,
-0.05));
#11787=CARTESIAN_POINT('Ctrl Pts',(0.656002269382489,0.404596755113809,
0.01));
#11788=CARTESIAN_POINT('Ctrl Pts',(0.685823232546969,0.396846405712985,
-0.05));
#11789=CARTESIAN_POINT('Ctrl Pts',(0.685823232546969,0.396846405712985,
0.01));
#11790=CARTESIAN_POINT('Ctrl Pts',(0.716883320385931,0.387558925761922,
-0.05));
#11791=CARTESIAN_POINT('Ctrl Pts',(0.716883320385931,0.387558925761922,
0.01));
#11792=CARTESIAN_POINT('Ctrl Pts',(0.749247839095716,0.376454892817573,
-0.05));
#11793=CARTESIAN_POINT('Ctrl Pts',(0.749247839095716,0.376454892817573,
0.01));
#11794=CARTESIAN_POINT('Ctrl Pts',(0.771054865282955,0.368069199613221,
-0.05));
#11795=CARTESIAN_POINT('Ctrl Pts',(0.771054865282955,0.368069199613221,
0.01));
#11796=CARTESIAN_POINT('Ctrl Pts',(0.782264957264961,0.363758460893209,
-0.05));
#11797=CARTESIAN_POINT('Ctrl Pts',(0.782264957264961,0.363758460893209,
0.01));
#11798=CARTESIAN_POINT('',(0.549058493589747,0.418031965166713,-0.05));
#11799=CARTESIAN_POINT('',(0.549058493589747,0.418031965166713,-0.05));
#11800=CARTESIAN_POINT('Ctrl Pts',(0.549058493589747,0.418031965166713,
-0.05));
#11801=CARTESIAN_POINT('Ctrl Pts',(0.557261764919309,0.417856405459539,
-0.05));
#11802=CARTESIAN_POINT('Ctrl Pts',(0.574199439029397,0.417493919204055,
-0.05));
#11803=CARTESIAN_POINT('Ctrl Pts',(0.600180865207056,0.414824954687523,
-0.05));
#11804=CARTESIAN_POINT('Ctrl Pts',(0.627483362392875,0.41051926327711,-0.05));
#11805=CARTESIAN_POINT('Ctrl Pts',(0.656002269382489,0.404596755113809,
-0.05));
#11806=CARTESIAN_POINT('Ctrl Pts',(0.685823232546969,0.396846405712985,
-0.05));
#11807=CARTESIAN_POINT('Ctrl Pts',(0.716883320385931,0.387558925761922,
-0.05));
#11808=CARTESIAN_POINT('Ctrl Pts',(0.749247839095716,0.376454892817573,
-0.05));
#11809=CARTESIAN_POINT('Ctrl Pts',(0.771054865282955,0.368069199613221,
-0.05));
#11810=CARTESIAN_POINT('Ctrl Pts',(0.782264957264961,0.363758460893209,
-0.05));
#11811=CARTESIAN_POINT('Ctrl Pts',(0.293803418803423,0.184401489739362,
-0.05));
#11812=CARTESIAN_POINT('Ctrl Pts',(0.293803418803423,0.184401489739362,
0.01));
#11813=CARTESIAN_POINT('Ctrl Pts',(0.2940025304501,0.192891062253391,-0.05));
#11814=CARTESIAN_POINT('Ctrl Pts',(0.2940025304501,0.192891062253391,0.01));
#11815=CARTESIAN_POINT('Ctrl Pts',(0.294392263167976,0.209508192515317,
-0.05));
#11816=CARTESIAN_POINT('Ctrl Pts',(0.294392263167976,0.209508192515317,
0.01));
#11817=CARTESIAN_POINT('Ctrl Pts',(0.297576507045298,0.233819381129693,
-0.05));
#11818=CARTESIAN_POINT('Ctrl Pts',(0.297576507045298,0.233819381129693,
0.01));
#11819=CARTESIAN_POINT('Ctrl Pts',(0.303115210590346,0.256822420111366,
-0.05));
#11820=CARTESIAN_POINT('Ctrl Pts',(0.303115210590346,0.256822420111366,
0.01));
#11821=CARTESIAN_POINT('Ctrl Pts',(0.310802907621927,0.278628390860031,
-0.05));
#11822=CARTESIAN_POINT('Ctrl Pts',(0.310802907621927,0.278628390860031,
0.01));
#11823=CARTESIAN_POINT('Ctrl Pts',(0.320563615912801,0.299257860331936,
-0.05));
#11824=CARTESIAN_POINT('Ctrl Pts',(0.320563615912801,0.299257860331936,
0.01));
#11825=CARTESIAN_POINT('Ctrl Pts',(0.332491429399684,0.31873211901152,-0.05));
#11826=CARTESIAN_POINT('Ctrl Pts',(0.332491429399684,0.31873211901152,0.01));
#11827=CARTESIAN_POINT('Ctrl Pts',(0.346810194968315,0.336794492391002,
-0.05));
#11828=CARTESIAN_POINT('Ctrl Pts',(0.346810194968315,0.336794492391002,
0.01));
#11829=CARTESIAN_POINT('Ctrl Pts',(0.363166551755839,0.353453431220542,
-0.05));
#11830=CARTESIAN_POINT('Ctrl Pts',(0.363166551755839,0.353453431220542,
0.01));
#11831=CARTESIAN_POINT('Ctrl Pts',(0.381085054612438,0.368827952908363,
-0.05));
#11832=CARTESIAN_POINT('Ctrl Pts',(0.381085054612438,0.368827952908363,
0.01));
#11833=CARTESIAN_POINT('Ctrl Pts',(0.400873995826331,0.381934379049785,
-0.05));
#11834=CARTESIAN_POINT('Ctrl Pts',(0.400873995826331,0.381934379049785,
0.01));
#11835=CARTESIAN_POINT('Ctrl Pts',(0.422119259404864,0.392960373196886,
-0.05));
#11836=CARTESIAN_POINT('Ctrl Pts',(0.422119259404864,0.392960373196886,
0.01));
#11837=CARTESIAN_POINT('Ctrl Pts',(0.444564876387114,0.402475696505293,
-0.05));
#11838=CARTESIAN_POINT('Ctrl Pts',(0.444564876387114,0.402475696505293,
0.01));
#11839=CARTESIAN_POINT('Ctrl Pts',(0.468744738579018,0.409309731423665,
-0.05));
#11840=CARTESIAN_POINT('Ctrl Pts',(0.468744738579018,0.409309731423665,
0.01));
#11841=CARTESIAN_POINT('Ctrl Pts',(0.494180005988979,0.414440496783537,
-0.05));
#11842=CARTESIAN_POINT('Ctrl Pts',(0.494180005988979,0.414440496783537,
0.01));
#11843=CARTESIAN_POINT('Ctrl Pts',(0.521145343868178,0.417408475498156,
-0.05));
#11844=CARTESIAN_POINT('Ctrl Pts',(0.521145343868178,0.417408475498156,
0.01));
#11845=CARTESIAN_POINT('Ctrl Pts',(0.539581718613445,0.417820284602251,
-0.05));
#11846=CARTESIAN_POINT('Ctrl Pts',(0.539581718613445,0.417820284602251,
0.01));
#11847=CARTESIAN_POINT('Ctrl Pts',(0.549058493589747,0.418031965166713,
-0.05));
#11848=CARTESIAN_POINT('Ctrl Pts',(0.549058493589747,0.418031965166713,
0.01));
#11849=CARTESIAN_POINT('',(0.293803418803423,0.184401489739362,-0.05));
#11850=CARTESIAN_POINT('',(0.293803418803423,0.184401489739362,-0.05));
#11851=CARTESIAN_POINT('Ctrl Pts',(0.293803418803423,0.184401489739362,
-0.05));
#11852=CARTESIAN_POINT('Ctrl Pts',(0.2940025304501,0.192891062253391,-0.05));
#11853=CARTESIAN_POINT('Ctrl Pts',(0.294392263167976,0.209508192515317,
-0.05));
#11854=CARTESIAN_POINT('Ctrl Pts',(0.297576507045298,0.233819381129693,
-0.05));
#11855=CARTESIAN_POINT('Ctrl Pts',(0.303115210590346,0.256822420111366,
-0.05));
#11856=CARTESIAN_POINT('Ctrl Pts',(0.310802907621927,0.278628390860031,
-0.05));
#11857=CARTESIAN_POINT('Ctrl Pts',(0.320563615912801,0.299257860331936,
-0.05));
#11858=CARTESIAN_POINT('Ctrl Pts',(0.332491429399684,0.31873211901152,-0.05));
#11859=CARTESIAN_POINT('Ctrl Pts',(0.346810194968315,0.336794492391002,
-0.05));
#11860=CARTESIAN_POINT('Ctrl Pts',(0.363166551755839,0.353453431220542,
-0.05));
#11861=CARTESIAN_POINT('Ctrl Pts',(0.381085054612438,0.368827952908363,
-0.05));
#11862=CARTESIAN_POINT('Ctrl Pts',(0.400873995826331,0.381934379049785,
-0.05));
#11863=CARTESIAN_POINT('Ctrl Pts',(0.422119259404864,0.392960373196886,
-0.05));
#11864=CARTESIAN_POINT('Ctrl Pts',(0.444564876387114,0.402475696505293,
-0.05));
#11865=CARTESIAN_POINT('Ctrl Pts',(0.468744738579018,0.409309731423665,
-0.05));
#11866=CARTESIAN_POINT('Ctrl Pts',(0.494180005988979,0.414440496783537,
-0.05));
#11867=CARTESIAN_POINT('Ctrl Pts',(0.521145343868178,0.417408475498156,
-0.05));
#11868=CARTESIAN_POINT('Ctrl Pts',(0.539581718613445,0.417820284602251,
-0.05));
#11869=CARTESIAN_POINT('Ctrl Pts',(0.549058493589747,0.418031965166713,
-0.05));
#11870=CARTESIAN_POINT('Ctrl Pts',(0.562414863782055,-0.0839979493632017,
-0.05));
#11871=CARTESIAN_POINT('Ctrl Pts',(0.562414863782055,-0.0839979493632017,
0.00999999999999998));
#11872=CARTESIAN_POINT('Ctrl Pts',(0.553356000827304,-0.0837497617585633,
-0.05));
#11873=CARTESIAN_POINT('Ctrl Pts',(0.553356000827304,-0.0837497617585633,
0.00999999999999998));
#11874=CARTESIAN_POINT('Ctrl Pts',(0.535519025546473,-0.0832610783342686,
-0.05));
#11875=CARTESIAN_POINT('Ctrl Pts',(0.535519025546473,-0.0832610783342686,
0.00999999999999998));
#11876=CARTESIAN_POINT('Ctrl Pts',(0.509268915760731,-0.0794997580118602,
-0.05));
#11877=CARTESIAN_POINT('Ctrl Pts',(0.509268915760731,-0.0794997580118602,
0.00999999999999998));
#11878=CARTESIAN_POINT('Ctrl Pts',(0.483925499037704,-0.0737068733545573,
-0.05));
#11879=CARTESIAN_POINT('Ctrl Pts',(0.483925499037704,-0.0737068733545573,
0.00999999999999998));
#11880=CARTESIAN_POINT('Ctrl Pts',(0.459738845922493,-0.0650376552999405,
-0.05));
#11881=CARTESIAN_POINT('Ctrl Pts',(0.459738845922493,-0.0650376552999405,
0.00999999999999998));
#11882=CARTESIAN_POINT('Ctrl Pts',(0.436285713713425,-0.0545012761568978,
-0.05));
#11883=CARTESIAN_POINT('Ctrl Pts',(0.436285713713425,-0.0545012761568978,
0.00999999999999998));
#11884=CARTESIAN_POINT('Ctrl Pts',(0.414159359323584,-0.0409802889459056,
-0.05));
#11885=CARTESIAN_POINT('Ctrl Pts',(0.414159359323584,-0.0409802889459056,
0.00999999999999998));
#11886=CARTESIAN_POINT('Ctrl Pts',(0.392719679807239,-0.0254197595589629,
-0.05));
#11887=CARTESIAN_POINT('Ctrl Pts',(0.392719679807239,-0.0254197595589629,
0.00999999999999998));
#11888=CARTESIAN_POINT('Ctrl Pts',(0.372633077528254,-0.00759239761727233,
-0.05));
#11889=CARTESIAN_POINT('Ctrl Pts',(0.372633077528254,-0.00759239761727233,
0.00999999999999998));
#11890=CARTESIAN_POINT('Ctrl Pts',(0.354236386918817,0.0120532005175968,
-0.05));
#11891=CARTESIAN_POINT('Ctrl Pts',(0.354236386918817,0.0120532005175968,
0.00999999999999998));
#11892=CARTESIAN_POINT('Ctrl Pts',(0.337981559814037,0.0330618409103677,
-0.05));
#11893=CARTESIAN_POINT('Ctrl Pts',(0.337981559814037,0.0330618409103677,
0.00999999999999998));
#11894=CARTESIAN_POINT('Ctrl Pts',(0.324441874087558,0.0554733635554752,
-0.05));
#11895=CARTESIAN_POINT('Ctrl Pts',(0.324441874087558,0.0554733635554752,
0.00999999999999998));
#11896=CARTESIAN_POINT('Ctrl Pts',(0.313031798310295,0.0788997692984911,
-0.05));
#11897=CARTESIAN_POINT('Ctrl Pts',(0.313031798310295,0.0788997692984911,
0.00999999999999998));
#11898=CARTESIAN_POINT('Ctrl Pts',(0.304367586523451,0.103597809207211,
-0.05));
#11899=CARTESIAN_POINT('Ctrl Pts',(0.304367586523451,0.103597809207211,
0.00999999999999998));
#11900=CARTESIAN_POINT('Ctrl Pts',(0.298186623153699,0.129451735985539,
-0.05));
#11901=CARTESIAN_POINT('Ctrl Pts',(0.298186623153699,0.129451735985539,
0.00999999999999998));
#11902=CARTESIAN_POINT('Ctrl Pts',(0.294557126796678,0.156525408571769,
-0.05));
#11903=CARTESIAN_POINT('Ctrl Pts',(0.294557126796678,0.156525408571769,
0.00999999999999998));
#11904=CARTESIAN_POINT('Ctrl Pts',(0.294057841424201,0.17499160462315,-0.05));
#11905=CARTESIAN_POINT('Ctrl Pts',(0.294057841424201,0.17499160462315,0.00999999999999998));
#11906=CARTESIAN_POINT('Ctrl Pts',(0.293803418803423,0.184401489739362,
-0.05));
#11907=CARTESIAN_POINT('Ctrl Pts',(0.293803418803423,0.184401489739362,
0.00999999999999998));
#11908=CARTESIAN_POINT('',(0.562414863782055,-0.0839979493632017,-0.05));
#11909=CARTESIAN_POINT('',(0.562414863782055,-0.0839979493632017,-0.05));
#11910=CARTESIAN_POINT('Ctrl Pts',(0.562414863782055,-0.0839979493632017,
-0.05));
#11911=CARTESIAN_POINT('Ctrl Pts',(0.553356000827304,-0.0837497617585633,
-0.05));
#11912=CARTESIAN_POINT('Ctrl Pts',(0.535519025546473,-0.0832610783342686,
-0.05));
#11913=CARTESIAN_POINT('Ctrl Pts',(0.509268915760731,-0.0794997580118602,
-0.05));
#11914=CARTESIAN_POINT('Ctrl Pts',(0.483925499037704,-0.0737068733545573,
-0.05));
#11915=CARTESIAN_POINT('Ctrl Pts',(0.459738845922493,-0.0650376552999405,
-0.05));
#11916=CARTESIAN_POINT('Ctrl Pts',(0.436285713713425,-0.0545012761568978,
-0.05));
#11917=CARTESIAN_POINT('Ctrl Pts',(0.414159359323584,-0.0409802889459056,
-0.05));
#11918=CARTESIAN_POINT('Ctrl Pts',(0.392719679807239,-0.0254197595589629,
-0.05));
#11919=CARTESIAN_POINT('Ctrl Pts',(0.372633077528254,-0.00759239761727233,
-0.05));
#11920=CARTESIAN_POINT('Ctrl Pts',(0.354236386918817,0.0120532005175968,
-0.05));
#11921=CARTESIAN_POINT('Ctrl Pts',(0.337981559814037,0.0330618409103677,
-0.05));
#11922=CARTESIAN_POINT('Ctrl Pts',(0.324441874087558,0.0554733635554752,
-0.05));
#11923=CARTESIAN_POINT('Ctrl Pts',(0.313031798310295,0.0788997692984911,
-0.05));
#11924=CARTESIAN_POINT('Ctrl Pts',(0.304367586523451,0.103597809207211,
-0.05));
#11925=CARTESIAN_POINT('Ctrl Pts',(0.298186623153699,0.129451735985539,
-0.05));
#11926=CARTESIAN_POINT('Ctrl Pts',(0.294557126796678,0.156525408571769,
-0.05));
#11927=CARTESIAN_POINT('Ctrl Pts',(0.294057841424201,0.17499160462315,-0.05));
#11928=CARTESIAN_POINT('Ctrl Pts',(0.293803418803423,0.184401489739362,
-0.05));
#11929=CARTESIAN_POINT('Ctrl Pts',(0.795833333333337,0.105959315594063,
-0.05));
#11930=CARTESIAN_POINT('Ctrl Pts',(0.795833333333337,0.105959315594063,
0.00999999999999997));
#11931=CARTESIAN_POINT('Ctrl Pts',(0.793496364789169,0.0958669121155423,
-0.05));
#11932=CARTESIAN_POINT('Ctrl Pts',(0.793496364789169,0.0958669121155423,
0.00999999999999997));
#11933=CARTESIAN_POINT('Ctrl Pts',(0.789004581484428,0.0764687522375918,
-0.05));
#11934=CARTESIAN_POINT('Ctrl Pts',(0.789004581484428,0.0764687522375918,
0.00999999999999997));
#11935=CARTESIAN_POINT('Ctrl Pts',(0.77914522412371,0.0492147514059248,
-0.05));
#11936=CARTESIAN_POINT('Ctrl Pts',(0.77914522412371,0.0492147514059248,
0.00999999999999997));
#11937=CARTESIAN_POINT('Ctrl Pts',(0.767090542730769,0.024927748056274,
-0.05));
#11938=CARTESIAN_POINT('Ctrl Pts',(0.767090542730769,0.024927748056274,
0.00999999999999997));
#11939=CARTESIAN_POINT('Ctrl Pts',(0.752756370709355,0.00328646930451108,
-0.05));
#11940=CARTESIAN_POINT('Ctrl Pts',(0.752756370709355,0.00328646930451108,
0.00999999999999997));
#11941=CARTESIAN_POINT('Ctrl Pts',(0.73565671863376,-0.0155848227278305,
-0.05));
#11942=CARTESIAN_POINT('Ctrl Pts',(0.73565671863376,-0.0155848227278305,
0.00999999999999997));
#11943=CARTESIAN_POINT('Ctrl Pts',(0.716144248454087,-0.0324023628852026,
-0.05));
#11944=CARTESIAN_POINT('Ctrl Pts',(0.716144248454087,-0.0324023628852026,
0.00999999999999997));
#11945=CARTESIAN_POINT('Ctrl Pts',(0.694267675010511,-0.0475743662770999,
-0.05));
#11946=CARTESIAN_POINT('Ctrl Pts',(0.694267675010511,-0.0475743662770999,
0.00999999999999997));
#11947=CARTESIAN_POINT('Ctrl Pts',(0.669958293703305,-0.0602207744534301,
-0.05));
#11948=CARTESIAN_POINT('Ctrl Pts',(0.669958293703305,-0.0602207744534301,
0.00999999999999997));
#11949=CARTESIAN_POINT('Ctrl Pts',(0.64431243400405,-0.0710063260767709,
-0.05));
#11950=CARTESIAN_POINT('Ctrl Pts',(0.64431243400405,-0.0710063260767709,
0.00999999999999997));
#11951=CARTESIAN_POINT('Ctrl Pts',(0.617470920501151,-0.0781883862169191,
-0.05));
#11952=CARTESIAN_POINT('Ctrl Pts',(0.617470920501151,-0.0781883862169191,
0.00999999999999997));
#11953=CARTESIAN_POINT('Ctrl Pts',(0.590164606211083,-0.0832384181003406,
-0.05));
#11954=CARTESIAN_POINT('Ctrl Pts',(0.590164606211083,-0.0832384181003406,
0.00999999999999997));
#11955=CARTESIAN_POINT('Ctrl Pts',(0.57169567046119,-0.0837439267236979,
-0.05));
#11956=CARTESIAN_POINT('Ctrl Pts',(0.57169567046119,-0.0837439267236979,
0.00999999999999997));
#11957=CARTESIAN_POINT('Ctrl Pts',(0.562414863782055,-0.0839979493632017,
-0.05));
#11958=CARTESIAN_POINT('Ctrl Pts',(0.562414863782055,-0.0839979493632017,
0.00999999999999997));
#11959=CARTESIAN_POINT('',(0.795833333333337,0.105959315594063,-0.05));
#11960=CARTESIAN_POINT('',(0.795833333333337,0.105959315594063,-0.05));
#11961=CARTESIAN_POINT('Ctrl Pts',(0.795833333333337,0.105959315594063,
-0.05));
#11962=CARTESIAN_POINT('Ctrl Pts',(0.793496364789169,0.0958669121155423,
-0.05));
#11963=CARTESIAN_POINT('Ctrl Pts',(0.789004581484428,0.0764687522375918,
-0.05));
#11964=CARTESIAN_POINT('Ctrl Pts',(0.77914522412371,0.0492147514059248,
-0.05));
#11965=CARTESIAN_POINT('Ctrl Pts',(0.767090542730769,0.024927748056274,
-0.05));
#11966=CARTESIAN_POINT('Ctrl Pts',(0.752756370709355,0.00328646930451108,
-0.05));
#11967=CARTESIAN_POINT('Ctrl Pts',(0.73565671863376,-0.0155848227278305,
-0.05));
#11968=CARTESIAN_POINT('Ctrl Pts',(0.716144248454087,-0.0324023628852026,
-0.05));
#11969=CARTESIAN_POINT('Ctrl Pts',(0.694267675010511,-0.0475743662770999,
-0.05));
#11970=CARTESIAN_POINT('Ctrl Pts',(0.669958293703305,-0.0602207744534301,
-0.05));
#11971=CARTESIAN_POINT('Ctrl Pts',(0.64431243400405,-0.0710063260767709,
-0.05));
#11972=CARTESIAN_POINT('Ctrl Pts',(0.617470920501151,-0.0781883862169191,
-0.05));
#11973=CARTESIAN_POINT('Ctrl Pts',(0.590164606211083,-0.0832384181003406,
-0.05));
#11974=CARTESIAN_POINT('Ctrl Pts',(0.57169567046119,-0.0837439267236979,
-0.05));
#11975=CARTESIAN_POINT('Ctrl Pts',(0.562414863782055,-0.0839979493632017,
-0.05));
#11976=CARTESIAN_POINT('Origin',(0.89081196581197,0.105959315594063,-0.05));
#11977=CARTESIAN_POINT('',(0.89081196581197,0.105959315594063,-0.05));
#11978=CARTESIAN_POINT('',(0.89081196581197,0.105959315594063,-0.05));
#11979=CARTESIAN_POINT('',(0.89081196581197,0.105959315594063,-0.05));
#11980=CARTESIAN_POINT('Ctrl Pts',(0.567927016559833,-0.19254495791021,
-0.05));
#11981=CARTESIAN_POINT('Ctrl Pts',(0.567927016559833,-0.19254495791021,
0.00999999999999999));
#11982=CARTESIAN_POINT('Ctrl Pts',(0.578472304534073,-0.192336061662619,
-0.05));
#11983=CARTESIAN_POINT('Ctrl Pts',(0.578472304534073,-0.192336061662619,
0.00999999999999999));
#11984=CARTESIAN_POINT('Ctrl Pts',(0.599218912865962,-0.191925082973239,
-0.05));
#11985=CARTESIAN_POINT('Ctrl Pts',(0.599218912865962,-0.191925082973239,
0.00999999999999999));
#11986=CARTESIAN_POINT('Ctrl Pts',(0.629614417670935,-0.187625683860697,
-0.05));
#11987=CARTESIAN_POINT('Ctrl Pts',(0.629614417670935,-0.187625683860697,
0.00999999999999999));
#11988=CARTESIAN_POINT('Ctrl Pts',(0.658859072249672,-0.181468023427714,
-0.05));
#11989=CARTESIAN_POINT('Ctrl Pts',(0.658859072249672,-0.181468023427714,
0.00999999999999999));
#11990=CARTESIAN_POINT('Ctrl Pts',(0.686717459980607,-0.17220419897357,
-0.05));
#11991=CARTESIAN_POINT('Ctrl Pts',(0.686717459980607,-0.17220419897357,
0.00999999999999999));
#11992=CARTESIAN_POINT('Ctrl Pts',(0.713439246862905,-0.160596612245813,
-0.05));
#11993=CARTESIAN_POINT('Ctrl Pts',(0.713439246862905,-0.160596612245813,
0.00999999999999999));
#11994=CARTESIAN_POINT('Ctrl Pts',(0.738664687718105,-0.145926246103148,
-0.05));
#11995=CARTESIAN_POINT('Ctrl Pts',(0.738664687718105,-0.145926246103148,
0.00999999999999999));
#11996=CARTESIAN_POINT('Ctrl Pts',(0.763038339046866,-0.129301612351065,
-0.05));
#11997=CARTESIAN_POINT('Ctrl Pts',(0.763038339046866,-0.129301612351065,
0.00999999999999999));
#11998=CARTESIAN_POINT('Ctrl Pts',(0.785569359683025,-0.109683029430761,
-0.05));
#11999=CARTESIAN_POINT('Ctrl Pts',(0.785569359683025,-0.109683029430761,
0.00999999999999999));
#12000=CARTESIAN_POINT('Ctrl Pts',(0.806480851136943,-0.0882394779590256,
-0.05));
#12001=CARTESIAN_POINT('Ctrl Pts',(0.806480851136943,-0.0882394779590256,
0.00999999999999999));
#12002=CARTESIAN_POINT('Ctrl Pts',(0.825200200247734,-0.0649689531303363,
-0.05));
#12003=CARTESIAN_POINT('Ctrl Pts',(0.825200200247734,-0.0649689531303363,
0.00999999999999999));
#12004=CARTESIAN_POINT('Ctrl Pts',(0.841871543689533,-0.0402555265947784,
-0.05));
#12005=CARTESIAN_POINT('Ctrl Pts',(0.841871543689533,-0.0402555265947784,
0.00999999999999999));
#12006=CARTESIAN_POINT('Ctrl Pts',(0.856227910040921,-0.0139791800052156,
-0.05));
#12007=CARTESIAN_POINT('Ctrl Pts',(0.856227910040921,-0.0139791800052156,
0.00999999999999999));
#12008=CARTESIAN_POINT('Ctrl Pts',(0.868473740296117,0.0137910424449745,
-0.05));
#12009=CARTESIAN_POINT('Ctrl Pts',(0.868473740296117,0.0137910424449745,
0.00999999999999999));
#12010=CARTESIAN_POINT('Ctrl Pts',(0.878093986751216,0.043159187952776,
-0.05));
#12011=CARTESIAN_POINT('Ctrl Pts',(0.878093986751216,0.043159187952776,
0.00999999999999999));
#12012=CARTESIAN_POINT('Ctrl Pts',(0.885858632174493,0.0739718081915948,
-0.05));
#12013=CARTESIAN_POINT('Ctrl Pts',(0.885858632174493,0.0739718081915948,
0.00999999999999999));
#12014=CARTESIAN_POINT('Ctrl Pts',(0.889143523604248,0.0951848934823989,
-0.05));
#12015=CARTESIAN_POINT('Ctrl Pts',(0.889143523604248,0.0951848934823989,
0.00999999999999999));
#12016=CARTESIAN_POINT('Ctrl Pts',(0.89081196581197,0.105959315594063,-0.05));
#12017=CARTESIAN_POINT('Ctrl Pts',(0.89081196581197,0.105959315594063,0.00999999999999999));
#12018=CARTESIAN_POINT('',(0.567927016559833,-0.19254495791021,-0.05));
#12019=CARTESIAN_POINT('',(0.567927016559833,-0.19254495791021,-0.05));
#12020=CARTESIAN_POINT('Ctrl Pts',(0.567927016559833,-0.19254495791021,
-0.05));
#12021=CARTESIAN_POINT('Ctrl Pts',(0.578472304534073,-0.192336061662619,
-0.05));
#12022=CARTESIAN_POINT('Ctrl Pts',(0.599218912865962,-0.191925082973239,
-0.05));
#12023=CARTESIAN_POINT('Ctrl Pts',(0.629614417670935,-0.187625683860697,
-0.05));
#12024=CARTESIAN_POINT('Ctrl Pts',(0.658859072249672,-0.181468023427714,
-0.05));
#12025=CARTESIAN_POINT('Ctrl Pts',(0.686717459980607,-0.17220419897357,
-0.05));
#12026=CARTESIAN_POINT('Ctrl Pts',(0.713439246862905,-0.160596612245813,
-0.05));
#12027=CARTESIAN_POINT('Ctrl Pts',(0.738664687718105,-0.145926246103148,
-0.05));
#12028=CARTESIAN_POINT('Ctrl Pts',(0.763038339046866,-0.129301612351065,
-0.05));
#12029=CARTESIAN_POINT('Ctrl Pts',(0.785569359683025,-0.109683029430761,
-0.05));
#12030=CARTESIAN_POINT('Ctrl Pts',(0.806480851136943,-0.0882394779590256,
-0.05));
#12031=CARTESIAN_POINT('Ctrl Pts',(0.825200200247734,-0.0649689531303363,
-0.05));
#12032=CARTESIAN_POINT('Ctrl Pts',(0.841871543689533,-0.0402555265947784,
-0.05));
#12033=CARTESIAN_POINT('Ctrl Pts',(0.856227910040921,-0.0139791800052156,
-0.05));
#12034=CARTESIAN_POINT('Ctrl Pts',(0.868473740296117,0.0137910424449745,
-0.05));
#12035=CARTESIAN_POINT('Ctrl Pts',(0.878093986751216,0.043159187952776,
-0.05));
#12036=CARTESIAN_POINT('Ctrl Pts',(0.885858632174493,0.0739718081915948,
-0.05));
#12037=CARTESIAN_POINT('Ctrl Pts',(0.889143523604248,0.0951848934823989,
-0.05));
#12038=CARTESIAN_POINT('Ctrl Pts',(0.89081196581197,0.105959315594063,-0.05));
#12039=CARTESIAN_POINT('Ctrl Pts',(0.19882478632479,0.180373378094063,-0.05));
#12040=CARTESIAN_POINT('Ctrl Pts',(0.19882478632479,0.180373378094063,0.01));
#12041=CARTESIAN_POINT('Ctrl Pts',(0.199025892419357,0.171748801940018,
-0.05));
#12042=CARTESIAN_POINT('Ctrl Pts',(0.199025892419357,0.171748801940018,
0.01));
#12043=CARTESIAN_POINT('Ctrl Pts',(0.199425386833638,0.154616203315894,
-0.05));
#12044=CARTESIAN_POINT('Ctrl Pts',(0.199425386833638,0.154616203315894,
0.01));
#12045=CARTESIAN_POINT('Ctrl Pts',(0.20145695976523,0.12917259977534,-0.05));
#12046=CARTESIAN_POINT('Ctrl Pts',(0.20145695976523,0.12917259977534,0.01));
#12047=CARTESIAN_POINT('Ctrl Pts',(0.205368473908447,0.104267647867108,
-0.05));
#12048=CARTESIAN_POINT('Ctrl Pts',(0.205368473908447,0.104267647867108,
0.01));
#12049=CARTESIAN_POINT('Ctrl Pts',(0.210620142863718,0.0798980436682606,
-0.05));
#12050=CARTESIAN_POINT('Ctrl Pts',(0.210620142863718,0.0798980436682606,
0.01));
#12051=CARTESIAN_POINT('Ctrl Pts',(0.217436540677097,0.0561099239855259,
-0.05));
#12052=CARTESIAN_POINT('Ctrl Pts',(0.217436540677097,0.0561099239855259,
0.01));
#12053=CARTESIAN_POINT('Ctrl Pts',(0.225688230785658,0.0328352000648116,
-0.05));
#12054=CARTESIAN_POINT('Ctrl Pts',(0.225688230785658,0.0328352000648116,
0.01));
#12055=CARTESIAN_POINT('Ctrl Pts',(0.235786553389829,0.0102187356448559,
-0.05));
#12056=CARTESIAN_POINT('Ctrl Pts',(0.235786553389829,0.0102187356448559,
0.01));
#12057=CARTESIAN_POINT('Ctrl Pts',(0.246863183527646,-0.0119534671361432,
-0.05));
#12058=CARTESIAN_POINT('Ctrl Pts',(0.246863183527646,-0.0119534671361432,
0.01));
#12059=CARTESIAN_POINT('Ctrl Pts',(0.259335332838325,-0.0331801585974037,
-0.05));
#12060=CARTESIAN_POINT('Ctrl Pts',(0.259335332838325,-0.0331801585974037,
0.01));
#12061=CARTESIAN_POINT('Ctrl Pts',(0.273177881486059,-0.0530311616710253,
-0.05));
#12062=CARTESIAN_POINT('Ctrl Pts',(0.273177881486059,-0.0530311616710253,
0.01));
#12063=CARTESIAN_POINT('Ctrl Pts',(0.287802684784239,-0.0718042658328176,
-0.05));
#12064=CARTESIAN_POINT('Ctrl Pts',(0.287802684784239,-0.0718042658328176,
0.01));
#12065=CARTESIAN_POINT('Ctrl Pts',(0.303539008482338,-0.0892981327189292,
-0.05));
#12066=CARTESIAN_POINT('Ctrl Pts',(0.303539008482338,-0.0892981327189292,
0.01));
#12067=CARTESIAN_POINT('Ctrl Pts',(0.320533118909242,-0.10539780717705,
-0.05));
#12068=CARTESIAN_POINT('Ctrl Pts',(0.320533118909242,-0.10539780717705,
0.01));
#12069=CARTESIAN_POINT('Ctrl Pts',(0.338579204126949,-0.120198835156224,
-0.05));
#12070=CARTESIAN_POINT('Ctrl Pts',(0.338579204126949,-0.120198835156224,
0.01));
#12071=CARTESIAN_POINT('Ctrl Pts',(0.357533264404803,-0.133951523128826,
-0.05));
#12072=CARTESIAN_POINT('Ctrl Pts',(0.357533264404803,-0.133951523128826,
0.01));
#12073=CARTESIAN_POINT('Ctrl Pts',(0.377688540058998,-0.146097620241419,
-0.05));
#12074=CARTESIAN_POINT('Ctrl Pts',(0.377688540058998,-0.146097620241419,
0.01));
#12075=CARTESIAN_POINT('Ctrl Pts',(0.398595909907504,-0.157274514125716,
-0.05));
#12076=CARTESIAN_POINT('Ctrl Pts',(0.398595909907504,-0.157274514125716,
0.01));
#12077=CARTESIAN_POINT('Ctrl Pts',(0.420557299376174,-0.166443774224736,
-0.05));
#12078=CARTESIAN_POINT('Ctrl Pts',(0.420557299376174,-0.166443774224736,
0.01));
#12079=CARTESIAN_POINT('Ctrl Pts',(0.443072796895467,-0.174641481526614,
-0.05));
#12080=CARTESIAN_POINT('Ctrl Pts',(0.443072796895467,-0.174641481526614,
0.01));
#12081=CARTESIAN_POINT('Ctrl Pts',(0.466466461658667,-0.181175791066311,
-0.05));
#12082=CARTESIAN_POINT('Ctrl Pts',(0.466466461658667,-0.181175791066311,
0.01));
#12083=CARTESIAN_POINT('Ctrl Pts',(0.490685304997243,-0.186295873028107,
-0.05));
#12084=CARTESIAN_POINT('Ctrl Pts',(0.490685304997243,-0.186295873028107,
0.01));
#12085=CARTESIAN_POINT('Ctrl Pts',(0.515769249012066,-0.189773435591235,
-0.05));
#12086=CARTESIAN_POINT('Ctrl Pts',(0.515769249012066,-0.189773435591235,
0.01));
#12087=CARTESIAN_POINT('Ctrl Pts',(0.541586737328771,-0.192306310731044,
-0.05));
#12088=CARTESIAN_POINT('Ctrl Pts',(0.541586737328771,-0.192306310731044,
0.01));
#12089=CARTESIAN_POINT('Ctrl Pts',(0.559087038751732,-0.192464866285164,
-0.05));
#12090=CARTESIAN_POINT('Ctrl Pts',(0.559087038751732,-0.192464866285164,
0.01));
#12091=CARTESIAN_POINT('Ctrl Pts',(0.567927016559833,-0.19254495791021,
-0.05));
#12092=CARTESIAN_POINT('Ctrl Pts',(0.567927016559833,-0.19254495791021,
0.01));
#12093=CARTESIAN_POINT('',(0.19882478632479,0.180373378094063,-0.05));
#12094=CARTESIAN_POINT('',(0.19882478632479,0.180373378094063,-0.05));
#12095=CARTESIAN_POINT('Ctrl Pts',(0.19882478632479,0.180373378094063,-0.05));
#12096=CARTESIAN_POINT('Ctrl Pts',(0.199025892419357,0.171748801940018,
-0.05));
#12097=CARTESIAN_POINT('Ctrl Pts',(0.199425386833638,0.154616203315894,
-0.05));
#12098=CARTESIAN_POINT('Ctrl Pts',(0.20145695976523,0.12917259977534,-0.05));
#12099=CARTESIAN_POINT('Ctrl Pts',(0.205368473908447,0.104267647867108,
-0.05));
#12100=CARTESIAN_POINT('Ctrl Pts',(0.210620142863718,0.0798980436682606,
-0.05));
#12101=CARTESIAN_POINT('Ctrl Pts',(0.217436540677097,0.0561099239855259,
-0.05));
#12102=CARTESIAN_POINT('Ctrl Pts',(0.225688230785658,0.0328352000648116,
-0.05));
#12103=CARTESIAN_POINT('Ctrl Pts',(0.235786553389829,0.0102187356448559,
-0.05));
#12104=CARTESIAN_POINT('Ctrl Pts',(0.246863183527646,-0.0119534671361432,
-0.05));
#12105=CARTESIAN_POINT('Ctrl Pts',(0.259335332838325,-0.0331801585974037,
-0.05));
#12106=CARTESIAN_POINT('Ctrl Pts',(0.273177881486059,-0.0530311616710253,
-0.05));
#12107=CARTESIAN_POINT('Ctrl Pts',(0.287802684784239,-0.0718042658328176,
-0.05));
#12108=CARTESIAN_POINT('Ctrl Pts',(0.303539008482338,-0.0892981327189292,
-0.05));
#12109=CARTESIAN_POINT('Ctrl Pts',(0.320533118909242,-0.10539780717705,
-0.05));
#12110=CARTESIAN_POINT('Ctrl Pts',(0.338579204126949,-0.120198835156224,
-0.05));
#12111=CARTESIAN_POINT('Ctrl Pts',(0.357533264404803,-0.133951523128826,
-0.05));
#12112=CARTESIAN_POINT('Ctrl Pts',(0.377688540058998,-0.146097620241419,
-0.05));
#12113=CARTESIAN_POINT('Ctrl Pts',(0.398595909907504,-0.157274514125716,
-0.05));
#12114=CARTESIAN_POINT('Ctrl Pts',(0.420557299376174,-0.166443774224736,
-0.05));
#12115=CARTESIAN_POINT('Ctrl Pts',(0.443072796895467,-0.174641481526614,
-0.05));
#12116=CARTESIAN_POINT('Ctrl Pts',(0.466466461658667,-0.181175791066311,
-0.05));
#12117=CARTESIAN_POINT('Ctrl Pts',(0.490685304997243,-0.186295873028107,
-0.05));
#12118=CARTESIAN_POINT('Ctrl Pts',(0.515769249012066,-0.189773435591235,
-0.05));
#12119=CARTESIAN_POINT('Ctrl Pts',(0.541586737328771,-0.192306310731044,
-0.05));
#12120=CARTESIAN_POINT('Ctrl Pts',(0.559087038751732,-0.192464866285164,
-0.05));
#12121=CARTESIAN_POINT('Ctrl Pts',(0.567927016559833,-0.19254495791021,
-0.05));
#12122=CARTESIAN_POINT('Ctrl Pts',(0.531886017628209,0.526578973713721,
-0.05));
#12123=CARTESIAN_POINT('Ctrl Pts',(0.531886017628209,0.526578973713721,
0.01));
#12124=CARTESIAN_POINT('Ctrl Pts',(0.520067839191424,0.526323178872723,
-0.05));
#12125=CARTESIAN_POINT('Ctrl Pts',(0.520067839191424,0.526323178872723,
0.01));
#12126=CARTESIAN_POINT('Ctrl Pts',(0.496830347619302,0.525820222305119,
-0.05));
#12127=CARTESIAN_POINT('Ctrl Pts',(0.496830347619302,0.525820222305119,
0.01));
#12128=CARTESIAN_POINT('Ctrl Pts',(0.462830951742657,0.520990639258867,
-0.05));
#12129=CARTESIAN_POINT('Ctrl Pts',(0.462830951742657,0.520990639258867,
0.01));
#12130=CARTESIAN_POINT('Ctrl Pts',(0.430375529269559,0.513388807930195,
-0.05));
#12131=CARTESIAN_POINT('Ctrl Pts',(0.430375529269559,0.513388807930195,
0.01));
#12132=CARTESIAN_POINT('Ctrl Pts',(0.39953195543052,0.502769031119338,-0.05));
#12133=CARTESIAN_POINT('Ctrl Pts',(0.39953195543052,0.502769031119338,0.01));
#12134=CARTESIAN_POINT('Ctrl Pts',(0.370243169880677,0.489189183224859,
-0.05));
#12135=CARTESIAN_POINT('Ctrl Pts',(0.370243169880677,0.489189183224859,
0.01));
#12136=CARTESIAN_POINT('Ctrl Pts',(0.342778645337757,0.472225629830948,
-0.05));
#12137=CARTESIAN_POINT('Ctrl Pts',(0.342778645337757,0.472225629830948,
0.01));
#12138=CARTESIAN_POINT('Ctrl Pts',(0.316726133553645,0.452409598745222,
-0.05));
#12139=CARTESIAN_POINT('Ctrl Pts',(0.316726133553645,0.452409598745222,
0.01));
#12140=CARTESIAN_POINT('Ctrl Pts',(0.292553015857978,0.429626702271718,
-0.05));
#12141=CARTESIAN_POINT('Ctrl Pts',(0.292553015857978,0.429626702271718,
0.01));
#12142=CARTESIAN_POINT('Ctrl Pts',(0.270623046484148,0.40455278482523,-0.05));
#12143=CARTESIAN_POINT('Ctrl Pts',(0.270623046484148,0.40455278482523,0.01));
#12144=CARTESIAN_POINT('Ctrl Pts',(0.251341425799132,0.377593142866843,
-0.05));
#12145=CARTESIAN_POINT('Ctrl Pts',(0.251341425799132,0.377593142866843,
0.01));
#12146=CARTESIAN_POINT('Ctrl Pts',(0.234963690159506,0.349009778364245,
-0.05));
#12147=CARTESIAN_POINT('Ctrl Pts',(0.234963690159506,0.349009778364245,
0.01));
#12148=CARTESIAN_POINT('Ctrl Pts',(0.221791747613541,0.318529594293403,
-0.05));
#12149=CARTESIAN_POINT('Ctrl Pts',(0.221791747613541,0.318529594293403,
0.01));
#12150=CARTESIAN_POINT('Ctrl Pts',(0.211273627487242,0.286489564571695,
-0.05));
#12151=CARTESIAN_POINT('Ctrl Pts',(0.211273627487242,0.286489564571695,
0.01));
#12152=CARTESIAN_POINT('Ctrl Pts',(0.204272905236854,0.252552569371374,
-0.05));
#12153=CARTESIAN_POINT('Ctrl Pts',(0.204272905236854,0.252552569371374,
0.01));
#12154=CARTESIAN_POINT('Ctrl Pts',(0.199611186098558,0.217038494986376,
-0.05));
#12155=CARTESIAN_POINT('Ctrl Pts',(0.199611186098558,0.217038494986376,
0.01));
#12156=CARTESIAN_POINT('Ctrl Pts',(0.199090369282875,0.192755922605896,
-0.05));
#12157=CARTESIAN_POINT('Ctrl Pts',(0.199090369282875,0.192755922605896,
0.01));
#12158=CARTESIAN_POINT('Ctrl Pts',(0.19882478632479,0.180373378094063,-0.05));
#12159=CARTESIAN_POINT('Ctrl Pts',(0.19882478632479,0.180373378094063,0.01));
#12160=CARTESIAN_POINT('',(0.531886017628209,0.526578973713721,-0.05));
#12161=CARTESIAN_POINT('',(0.531886017628209,0.526578973713721,-0.05));
#12162=CARTESIAN_POINT('Ctrl Pts',(0.531886017628209,0.526578973713721,
-0.05));
#12163=CARTESIAN_POINT('Ctrl Pts',(0.520067839191424,0.526323178872723,
-0.05));
#12164=CARTESIAN_POINT('Ctrl Pts',(0.496830347619302,0.525820222305119,
-0.05));
#12165=CARTESIAN_POINT('Ctrl Pts',(0.462830951742657,0.520990639258867,
-0.05));
#12166=CARTESIAN_POINT('Ctrl Pts',(0.430375529269559,0.513388807930195,
-0.05));
#12167=CARTESIAN_POINT('Ctrl Pts',(0.39953195543052,0.502769031119338,-0.05));
#12168=CARTESIAN_POINT('Ctrl Pts',(0.370243169880677,0.489189183224859,
-0.05));
#12169=CARTESIAN_POINT('Ctrl Pts',(0.342778645337757,0.472225629830948,
-0.05));
#12170=CARTESIAN_POINT('Ctrl Pts',(0.316726133553645,0.452409598745222,
-0.05));
#12171=CARTESIAN_POINT('Ctrl Pts',(0.292553015857978,0.429626702271718,
-0.05));
#12172=CARTESIAN_POINT('Ctrl Pts',(0.270623046484148,0.40455278482523,-0.05));
#12173=CARTESIAN_POINT('Ctrl Pts',(0.251341425799132,0.377593142866843,
-0.05));
#12174=CARTESIAN_POINT('Ctrl Pts',(0.234963690159506,0.349009778364245,
-0.05));
#12175=CARTESIAN_POINT('Ctrl Pts',(0.221791747613541,0.318529594293403,
-0.05));
#12176=CARTESIAN_POINT('Ctrl Pts',(0.211273627487242,0.286489564571695,
-0.05));
#12177=CARTESIAN_POINT('Ctrl Pts',(0.204272905236854,0.252552569371374,
-0.05));
#12178=CARTESIAN_POINT('Ctrl Pts',(0.199611186098558,0.217038494986376,
-0.05));
#12179=CARTESIAN_POINT('Ctrl Pts',(0.199090369282875,0.192755922605896,
-0.05));
#12180=CARTESIAN_POINT('Ctrl Pts',(0.19882478632479,0.180373378094063,-0.05));
#12181=CARTESIAN_POINT('Ctrl Pts',(0.656545472756414,0.506014403735089,
-0.05));
#12182=CARTESIAN_POINT('Ctrl Pts',(0.656545472756414,0.506014403735089,
0.01));
#12183=CARTESIAN_POINT('Ctrl Pts',(0.645340482171995,0.509107843068191,
-0.05));
#12184=CARTESIAN_POINT('Ctrl Pts',(0.645340482171995,0.509107843068191,
0.01));
#12185=CARTESIAN_POINT('Ctrl Pts',(0.623632585098872,0.515100892516916,
-0.05));
#12186=CARTESIAN_POINT('Ctrl Pts',(0.623632585098872,0.515100892516916,
0.01));
#12187=CARTESIAN_POINT('Ctrl Pts',(0.591592341426508,0.521755018337262,
-0.05));
#12188=CARTESIAN_POINT('Ctrl Pts',(0.591592341426508,0.521755018337262,
0.01));
#12189=CARTESIAN_POINT('Ctrl Pts',(0.561175175138852,0.52576623594512,-0.05));
#12190=CARTESIAN_POINT('Ctrl Pts',(0.561175175138852,0.52576623594512,0.01));
#12191=CARTESIAN_POINT('Ctrl Pts',(0.541437146467103,0.526313941742852,
-0.05));
#12192=CARTESIAN_POINT('Ctrl Pts',(0.541437146467103,0.526313941742852,
0.01));
#12193=CARTESIAN_POINT('Ctrl Pts',(0.531886017628209,0.526578973713721,
-0.05));
#12194=CARTESIAN_POINT('Ctrl Pts',(0.531886017628209,0.526578973713721,
0.01));
#12195=CARTESIAN_POINT('',(0.656545472756414,0.506014403735089,-0.05));
#12196=CARTESIAN_POINT('',(0.656545472756414,0.506014403735089,-0.05));
#12197=CARTESIAN_POINT('Ctrl Pts',(0.656545472756414,0.506014403735089,
-0.05));
#12198=CARTESIAN_POINT('Ctrl Pts',(0.645340482171995,0.509107843068191,
-0.05));
#12199=CARTESIAN_POINT('Ctrl Pts',(0.623632585098872,0.515100892516916,
-0.05));
#12200=CARTESIAN_POINT('Ctrl Pts',(0.591592341426508,0.521755018337262,
-0.05));
#12201=CARTESIAN_POINT('Ctrl Pts',(0.561175175138852,0.52576623594512,-0.05));
#12202=CARTESIAN_POINT('Ctrl Pts',(0.541437146467103,0.526313941742852,
-0.05));
#12203=CARTESIAN_POINT('Ctrl Pts',(0.531886017628209,0.526578973713721,
-0.05));
#12204=CARTESIAN_POINT('Origin',(0.599515892094021,0.784378119012867,-0.05));
#12205=CARTESIAN_POINT('',(0.599515892094021,0.784378119012867,-0.05));
#12206=CARTESIAN_POINT('',(0.599515892094021,0.784378119012867,-0.05));
#12207=CARTESIAN_POINT('',(0.599515892094021,0.784378119012867,-0.05));
#12208=CARTESIAN_POINT('Origin',(0.239529914529918,0.784378119012867,-0.05));
#12209=CARTESIAN_POINT('',(0.239529914529918,0.784378119012867,-0.05));
#12210=CARTESIAN_POINT('',(0.239529914529918,0.784378119012867,-0.05));
#12211=CARTESIAN_POINT('',(0.239529914529918,0.784378119012867,-0.05));
#12212=CARTESIAN_POINT('Origin',(0.239529914529918,0.892925127559875,-0.05));
#12213=CARTESIAN_POINT('',(0.239529914529918,0.892925127559875,-0.05));
#12214=CARTESIAN_POINT('Origin',(0.594934699643186,0.520778753943061,-0.05));
#12215=CARTESIAN_POINT('Origin',(-0.371047008547004,-0.165408205773458,
-0.05));
#12216=CARTESIAN_POINT('',(-0.371047008547004,-0.165408205773458,-0.05));
#12217=CARTESIAN_POINT('',(-0.371047008547004,-0.165408205773458,-0.05));
#12218=CARTESIAN_POINT('',(0.076709401709406,0.892925127559875,-0.05));
#12219=CARTESIAN_POINT('',(-0.371047008547004,-0.165408205773458,-0.05));
#12220=CARTESIAN_POINT('',(0.076709401709406,0.892925127559875,-0.05));
#12221=CARTESIAN_POINT('Origin',(-0.38461538461538,-0.165408205773458,-0.05));
#12222=CARTESIAN_POINT('',(-0.38461538461538,-0.165408205773458,-0.05));
#12223=CARTESIAN_POINT('',(-0.38461538461538,-0.165408205773458,-0.05));
#12224=CARTESIAN_POINT('',(-0.38461538461538,-0.165408205773458,-0.05));
#12225=CARTESIAN_POINT('Origin',(-0.832371794871791,0.892925127559875,-0.05));
#12226=CARTESIAN_POINT('',(-0.832371794871791,0.892925127559875,-0.05));
#12227=CARTESIAN_POINT('',(-0.832371794871791,0.892925127559875,-0.05));
#12228=CARTESIAN_POINT('',(-0.832371794871791,0.892925127559875,-0.05));
#12229=CARTESIAN_POINT('Origin',(-0.73060897435897,0.892925127559875,-0.05));
#12230=CARTESIAN_POINT('',(-0.73060897435897,0.892925127559875,-0.05));
#12231=CARTESIAN_POINT('',(-0.73060897435897,0.892925127559875,-0.05));
#12232=CARTESIAN_POINT('',(-0.73060897435897,0.892925127559875,-0.05));
#12233=CARTESIAN_POINT('Origin',(-0.377831196581192,0.0588940111068838,
-0.05));
#12234=CARTESIAN_POINT('',(-0.377831196581192,0.0588940111068838,-0.05));
#12235=CARTESIAN_POINT('',(-0.377831196581192,0.0588940111068838,-0.05));
#12236=CARTESIAN_POINT('',(-0.377831196581192,0.0588940111068838,-0.05));
#12237=CARTESIAN_POINT('Origin',(-0.0250534188034145,0.892925127559875,
-0.05));
#12238=CARTESIAN_POINT('',(-0.0250534188034145,0.892925127559875,-0.05));
#12239=CARTESIAN_POINT('',(-0.0250534188034145,0.892925127559875,-0.05));
#12240=CARTESIAN_POINT('',(-0.0250534188034145,0.892925127559875,-0.05));
#12241=CARTESIAN_POINT('Origin',(0.076709401709406,0.892925127559875,-0.05));
#12242=CARTESIAN_POINT('',(0.076709401709406,0.892925127559875,-0.05));
#12243=CARTESIAN_POINT('Origin',(0.,0.,-0.05));
#12244=CARTESIAN_POINT('Origin',(0.,0.,-0.05));
#12245=CARTESIAN_POINT('',(-1.44294871794871,0.892925127559875,-0.05));
#12246=CARTESIAN_POINT('',(-1.45651709401709,0.892925127559875,-0.05));
#12247=CARTESIAN_POINT('',(-1.44294871794871,0.892925127559875,-0.05));
#12248=CARTESIAN_POINT('',(-0.940918803418799,-0.165408205773458,-0.05));
#12249=CARTESIAN_POINT('',(-0.940918803418799,-0.165408205773458,-0.05));
#12250=CARTESIAN_POINT('',(-1.04458967681623,-0.165408205773458,-0.05));
#12251=CARTESIAN_POINT('',(-1.04458967681623,-0.165408205773458,-0.05));
#12252=CARTESIAN_POINT('',(-1.20550213675213,0.173801195935944,-0.05));
#12253=CARTESIAN_POINT('',(-1.20550213675213,0.173801195935944,-0.05));
#12254=CARTESIAN_POINT('',(-1.68527143429487,0.173801195935944,-0.05));
#12255=CARTESIAN_POINT('',(-1.68527143429487,0.173801195935944,-0.05));
#12256=CARTESIAN_POINT('',(-1.84173177083333,-0.165408205773458,-0.05));
#12257=CARTESIAN_POINT('',(-1.84173177083333,-0.165408205773458,-0.05));
#12258=CARTESIAN_POINT('',(-1.94497863247863,-0.165408205773458,-0.05));
#12259=CARTESIAN_POINT('',(-1.94497863247863,-0.165408205773458,-0.05));
#12260=CARTESIAN_POINT('',(-1.45651709401709,0.892925127559875,-0.05));
#12261=CARTESIAN_POINT('',(-1.44867287660256,0.686643410145345,-0.05));
#12262=CARTESIAN_POINT('',(-1.25701956463675,0.282348204482952,-0.05));
#12263=CARTESIAN_POINT('',(-1.44867287660256,0.686643410145345,-0.05));
#12264=CARTESIAN_POINT('',(-1.63523804754273,0.282348204482952,-0.05));
#12265=CARTESIAN_POINT('',(-1.63523804754273,0.282348204482952,-0.05));
#12266=CARTESIAN_POINT('',(-1.25701956463675,0.282348204482952,-0.05));
#12267=CARTESIAN_POINT('Origin',(-1.44294871794871,0.892925127559875,-0.05));
#12268=CARTESIAN_POINT('',(-1.44294871794871,0.892925127559875,-0.05));
#12269=CARTESIAN_POINT('',(-1.45651709401709,0.892925127559875,-0.05));
#12270=CARTESIAN_POINT('Origin',(-0.940918803418799,-0.165408205773458,
-0.05));
#12271=CARTESIAN_POINT('',(-0.940918803418799,-0.165408205773458,-0.05));
#12272=CARTESIAN_POINT('Origin',(-1.04458967681623,-0.165408205773458,-0.05));
#12273=CARTESIAN_POINT('',(-1.04458967681623,-0.165408205773458,-0.05));
#12274=CARTESIAN_POINT('Origin',(-1.20550213675213,0.173801195935944,-0.05));
#12275=CARTESIAN_POINT('',(-1.20550213675213,0.173801195935944,-0.05));
#12276=CARTESIAN_POINT('Origin',(-1.68527143429487,0.173801195935944,-0.05));
#12277=CARTESIAN_POINT('',(-1.68527143429487,0.173801195935944,-0.05));
#12278=CARTESIAN_POINT('Origin',(-1.84173177083333,-0.165408205773458,-0.05));
#12279=CARTESIAN_POINT('',(-1.84173177083333,-0.165408205773458,-0.05));
#12280=CARTESIAN_POINT('Origin',(-1.94497863247863,-0.165408205773458,-0.05));
#12281=CARTESIAN_POINT('',(-1.94497863247863,-0.165408205773458,-0.05));
#12282=CARTESIAN_POINT('Origin',(-1.45651709401709,0.892925127559875,-0.05));
#12283=CARTESIAN_POINT('Origin',(-1.63523804754273,0.282348204482952,-0.05));
#12284=CARTESIAN_POINT('',(-1.63523804754273,0.282348204482952,0.));
#12285=CARTESIAN_POINT('',(-1.44867287660256,0.686643410145345,0.));
#12286=CARTESIAN_POINT('',(-1.63523804754273,0.282348204482952,0.));
#12287=CARTESIAN_POINT('',(-1.63523804754273,0.282348204482952,-0.05));
#12288=CARTESIAN_POINT('',(-1.44867287660256,0.686643410145345,-0.05));
#12289=CARTESIAN_POINT('Origin',(-1.44867287660256,0.686643410145345,-0.05));
#12290=CARTESIAN_POINT('',(-1.25701956463675,0.282348204482952,0.));
#12291=CARTESIAN_POINT('',(-1.44867287660256,0.686643410145345,0.));
#12292=CARTESIAN_POINT('',(-1.25701956463675,0.282348204482952,-0.05));
#12293=CARTESIAN_POINT('Origin',(-1.25701956463675,0.282348204482952,-0.05));
#12294=CARTESIAN_POINT('',(-1.25701956463675,0.282348204482952,0.));
#12295=CARTESIAN_POINT('Origin',(0.,0.,0.));
#12296=CARTESIAN_POINT('Ctrl Pts',(-2.65011017628205,0.920061879696627,
-0.05));
#12297=CARTESIAN_POINT('Ctrl Pts',(-2.65011017628205,0.920061879696627,
0.01));
#12298=CARTESIAN_POINT('Ctrl Pts',(-2.6622702666087,0.919916090291294,-0.05));
#12299=CARTESIAN_POINT('Ctrl Pts',(-2.6622702666087,0.919916090291294,0.01));
#12300=CARTESIAN_POINT('Ctrl Pts',(-2.68633994079071,0.91962751484561,-0.05));
#12301=CARTESIAN_POINT('Ctrl Pts',(-2.68633994079071,0.91962751484561,0.01));
#12302=CARTESIAN_POINT('Ctrl Pts',(-2.72194609997254,0.916813514729995,
-0.05));
#12303=CARTESIAN_POINT('Ctrl Pts',(-2.72194609997254,0.916813514729995,
0.01));
#12304=CARTESIAN_POINT('Ctrl Pts',(-2.7566117559768,0.912122495704174,-0.05));
#12305=CARTESIAN_POINT('Ctrl Pts',(-2.7566117559768,0.912122495704174,0.01));
#12306=CARTESIAN_POINT('Ctrl Pts',(-2.79036079102052,0.905737398403544,
-0.05));
#12307=CARTESIAN_POINT('Ctrl Pts',(-2.79036079102052,0.905737398403544,
0.01));
#12308=CARTESIAN_POINT('Ctrl Pts',(-2.82335739163426,0.897812803578219,
-0.05));
#12309=CARTESIAN_POINT('Ctrl Pts',(-2.82335739163426,0.897812803578219,
0.01));
#12310=CARTESIAN_POINT('Ctrl Pts',(-2.85534936923325,0.88748942765868,-0.05));
#12311=CARTESIAN_POINT('Ctrl Pts',(-2.85534936923325,0.88748942765868,0.01));
#12312=CARTESIAN_POINT('Ctrl Pts',(-2.8865244483566,0.875685524141819,-0.05));
#12313=CARTESIAN_POINT('Ctrl Pts',(-2.8865244483566,0.875685524141819,0.01));
#12314=CARTESIAN_POINT('Ctrl Pts',(-2.91668601344804,0.862090940393932,
-0.05));
#12315=CARTESIAN_POINT('Ctrl Pts',(-2.91668601344804,0.862090940393932,
0.01));
#12316=CARTESIAN_POINT('Ctrl Pts',(-2.94568935122857,0.846830759063767,
-0.05));
#12317=CARTESIAN_POINT('Ctrl Pts',(-2.94568935122857,0.846830759063767,
0.01));
#12318=CARTESIAN_POINT('Ctrl Pts',(-2.97352542849269,0.830074130039051,
-0.05));
#12319=CARTESIAN_POINT('Ctrl Pts',(-2.97352542849269,0.830074130039051,
0.01));
#12320=CARTESIAN_POINT('Ctrl Pts',(-2.99997313576858,0.811841826946044,
-0.05));
#12321=CARTESIAN_POINT('Ctrl Pts',(-2.99997313576858,0.811841826946044,
0.01));
#12322=CARTESIAN_POINT('Ctrl Pts',(-3.02521857327201,0.792288914381699,
-0.05));
#12323=CARTESIAN_POINT('Ctrl Pts',(-3.02521857327201,0.792288914381699,
0.01));
#12324=CARTESIAN_POINT('Ctrl Pts',(-3.04883942757358,0.771001730975707,
-0.05));
#12325=CARTESIAN_POINT('Ctrl Pts',(-3.04883942757358,0.771001730975707,
0.01));
#12326=CARTESIAN_POINT('Ctrl Pts',(-3.07150635084494,0.748565791240811,
-0.05));
#12327=CARTESIAN_POINT('Ctrl Pts',(-3.07150635084494,0.748565791240811,
0.01));
#12328=CARTESIAN_POINT('Ctrl Pts',(-3.09244958162238,0.724334849174189,
-0.05));
#12329=CARTESIAN_POINT('Ctrl Pts',(-3.09244958162238,0.724334849174189,
0.01));
#12330=CARTESIAN_POINT('Ctrl Pts',(-3.10537733344203,0.707279071539819,
-0.05));
#12331=CARTESIAN_POINT('Ctrl Pts',(-3.10537733344203,0.707279071539819,
0.01));
#12332=CARTESIAN_POINT('Ctrl Pts',(-3.11185897435897,0.698727745081243,
-0.05));
#12333=CARTESIAN_POINT('Ctrl Pts',(-3.11185897435897,0.698727745081243,
0.01));
#12334=CARTESIAN_POINT('',(-2.65011017628205,0.920061879696627,-0.05));
#12335=CARTESIAN_POINT('',(-2.65011017628205,0.920061879696627,-0.05));
#12336=CARTESIAN_POINT('',(-3.11185897435897,0.698727745081243,-0.05));
#12337=CARTESIAN_POINT('Ctrl Pts',(-2.65011017628205,0.920061879696627,
-0.05));
#12338=CARTESIAN_POINT('Ctrl Pts',(-2.6622702666087,0.919916090291294,-0.05));
#12339=CARTESIAN_POINT('Ctrl Pts',(-2.68633994079071,0.91962751484561,-0.05));
#12340=CARTESIAN_POINT('Ctrl Pts',(-2.72194609997254,0.916813514729995,
-0.05));
#12341=CARTESIAN_POINT('Ctrl Pts',(-2.7566117559768,0.912122495704174,-0.05));
#12342=CARTESIAN_POINT('Ctrl Pts',(-2.79036079102052,0.905737398403544,
-0.05));
#12343=CARTESIAN_POINT('Ctrl Pts',(-2.82335739163426,0.897812803578219,
-0.05));
#12344=CARTESIAN_POINT('Ctrl Pts',(-2.85534936923325,0.88748942765868,-0.05));
#12345=CARTESIAN_POINT('Ctrl Pts',(-2.8865244483566,0.875685524141819,-0.05));
#12346=CARTESIAN_POINT('Ctrl Pts',(-2.91668601344804,0.862090940393932,
-0.05));
#12347=CARTESIAN_POINT('Ctrl Pts',(-2.94568935122857,0.846830759063767,
-0.05));
#12348=CARTESIAN_POINT('Ctrl Pts',(-2.97352542849269,0.830074130039051,
-0.05));
#12349=CARTESIAN_POINT('Ctrl Pts',(-2.99997313576858,0.811841826946044,
-0.05));
#12350=CARTESIAN_POINT('Ctrl Pts',(-3.02521857327201,0.792288914381699,
-0.05));
#12351=CARTESIAN_POINT('Ctrl Pts',(-3.04883942757358,0.771001730975707,
-0.05));
#12352=CARTESIAN_POINT('Ctrl Pts',(-3.07150635084494,0.748565791240811,
-0.05));
#12353=CARTESIAN_POINT('Ctrl Pts',(-3.09244958162238,0.724334849174189,
-0.05));
#12354=CARTESIAN_POINT('Ctrl Pts',(-3.10537733344203,0.707279071539819,
-0.05));
#12355=CARTESIAN_POINT('Ctrl Pts',(-3.11185897435897,0.698727745081243,
-0.05));
#12356=CARTESIAN_POINT('',(-3.11185897435897,0.698727745081243,-0.05));
#12357=CARTESIAN_POINT('Ctrl Pts',(-2.08066239316239,0.369906631299191,
-0.05));
#12358=CARTESIAN_POINT('Ctrl Pts',(-2.08066239316239,0.369906631299191,
0.00999999999999998));
#12359=CARTESIAN_POINT('Ctrl Pts',(-2.08113265407131,0.388943161298578,
-0.05));
#12360=CARTESIAN_POINT('Ctrl Pts',(-2.08113265407131,0.388943161298578,
0.00999999999999998));
#12361=CARTESIAN_POINT('Ctrl Pts',(-2.08205786305145,0.426396345630461,
-0.05));
#12362=CARTESIAN_POINT('Ctrl Pts',(-2.08205786305145,0.426396345630461,
0.00999999999999998));
#12363=CARTESIAN_POINT('Ctrl Pts',(-2.08991849644409,0.481361326744074,
-0.05));
#12364=CARTESIAN_POINT('Ctrl Pts',(-2.08991849644409,0.481361326744074,
0.00999999999999998));
#12365=CARTESIAN_POINT('Ctrl Pts',(-2.1025637038639,0.534021392587797,-0.05));
#12366=CARTESIAN_POINT('Ctrl Pts',(-2.1025637038639,0.534021392587797,0.00999999999999998));
#12367=CARTESIAN_POINT('Ctrl Pts',(-2.12052419160572,0.584278239165561,
-0.05));
#12368=CARTESIAN_POINT('Ctrl Pts',(-2.12052419160572,0.584278239165561,
0.00999999999999998));
#12369=CARTESIAN_POINT('Ctrl Pts',(-2.14329509545283,0.63239620485478,-0.05));
#12370=CARTESIAN_POINT('Ctrl Pts',(-2.14329509545283,0.63239620485478,0.00999999999999998));
#12371=CARTESIAN_POINT('Ctrl Pts',(-2.17142457154239,0.678007712034632,
-0.05));
#12372=CARTESIAN_POINT('Ctrl Pts',(-2.17142457154239,0.678007712034632,
0.00999999999999998));
#12373=CARTESIAN_POINT('Ctrl Pts',(-2.2045858264522,0.721404458597439,-0.05));
#12374=CARTESIAN_POINT('Ctrl Pts',(-2.2045858264522,0.721404458597439,0.00999999999999998));
#12375=CARTESIAN_POINT('Ctrl Pts',(-2.24251878144225,0.761927966727884,
-0.05));
#12376=CARTESIAN_POINT('Ctrl Pts',(-2.24251878144225,0.761927966727884,
0.00999999999999998));
#12377=CARTESIAN_POINT('Ctrl Pts',(-2.2841165233067,0.79898153287795,-0.05));
#12378=CARTESIAN_POINT('Ctrl Pts',(-2.2841165233067,0.79898153287795,0.00999999999999998));
#12379=CARTESIAN_POINT('Ctrl Pts',(-2.32866292655409,0.831580075439944,
-0.05));
#12380=CARTESIAN_POINT('Ctrl Pts',(-2.32866292655409,0.831580075439944,
0.00999999999999998));
#12381=CARTESIAN_POINT('Ctrl Pts',(-2.37607080099581,0.858708943373001,
-0.05));
#12382=CARTESIAN_POINT('Ctrl Pts',(-2.37607080099581,0.858708943373001,
0.00999999999999998));
#12383=CARTESIAN_POINT('Ctrl Pts',(-2.42581786566914,0.881386354392327,
-0.05));
#12384=CARTESIAN_POINT('Ctrl Pts',(-2.42581786566914,0.881386354392327,
0.00999999999999998));
#12385=CARTESIAN_POINT('Ctrl Pts',(-2.47827663128572,0.898816942054832,
-0.05));
#12386=CARTESIAN_POINT('Ctrl Pts',(-2.47827663128572,0.898816942054832,
0.00999999999999998));
#12387=CARTESIAN_POINT('Ctrl Pts',(-2.5333351738546,0.91101897707714,-0.05));
#12388=CARTESIAN_POINT('Ctrl Pts',(-2.5333351738546,0.91101897707714,0.00999999999999998));
#12389=CARTESIAN_POINT('Ctrl Pts',(-2.59089003618131,0.918613914621941,
-0.05));
#12390=CARTESIAN_POINT('Ctrl Pts',(-2.59089003618131,0.918613914621941,
0.00999999999999998));
#12391=CARTESIAN_POINT('Ctrl Pts',(-2.63015796012766,0.919574037011605,
-0.05));
#12392=CARTESIAN_POINT('Ctrl Pts',(-2.63015796012766,0.919574037011605,
0.00999999999999998));
#12393=CARTESIAN_POINT('Ctrl Pts',(-2.65011017628205,0.920061879696627,
-0.05));
#12394=CARTESIAN_POINT('Ctrl Pts',(-2.65011017628205,0.920061879696627,
0.00999999999999998));
#12395=CARTESIAN_POINT('',(-2.08066239316239,0.369906631299191,-0.05));
#12396=CARTESIAN_POINT('',(-2.08066239316239,0.369906631299191,-0.05));
#12397=CARTESIAN_POINT('Ctrl Pts',(-2.08066239316239,0.369906631299191,
-0.05));
#12398=CARTESIAN_POINT('Ctrl Pts',(-2.08113265407131,0.388943161298578,
-0.05));
#12399=CARTESIAN_POINT('Ctrl Pts',(-2.08205786305145,0.426396345630461,
-0.05));
#12400=CARTESIAN_POINT('Ctrl Pts',(-2.08991849644409,0.481361326744074,
-0.05));
#12401=CARTESIAN_POINT('Ctrl Pts',(-2.1025637038639,0.534021392587797,-0.05));
#12402=CARTESIAN_POINT('Ctrl Pts',(-2.12052419160572,0.584278239165561,
-0.05));
#12403=CARTESIAN_POINT('Ctrl Pts',(-2.14329509545283,0.63239620485478,-0.05));
#12404=CARTESIAN_POINT('Ctrl Pts',(-2.17142457154239,0.678007712034632,
-0.05));
#12405=CARTESIAN_POINT('Ctrl Pts',(-2.2045858264522,0.721404458597439,-0.05));
#12406=CARTESIAN_POINT('Ctrl Pts',(-2.24251878144225,0.761927966727884,
-0.05));
#12407=CARTESIAN_POINT('Ctrl Pts',(-2.2841165233067,0.79898153287795,-0.05));
#12408=CARTESIAN_POINT('Ctrl Pts',(-2.32866292655409,0.831580075439944,
-0.05));
#12409=CARTESIAN_POINT('Ctrl Pts',(-2.37607080099581,0.858708943373001,
-0.05));
#12410=CARTESIAN_POINT('Ctrl Pts',(-2.42581786566914,0.881386354392327,
-0.05));
#12411=CARTESIAN_POINT('Ctrl Pts',(-2.47827663128572,0.898816942054832,
-0.05));
#12412=CARTESIAN_POINT('Ctrl Pts',(-2.5333351738546,0.91101897707714,-0.05));
#12413=CARTESIAN_POINT('Ctrl Pts',(-2.59089003618131,0.918613914621941,
-0.05));
#12414=CARTESIAN_POINT('Ctrl Pts',(-2.63015796012766,0.919574037011605,
-0.05));
#12415=CARTESIAN_POINT('Ctrl Pts',(-2.65011017628205,0.920061879696627,
-0.05));
#12416=CARTESIAN_POINT('Ctrl Pts',(-2.21486211271367,-0.00746382810251793,
-0.05));
#12417=CARTESIAN_POINT('Ctrl Pts',(-2.21486211271367,-0.00746382810251793,
0.01));
#12418=CARTESIAN_POINT('Ctrl Pts',(-2.20414704908397,0.00570219807004115,
-0.05));
#12419=CARTESIAN_POINT('Ctrl Pts',(-2.20414704908397,0.00570219807004115,
0.01));
#12420=CARTESIAN_POINT('Ctrl Pts',(-2.18284628347177,0.0318752985982067,
-0.05));
#12421=CARTESIAN_POINT('Ctrl Pts',(-2.18284628347177,0.0318752985982067,
0.01));
#12422=CARTESIAN_POINT('Ctrl Pts',(-2.15559399344558,0.074295107216833,
-0.05));
#12423=CARTESIAN_POINT('Ctrl Pts',(-2.15559399344558,0.074295107216833,
0.01));
#12424=CARTESIAN_POINT('Ctrl Pts',(-2.13226604222754,0.118584303710236,
-0.05));
#12425=CARTESIAN_POINT('Ctrl Pts',(-2.13226604222754,0.118584303710236,
0.01));
#12426=CARTESIAN_POINT('Ctrl Pts',(-2.113404751897,0.164975567888444,-0.05));
#12427=CARTESIAN_POINT('Ctrl Pts',(-2.113404751897,0.164975567888444,0.01));
#12428=CARTESIAN_POINT('Ctrl Pts',(-2.098659830205,0.213364801649252,-0.05));
#12429=CARTESIAN_POINT('Ctrl Pts',(-2.098659830205,0.213364801649252,0.01));
#12430=CARTESIAN_POINT('Ctrl Pts',(-2.08844504026423,0.263776397673438,
-0.05));
#12431=CARTESIAN_POINT('Ctrl Pts',(-2.08844504026423,0.263776397673438,
0.01));
#12432=CARTESIAN_POINT('Ctrl Pts',(-2.08180729319594,0.316163275434576,
-0.05));
#12433=CARTESIAN_POINT('Ctrl Pts',(-2.08180729319594,0.316163275434576,
0.01));
#12434=CARTESIAN_POINT('Ctrl Pts',(-2.08104822968353,0.351794875815067,
-0.05));
#12435=CARTESIAN_POINT('Ctrl Pts',(-2.08104822968353,0.351794875815067,
0.01));
#12436=CARTESIAN_POINT('Ctrl Pts',(-2.08066239316239,0.369906631299191,
-0.05));
#12437=CARTESIAN_POINT('Ctrl Pts',(-2.08066239316239,0.369906631299191,
0.01));
#12438=CARTESIAN_POINT('',(-2.21486211271367,-0.00746382810251793,-0.05));
#12439=CARTESIAN_POINT('',(-2.21486211271367,-0.00746382810251793,-0.05));
#12440=CARTESIAN_POINT('Ctrl Pts',(-2.21486211271367,-0.00746382810251793,
-0.05));
#12441=CARTESIAN_POINT('Ctrl Pts',(-2.20414704908397,0.00570219807004115,
-0.05));
#12442=CARTESIAN_POINT('Ctrl Pts',(-2.18284628347177,0.0318752985982067,
-0.05));
#12443=CARTESIAN_POINT('Ctrl Pts',(-2.15559399344558,0.074295107216833,
-0.05));
#12444=CARTESIAN_POINT('Ctrl Pts',(-2.13226604222754,0.118584303710236,
-0.05));
#12445=CARTESIAN_POINT('Ctrl Pts',(-2.113404751897,0.164975567888444,-0.05));
#12446=CARTESIAN_POINT('Ctrl Pts',(-2.098659830205,0.213364801649252,-0.05));
#12447=CARTESIAN_POINT('Ctrl Pts',(-2.08844504026423,0.263776397673438,
-0.05));
#12448=CARTESIAN_POINT('Ctrl Pts',(-2.08180729319594,0.316163275434576,
-0.05));
#12449=CARTESIAN_POINT('Ctrl Pts',(-2.08104822968353,0.351794875815067,
-0.05));
#12450=CARTESIAN_POINT('Ctrl Pts',(-2.08066239316239,0.369906631299191,
-0.05));
#12451=CARTESIAN_POINT('Ctrl Pts',(-2.65138221153846,-0.19254495791021,
-0.05));
#12452=CARTESIAN_POINT('Ctrl Pts',(-2.65138221153846,-0.19254495791021,
0.00999999999999998));
#12453=CARTESIAN_POINT('Ctrl Pts',(-2.63999948364244,-0.192465736351674,
-0.05));
#12454=CARTESIAN_POINT('Ctrl Pts',(-2.63999948364244,-0.192465736351674,
0.00999999999999998));
#12455=CARTESIAN_POINT('Ctrl Pts',(-2.61749154877985,-0.192309085529873,
-0.05));
#12456=CARTESIAN_POINT('Ctrl Pts',(-2.61749154877985,-0.192309085529873,
0.00999999999999998));
#12457=CARTESIAN_POINT('Ctrl Pts',(-2.5842602596019,-0.189771453955607,
-0.05));
#12458=CARTESIAN_POINT('Ctrl Pts',(-2.5842602596019,-0.189771453955607,
0.00999999999999998));
#12459=CARTESIAN_POINT('Ctrl Pts',(-2.55190864826426,-0.186309271604253,
-0.05));
#12460=CARTESIAN_POINT('Ctrl Pts',(-2.55190864826426,-0.186309271604253,
0.00999999999999998));
#12461=CARTESIAN_POINT('Ctrl Pts',(-2.52052917806171,-0.181096184353957,
-0.05));
#12462=CARTESIAN_POINT('Ctrl Pts',(-2.52052917806171,-0.181096184353957,
0.00999999999999998));
#12463=CARTESIAN_POINT('Ctrl Pts',(-2.48995060941671,-0.174944443432901,
-0.05));
#12464=CARTESIAN_POINT('Ctrl Pts',(-2.48995060941671,-0.174944443432901,
0.00999999999999998));
#12465=CARTESIAN_POINT('Ctrl Pts',(-2.46045014696353,-0.166698134881941,
-0.05));
#12466=CARTESIAN_POINT('Ctrl Pts',(-2.46045014696353,-0.166698134881941,
0.00999999999999998));
#12467=CARTESIAN_POINT('Ctrl Pts',(-2.4317375000218,-0.157460648792155,
-0.05));
#12468=CARTESIAN_POINT('Ctrl Pts',(-2.4317375000218,-0.157460648792155,
0.00999999999999998));
#12469=CARTESIAN_POINT('Ctrl Pts',(-2.40392802557321,-0.146603664705058,
-0.05));
#12470=CARTESIAN_POINT('Ctrl Pts',(-2.40392802557321,-0.146603664705058,
0.00999999999999998));
#12471=CARTESIAN_POINT('Ctrl Pts',(-2.37699806872996,-0.134352342842564,
-0.05));
#12472=CARTESIAN_POINT('Ctrl Pts',(-2.37699806872996,-0.134352342842564,
0.00999999999999998));
#12473=CARTESIAN_POINT('Ctrl Pts',(-2.35103448767347,-0.120505847651037,
-0.05));
#12474=CARTESIAN_POINT('Ctrl Pts',(-2.35103448767347,-0.120505847651037,
0.00999999999999998));
#12475=CARTESIAN_POINT('Ctrl Pts',(-2.32604922359092,-0.105180617146316,
-0.05));
#12476=CARTESIAN_POINT('Ctrl Pts',(-2.32604922359092,-0.105180617146316,
0.00999999999999998));
#12477=CARTESIAN_POINT('Ctrl Pts',(-2.30179663204659,-0.0887144592324992,
-0.05));
#12478=CARTESIAN_POINT('Ctrl Pts',(-2.30179663204659,-0.0887144592324992,
0.00999999999999998));
#12479=CARTESIAN_POINT('Ctrl Pts',(-2.27863498174486,-0.070578465571674,
-0.05));
#12480=CARTESIAN_POINT('Ctrl Pts',(-2.27863498174486,-0.070578465571674,
0.00999999999999998));
#12481=CARTESIAN_POINT('Ctrl Pts',(-2.25636355860409,-0.0510245070431931,
-0.05));
#12482=CARTESIAN_POINT('Ctrl Pts',(-2.25636355860409,-0.0510245070431931,
0.00999999999999998));
#12483=CARTESIAN_POINT('Ctrl Pts',(-2.23485747650519,-0.0301184895064739,
-0.05));
#12484=CARTESIAN_POINT('Ctrl Pts',(-2.23485747650519,-0.0301184895064739,
0.00999999999999998));
#12485=CARTESIAN_POINT('Ctrl Pts',(-2.22155190271006,-0.0150433314719968,
-0.05));
#12486=CARTESIAN_POINT('Ctrl Pts',(-2.22155190271006,-0.0150433314719968,
0.00999999999999998));
#12487=CARTESIAN_POINT('Ctrl Pts',(-2.21486211271367,-0.00746382810251793,
-0.05));
#12488=CARTESIAN_POINT('Ctrl Pts',(-2.21486211271367,-0.00746382810251793,
0.00999999999999998));
#12489=CARTESIAN_POINT('',(-2.65138221153846,-0.19254495791021,-0.05));
#12490=CARTESIAN_POINT('',(-2.65138221153846,-0.19254495791021,-0.05));
#12491=CARTESIAN_POINT('Ctrl Pts',(-2.65138221153846,-0.19254495791021,
-0.05));
#12492=CARTESIAN_POINT('Ctrl Pts',(-2.63999948364244,-0.192465736351674,
-0.05));
#12493=CARTESIAN_POINT('Ctrl Pts',(-2.61749154877985,-0.192309085529873,
-0.05));
#12494=CARTESIAN_POINT('Ctrl Pts',(-2.5842602596019,-0.189771453955607,
-0.05));
#12495=CARTESIAN_POINT('Ctrl Pts',(-2.55190864826426,-0.186309271604253,
-0.05));
#12496=CARTESIAN_POINT('Ctrl Pts',(-2.52052917806171,-0.181096184353957,
-0.05));
#12497=CARTESIAN_POINT('Ctrl Pts',(-2.48995060941671,-0.174944443432901,
-0.05));
#12498=CARTESIAN_POINT('Ctrl Pts',(-2.46045014696353,-0.166698134881941,
-0.05));
#12499=CARTESIAN_POINT('Ctrl Pts',(-2.4317375000218,-0.157460648792155,
-0.05));
#12500=CARTESIAN_POINT('Ctrl Pts',(-2.40392802557321,-0.146603664705058,
-0.05));
#12501=CARTESIAN_POINT('Ctrl Pts',(-2.37699806872996,-0.134352342842564,
-0.05));
#12502=CARTESIAN_POINT('Ctrl Pts',(-2.35103448767347,-0.120505847651037,
-0.05));
#12503=CARTESIAN_POINT('Ctrl Pts',(-2.32604922359092,-0.105180617146316,
-0.05));
#12504=CARTESIAN_POINT('Ctrl Pts',(-2.30179663204659,-0.0887144592324992,
-0.05));
#12505=CARTESIAN_POINT('Ctrl Pts',(-2.27863498174486,-0.070578465571674,
-0.05));
#12506=CARTESIAN_POINT('Ctrl Pts',(-2.25636355860409,-0.0510245070431931,
-0.05));
#12507=CARTESIAN_POINT('Ctrl Pts',(-2.23485747650519,-0.0301184895064739,
-0.05));
#12508=CARTESIAN_POINT('Ctrl Pts',(-2.22155190271006,-0.0150433314719968,
-0.05));
#12509=CARTESIAN_POINT('Ctrl Pts',(-2.21486211271367,-0.00746382810251793,
-0.05));
#12510=CARTESIAN_POINT('Ctrl Pts',(-3.11185897435897,0.0294251943333795,
-0.05));
#12511=CARTESIAN_POINT('Ctrl Pts',(-3.11185897435897,0.0294251943333795,
0.00999999999999998));
#12512=CARTESIAN_POINT('Ctrl Pts',(-3.10517087922825,0.02079571006133,-0.05));
#12513=CARTESIAN_POINT('Ctrl Pts',(-3.10517087922825,0.02079571006133,0.00999999999999998));
#12514=CARTESIAN_POINT('Ctrl Pts',(-3.09182672456466,0.00357807625938663,
-0.05));
#12515=CARTESIAN_POINT('Ctrl Pts',(-3.09182672456466,0.00357807625938663,
0.00999999999999998));
#12516=CARTESIAN_POINT('Ctrl Pts',(-3.07021918133306,-0.0206945597762211,
-0.05));
#12517=CARTESIAN_POINT('Ctrl Pts',(-3.07021918133306,-0.0206945597762211,
0.00999999999999998));
#12518=CARTESIAN_POINT('Ctrl Pts',(-3.04745676045389,-0.0435255419390543,
-0.05));
#12519=CARTESIAN_POINT('Ctrl Pts',(-3.04745676045389,-0.0435255419390543,
0.00999999999999998));
#12520=CARTESIAN_POINT('Ctrl Pts',(-3.02337039099942,-0.0647307988340311,
-0.05));
#12521=CARTESIAN_POINT('Ctrl Pts',(-3.02337039099942,-0.0647307988340311,
0.00999999999999998));
#12522=CARTESIAN_POINT('Ctrl Pts',(-2.99823715401873,-0.0847346491478762,
-0.05));
#12523=CARTESIAN_POINT('Ctrl Pts',(-2.99823715401873,-0.0847346491478762,
0.00999999999999998));
#12524=CARTESIAN_POINT('Ctrl Pts',(-2.97160576433356,-0.102968774319338,
-0.05));
#12525=CARTESIAN_POINT('Ctrl Pts',(-2.97160576433356,-0.102968774319338,
0.00999999999999998));
#12526=CARTESIAN_POINT('Ctrl Pts',(-2.9438263187903,-0.119687684566625,
-0.05));
#12527=CARTESIAN_POINT('Ctrl Pts',(-2.9438263187903,-0.119687684566625,
0.00999999999999998));
#12528=CARTESIAN_POINT('Ctrl Pts',(-2.91499294064503,-0.13499630221671,
-0.05));
#12529=CARTESIAN_POINT('Ctrl Pts',(-2.91499294064503,-0.13499630221671,
0.00999999999999998));
#12530=CARTESIAN_POINT('Ctrl Pts',(-2.88513626486991,-0.148578422150304,
-0.05));
#12531=CARTESIAN_POINT('Ctrl Pts',(-2.88513626486991,-0.148578422150304,
0.00999999999999998));
#12532=CARTESIAN_POINT('Ctrl Pts',(-2.85429206668507,-0.160206109077888,
-0.05));
#12533=CARTESIAN_POINT('Ctrl Pts',(-2.85429206668507,-0.160206109077888,
0.00999999999999998));
#12534=CARTESIAN_POINT('Ctrl Pts',(-2.82259329742552,-0.170222444722249,
-0.05));
#12535=CARTESIAN_POINT('Ctrl Pts',(-2.82259329742552,-0.170222444722249,
0.00999999999999998));
#12536=CARTESIAN_POINT('Ctrl Pts',(-2.79003850797711,-0.178462911303042,
-0.05));
#12537=CARTESIAN_POINT('Ctrl Pts',(-2.79003850797711,-0.178462911303042,
0.00999999999999998));
#12538=CARTESIAN_POINT('Ctrl Pts',(-2.75656017198421,-0.184894881902873,
-0.05));
#12539=CARTESIAN_POINT('Ctrl Pts',(-2.75656017198421,-0.184894881902873,
0.00999999999999998));
#12540=CARTESIAN_POINT('Ctrl Pts',(-2.72227910005603,-0.189194640724978,
-0.05));
#12541=CARTESIAN_POINT('Ctrl Pts',(-2.72227910005603,-0.189194640724978,
0.00999999999999998));
#12542=CARTESIAN_POINT('Ctrl Pts',(-2.68712130445408,-0.192140410089799,
-0.05));
#12543=CARTESIAN_POINT('Ctrl Pts',(-2.68712130445408,-0.192140410089799,
0.00999999999999998));
#12544=CARTESIAN_POINT('Ctrl Pts',(-2.66340211282797,-0.192408898920697,
-0.05));
#12545=CARTESIAN_POINT('Ctrl Pts',(-2.66340211282797,-0.192408898920697,
0.00999999999999998));
#12546=CARTESIAN_POINT('Ctrl Pts',(-2.65138221153846,-0.19254495791021,
-0.05));
#12547=CARTESIAN_POINT('Ctrl Pts',(-2.65138221153846,-0.19254495791021,
0.00999999999999998));
#12548=CARTESIAN_POINT('',(-3.11185897435897,0.0294251943333795,-0.05));
#12549=CARTESIAN_POINT('',(-3.11185897435897,0.0294251943333795,-0.05));
#12550=CARTESIAN_POINT('Ctrl Pts',(-3.11185897435897,0.0294251943333795,
-0.05));
#12551=CARTESIAN_POINT('Ctrl Pts',(-3.10517087922825,0.02079571006133,-0.05));
#12552=CARTESIAN_POINT('Ctrl Pts',(-3.09182672456466,0.00357807625938663,
-0.05));
#12553=CARTESIAN_POINT('Ctrl Pts',(-3.07021918133306,-0.0206945597762211,
-0.05));
#12554=CARTESIAN_POINT('Ctrl Pts',(-3.04745676045389,-0.0435255419390543,
-0.05));
#12555=CARTESIAN_POINT('Ctrl Pts',(-3.02337039099942,-0.0647307988340311,
-0.05));
#12556=CARTESIAN_POINT('Ctrl Pts',(-2.99823715401873,-0.0847346491478762,
-0.05));
#12557=CARTESIAN_POINT('Ctrl Pts',(-2.97160576433356,-0.102968774319338,
-0.05));
#12558=CARTESIAN_POINT('Ctrl Pts',(-2.9438263187903,-0.119687684566625,
-0.05));
#12559=CARTESIAN_POINT('Ctrl Pts',(-2.91499294064503,-0.13499630221671,
-0.05));
#12560=CARTESIAN_POINT('Ctrl Pts',(-2.88513626486991,-0.148578422150304,
-0.05));
#12561=CARTESIAN_POINT('Ctrl Pts',(-2.85429206668507,-0.160206109077888,
-0.05));
#12562=CARTESIAN_POINT('Ctrl Pts',(-2.82259329742552,-0.170222444722249,
-0.05));
#12563=CARTESIAN_POINT('Ctrl Pts',(-2.79003850797711,-0.178462911303042,
-0.05));
#12564=CARTESIAN_POINT('Ctrl Pts',(-2.75656017198421,-0.184894881902873,
-0.05));
#12565=CARTESIAN_POINT('Ctrl Pts',(-2.72227910005603,-0.189194640724978,
-0.05));
#12566=CARTESIAN_POINT('Ctrl Pts',(-2.68712130445408,-0.192140410089799,
-0.05));
#12567=CARTESIAN_POINT('Ctrl Pts',(-2.66340211282797,-0.192408898920697,
-0.05));
#12568=CARTESIAN_POINT('Ctrl Pts',(-2.65138221153846,-0.19254495791021,
-0.05));
#12569=CARTESIAN_POINT('Origin',(-3.02875267094017,0.0923909395256872,-0.05));
#12570=CARTESIAN_POINT('',(-3.02875267094017,0.0923909395256872,-0.05));
#12571=CARTESIAN_POINT('',(-3.02875267094017,0.0923909395256872,-0.05));
#12572=CARTESIAN_POINT('',(-3.02875267094017,0.0923909395256872,-0.05));
#12573=CARTESIAN_POINT('Ctrl Pts',(-2.65074619391025,-0.0839979493632017,
-0.05));
#12574=CARTESIAN_POINT('Ctrl Pts',(-2.65074619391025,-0.0839979493632017,
0.01));
#12575=CARTESIAN_POINT('Ctrl Pts',(-2.66922248320117,-0.0834872945337609,
-0.05));
#12576=CARTESIAN_POINT('Ctrl Pts',(-2.66922248320117,-0.0834872945337609,
0.01));
#12577=CARTESIAN_POINT('Ctrl Pts',(-2.70558824042219,-0.0824822036706126,
-0.05));
#12578=CARTESIAN_POINT('Ctrl Pts',(-2.70558824042219,-0.0824822036706126,
0.01));
#12579=CARTESIAN_POINT('Ctrl Pts',(-2.75891857219683,-0.0739673831025077,
-0.05));
#12580=CARTESIAN_POINT('Ctrl Pts',(-2.75891857219683,-0.0739673831025077,
0.01));
#12581=CARTESIAN_POINT('Ctrl Pts',(-2.80997129180362,-0.0601612984238225,
-0.05));
#12582=CARTESIAN_POINT('Ctrl Pts',(-2.80997129180362,-0.0601612984238225,
0.01));
#12583=CARTESIAN_POINT('Ctrl Pts',(-2.85874914535305,-0.0408397838177842,
-0.05));
#12584=CARTESIAN_POINT('Ctrl Pts',(-2.85874914535305,-0.0408397838177842,
0.01));
#12585=CARTESIAN_POINT('Ctrl Pts',(-2.90511462170547,-0.0157224229519576,
-0.05));
#12586=CARTESIAN_POINT('Ctrl Pts',(-2.90511462170547,-0.0157224229519576,
0.01));
#12587=CARTESIAN_POINT('Ctrl Pts',(-2.94914027851319,0.0147266971212356,
-0.05));
#12588=CARTESIAN_POINT('Ctrl Pts',(-2.94914027851319,0.0147266971212356,
0.01));
#12589=CARTESIAN_POINT('Ctrl Pts',(-2.9908632772132,0.0507972167893271,
-0.05));
#12590=CARTESIAN_POINT('Ctrl Pts',(-2.9908632772132,0.0507972167893271,
0.01));
#12591=CARTESIAN_POINT('Ctrl Pts',(-3.01595221255611,0.0783390198575718,
-0.05));
#12592=CARTESIAN_POINT('Ctrl Pts',(-3.01595221255611,0.0783390198575718,
0.01));
#12593=CARTESIAN_POINT('Ctrl Pts',(-3.02875267094017,0.0923909395256872,
-0.05));
#12594=CARTESIAN_POINT('Ctrl Pts',(-3.02875267094017,0.0923909395256872,
0.01));
#12595=CARTESIAN_POINT('',(-2.65074619391025,-0.0839979493632017,-0.05));
#12596=CARTESIAN_POINT('',(-2.65074619391025,-0.0839979493632017,-0.05));
#12597=CARTESIAN_POINT('Ctrl Pts',(-2.65074619391025,-0.0839979493632017,
-0.05));
#12598=CARTESIAN_POINT('Ctrl Pts',(-2.66922248320117,-0.0834872945337609,
-0.05));
#12599=CARTESIAN_POINT('Ctrl Pts',(-2.70558824042219,-0.0824822036706126,
-0.05));
#12600=CARTESIAN_POINT('Ctrl Pts',(-2.75891857219683,-0.0739673831025077,
-0.05));
#12601=CARTESIAN_POINT('Ctrl Pts',(-2.80997129180362,-0.0601612984238225,
-0.05));
#12602=CARTESIAN_POINT('Ctrl Pts',(-2.85874914535305,-0.0408397838177842,
-0.05));
#12603=CARTESIAN_POINT('Ctrl Pts',(-2.90511462170547,-0.0157224229519576,
-0.05));
#12604=CARTESIAN_POINT('Ctrl Pts',(-2.94914027851319,0.0147266971212356,
-0.05));
#12605=CARTESIAN_POINT('Ctrl Pts',(-2.9908632772132,0.0507972167893271,
-0.05));
#12606=CARTESIAN_POINT('Ctrl Pts',(-3.01595221255611,0.0783390198575718,
-0.05));
#12607=CARTESIAN_POINT('Ctrl Pts',(-3.02875267094017,0.0923909395256872,
-0.05));
#12608=CARTESIAN_POINT('Ctrl Pts',(-2.17564102564102,0.362698431512867,
-0.05));
#12609=CARTESIAN_POINT('Ctrl Pts',(-2.17564102564102,0.362698431512867,
0.00999999999999995));
#12610=CARTESIAN_POINT('Ctrl Pts',(-2.1760225756792,0.347055865726712,-0.05));
#12611=CARTESIAN_POINT('Ctrl Pts',(-2.1760225756792,0.347055865726712,0.00999999999999995));
#12612=CARTESIAN_POINT('Ctrl Pts',(-2.17677169856907,0.316343762688907,
-0.05));
#12613=CARTESIAN_POINT('Ctrl Pts',(-2.17677169856907,0.316343762688907,
0.00999999999999995));
#12614=CARTESIAN_POINT('Ctrl Pts',(-2.18343869482673,0.27135836378715,-0.05));
#12615=CARTESIAN_POINT('Ctrl Pts',(-2.18343869482673,0.27135836378715,0.00999999999999995));
#12616=CARTESIAN_POINT('Ctrl Pts',(-2.1935699962402,0.228262826715496,-0.05));
#12617=CARTESIAN_POINT('Ctrl Pts',(-2.1935699962402,0.228262826715496,0.00999999999999995));
#12618=CARTESIAN_POINT('Ctrl Pts',(-2.20875423021838,0.187326541064337,
-0.05));
#12619=CARTESIAN_POINT('Ctrl Pts',(-2.20875423021838,0.187326541064337,
0.00999999999999995));
#12620=CARTESIAN_POINT('Ctrl Pts',(-2.22747737169738,0.148044728032512,
-0.05));
#12621=CARTESIAN_POINT('Ctrl Pts',(-2.22747737169738,0.148044728032512,
0.00999999999999995));
#12622=CARTESIAN_POINT('Ctrl Pts',(-2.25113584231923,0.111082027121521,
-0.05));
#12623=CARTESIAN_POINT('Ctrl Pts',(-2.25113584231923,0.111082027121521,
0.00999999999999995));
#12624=CARTESIAN_POINT('Ctrl Pts',(-2.27853655718888,0.0758798754716024,
-0.05));
#12625=CARTESIAN_POINT('Ctrl Pts',(-2.27853655718888,0.0758798754716024,
0.00999999999999995));
#12626=CARTESIAN_POINT('Ctrl Pts',(-2.3100671554545,0.0432702222238597,
-0.05));
#12627=CARTESIAN_POINT('Ctrl Pts',(-2.3100671554545,0.0432702222238597,
0.00999999999999995));
#12628=CARTESIAN_POINT('Ctrl Pts',(-2.34466129505125,0.0134815481456257,
-0.05));
#12629=CARTESIAN_POINT('Ctrl Pts',(-2.34466129505125,0.0134815481456257,
0.00999999999999995));
#12630=CARTESIAN_POINT('Ctrl Pts',(-2.38177792546179,-0.0127501753113676,
-0.05));
#12631=CARTESIAN_POINT('Ctrl Pts',(-2.38177792546179,-0.0127501753113676,
0.00999999999999995));
#12632=CARTESIAN_POINT('Ctrl Pts',(-2.42132460295841,-0.0346168183428684,
-0.05));
#12633=CARTESIAN_POINT('Ctrl Pts',(-2.42132460295841,-0.0346168183428684,
0.00999999999999995));
#12634=CARTESIAN_POINT('Ctrl Pts',(-2.46286467922912,-0.0528128783608969,
-0.05));
#12635=CARTESIAN_POINT('Ctrl Pts',(-2.46286467922912,-0.0528128783608969,
0.00999999999999995));
#12636=CARTESIAN_POINT('Ctrl Pts',(-2.50671781367594,-0.066800031723409,
-0.05));
#12637=CARTESIAN_POINT('Ctrl Pts',(-2.50671781367594,-0.066800031723409,
0.00999999999999995));
#12638=CARTESIAN_POINT('Ctrl Pts',(-2.5528051467868,-0.0766468024017752,
-0.05));
#12639=CARTESIAN_POINT('Ctrl Pts',(-2.5528051467868,-0.0766468024017752,
0.00999999999999995));
#12640=CARTESIAN_POINT('Ctrl Pts',(-2.60102644058861,-0.0830700331845977,
-0.05));
#12641=CARTESIAN_POINT('Ctrl Pts',(-2.60102644058861,-0.0830700331845977,
0.00999999999999995));
#12642=CARTESIAN_POINT('Ctrl Pts',(-2.63397671150774,-0.0836849817197895,
-0.05));
#12643=CARTESIAN_POINT('Ctrl Pts',(-2.63397671150774,-0.0836849817197895,
0.00999999999999995));
#12644=CARTESIAN_POINT('Ctrl Pts',(-2.65074619391025,-0.0839979493632017,
-0.05));
#12645=CARTESIAN_POINT('Ctrl Pts',(-2.65074619391025,-0.0839979493632017,
0.00999999999999995));
#12646=CARTESIAN_POINT('',(-2.17564102564102,0.362698431512867,-0.05));
#12647=CARTESIAN_POINT('',(-2.17564102564102,0.362698431512867,-0.05));
#12648=CARTESIAN_POINT('Ctrl Pts',(-2.17564102564102,0.362698431512867,
-0.05));
#12649=CARTESIAN_POINT('Ctrl Pts',(-2.1760225756792,0.347055865726712,-0.05));
#12650=CARTESIAN_POINT('Ctrl Pts',(-2.17677169856907,0.316343762688907,
-0.05));
#12651=CARTESIAN_POINT('Ctrl Pts',(-2.18343869482673,0.27135836378715,-0.05));
#12652=CARTESIAN_POINT('Ctrl Pts',(-2.1935699962402,0.228262826715496,-0.05));
#12653=CARTESIAN_POINT('Ctrl Pts',(-2.20875423021838,0.187326541064337,
-0.05));
#12654=CARTESIAN_POINT('Ctrl Pts',(-2.22747737169738,0.148044728032512,
-0.05));
#12655=CARTESIAN_POINT('Ctrl Pts',(-2.25113584231923,0.111082027121521,
-0.05));
#12656=CARTESIAN_POINT('Ctrl Pts',(-2.27853655718888,0.0758798754716024,
-0.05));
#12657=CARTESIAN_POINT('Ctrl Pts',(-2.3100671554545,0.0432702222238597,
-0.05));
#12658=CARTESIAN_POINT('Ctrl Pts',(-2.34466129505125,0.0134815481456257,
-0.05));
#12659=CARTESIAN_POINT('Ctrl Pts',(-2.38177792546179,-0.0127501753113676,
-0.05));
#12660=CARTESIAN_POINT('Ctrl Pts',(-2.42132460295841,-0.0346168183428684,
-0.05));
#12661=CARTESIAN_POINT('Ctrl Pts',(-2.46286467922912,-0.0528128783608969,
-0.05));
#12662=CARTESIAN_POINT('Ctrl Pts',(-2.50671781367594,-0.066800031723409,
-0.05));
#12663=CARTESIAN_POINT('Ctrl Pts',(-2.5528051467868,-0.0766468024017752,
-0.05));
#12664=CARTESIAN_POINT('Ctrl Pts',(-2.60102644058861,-0.0830700331845977,
-0.05));
#12665=CARTESIAN_POINT('Ctrl Pts',(-2.63397671150774,-0.0836849817197895,
-0.05));
#12666=CARTESIAN_POINT('Ctrl Pts',(-2.65074619391025,-0.0839979493632017,
-0.05));
#12667=CARTESIAN_POINT('Ctrl Pts',(-2.64417401175213,0.811514871149619,
-0.05));
#12668=CARTESIAN_POINT('Ctrl Pts',(-2.64417401175213,0.811514871149619,
0.00999999999999995));
#12669=CARTESIAN_POINT('Ctrl Pts',(-2.63356549028491,0.811392720581167,
-0.05));
#12670=CARTESIAN_POINT('Ctrl Pts',(-2.63356549028491,0.811392720581167,
0.00999999999999995));
#12671=CARTESIAN_POINT('Ctrl Pts',(-2.6124469044361,0.811149553116757,-0.05));
#12672=CARTESIAN_POINT('Ctrl Pts',(-2.6124469044361,0.811149553116757,0.00999999999999995));
#12673=CARTESIAN_POINT('Ctrl Pts',(-2.58110558030619,0.807941555733362,
-0.05));
#12674=CARTESIAN_POINT('Ctrl Pts',(-2.58110558030619,0.807941555733362,
0.00999999999999995));
#12675=CARTESIAN_POINT('Ctrl Pts',(-2.55034949103551,0.803432689838934,
-0.05));
#12676=CARTESIAN_POINT('Ctrl Pts',(-2.55034949103551,0.803432689838934,
0.00999999999999995));
#12677=CARTESIAN_POINT('Ctrl Pts',(-2.52019864291702,0.796742413530891,
-0.05));
#12678=CARTESIAN_POINT('Ctrl Pts',(-2.52019864291702,0.796742413530891,
0.00999999999999995));
#12679=CARTESIAN_POINT('Ctrl Pts',(-2.49069141497777,0.788284026333646,
-0.05));
#12680=CARTESIAN_POINT('Ctrl Pts',(-2.49069141497777,0.788284026333646,
0.00999999999999995));
#12681=CARTESIAN_POINT('Ctrl Pts',(-2.46163490292459,0.77817681783767,-0.05));
#12682=CARTESIAN_POINT('Ctrl Pts',(-2.46163490292459,0.77817681783767,0.00999999999999995));
#12683=CARTESIAN_POINT('Ctrl Pts',(-2.43344979298594,0.765671901975261,
-0.05));
#12684=CARTESIAN_POINT('Ctrl Pts',(-2.43344979298594,0.765671901975261,
0.00999999999999995));
#12685=CARTESIAN_POINT('Ctrl Pts',(-2.40574618285926,0.751850594797815,
-0.05));
#12686=CARTESIAN_POINT('Ctrl Pts',(-2.40574618285926,0.751850594797815,
0.00999999999999995));
#12687=CARTESIAN_POINT('Ctrl Pts',(-2.37920342143925,0.736239438887338,
-0.05));
#12688=CARTESIAN_POINT('Ctrl Pts',(-2.37920342143925,0.736239438887338,
0.00999999999999995));
#12689=CARTESIAN_POINT('Ctrl Pts',(-2.35408915699229,0.719211353913638,
-0.05));
#12690=CARTESIAN_POINT('Ctrl Pts',(-2.35408915699229,0.719211353913638,
0.00999999999999995));
#12691=CARTESIAN_POINT('Ctrl Pts',(-2.33049498573994,0.700956889037801,
-0.05));
#12692=CARTESIAN_POINT('Ctrl Pts',(-2.33049498573994,0.700956889037801,
0.00999999999999995));
#12693=CARTESIAN_POINT('Ctrl Pts',(-2.30840224349966,0.681407625918799,
-0.05));
#12694=CARTESIAN_POINT('Ctrl Pts',(-2.30840224349966,0.681407625918799,
0.00999999999999995));
#12695=CARTESIAN_POINT('Ctrl Pts',(-2.28778834483632,0.660651604536911,
-0.05));
#12696=CARTESIAN_POINT('Ctrl Pts',(-2.28778834483632,0.660651604536911,
0.00999999999999995));
#12697=CARTESIAN_POINT('Ctrl Pts',(-2.2688026579976,0.638467625056403,-0.05));
#12698=CARTESIAN_POINT('Ctrl Pts',(-2.2688026579976,0.638467625056403,0.00999999999999995));
#12699=CARTESIAN_POINT('Ctrl Pts',(-2.25151087917926,0.614926610683328,
-0.05));
#12700=CARTESIAN_POINT('Ctrl Pts',(-2.25151087917926,0.614926610683328,
0.00999999999999995));
#12701=CARTESIAN_POINT('Ctrl Pts',(-2.2355702549339,0.590338985064494,-0.05));
#12702=CARTESIAN_POINT('Ctrl Pts',(-2.2355702549339,0.590338985064494,0.00999999999999995));
#12703=CARTESIAN_POINT('Ctrl Pts',(-2.22129402365758,0.564776367117754,
-0.05));
#12704=CARTESIAN_POINT('Ctrl Pts',(-2.22129402365758,0.564776367117754,
0.00999999999999995));
#12705=CARTESIAN_POINT('Ctrl Pts',(-2.20934094107986,0.538144143437541,
-0.05));
#12706=CARTESIAN_POINT('Ctrl Pts',(-2.20934094107986,0.538144143437541,
0.00999999999999995));
#12707=CARTESIAN_POINT('Ctrl Pts',(-2.19875605888911,0.510898378949575,
-0.05));
#12708=CARTESIAN_POINT('Ctrl Pts',(-2.19875605888911,0.510898378949575,
0.00999999999999995));
#12709=CARTESIAN_POINT('Ctrl Pts',(-2.19038033551757,0.482731242222801,
-0.05));
#12710=CARTESIAN_POINT('Ctrl Pts',(-2.19038033551757,0.482731242222801,
0.00999999999999995));
#12711=CARTESIAN_POINT('Ctrl Pts',(-2.18375077923761,0.453840929694011,
-0.05));
#12712=CARTESIAN_POINT('Ctrl Pts',(-2.18375077923761,0.453840929694011,
0.00999999999999995));
#12713=CARTESIAN_POINT('Ctrl Pts',(-2.17917646200968,0.42414990571866,-0.05));
#12714=CARTESIAN_POINT('Ctrl Pts',(-2.17917646200968,0.42414990571866,0.00999999999999995));
#12715=CARTESIAN_POINT('Ctrl Pts',(-2.17600494810093,0.393720197840446,
-0.05));
#12716=CARTESIAN_POINT('Ctrl Pts',(-2.17600494810093,0.393720197840446,
0.00999999999999995));
#12717=CARTESIAN_POINT('Ctrl Pts',(-2.17576298984761,0.373095000930846,
-0.05));
#12718=CARTESIAN_POINT('Ctrl Pts',(-2.17576298984761,0.373095000930846,
0.00999999999999995));
#12719=CARTESIAN_POINT('Ctrl Pts',(-2.17564102564102,0.362698431512867,
-0.05));
#12720=CARTESIAN_POINT('Ctrl Pts',(-2.17564102564102,0.362698431512867,
0.00999999999999995));
#12721=CARTESIAN_POINT('',(-2.64417401175213,0.811514871149619,-0.05));
#12722=CARTESIAN_POINT('',(-2.64417401175213,0.811514871149619,-0.05));
#12723=CARTESIAN_POINT('Ctrl Pts',(-2.64417401175213,0.811514871149619,
-0.05));
#12724=CARTESIAN_POINT('Ctrl Pts',(-2.63356549028491,0.811392720581167,
-0.05));
#12725=CARTESIAN_POINT('Ctrl Pts',(-2.6124469044361,0.811149553116757,-0.05));
#12726=CARTESIAN_POINT('Ctrl Pts',(-2.58110558030619,0.807941555733362,
-0.05));
#12727=CARTESIAN_POINT('Ctrl Pts',(-2.55034949103551,0.803432689838934,
-0.05));
#12728=CARTESIAN_POINT('Ctrl Pts',(-2.52019864291702,0.796742413530891,
-0.05));
#12729=CARTESIAN_POINT('Ctrl Pts',(-2.49069141497777,0.788284026333646,
-0.05));
#12730=CARTESIAN_POINT('Ctrl Pts',(-2.46163490292459,0.77817681783767,-0.05));
#12731=CARTESIAN_POINT('Ctrl Pts',(-2.43344979298594,0.765671901975261,
-0.05));
#12732=CARTESIAN_POINT('Ctrl Pts',(-2.40574618285926,0.751850594797815,
-0.05));
#12733=CARTESIAN_POINT('Ctrl Pts',(-2.37920342143925,0.736239438887338,
-0.05));
#12734=CARTESIAN_POINT('Ctrl Pts',(-2.35408915699229,0.719211353913638,
-0.05));
#12735=CARTESIAN_POINT('Ctrl Pts',(-2.33049498573994,0.700956889037801,
-0.05));
#12736=CARTESIAN_POINT('Ctrl Pts',(-2.30840224349966,0.681407625918799,
-0.05));
#12737=CARTESIAN_POINT('Ctrl Pts',(-2.28778834483632,0.660651604536911,
-0.05));
#12738=CARTESIAN_POINT('Ctrl Pts',(-2.2688026579976,0.638467625056403,-0.05));
#12739=CARTESIAN_POINT('Ctrl Pts',(-2.25151087917926,0.614926610683328,
-0.05));
#12740=CARTESIAN_POINT('Ctrl Pts',(-2.2355702549339,0.590338985064494,-0.05));
#12741=CARTESIAN_POINT('Ctrl Pts',(-2.22129402365758,0.564776367117754,
-0.05));
#12742=CARTESIAN_POINT('Ctrl Pts',(-2.20934094107986,0.538144143437541,
-0.05));
#12743=CARTESIAN_POINT('Ctrl Pts',(-2.19875605888911,0.510898378949575,
-0.05));
#12744=CARTESIAN_POINT('Ctrl Pts',(-2.19038033551757,0.482731242222801,
-0.05));
#12745=CARTESIAN_POINT('Ctrl Pts',(-2.18375077923761,0.453840929694011,
-0.05));
#12746=CARTESIAN_POINT('Ctrl Pts',(-2.17917646200968,0.42414990571866,-0.05));
#12747=CARTESIAN_POINT('Ctrl Pts',(-2.17600494810093,0.393720197840446,
-0.05));
#12748=CARTESIAN_POINT('Ctrl Pts',(-2.17576298984761,0.373095000930846,
-0.05));
#12749=CARTESIAN_POINT('Ctrl Pts',(-2.17564102564102,0.362698431512867,
-0.05));
#12750=CARTESIAN_POINT('Ctrl Pts',(-3.02875267094017,0.63512598226073,-0.05));
#12751=CARTESIAN_POINT('Ctrl Pts',(-3.02875267094017,0.63512598226073,0.01));
#12752=CARTESIAN_POINT('Ctrl Pts',(-3.02282422374675,0.642191406471572,
-0.05));
#12753=CARTESIAN_POINT('Ctrl Pts',(-3.02282422374675,0.642191406471572,
0.01));
#12754=CARTESIAN_POINT('Ctrl Pts',(-3.01104725768302,0.656226997654578,
-0.05));
#12755=CARTESIAN_POINT('Ctrl Pts',(-3.01104725768302,0.656226997654578,
0.01));
#12756=CARTESIAN_POINT('Ctrl Pts',(-2.99210030834841,0.67593605038865,-0.05));
#12757=CARTESIAN_POINT('Ctrl Pts',(-2.99210030834841,0.67593605038865,0.01));
#12758=CARTESIAN_POINT('Ctrl Pts',(-2.97235433537743,0.694401022295042,
-0.05));
#12759=CARTESIAN_POINT('Ctrl Pts',(-2.97235433537743,0.694401022295042,
0.01));
#12760=CARTESIAN_POINT('Ctrl Pts',(-2.95181688681926,0.711709876373309,
-0.05));
#12761=CARTESIAN_POINT('Ctrl Pts',(-2.95181688681926,0.711709876373309,
0.01));
#12762=CARTESIAN_POINT('Ctrl Pts',(-2.93011829592678,0.727257326964532,
-0.05));
#12763=CARTESIAN_POINT('Ctrl Pts',(-2.93011829592678,0.727257326964532,
0.01));
#12764=CARTESIAN_POINT('Ctrl Pts',(-2.90778419728256,0.741853589044893,
-0.05));
#12765=CARTESIAN_POINT('Ctrl Pts',(-2.90778419728256,0.741853589044893,
0.01));
#12766=CARTESIAN_POINT('Ctrl Pts',(-2.88444097885105,0.754936928851323,
-0.05));
#12767=CARTESIAN_POINT('Ctrl Pts',(-2.88444097885105,0.754936928851323,
0.01));
#12768=CARTESIAN_POINT('Ctrl Pts',(-2.85216128766064,0.770800736557811,
-0.05));
#12769=CARTESIAN_POINT('Ctrl Pts',(-2.85216128766064,0.770800736557811,
0.01));
#12770=CARTESIAN_POINT('Ctrl Pts',(-2.80993443829967,0.7873549310496,-0.05));
#12771=CARTESIAN_POINT('Ctrl Pts',(-2.80993443829967,0.7873549310496,0.01));
#12772=CARTESIAN_POINT('Ctrl Pts',(-2.75677742743708,0.801235193847518,
-0.05));
#12773=CARTESIAN_POINT('Ctrl Pts',(-2.75677742743708,0.801235193847518,
0.01));
#12774=CARTESIAN_POINT('Ctrl Pts',(-2.70128716670481,0.81007112078063,-0.05));
#12775=CARTESIAN_POINT('Ctrl Pts',(-2.70128716670481,0.81007112078063,0.01));
#12776=CARTESIAN_POINT('Ctrl Pts',(-2.66342979729379,0.811028108555187,
-0.05));
#12777=CARTESIAN_POINT('Ctrl Pts',(-2.66342979729379,0.811028108555187,
0.01));
#12778=CARTESIAN_POINT('Ctrl Pts',(-2.64417401175213,0.811514871149619,
-0.05));
#12779=CARTESIAN_POINT('Ctrl Pts',(-2.64417401175213,0.811514871149619,
0.01));
#12780=CARTESIAN_POINT('',(-3.02875267094017,0.63512598226073,-0.05));
#12781=CARTESIAN_POINT('',(-3.02875267094017,0.63512598226073,-0.05));
#12782=CARTESIAN_POINT('Ctrl Pts',(-3.02875267094017,0.63512598226073,-0.05));
#12783=CARTESIAN_POINT('Ctrl Pts',(-3.02282422374675,0.642191406471572,
-0.05));
#12784=CARTESIAN_POINT('Ctrl Pts',(-3.01104725768302,0.656226997654578,
-0.05));
#12785=CARTESIAN_POINT('Ctrl Pts',(-2.99210030834841,0.67593605038865,-0.05));
#12786=CARTESIAN_POINT('Ctrl Pts',(-2.97235433537743,0.694401022295042,
-0.05));
#12787=CARTESIAN_POINT('Ctrl Pts',(-2.95181688681926,0.711709876373309,
-0.05));
#12788=CARTESIAN_POINT('Ctrl Pts',(-2.93011829592678,0.727257326964532,
-0.05));
#12789=CARTESIAN_POINT('Ctrl Pts',(-2.90778419728256,0.741853589044893,
-0.05));
#12790=CARTESIAN_POINT('Ctrl Pts',(-2.88444097885105,0.754936928851323,
-0.05));
#12791=CARTESIAN_POINT('Ctrl Pts',(-2.85216128766064,0.770800736557811,
-0.05));
#12792=CARTESIAN_POINT('Ctrl Pts',(-2.80993443829967,0.7873549310496,-0.05));
#12793=CARTESIAN_POINT('Ctrl Pts',(-2.75677742743708,0.801235193847518,
-0.05));
#12794=CARTESIAN_POINT('Ctrl Pts',(-2.70128716670481,0.81007112078063,-0.05));
#12795=CARTESIAN_POINT('Ctrl Pts',(-2.66342979729379,0.811028108555187,
-0.05));
#12796=CARTESIAN_POINT('Ctrl Pts',(-2.64417401175213,0.811514871149619,
-0.05));
#12797=CARTESIAN_POINT('Origin',(-3.11185897435897,0.698727745081243,-0.05));
#12798=CARTESIAN_POINT('',(-3.11185897435897,0.698727745081243,-0.05));
#12799=CARTESIAN_POINT('Origin',(-2.90837665129912,0.865688469382529,-0.05));
#12800=CARTESIAN_POINT('Origin',(29.0000004321337,-7.03197896585191,-15.5211937481629));
#12801=CARTESIAN_POINT('',(29.0000004321337,2.96802103414808,-14.0000002086163));
#12802=CARTESIAN_POINT('',(29.0000004321337,2.96802103414808,-15.5211937481629));
#12803=CARTESIAN_POINT('',(29.0000004321337,2.96802103414808,-7.52119374816287));
#12804=CARTESIAN_POINT('',(29.0000004321337,-7.03197896585191,-14.0000002086163));
#12805=CARTESIAN_POINT('',(29.0000004321337,-7.03197896585191,-14.0000002086163));
#12806=CARTESIAN_POINT('',(29.0000004321337,-7.03197896585191,-15.5211937481629));
#12807=CARTESIAN_POINT('',(29.0000004321337,-7.03197896585192,-7.52119374816287));
#12808=CARTESIAN_POINT('',(29.0000004321337,-2.03197896585192,-15.5211937481628));
#12809=CARTESIAN_POINT('Origin',(29.0000004321337,-7.03197896585191,-14.0000002086163));
#12810=CARTESIAN_POINT('',(40.0000005960464,2.96802103414809,-14.0000002086163));
#12811=CARTESIAN_POINT('',(23.8122096586656,2.96802103414808,-14.0000002086163));
#12812=CARTESIAN_POINT('',(40.0000005960464,-7.03197896585191,-14.0000002086163));
#12813=CARTESIAN_POINT('',(40.0000005960464,-7.03197896585191,-14.0000002086163));
#12814=CARTESIAN_POINT('',(23.8122096586656,-7.03197896585192,-14.0000002086163));
#12815=CARTESIAN_POINT('Origin',(18.6244188851976,2.96802103414807,0.478806251837206));
#12816=CARTESIAN_POINT('',(5.1244188851976,2.96802103414807,-15.5211937481628));
#12817=CARTESIAN_POINT('',(35.1244188851976,2.96802103414809,-15.5211937481628));
#12818=CARTESIAN_POINT('',(5.1244188851976,2.96802103414806,16.4788062518372));
#12819=CARTESIAN_POINT('',(5.1244188851976,2.96802103414806,8.47880625183721));
#12820=CARTESIAN_POINT('',(45.1244188851976,2.96802103414807,16.4788062518372));
#12821=CARTESIAN_POINT('',(35.1244188851976,2.96802103414807,16.4788062518372));
#12822=CARTESIAN_POINT('',(45.1244188851976,2.96802103414809,-8.00000011920936));
#12823=CARTESIAN_POINT('',(45.1244188851976,2.96802103414807,16.4788062518372));
#12824=CARTESIAN_POINT('',(40.0000005960464,2.96802103414809,-8.00000011920936));
#12825=CARTESIAN_POINT('',(29.312209740622,2.96802103414808,-8.00000011920936));
#12826=CARTESIAN_POINT('',(40.0000005960464,2.96802103414809,-7.52119374816283));
#12827=CARTESIAN_POINT('',(37.8744188851976,2.96802103414807,-3.02119374816279));
#12828=CARTESIAN_POINT('Origin',(35.1244188851976,2.96802103414807,-3.02119374816279));
#12829=CARTESIAN_POINT('',(25.8744188851976,2.96802103414807,-3.0211937481628));
#12830=CARTESIAN_POINT('Origin',(23.1244188851976,2.96802103414807,-3.0211937481628));
#12831=CARTESIAN_POINT('',(9.0244188851976,2.96802103414807,3.97880625183721));
#12832=CARTESIAN_POINT('Origin',(10.1244188851976,2.96802103414807,3.97880625183721));
#12833=CARTESIAN_POINT('',(9.0244188851976,2.96802103414807,-3.0211937481628));
#12834=CARTESIAN_POINT('Origin',(10.1244188851976,2.96802103414807,-3.0211937481628));
#12835=CARTESIAN_POINT('Origin',(18.6244188851976,-7.03197896585193,0.478806251837203));
#12836=CARTESIAN_POINT('',(40.0000005960464,-7.03197896585191,-8.00000011920936));
#12837=CARTESIAN_POINT('',(40.0000005960464,-7.03197896585191,-7.52119374816283));
#12838=CARTESIAN_POINT('',(45.1244188851976,-7.03197896585191,-8.00000011920936));
#12839=CARTESIAN_POINT('',(29.312209740622,-7.03197896585192,-8.00000011920936));
#12840=CARTESIAN_POINT('',(45.1244188851976,-7.03197896585193,16.4788062518372));
#12841=CARTESIAN_POINT('',(45.1244188851976,-7.03197896585193,16.4788062518372));
#12842=CARTESIAN_POINT('',(5.12441888519761,-7.03197896585194,16.4788062518372));
#12843=CARTESIAN_POINT('',(35.1244188851976,-7.03197896585193,16.4788062518372));
#12844=CARTESIAN_POINT('',(5.12441888519761,-7.03197896585193,-15.5211937481628));
#12845=CARTESIAN_POINT('',(5.12441888519761,-7.03197896585194,8.4788062518372));
#12846=CARTESIAN_POINT('',(35.1244188851976,-7.03197896585191,-15.5211937481628));
#12847=CARTESIAN_POINT('',(25.8744188851976,-7.03197896585193,-3.0211937481628));
#12848=CARTESIAN_POINT('Origin',(23.1244188851976,-7.03197896585193,-3.0211937481628));
#12849=CARTESIAN_POINT('',(37.8744188851976,-7.03197896585193,-3.02119374816279));
#12850=CARTESIAN_POINT('Origin',(35.1244188851976,-7.03197896585193,-3.02119374816279));
#12851=CARTESIAN_POINT('',(9.02441888519761,-7.03197896585193,3.9788062518372));
#12852=CARTESIAN_POINT('Origin',(10.1244188851976,-7.03197896585193,3.9788062518372));
#12853=CARTESIAN_POINT('',(9.02441888519761,-7.03197896585193,-3.0211937481628));
#12854=CARTESIAN_POINT('Origin',(10.1244188851976,-7.03197896585193,-3.0211937481628));
#12855=CARTESIAN_POINT('Origin',(40.0000005960464,-7.03197896585191,-8.00000011920936));
#12856=CARTESIAN_POINT('',(45.1244188851976,-2.03197896585192,-8.00000011920936));
#12857=CARTESIAN_POINT('',(40.0000005960464,-7.03197896585191,-8.00000011920936));
#12858=CARTESIAN_POINT('Origin',(40.0000005960464,-7.03197896585191,-15.5211937481629));
#12859=CARTESIAN_POINT('Origin',(2.1244188851976,2.96802103414806,-15.5211937481628));
#12860=CARTESIAN_POINT('',(5.1244188851976,2.96802103414807,-15.5211937481628));
#12861=CARTESIAN_POINT('Origin',(23.1244188851976,2.96802103414807,-3.0211937481628));
#12862=CARTESIAN_POINT('',(25.8744188851976,2.96802103414807,-3.02119374816279));
#12863=CARTESIAN_POINT('Origin',(45.1244188851976,2.96802103414807,-15.5211937481628));
#12864=CARTESIAN_POINT('',(45.1244188851976,2.96802103414807,16.4788062518372));
#12865=CARTESIAN_POINT('Origin',(35.1244188851976,2.96802103414807,-3.02119374816279));
#12866=CARTESIAN_POINT('',(37.8744188851976,2.96802103414807,-3.02119374816279));
#12867=CARTESIAN_POINT('Origin',(5.1244188851976,2.96802103414806,16.4788062518372));
#12868=CARTESIAN_POINT('',(5.1244188851976,2.96802103414805,16.4788062518372));
#12869=CARTESIAN_POINT('Origin',(35.1244188851976,2.96802103414808,16.4788062518372));
#12870=CARTESIAN_POINT('Origin',(10.1244188851976,2.96802103414807,-3.0211937481628));
#12871=CARTESIAN_POINT('',(9.0244188851976,2.96802103414807,-3.0211937481628));
#12872=CARTESIAN_POINT('Origin',(10.1244188851976,2.96802103414807,3.97880625183721));
#12873=CARTESIAN_POINT('',(9.0244188851976,2.96802103414807,3.97880625183721));
#12874=CARTESIAN_POINT('',(8.22921478231087,8.70802103414807,0.478806251837203));
#12875=UNCERTAINTY_MEASURE_WITH_UNIT(LENGTH_MEASURE(0.01),#12881,
'DISTANCE_ACCURACY_VALUE',
'Maximum model space distance between geometric entities at asserted c
onnectivities');
#12876=UNCERTAINTY_MEASURE_WITH_UNIT(LENGTH_MEASURE(0.01),#12881,
'DISTANCE_ACCURACY_VALUE',
'Maximum model space distance between geometric entities at asserted c
onnectivities');
#12877=UNCERTAINTY_MEASURE_WITH_UNIT(LENGTH_MEASURE(0.01),#12881,
'DISTANCE_ACCURACY_VALUE',
'Maximum model space distance between geometric entities at asserted c
onnectivities');
#12878=(
GEOMETRIC_REPRESENTATION_CONTEXT(3)
GLOBAL_UNCERTAINTY_ASSIGNED_CONTEXT((#12875))
GLOBAL_UNIT_ASSIGNED_CONTEXT((#12881,#12883,#12884))
REPRESENTATION_CONTEXT('','3D')
);
#12879=(
GEOMETRIC_REPRESENTATION_CONTEXT(3)
GLOBAL_UNCERTAINTY_ASSIGNED_CONTEXT((#12876))
GLOBAL_UNIT_ASSIGNED_CONTEXT((#12881,#12883,#12884))
REPRESENTATION_CONTEXT('','3D')
);
#12880=(
GEOMETRIC_REPRESENTATION_CONTEXT(3)
GLOBAL_UNCERTAINTY_ASSIGNED_CONTEXT((#12877))
GLOBAL_UNIT_ASSIGNED_CONTEXT((#12881,#12883,#12884))
REPRESENTATION_CONTEXT('','3D')
);
#12881=(
LENGTH_UNIT()
NAMED_UNIT(*)
SI_UNIT(.MILLI.,.METRE.)
);
#12882=(
LENGTH_UNIT()
NAMED_UNIT(*)
SI_UNIT($,.METRE.)
);
#12883=(
NAMED_UNIT(*)
PLANE_ANGLE_UNIT()
SI_UNIT($,.RADIAN.)
);
#12884=(
NAMED_UNIT(*)
SI_UNIT($,.STERADIAN.)
SOLID_ANGLE_UNIT()
);
#12885=SHAPE_DEFINITION_REPRESENTATION(#12887,#12890);
#12886=SHAPE_DEFINITION_REPRESENTATION(#12888,#12891);
#12887=PRODUCT_DEFINITION_SHAPE('',$,#12893);
#12888=PRODUCT_DEFINITION_SHAPE('',$,#12894);
#12889=PRODUCT_DEFINITION_SHAPE($,$,#14);
#12890=SHAPE_REPRESENTATION('',(#5811,#6120),#12878);
#12891=SHAPE_REPRESENTATION('',(#5812),#12879);
#12892=PRODUCT_DEFINITION_CONTEXT('part definition',#12900,'design');
#12893=PRODUCT_DEFINITION('2026-02-18-14-44-23-592',
'plain Limit switch bracket',#12895,#12892);
#12894=PRODUCT_DEFINITION('Limit_Switch_SPDT_sim_roller','Limit Switch',
#12896,#12892);
#12895=PRODUCT_DEFINITION_FORMATION('',$,#12902);
#12896=PRODUCT_DEFINITION_FORMATION('',$,#12903);
#12897=PRODUCT_RELATED_PRODUCT_CATEGORY('plain Limit switch bracket',
'plain Limit switch bracket',(#12902));
#12898=PRODUCT_RELATED_PRODUCT_CATEGORY('Limit Switch','Limit Switch',(#12903));
#12899=APPLICATION_PROTOCOL_DEFINITION('international standard',
'automotive_design',2009,#12900);
#12900=APPLICATION_CONTEXT(
'Core Data for Automotive Mechanical Design Process');
#12901=PRODUCT_CONTEXT('part definition',#12900,'mechanical');
#12902=PRODUCT('2026-02-18-14-44-23-592','plain Limit switch bracket',$,
(#12901));
#12903=PRODUCT('Limit_Switch_SPDT_sim_roller','Limit Switch',
'STEP AP214',(#12901));
#12904=PRESENTATION_STYLE_ASSIGNMENT((#12911));
#12905=PRESENTATION_STYLE_ASSIGNMENT((#12912));
#12906=PRESENTATION_STYLE_ASSIGNMENT((#12913));
#12907=PRESENTATION_STYLE_ASSIGNMENT((#12914));
#12908=PRESENTATION_STYLE_ASSIGNMENT((#12915));
#12909=PRESENTATION_STYLE_ASSIGNMENT((#12916));
#12910=PRESENTATION_STYLE_ASSIGNMENT((#12917));
#12911=SURFACE_STYLE_USAGE(.BOTH.,#12918);
#12912=SURFACE_STYLE_USAGE(.BOTH.,#12919);
#12913=SURFACE_STYLE_USAGE(.BOTH.,#12920);
#12914=SURFACE_STYLE_USAGE(.BOTH.,#12921);
#12915=SURFACE_STYLE_USAGE(.BOTH.,#12922);
#12916=SURFACE_STYLE_USAGE(.BOTH.,#12923);
#12917=SURFACE_STYLE_USAGE(.BOTH.,#12924);
#12918=SURFACE_SIDE_STYLE('',(#12925));
#12919=SURFACE_SIDE_STYLE('',(#12926));
#12920=SURFACE_SIDE_STYLE('',(#12927));
#12921=SURFACE_SIDE_STYLE('',(#12928));
#12922=SURFACE_SIDE_STYLE('',(#12929));
#12923=SURFACE_SIDE_STYLE('',(#12930));
#12924=SURFACE_SIDE_STYLE('',(#12931));
#12925=SURFACE_STYLE_FILL_AREA(#12932);
#12926=SURFACE_STYLE_FILL_AREA(#12933);
#12927=SURFACE_STYLE_FILL_AREA(#12934);
#12928=SURFACE_STYLE_FILL_AREA(#12935);
#12929=SURFACE_STYLE_FILL_AREA(#12936);
#12930=SURFACE_STYLE_FILL_AREA(#12937);
#12931=SURFACE_STYLE_FILL_AREA(#12938);
#12932=FILL_AREA_STYLE('Steel - Satin',(#12939));
#12933=FILL_AREA_STYLE('Opaque(202,209,238)',(#12940));
#12934=FILL_AREA_STYLE('Opaque(211,214,211)',(#12941));
#12935=FILL_AREA_STYLE('Opaque(255,255,255)',(#12942));
#12936=FILL_AREA_STYLE('Opaque(26,26,26)',(#12943));
#12937=FILL_AREA_STYLE('Opaque(76,76,76)',(#12944));
#12938=FILL_AREA_STYLE('Opaque(177,25,25)',(#12945));
#12939=FILL_AREA_STYLE_COLOUR('Steel - Satin',#12946);
#12940=FILL_AREA_STYLE_COLOUR('Opaque(202,209,238)',#12947);
#12941=FILL_AREA_STYLE_COLOUR('Opaque(211,214,211)',#12948);
#12942=FILL_AREA_STYLE_COLOUR('Opaque(255,255,255)',#12949);
#12943=FILL_AREA_STYLE_COLOUR('Opaque(26,26,26)',#12950);
#12944=FILL_AREA_STYLE_COLOUR('Opaque(76,76,76)',#12951);
#12945=FILL_AREA_STYLE_COLOUR('Opaque(177,25,25)',#12952);
#12946=COLOUR_RGB('Steel - Satin',0.627450980392157,0.627450980392157,0.627450980392157);
#12947=COLOUR_RGB('Opaque(202,209,238)',0.792156862745098,0.819607843137255,
0.933333333333333);
#12948=COLOUR_RGB('Opaque(211,214,211)',0.827450980392157,0.83921568627451,
0.827450980392157);
#12949=COLOUR_RGB('Opaque(255,255,255)',1.,1.,1.);
#12950=COLOUR_RGB('Opaque(26,26,26)',0.101960784313725,0.101960784313725,
0.101960784313725);
#12951=COLOUR_RGB('Opaque(76,76,76)',0.298039215686275,0.298039215686275,
0.298039215686275);
#12952=COLOUR_RGB('Opaque(177,25,25)',0.694117647058824,0.0980392156862745,
0.0980392156862745);
ENDSEC;
END-ISO-10303-21;
